setting,variant,corpus,text_id,n_annotators,ndfu,retained,n_leaves,tree_depth,mean_leaf_depth,mean_leaf_size,root_ndfu,residual_ndfu,weighted_residual_ndfu,explained_share,n_splits,mean_split_peg,top_split_peg,first_split,dims_used,n_dims_used,n_indeterminate,k_true,jaccard,precision,recall,exact_match
0,max,A_default,0,1620,0.8257756563245824,True,8.0,3.0,2.625,202.5,0.8257756563245824,0.21963017931255951,0.12772169747555842,0.8453312391842226,4.0,0.26488379757687275,0.6588560812107735,orientation,"age, education, orientation, politics",4.0,0.0,2.0,0.5,0.5,1.0,False
0,max,A_default,1,1620,0.0,False,,,,,,,,,,,,,,,,,,,,
0,max,A_default,2,1620,0.46395939086294413,True,15.0,3.0,2.6,108.0,0.46395939086294413,0.4222129526692624,0.28512470858637423,0.38545330862674254,7.0,0.30669411503698996,0.1653678415671695,age,"age, education, gender, politics",4.0,2.0,2.0,0.5,0.5,1.0,False
0,max,A_default,3,1620,0.0,False,,,,,,,,,,,,,,,,,,,,
0,max,A_default,4,1620,0.4791666666666667,True,17.0,3.0,2.9411764705882355,95.29411764705883,0.4791666666666667,0.19095019264969282,0.1810111926564368,0.6222375109778711,10.0,0.35353113008246123,0.34982961586121436,age,"age, gender, orientation",3.0,0.0,3.0,1.0,1.0,1.0,True
0,max,A_default,5,1620,0.9515923566878982,True,14.0,3.0,2.857142857142857,115.71428571428571,0.9515923566878982,0.09938964129026535,0.09007478841404647,0.905343093835306,7.0,0.4653560267140291,0.5349256900212316,orientation,"education, gender, orientation",3.0,0.0,3.0,1.0,1.0,1.0,True
0,max,A_default,6,1620,0.6577540106951871,True,7.0,2.0,1.8571428571428572,231.42857142857142,0.6577540106951871,0.22872771877306355,0.20007437810681536,0.695821880439232,3.0,0.5314512919554937,0.4843305872717637,gender,"age, gender",2.0,0.0,4.0,0.5,1.0,0.5,False
0,max,A_default,7,1620,0.7102085620197586,True,21.0,3.0,2.857142857142857,77.14285714285714,0.7102085620197586,0.05644751206482129,0.04935354392040644,0.9305083794258265,10.0,0.4022550798459495,0.3647540165652131,education,"education, gender, politics",3.0,0.0,3.0,1.0,1.0,1.0,True
0,max,A_default,8,1620,0.41862652869238004,True,23.0,3.0,2.9130434782608696,70.43478260869566,0.41862652869238004,0.16591025166118695,0.16613709129955745,0.6031376897720684,11.0,0.3298780668612014,0.2888564645048989,education,"age, education, gender",3.0,0.0,3.0,1.0,1.0,1.0,True
0,max,A_default,9,1620,0.7864583333333333,True,15.0,3.0,2.7333333333333334,108.0,0.7864583333333333,0.4933256944894688,0.30674202984774135,0.6099703991339978,7.0,0.30626768071761046,0.45408010983763125,age,"age, education, gender, politics",4.0,0.0,2.0,0.5,0.5,1.0,False
0,max,A_default,10,1620,0.48866995073891617,True,11.0,3.0,2.4545454545454546,147.27272727272728,0.48866995073891617,0.3213545661886075,0.35374338143355993,0.2761098142035012,5.0,0.1719826276585089,0.25168092645406626,gender,"age, education, gender, politics",4.0,0.0,2.0,0.5,0.5,1.0,False
0,max,A_default,11,1620,0.8140643623361143,True,17.0,3.0,2.8823529411764706,95.29411764705883,0.8140643623361143,0.2583376942757911,0.22865086852322614,0.7191243357379403,10.0,0.40774948654759513,0.3657885002671489,age,"age, education, orientation, politics",4.0,0.0,4.0,1.0,1.0,1.0,True
0,max,A_default,12,1620,0.7925925925925926,True,14.0,3.0,2.7142857142857144,115.71428571428571,0.7925925925925926,0.44862460969321527,0.2895637263112322,0.6346625882989128,7.0,0.2839999962463565,0.4658599193252659,age,"age, education, gender, orientation, politics",5.0,0.0,2.0,0.4,0.4,1.0,False
0,max,A_default,13,1620,0.4820717131474103,True,3.0,1.0,1.0,540.0,0.4820717131474103,0.00539415261004839,0.00539415261004839,0.9888104768171724,1.0,0.4699013277518728,0.4699013277518728,gender,gender,1.0,0.0,1.0,1.0,1.0,1.0,True
0,max,A_default,14,1620,0.4281437125748503,True,3.0,1.0,1.0,540.0,0.4281437125748503,0.050212652844231785,0.05021265284423179,0.8827200975526335,1.0,0.3599618943930321,0.3599618943930321,education,education,1.0,0.0,1.0,1.0,1.0,1.0,True
0,max,A_default,15,1620,0.5488418932527694,True,3.0,1.0,1.0,540.0,0.5488418932527694,0.06539891669608651,0.06539891669608651,0.8808419737996075,1.0,0.4733701951395619,0.4733701951395619,age,age,1.0,0.0,3.0,0.3333333333333333,1.0,0.3333333333333333,False
0,max,A_default,16,1620,0.4559426229508196,True,7.0,3.0,2.142857142857143,231.42857142857142,0.4559426229508196,0.1086894432914409,0.0656987759053693,0.8559056061041788,3.0,0.16632730505681323,0.35524004683840743,age,"age, education, politics",3.0,0.0,2.0,0.6666666666666666,0.6666666666666666,1.0,False
0,max,A_default,17,1620,0.9471649484536082,True,14.0,3.0,2.857142857142857,115.71428571428571,0.9471649484536082,0.06756402015317507,0.057950776043054354,0.9388165956334555,7.0,0.4144818932577053,0.6079733843059808,orientation,"age, orientation, politics",3.0,0.0,3.0,1.0,1.0,1.0,True
0,max,A_default,18,1620,0.012552301255230125,False,,,,,,,,,,,,,,,,,,,,
0,max,A_default,19,1620,0.5195195195195196,True,3.0,1.0,1.0,540.0,0.5195195195195196,0.0396185784222594,0.03961857842225941,0.9237399617652463,1.0,0.47709527709527716,0.47709527709527716,age,age,1.0,0.0,2.0,0.5,1.0,0.5,False
0,max,A_default,20,1620,0.6688632619439868,True,2.0,1.0,1.0,810.0,0.6688632619439868,0.018433750599091824,0.018433750599091824,0.9724401807545597,1.0,0.6417233872049471,0.6417233872049471,orientation,orientation,1.0,0.0,1.0,1.0,1.0,1.0,True
0,max,A_default,21,1620,0.0,False,,,,,,,,,,,,,,,,,,,,
0,max,A_default,22,1620,0.632183908045977,True,6.0,2.0,2.0,270.0,0.632183908045977,0.3519165145212511,0.35191651452125117,0.4433320588482027,4.0,0.4268823256175701,0.35865449628127116,politics,"orientation, politics",2.0,0.0,2.0,1.0,1.0,1.0,True
0,max,A_default,23,1620,0.9327521793275219,True,14.0,3.0,2.7857142857142856,115.71428571428571,0.9327521793275219,0.2551248102197619,0.21219554602037016,0.7725059766964523,8.0,0.3664651384000958,0.537030254193832,politics,"education, gender, orientation, politics",4.0,0.0,4.0,1.0,1.0,1.0,True
0,max,A_default,24,1620,0.6654991243432574,True,2.0,1.0,1.0,810.0,0.6654991243432574,0.02423561547272888,0.02423561547272888,0.9635827988554522,1.0,0.6355845944287275,0.6355845944287275,orientation,orientation,1.0,0.0,1.0,1.0,1.0,1.0,True
0,max,A_default,25,1620,0.6518847006651886,True,8.0,3.0,2.375,202.5,0.6518847006651886,0.4780809129891572,0.364305081702201,0.44115104813709993,5.0,0.3995246313663907,0.3800898288703167,politics,"education, orientation, politics",3.0,1.0,2.0,0.6666666666666666,0.6666666666666666,1.0,False
0,max,A_default,26,1620,0.5483119906868452,True,12.0,3.0,2.75,135.0,0.5483119906868452,0.2811263953266076,0.19442189899858547,0.6454173859027921,7.0,0.2459173090299442,0.4043725967474513,education,"age, education, gender, orientation",4.0,1.0,2.0,0.5,0.5,1.0,False
0,max,A_default,27,1620,0.46264367816091956,True,3.0,1.0,1.0,540.0,0.46264367816091956,0.014224523420259145,0.014224523420259145,0.9692538251537256,1.0,0.42978946871533436,0.42978946871533436,gender,gender,1.0,0.0,2.0,0.5,1.0,0.5,False
0,max,A_default,28,1620,0.4380630630630631,True,13.0,3.0,2.6153846153846154,124.61538461538461,0.4380630630630631,0.3093397781855502,0.17236852522814747,0.6065212071912727,6.0,0.26297868252156525,0.22985191936804844,politics,"age, gender, politics",3.0,0.0,2.0,0.6666666666666666,0.6666666666666666,1.0,False
0,max,A_default,29,1620,0.5747508305647839,True,6.0,3.0,2.1666666666666665,270.0,0.5747508305647839,0.14383436049195242,0.09183263782403994,0.8402218266760924,3.0,0.21837488744682831,0.4649377464526344,age,"age, gender, orientation",3.0,0.0,2.0,0.6666666666666666,0.6666666666666666,1.0,False
0,max,A_default,30,1620,0.0,False,,,,,,,,,,,,,,,,,,,,
0,max,A_default,31,1620,0.7924970691676436,True,18.0,3.0,2.888888888888889,90.0,0.7924970691676436,0.25070750230993777,0.2274278355055216,0.7130237519434764,11.0,0.40383915372254625,0.4091637358343103,education,"age, education, orientation, politics",4.0,0.0,4.0,1.0,1.0,1.0,True
0,max,A_default,32,1620,0.0,False,,,,,,,,,,,,,,,,,,,,
0,max,A_default,33,1620,0.0,False,,,,,,,,,,,,,,,,,,,,
0,max,A_default,34,1620,0.4519774011299435,True,19.0,3.0,2.8947368421052633,85.26315789473684,0.4519774011299435,0.2659331740843105,0.25812578010099013,0.4288967115265593,10.0,0.44428997339986553,0.5136714538318885,age,"age, gender, orientation, politics",4.0,0.0,4.0,1.0,1.0,1.0,True
0,max,A_default,35,1620,0.7803203661327232,True,12.0,3.0,2.6666666666666665,135.0,0.7803203661327232,0.19686511001940987,0.1399323038880011,0.820673264518896,7.0,0.5348837365222942,0.451238733479662,education,"education, orientation, politics",3.0,0.0,4.0,0.75,1.0,0.75,False
0,max,A_default,36,1620,0.0,False,,,,,,,,,,,,,,,,,,,,
0,max,A_default,37,1620,0.525172754195459,True,6.0,3.0,2.3333333333333335,270.0,0.525172754195459,0.15679017241677887,0.3698319580709653,0.2957898993874287,3.0,0.3466188290996264,0.18251955349684867,orientation,"education, gender, orientation",3.0,0.0,3.0,1.0,1.0,1.0,True
0,max,A_default,38,1620,0.8562783661119516,True,2.0,1.0,1.0,810.0,0.8562783661119516,0.02001716872171063,0.02001716872171063,0.97662305914302,1.0,0.8330225521584632,0.8330225521584632,orientation,orientation,1.0,0.0,1.0,1.0,1.0,1.0,True
0,max,A_default,39,1620,0.34873323397913575,True,3.0,1.0,1.0,540.0,0.34873323397913575,0.04481805612949388,0.04481805612949389,0.8714832663979043,1.0,0.280706023094782,0.280706023094782,education,education,1.0,0.0,1.0,1.0,1.0,1.0,True
0,max,A_default,40,1620,0.4756335282651073,True,12.0,3.0,2.75,135.0,0.4756335282651073,0.20913576326667174,0.14420397309901695,0.6968170565582144,6.0,0.4160359267603379,0.4193664717348926,orientation,"age, gender, orientation",3.0,0.0,3.0,1.0,1.0,1.0,True
0,max,A_default,41,1620,0.30535455861070915,True,3.0,1.0,1.0,540.0,0.30535455861070915,0.01905804818260363,0.01905804818260363,0.937587150264554,1.0,0.26395328472535884,0.26395328472535884,age,age,1.0,0.0,1.0,1.0,1.0,1.0,True
0,max,A_default,42,1620,0.6031088082901555,True,15.0,3.0,2.6,108.0,0.6031088082901555,0.27429921175001604,0.1580187263894483,0.7379930052133719,7.0,0.4810947324348326,0.4012739459048344,education,"age, education, gender, politics",4.0,1.0,3.0,0.75,0.75,1.0,False
0,max,A_default,43,1620,0.836283185840708,True,14.0,3.0,2.5714285714285716,115.71428571428571,0.836283185840708,0.48122163740554524,0.3740136436330559,0.5527667541742295,7.0,0.34220412764732167,0.44244756940235186,education,"age, education, gender, orientation, politics",5.0,0.0,2.0,0.4,0.4,1.0,False
0,max,A_default,44,1620,0.4815983175604627,True,3.0,1.0,1.0,540.0,0.4815983175604627,0.0164078707499615,0.016407870749961497,0.9659303819143813,1.0,0.4624085521020405,0.4624085521020405,age,age,1.0,0.0,1.0,1.0,1.0,1.0,True
0,max,A_default,45,1620,0.9045287637698899,True,13.0,3.0,2.6923076923076925,124.61538461538461,0.9045287637698899,0.23538552462490292,0.14731305564491445,0.837138340376326,7.0,0.48112094540427464,0.5163886020448225,gender,"age, gender, orientation, politics",4.0,1.0,4.0,1.0,1.0,1.0,True
0,max,A_default,46,1620,0.6495535714285715,True,6.0,2.0,2.0,270.0,0.6495535714285715,0.43218849428438144,0.4321884942843815,0.3346376445381344,4.0,0.5252834924834956,0.36723167169242377,politics,"orientation, politics",2.0,0.0,2.0,1.0,1.0,1.0,True
0,max,A_default,47,1620,0.8123425692695213,True,8.0,3.0,2.625,202.5,0.8123425692695213,0.15788505359218646,0.08848306952434165,0.8910766555002678,4.0,0.22967987624652147,0.696243498062091,orientation,"education, orientation, politics",3.0,0.0,2.0,0.6666666666666666,0.6666666666666666,1.0,False
0,max,A_default,48,1620,0.4053691275167786,True,3.0,1.0,1.0,540.0,0.4053691275167786,0.01709864726413061,0.01709864726413061,0.957819562212658,1.0,0.3770405156187616,0.3770405156187616,education,education,1.0,0.0,1.0,1.0,1.0,1.0,True
0,max,A_default,49,1620,0.0,False,,,,,,,,,,,,,,,,,,,,
0,max,A_default,50,1620,0.0,False,,,,,,,,,,,,,,,,,,,,
0,max,A_default,51,1620,0.4403778040141677,True,3.0,1.0,1.0,540.0,0.4403778040141677,0.0163718878036853,0.016371887803685304,0.9628230858720604,1.0,0.4211006955804328,0.4211006955804328,education,education,1.0,0.0,1.0,1.0,1.0,1.0,True
0,max,A_default,52,1620,0.46135831381733033,True,3.0,1.0,1.0,540.0,0.46135831381733033,0.023113586479668945,0.023113586479668945,0.9499010079856922,1.0,0.4339268923709463,0.4339268923709463,education,education,1.0,0.0,1.0,1.0,1.0,1.0,True
0,max,A_default,53,1620,0.5161923454367027,True,17.0,3.0,2.9411764705882355,95.29411764705883,0.5161923454367027,0.19456969930458246,0.1857562795494709,0.6401413519754546,10.0,0.4339774587417817,0.3569960603603989,education,"education, gender, orientation",3.0,0.0,3.0,1.0,1.0,1.0,True
0,max,A_default,54,1620,0.3864864864864865,True,3.0,1.0,1.0,540.0,0.3864864864864865,0.06040493814275976,0.06040493814275977,0.8437075027075447,1.0,0.3229026714575848,0.3229026714575848,politics,politics,1.0,0.0,1.0,1.0,1.0,1.0,True
0,max,A_default,55,1620,0.7036585365853658,True,14.0,3.0,2.7142857142857144,115.71428571428571,0.7036585365853658,0.2661252965851121,0.17820539524431608,0.7467444989595509,7.0,0.18447491916403755,0.5047195445429256,gender,"age, education, gender, orientation, politics",5.0,0.0,2.0,0.4,0.4,1.0,False
0,max,A_default,56,1620,0.7815126050420168,True,23.0,3.0,2.9130434782608696,70.43478260869566,0.7815126050420168,0.1351562647784004,0.11835088631134213,0.8485617691284977,11.0,0.38355105965694103,0.36270918623859805,age,"age, education, gender",3.0,0.0,3.0,1.0,1.0,1.0,True
0,max,A_default,57,1620,0.5473041709053916,True,3.0,1.0,1.0,540.0,0.5473041709053916,0.03286299098719657,0.032862990987196576,0.9399547952780405,1.0,0.5015661251673459,0.5015661251673459,age,age,1.0,0.0,2.0,0.5,1.0,0.5,False
0,max,A_default,58,1620,0.3402061855670103,True,3.0,1.0,1.0,540.0,0.3402061855670103,0.04924019532966583,0.04924019532966583,0.8552636682734065,1.0,0.28737599688776505,0.28737599688776505,gender,gender,1.0,0.0,1.0,1.0,1.0,1.0,True
0,max,A_default,59,1620,0.9553903345724907,True,13.0,3.0,2.6923076923076925,124.61538461538461,0.9553903345724907,0.28851006277600366,0.1977844012021598,0.7929805294810078,7.0,0.388753834880918,0.5221478277605015,education,"age, education, gender, orientation",4.0,0.0,4.0,1.0,1.0,1.0,True
0,max,A_default,60,1620,0.9558080808080809,True,18.0,3.0,3.0,90.0,0.9558080808080809,0.24144211225359735,0.24144211225359732,0.7473947781970289,9.0,0.4480864169837179,0.5376262626262627,orientation,"education, gender, orientation, politics",4.0,0.0,4.0,1.0,1.0,1.0,True
0,max,A_default,61,1620,0.43383947939262474,True,9.0,3.0,2.4444444444444446,180.0,0.43383947939262474,0.2760775331564706,0.14537208191202694,0.664917351192778,4.0,0.17952510069071623,0.23327450764121233,age,"age, education, gender, politics",4.0,1.0,2.0,0.5,0.5,1.0,False
0,max,A_default,62,1620,0.0,False,,,,,,,,,,,,,,,,,,,,
0,max,A_default,63,1620,0.6780575539568344,True,2.0,1.0,1.0,810.0,0.6780575539568344,0.04882773539489958,0.04882773539489958,0.9279888040329862,1.0,0.5970340997990519,0.5970340997990519,orientation,orientation,1.0,0.0,1.0,1.0,1.0,1.0,True
0,max,A_default,64,1620,0.7222222222222222,True,17.0,3.0,2.7058823529411766,95.29411764705883,0.7222222222222222,0.0446985848508072,0.03379882286637531,0.9532016298773265,8.0,0.4045467837517368,0.39997158283603296,politics,"age, gender, politics",3.0,0.0,3.0,1.0,1.0,1.0,True
0,max,A_default,65,1620,0.5117707267144319,True,3.0,1.0,1.0,540.0,0.5117707267144319,0.027947564364069487,0.027947564364069487,0.9453904592326082,1.0,0.4735541662048778,0.4735541662048778,gender,gender,1.0,0.0,2.0,0.5,1.0,0.5,False
0,max,A_default,66,1620,0.4890738813735692,True,17.0,3.0,2.9411764705882355,95.29411764705883,0.4890738813735692,0.2228704578794518,0.21250896779523978,0.5654869828697331,10.0,0.4282061380769532,0.36533224889463,education,"age, education, orientation",3.0,1.0,3.0,1.0,1.0,1.0,True
0,max,A_default,67,1620,0.6488222698072805,True,15.0,3.0,2.6,108.0,0.6488222698072805,0.18603772047428374,0.1108555412564647,0.8291434397136336,7.0,0.517653734977246,0.4326702508049052,education,"age, education, gender, politics",4.0,0.0,4.0,1.0,1.0,1.0,True
0,max,A_default,68,1620,0.9654731457800512,True,10.0,3.0,2.6,162.0,0.9654731457800512,0.2120482629681099,0.12805687035589605,0.8673636124260785,5.0,0.495096210629619,0.7707690959358144,orientation,"gender, orientation, politics",3.0,0.0,3.0,1.0,1.0,1.0,True
0,max,A_default,69,1620,0.7877237851662404,True,19.0,3.0,2.789473684210526,85.26315789473684,0.7877237851662404,0.4598957440426825,0.326305034716721,0.585762115018708,9.0,0.31190769688130776,0.4919491372789165,education,"age, education, gender, politics",4.0,1.0,2.0,0.5,0.5,1.0,False
0,max,A_default,70,1620,0.8309859154929577,True,14.0,3.0,2.857142857142857,115.71428571428571,0.8309859154929577,0.15546965870173796,0.12607020464641946,0.8482883977983766,7.0,0.44961619023869887,0.5313535625517813,orientation,"education, gender, orientation",3.0,0.0,3.0,1.0,1.0,1.0,True
0,max,A_default,71,1620,0.8105882352941177,True,12.0,3.0,2.75,135.0,0.8105882352941177,0.16861841004408432,0.12264866014509963,0.848691783565552,6.0,0.4425618537140603,0.42972180930133785,orientation,"education, orientation, politics",3.0,0.0,4.0,0.75,1.0,0.75,False
0,max,A_default,72,1620,0.8315068493150686,True,15.0,3.0,2.6,108.0,0.8315068493150686,0.4866193547239999,0.3734972820880382,0.5508187546552424,7.0,0.32964497054607306,0.47261114379359626,education,"age, education, gender, politics",4.0,4.0,2.0,0.5,0.5,1.0,False
0,max,A_default,73,1620,0.5791855203619909,True,12.0,3.0,2.75,135.0,0.5791855203619909,0.40266372497161157,0.27391849088021014,0.5270626055896371,7.0,0.2671698481067667,0.3700018468926032,gender,"age, gender, orientation, politics",4.0,0.0,2.0,0.5,0.5,1.0,False
0,max,A_default,74,1620,0.48653846153846153,True,3.0,1.0,1.0,540.0,0.48653846153846153,0.007101235384735965,0.007101235384735966,0.9854045754938233,1.0,0.4769230769230769,0.4769230769230769,politics,politics,1.0,0.0,1.0,1.0,1.0,1.0,True
0,max,A_default,75,1620,0.0,False,,,,,,,,,,,,,,,,,,,,
0,max,A_default,76,1620,0.6506172839506172,True,15.0,3.0,2.7333333333333334,108.0,0.6506172839506172,0.19713408035403177,0.11955382329523292,0.8162455467378773,7.0,0.20068758467416278,0.510405643738977,politics,"age, education, gender, politics",4.0,0.0,2.0,0.5,0.5,1.0,False
0,max,A_default,77,1620,0.34790209790209786,True,19.0,3.0,2.789473684210526,85.26315789473684,0.34790209790209786,0.13259342772342309,0.10032463421953126,0.7116296946051663,9.0,0.40666095720136175,0.5509743065922841,gender,"age, education, gender, politics",4.0,0.0,3.0,0.75,0.75,1.0,False
0,max,A_default,78,1620,0.834793491864831,True,12.0,3.0,2.75,135.0,0.834793491864831,0.1419180604113838,0.10762611908644192,0.8710745589954016,6.0,0.4196393227671926,0.5125098822884038,orientation,"age, orientation, politics",3.0,0.0,3.0,1.0,1.0,1.0,True
0,max,A_default,79,1620,0.0,False,,,,,,,,,,,,,,,,,,,,
0,max,A_default,80,1620,0.48233046800382046,True,3.0,1.0,1.0,540.0,0.48233046800382046,0.0070877971622576195,0.007087797162257619,0.9853051017249828,1.0,0.47451796800382046,0.47451796800382046,education,education,1.0,0.0,2.0,0.5,1.0,0.5,False
0,max,A_default,81,1620,0.7101669195751139,True,18.0,3.0,2.7777777777777777,90.0,0.7101669195751139,0.4029149712838289,0.2960920821260672,0.5830669185447046,9.0,0.2557568862815274,0.43335031057857415,gender,"age, education, gender, orientation, politics",5.0,1.0,2.0,0.4,0.4,1.0,False
0,max,A_default,82,1620,0.459,True,11.0,3.0,2.4545454545454546,147.27272727272728,0.459,0.2691188321519047,0.22451623558443531,0.510857874543714,5.0,0.27074609026629753,0.37497683397683396,education,"age, education, gender, politics",4.0,0.0,2.0,0.5,0.5,1.0,False
0,max,A_default,83,1620,0.6483632523759238,True,14.0,3.0,2.7142857142857144,115.71428571428571,0.6483632523759238,0.28400775244684484,0.1989872749339359,0.6930929163478219,8.0,0.33565487565995444,0.3989627727596169,politics,"age, gender, orientation, politics",4.0,2.0,4.0,1.0,1.0,1.0,True
0,max,A_default,84,1620,0.594559585492228,True,6.0,2.0,2.0,270.0,0.594559585492228,0.3407172827450983,0.34071728274509827,0.4269417379537781,4.0,0.42603691411362066,0.35044193843340443,politics,"orientation, politics",2.0,0.0,2.0,1.0,1.0,1.0,True
0,max,A_default,85,1620,0.8639760837070255,True,2.0,1.0,1.0,810.0,0.8639760837070255,0.01533462367621835,0.01533462367621835,0.9822511016619548,1.0,0.8398214943350448,0.8398214943350448,orientation,orientation,1.0,0.0,1.0,1.0,1.0,1.0,True
0,max,A_default,86,1620,0.9471698113207546,True,10.0,3.0,2.6,162.0,0.9471698113207546,0.1248195379381472,0.08607708240379669,0.9091218054302544,5.0,0.5559245983144356,0.6963501391896071,orientation,"age, gender, orientation",3.0,0.0,4.0,0.75,1.0,0.75,False
0,max,A_default,87,1620,0.537590113285273,True,9.0,3.0,2.5555555555555554,180.0,0.537590113285273,0.19017929413596382,0.1186557797387513,0.7792820648920928,5.0,0.1906365026205034,0.4192865418567015,education,"education, orientation, politics",3.0,0.0,2.0,0.6666666666666666,0.6666666666666666,1.0,False
0,max,A_default,88,1620,0.0008230452674897101,False,,,,,,,,,,,,,,,,,,,,
0,max,A_default,89,1620,0.0,False,,,,,,,,,,,,,,,,,,,,
0,max,A_default,90,1620,0.8673218673218673,True,15.0,3.0,2.6,108.0,0.8673218673218673,0.4765028041708137,0.3769092346502458,0.5654332620321529,7.0,0.32830562012102155,0.4987581816850109,age,"age, education, gender, politics",4.0,0.0,2.0,0.5,0.5,1.0,False
0,max,A_default,91,1620,0.503582395087001,True,3.0,1.0,1.0,540.0,0.503582395087001,0.018046911018902722,0.018046911018902722,0.964162942956366,1.0,0.4744157284203343,0.4744157284203343,politics,politics,1.0,0.0,2.0,0.5,1.0,0.5,False
0,max,A_default,92,1620,0.7125171939477304,True,8.0,3.0,2.625,202.5,0.7125171939477304,0.19064824885773135,0.10344053247278796,0.8548238086723613,4.0,0.24996486259963113,0.5806490620795985,orientation,"education, gender, orientation, politics",4.0,0.0,2.0,0.5,0.5,1.0,False
0,max,A_default,93,1620,0.667079207920792,True,6.0,2.0,2.0,270.0,0.667079207920792,0.38942701738571905,0.38942701738571905,0.4162207234737272,4.0,0.459205521974014,0.36822863320814836,politics,"orientation, politics",2.0,0.0,2.0,1.0,1.0,1.0,True
0,max,A_default,94,1620,0.8477611940298508,True,2.0,1.0,1.0,810.0,0.8477611940298508,0.00794912559618442,0.00794912559618442,0.9906233905819656,1.0,0.831862942837482,0.831862942837482,orientation,orientation,1.0,0.0,1.0,1.0,1.0,1.0,True
0,max,A_default,95,1620,0.5858050847457628,True,1.0,0.0,0.0,1620.0,0.5858050847457628,0.5858050847457628,0.5858050847457628,0.0,0.0,,,,,0.0,0.0,3.0,0.0,0.0,0.0,False
0,max,A_default,96,1620,0.4912641315519013,True,3.0,1.0,1.0,540.0,0.4912641315519013,0.01179793735068077,0.011797937350680772,0.9759845333844929,1.0,0.47435081231300064,0.47435081231300064,gender,gender,1.0,0.0,1.0,1.0,1.0,1.0,True
0,max,A_default,97,1620,0.5987590486039297,True,14.0,3.0,2.5714285714285716,115.71428571428571,0.5987590486039297,0.3139273906537835,0.1851040972051922,0.6908537789336427,7.0,0.4122719496459522,0.4241558740007551,age,"age, gender, orientation, politics",4.0,1.0,4.0,1.0,1.0,1.0,True
0,max,A_default,98,1620,0.0,False,,,,,,,,,,,,,,,,,,,,
0,max,A_default,99,1620,0.40616246498599434,True,13.0,3.0,2.4615384615384617,124.61538461538461,0.40616246498599434,0.20482249484475606,0.207799064263784,0.4883843728126145,6.0,0.38749954758843286,0.52820046937694,politics,"education, gender, politics",3.0,0.0,3.0,1.0,1.0,1.0,True
0,max,B_weak_signal,0,1620,0.3908948194662481,True,3.0,1.0,1.0,540.0,0.3908948194662481,0.04524978259683487,0.045249782596834875,0.8842405160072939,1.0,0.33354714921535206,0.33354714921535206,gender,gender,1.0,0.0,1.0,1.0,1.0,1.0,True
0,max,B_weak_signal,1,1620,0.7264150943396226,True,21.0,3.0,2.857142857142857,77.14285714285714,0.7264150943396226,0.17015674462471603,0.14362606954101328,0.8022809951773063,10.0,0.3810865461410432,0.40194700923323956,age,"age, education, gender",3.0,0.0,3.0,1.0,1.0,1.0,True
0,max,B_weak_signal,2,1620,0.47159090909090917,True,14.0,3.0,2.857142857142857,115.71428571428571,0.47159090909090917,0.196281405800882,0.17119296546702512,0.6369884105759468,7.0,0.30550375028236393,0.3384649568308786,orientation,"age, education, gender, orientation",4.0,0.0,3.0,0.75,0.75,1.0,False
0,max,B_weak_signal,3,1620,0.5266272189349114,True,2.0,1.0,1.0,810.0,0.5266272189349114,0.01715772912204823,0.01715772912204823,0.9674195930154366,1.0,0.5076570292330144,0.5076570292330144,orientation,orientation,1.0,0.0,1.0,1.0,1.0,1.0,True
0,max,B_weak_signal,4,1620,0.2639593908629442,False,,,,,,,,,,,,,,,,,,,,
0,max,B_weak_signal,5,1620,0.41245136186770426,True,15.0,3.0,2.7333333333333334,108.0,0.41245136186770426,0.3119781094116263,0.24045854179910597,0.41700145997763927,9.0,0.40310211045106675,0.5032112887347053,gender,"age, gender, orientation, politics",4.0,1.0,4.0,1.0,1.0,1.0,True
0,max,B_weak_signal,6,1620,0.36030534351145044,True,3.0,1.0,1.0,540.0,0.36030534351145044,0.06330342828986267,0.06330342828986266,0.8243061630090677,1.0,0.2624032456093526,0.2624032456093526,education,education,1.0,0.0,1.0,1.0,1.0,1.0,True
0,max,B_weak_signal,7,1620,0.12400000000000004,False,,,,,,,,,,,,,,,,,,,,
0,max,B_weak_signal,8,1620,0.7045790251107829,True,14.0,3.0,2.857142857142857,115.71428571428571,0.7045790251107829,0.22137826998448087,0.18352233666533155,0.7395290945022444,7.0,0.3031628322400154,0.4048132171482536,orientation,"education, orientation, politics",3.0,0.0,3.0,1.0,1.0,1.0,True
0,max,B_weak_signal,9,1620,0.5682281059063137,True,2.0,1.0,1.0,810.0,0.5682281059063137,0.0431362467866324,0.0431362467866324,0.9240863900636684,1.0,0.5219556123330489,0.5219556123330489,orientation,orientation,1.0,0.0,1.0,1.0,1.0,1.0,True
0,max,B_weak_signal,10,1620,0.48106448311156597,True,22.0,3.0,3.0,73.63636363636364,0.48106448311156597,0.3179110441688737,0.32506185537162996,0.32428631340833514,12.0,0.4738129777294473,0.3777590463001988,politics,"age, gender, orientation, politics",4.0,0.0,4.0,1.0,1.0,1.0,True
0,max,B_weak_signal,11,1620,0.753309265944645,True,15.0,3.0,2.8666666666666667,108.0,0.753309265944645,0.24464215159351924,0.219004909232927,0.7092762307147567,10.0,0.4269302390192452,0.3538839785883232,gender,"age, education, gender, orientation",4.0,0.0,4.0,1.0,1.0,1.0,True
0,max,B_weak_signal,12,1620,0.8739376770538244,True,11.0,3.0,2.3636363636363638,147.27272727272728,0.8739376770538244,0.40484265050162116,0.38508804604696345,0.5593644076026643,6.0,0.41750964928713574,0.5022271507380349,gender,"gender, orientation, politics",3.0,0.0,2.0,0.6666666666666666,0.6666666666666666,1.0,False
0,max,B_weak_signal,13,1620,0.22417582417582407,False,,,,,,,,,,,,,,,,,,,,
0,max,B_weak_signal,14,1620,0.3355176933158584,True,17.0,3.0,2.7058823529411766,95.29411764705883,0.3355176933158584,0.3030794611906341,0.20206776414432642,0.3977433435854645,8.0,0.23714088725128535,0.18003786223969703,politics,"age, education, gender, politics",4.0,0.0,2.0,0.5,0.5,1.0,False
0,max,B_weak_signal,15,1620,0.8323863636363636,True,11.0,3.0,2.4545454545454546,147.27272727272728,0.8323863636363636,0.46842761336076905,0.34515207169872547,0.5853463165940227,5.0,0.3977607666457911,0.49176136363636364,gender,"age, education, gender, politics",4.0,0.0,2.0,0.5,0.5,1.0,False
0,max,B_weak_signal,16,1620,0.8171500630517025,True,16.0,3.0,2.9375,101.25,0.8171500630517025,0.1936029239963993,0.17956532955135843,0.7802541568916247,8.0,0.3481999955322711,0.4249170533429646,orientation,"education, gender, orientation, politics",4.0,0.0,4.0,1.0,1.0,1.0,True
0,max,B_weak_signal,17,1620,0.36407766990291257,True,3.0,1.0,1.0,540.0,0.36407766990291257,0.0357488158336856,0.035748815833685596,0.9018099191768102,1.0,0.31996002284408903,0.31996002284408903,politics,politics,1.0,0.0,1.0,1.0,1.0,1.0,True
0,max,B_weak_signal,18,1620,0.30959302325581395,True,3.0,1.0,1.0,540.0,0.30959302325581395,0.04452225334578277,0.04452225334578276,0.8561910314464858,1.0,0.23102159468438538,0.23102159468438538,politics,politics,1.0,0.0,1.0,1.0,1.0,1.0,True
0,max,B_weak_signal,19,1620,0.6397694524495677,True,17.0,3.0,2.764705882352941,95.29411764705883,0.6397694524495677,0.2968852933216673,0.2990878215412247,0.5325068735369145,9.0,0.27779901386283434,0.3146811132269528,education,"age, education, gender, orientation",4.0,1.0,3.0,0.75,0.75,1.0,False
0,max,B_weak_signal,20,1620,0.0,False,,,,,,,,,,,,,,,,,,,,
0,max,B_weak_signal,21,1620,0.0,False,,,,,,,,,,,,,,,,,,,,
0,max,B_weak_signal,22,1620,0.6306027820710974,True,18.0,3.0,2.7777777777777777,90.0,0.6306027820710974,0.40860801707156336,0.3044454013801217,0.5172152581055423,9.0,0.2930918002752766,0.3995682993124768,age,"age, education, gender, orientation, politics",5.0,0.0,2.0,0.4,0.4,1.0,False
0,max,B_weak_signal,23,1620,0.7621483375959079,True,18.0,3.0,2.888888888888889,90.0,0.7621483375959079,0.2405624409321694,0.22917620657605667,0.6993023598280599,11.0,0.31461122709097994,0.2984259401195673,education,"age, education, orientation, politics",4.0,0.0,4.0,1.0,1.0,1.0,True
0,max,B_weak_signal,24,1620,0.0,False,,,,,,,,,,,,,,,,,,,,
0,max,B_weak_signal,25,1620,0.45482388973966315,True,10.0,3.0,2.6,162.0,0.45482388973966315,0.3784850495577838,0.2798098907213444,0.38479508875071433,6.0,0.25739239348664245,0.23301937846146767,politics,"age, gender, orientation, politics",4.0,0.0,2.0,0.5,0.5,1.0,False
0,max,B_weak_signal,26,1620,0.5364963503649635,True,1.0,0.0,0.0,1620.0,0.5364963503649635,0.5364963503649635,0.5364963503649635,0.0,0.0,,,,,0.0,0.0,3.0,0.0,0.0,0.0,False
0,max,B_weak_signal,27,1620,0.4024390243902439,True,15.0,3.0,2.7333333333333334,108.0,0.4024390243902439,0.2748187513665293,0.2897487317779747,0.2800183028547295,7.0,0.29429073792612853,0.08209705808398282,age,"age, education, politics",3.0,0.0,2.0,0.6666666666666666,0.6666666666666666,1.0,False
0,max,B_weak_signal,28,1620,0.0,False,,,,,,,,,,,,,,,,,,,,
0,max,B_weak_signal,29,1620,0.30115830115830117,True,3.0,1.0,1.0,540.0,0.30115830115830117,0.052754081970247474,0.05275408197024748,0.824829394483409,1.0,0.2242352242352243,0.2242352242352243,education,education,1.0,0.0,1.0,1.0,1.0,1.0,True
0,max,B_weak_signal,30,1620,0.6605293440736479,True,16.0,3.0,2.6875,101.25,0.6605293440736479,0.1698809753949038,0.12961259665712033,0.8037746576741506,8.0,0.40861688050591405,0.3654473768605332,education,"education, gender, orientation, politics",4.0,0.0,3.0,0.75,0.75,1.0,False
0,max,B_weak_signal,31,1620,0.005020920502092049,False,,,,,,,,,,,,,,,,,,,,
0,max,B_weak_signal,32,1620,0.49474789915966383,True,12.0,3.0,2.75,135.0,0.49474789915966383,0.14489911563988556,0.14992266348948619,0.6969716016093612,6.0,0.3345109976385719,0.3037214885954382,orientation,"age, education, orientation",3.0,0.0,3.0,1.0,1.0,1.0,True
0,max,B_weak_signal,33,1620,0.3646112600536193,True,11.0,3.0,2.5454545454545454,147.27272727272728,0.3646112600536193,0.2117854819118534,0.13486281077077691,0.6301189086948545,6.0,0.18302073050336856,0.2504244088425467,age,"age, education, orientation, politics",4.0,0.0,2.0,0.5,0.5,1.0,False
0,max,B_weak_signal,34,1620,0.5058139534883721,True,10.0,3.0,2.6,162.0,0.5058139534883721,0.24497389089344135,0.23687534158738435,0.5316947269766654,5.0,0.31709678960725307,0.2804874163746416,orientation,"education, orientation, politics",3.0,1.0,3.0,1.0,1.0,1.0,True
0,max,B_weak_signal,35,1620,0.7473560517038778,True,18.0,3.0,2.9444444444444446,90.0,0.7473560517038778,0.29438232497895034,0.27618639037243,0.6304487135111039,11.0,0.41574597001894525,0.335099784294407,politics,"age, gender, orientation, politics",4.0,0.0,4.0,1.0,1.0,1.0,True
0,max,B_weak_signal,36,1620,0.0,False,,,,,,,,,,,,,,,,,,,,
0,max,B_weak_signal,37,1620,0.47414741474147415,True,12.0,3.0,2.75,135.0,0.47414741474147415,0.19965977896334455,0.14925416794067606,0.6852156875682726,6.0,0.26043959211213624,0.23749279689873748,orientation,"age, orientation, politics",3.0,0.0,3.0,1.0,1.0,1.0,True
0,max,B_weak_signal,38,1620,0.3377110694183866,True,3.0,1.0,1.0,540.0,0.3377110694183866,0.035461912846097225,0.035461912846097225,0.8949933358501677,1.0,0.2839920611539237,0.2839920611539237,politics,politics,1.0,0.0,1.0,1.0,1.0,1.0,True
0,max,B_weak_signal,39,1620,0.0,False,,,,,,,,,,,,,,,,,,,,
0,max,B_weak_signal,40,1620,0.5386138613861386,True,2.0,1.0,1.0,810.0,0.5386138613861386,0.06753009390559023,0.06753009390559023,0.8746224359473417,1.0,0.4681531567790925,0.4681531567790925,orientation,orientation,1.0,0.0,1.0,1.0,1.0,1.0,True
0,max,B_weak_signal,41,1620,0.5382619974059663,True,6.0,3.0,2.1666666666666665,270.0,0.5382619974059663,0.16771491773222302,0.1107298958719527,0.7942825308017457,3.0,0.2094028094006765,0.409322169325737,age,"age, orientation, politics",3.0,0.0,2.0,0.6666666666666666,0.6666666666666666,1.0,False
0,max,B_weak_signal,42,1620,0.374,True,9.0,3.0,2.4444444444444446,180.0,0.374,0.24543795195863513,0.101403736051603,0.7288670159048048,4.0,0.28495100069013113,0.21209523809523811,gender,"age, education, gender, politics",4.0,0.0,1.0,0.25,0.25,1.0,False
0,max,B_weak_signal,43,1620,0.5441919191919192,True,22.0,3.0,2.909090909090909,73.63636363636364,0.5441919191919192,0.31109620618138173,0.2745214860853119,0.49554288403812763,11.0,0.3173847802240645,0.2991260531583112,age,"age, education, gender, orientation, politics",5.0,0.0,3.0,0.6,0.6,1.0,False
0,max,B_weak_signal,44,1620,0.5681159420289855,True,8.0,3.0,2.625,202.5,0.5681159420289855,0.2771790411888412,0.15461203190324183,0.7278512703743958,4.0,0.2920799669982409,0.39804791481810115,orientation,"education, gender, orientation",3.0,0.0,2.0,0.6666666666666666,0.6666666666666666,1.0,False
0,max,B_weak_signal,45,1620,0.0,False,,,,,,,,,,,,,,,,,,,,
0,max,B_weak_signal,46,1620,0.42535211267605627,True,3.0,1.0,1.0,540.0,0.42535211267605627,0.04359329742703038,0.04359329742703038,0.8975124464463855,1.0,0.3696336376027425,0.3696336376027425,education,education,1.0,0.0,1.0,1.0,1.0,1.0,True
0,max,B_weak_signal,47,1620,0.34173669467787116,True,3.0,1.0,1.0,540.0,0.34173669467787116,0.04615241976481568,0.04615241976481568,0.8649474274095148,1.0,0.28702544847726325,0.28702544847726325,gender,gender,1.0,0.0,1.0,1.0,1.0,1.0,True
0,max,B_weak_signal,48,1620,0.49373433583959897,True,16.0,3.0,2.9375,101.25,0.49373433583959897,0.2461294848514739,0.22569022717943332,0.5428913672863254,8.0,0.2912939132696869,0.3020614599561969,orientation,"age, education, gender, orientation",4.0,0.0,3.0,0.75,0.75,1.0,False
0,max,B_weak_signal,49,1620,0.8392370572207084,True,10.0,3.0,2.6,162.0,0.8392370572207084,0.28292283211099367,0.1840700367820133,0.7806697938344191,5.0,0.37870373638619476,0.6830401132478731,orientation,"age, orientation, politics",3.0,1.0,3.0,1.0,1.0,1.0,True
0,max,B_weak_signal,50,1620,0.31542461005199307,True,3.0,1.0,1.0,540.0,0.31542461005199307,0.06930544259788339,0.06930544259788339,0.7802788990166005,1.0,0.24062146044569388,0.24062146044569388,gender,gender,1.0,0.0,1.0,1.0,1.0,1.0,True
0,max,B_weak_signal,51,1620,0.7747183979974969,True,21.0,3.0,2.857142857142857,77.14285714285714,0.7747183979974969,0.3278519952587001,0.3124277244757578,0.5967209178414694,10.0,0.34968646093044325,0.2862695531130084,education,"age, education, gender, politics",4.0,0.0,4.0,1.0,1.0,1.0,True
0,max,B_weak_signal,52,1620,0.798076923076923,True,12.0,3.0,2.75,135.0,0.798076923076923,0.19601906212504586,0.15435257200615324,0.8065943676067477,6.0,0.44841449678598516,0.3369874289134989,orientation,"education, orientation, politics",3.0,0.0,4.0,0.75,1.0,0.75,False
0,max,B_weak_signal,53,1620,0.6171171171171171,True,12.0,3.0,2.5833333333333335,135.0,0.6171171171171171,0.287874880072408,0.18850259506450434,0.6945432401144529,6.0,0.2616294070104314,0.4452958112751927,politics,"age, education, gender, orientation, politics",5.0,0.0,2.0,0.4,0.4,1.0,False
0,max,B_weak_signal,54,1620,0.536819637139808,True,14.0,3.0,2.857142857142857,115.71428571428571,0.536819637139808,0.15536277784650052,0.13227466144782507,0.7535957101856618,8.0,0.3188503989231354,0.17032322000304922,age,"age, education, gender, orientation",4.0,0.0,3.0,0.75,0.75,1.0,False
0,max,B_weak_signal,55,1620,0.4327086882453152,True,16.0,3.0,2.875,101.25,0.4327086882453152,0.27774654935024234,0.2892189235815907,0.3316082356598673,9.0,0.2627180053741677,0.21382456807364134,gender,"age, education, gender, orientation, politics",5.0,0.0,2.0,0.4,0.4,1.0,False
0,max,B_weak_signal,56,1620,0.0,False,,,,,,,,,,,,,,,,,,,,
0,max,B_weak_signal,57,1620,0.5249343832020997,True,6.0,3.0,2.1666666666666665,270.0,0.5249343832020997,0.24641865073189959,0.12878370281636298,0.7546670461348285,3.0,0.3229652452863681,0.385803948419491,education,"age, education, orientation",3.0,0.0,2.0,0.6666666666666666,0.6666666666666666,1.0,False
0,max,B_weak_signal,58,1620,0.36324786324786323,True,2.0,1.0,1.0,810.0,0.36324786324786323,0.0383333333333333,0.0383333333333333,0.8944705882352942,1.0,0.28658119658119663,0.28658119658119663,orientation,orientation,1.0,0.0,1.0,1.0,1.0,1.0,True
0,max,B_weak_signal,59,1620,0.5126315789473684,True,12.0,3.0,2.75,135.0,0.5126315789473684,0.15082885193457127,0.11997087939662347,0.7659705638053547,6.0,0.3651446950416024,0.3083402880603042,orientation,"age, gender, orientation",3.0,0.0,3.0,1.0,1.0,1.0,True
0,max,B_weak_signal,60,1620,0.7033678756476683,True,9.0,3.0,2.5555555555555554,180.0,0.7033678756476683,0.3703208709546776,0.22338022129162635,0.682413387040266,5.0,0.2892718516431904,0.45406815575971315,age,"age, gender, orientation, politics",4.0,0.0,3.0,0.75,0.75,1.0,False
0,max,B_weak_signal,61,1620,0.7775947281713345,True,2.0,1.0,1.0,810.0,0.7775947281713345,0.01752686518715938,0.017526865187159384,0.9774601543038014,1.0,0.7555763795474812,0.7555763795474812,orientation,orientation,1.0,0.0,1.0,1.0,1.0,1.0,True
0,max,B_weak_signal,62,1620,0.3580357142857143,True,19.0,3.0,2.789473684210526,85.26315789473684,0.3580357142857143,0.22410343956078038,0.172208680873569,0.519018148183548,9.0,0.31911922035037504,0.5907831833520809,politics,"age, education, gender, politics",4.0,0.0,4.0,1.0,1.0,1.0,True
0,max,B_weak_signal,63,1620,0.8243045387994143,True,13.0,3.0,2.4615384615384617,124.61538461538461,0.8243045387994143,0.44363785298278086,0.37805473726177863,0.5413652121673271,6.0,0.31337294706811997,0.3982482007712453,education,"age, education, gender",3.0,1.0,2.0,0.6666666666666666,0.6666666666666666,1.0,False
0,max,B_weak_signal,64,1620,0.0,False,,,,,,,,,,,,,,,,,,,,
0,max,B_weak_signal,65,1620,0.35654596100278546,True,17.0,3.0,2.7058823529411766,95.29411764705883,0.35654596100278546,0.09101033489125643,0.07075612969697978,0.801551167490502,8.0,0.3884716980818975,0.4195734419822892,age,"age, education, politics",3.0,0.0,3.0,1.0,1.0,1.0,True
0,max,B_weak_signal,66,1620,0.3973856209150327,True,3.0,1.0,1.0,540.0,0.3973856209150327,0.03823354248145335,0.03823354248145335,0.9037873026371321,1.0,0.3362745098039216,0.3362745098039216,age,age,1.0,0.0,1.0,1.0,1.0,1.0,True
0,max,B_weak_signal,67,1620,0.0,False,,,,,,,,,,,,,,,,,,,,
0,max,B_weak_signal,68,1620,0.5378440366972477,True,1.0,0.0,0.0,1620.0,0.5378440366972477,0.5378440366972477,0.5378440366972477,0.0,0.0,,,,,0.0,0.0,3.0,0.0,0.0,0.0,False
0,max,B_weak_signal,69,1620,0.35910878112712985,True,3.0,1.0,1.0,540.0,0.35910878112712985,0.037349287759770367,0.037349287759770367,0.8959945016032672,1.0,0.3151527371710859,0.3151527371710859,education,education,1.0,0.0,1.0,1.0,1.0,1.0,True
0,max,B_weak_signal,70,1620,0.6728110599078342,True,16.0,3.0,2.875,101.25,0.6728110599078342,0.3889225790716957,0.31165548617333955,0.536786023975242,9.0,0.2949831744426157,0.3751609293595313,age,"age, education, gender, orientation, politics",5.0,1.0,4.0,0.8,0.8,1.0,False
0,max,B_weak_signal,71,1620,0.9143646408839778,True,14.0,3.0,2.857142857142857,115.71428571428571,0.9143646408839778,0.2883278721832886,0.23758465516474314,0.740164213989012,7.0,0.30271104771728813,0.6388171956285034,orientation,"age, education, orientation, politics",4.0,0.0,3.0,0.75,0.75,1.0,False
0,max,B_weak_signal,72,1620,0.38569424964936894,True,3.0,1.0,1.0,540.0,0.38569424964936894,0.013052208835341361,0.013052208835341363,0.9661591821832786,1.0,0.34653762314334485,0.34653762314334485,gender,gender,1.0,0.0,1.0,1.0,1.0,1.0,True
0,max,B_weak_signal,73,1620,0.4353876739562625,True,8.0,3.0,2.625,202.5,0.4353876739562625,0.17849818867343042,0.11193226821611552,0.7429135574762279,4.0,0.20303860183789893,0.30741148348007197,orientation,"age, education, gender, orientation",4.0,0.0,1.0,0.25,0.25,1.0,False
0,max,B_weak_signal,74,1620,0.8146279949558639,True,14.0,3.0,2.857142857142857,115.71428571428571,0.8146279949558639,0.19777365394738444,0.15973268269331894,0.8039194777464367,7.0,0.3506493836899029,0.4604613282891973,orientation,"gender, orientation, politics",3.0,0.0,3.0,1.0,1.0,1.0,True
0,max,B_weak_signal,75,1620,0.2835408022130014,False,,,,,,,,,,,,,,,,,,,,
0,max,B_weak_signal,76,1620,0.0,False,,,,,,,,,,,,,,,,,,,,
0,max,B_weak_signal,77,1620,0.686842105263158,True,20.0,3.0,2.85,81.0,0.686842105263158,0.20261281442101295,0.16507225897177338,0.7596649103092955,10.0,0.36360645511166456,0.32645249487354766,gender,"age, education, gender, orientation, politics",5.0,0.0,3.0,0.6,0.6,1.0,False
0,max,B_weak_signal,78,1620,0.33710407239819,True,2.0,1.0,1.0,810.0,0.33710407239819,0.04050838719911172,0.04050838719911172,0.879834180254984,1.0,0.2891998807814235,0.2891998807814235,orientation,orientation,1.0,0.0,1.0,1.0,1.0,1.0,True
0,max,B_weak_signal,79,1620,0.7138103161397671,True,2.0,1.0,1.0,810.0,0.7138103161397671,0.03461213274149228,0.03461213274149228,0.9515107417770703,1.0,0.6787225968415215,0.6787225968415215,orientation,orientation,1.0,0.0,1.0,1.0,1.0,1.0,True
0,max,B_weak_signal,80,1620,0.0017361111111111095,False,,,,,,,,,,,,,,,,,,,,
0,max,B_weak_signal,81,1620,0.35437589670014347,True,3.0,1.0,1.0,540.0,0.35437589670014347,0.03446923257294074,0.03446923257294074,0.9027325704318231,1.0,0.31104256336681013,0.31104256336681013,education,education,1.0,0.0,1.0,1.0,1.0,1.0,True
0,max,B_weak_signal,82,1620,0.8079470198675497,True,14.0,3.0,2.857142857142857,115.71428571428571,0.8079470198675497,0.15252566562937048,0.12984433594578734,0.8392910268211976,7.0,0.34099877794355443,0.41735397283278486,orientation,"education, orientation, politics",3.0,0.0,3.0,1.0,1.0,1.0,True
0,max,B_weak_signal,83,1620,0.3186619718309858,True,3.0,1.0,1.0,540.0,0.3186619718309858,0.01713274298765786,0.01713274298765786,0.9462353700718803,1.0,0.28801063083481726,0.28801063083481726,education,education,1.0,0.0,1.0,1.0,1.0,1.0,True
0,max,B_weak_signal,84,1620,0.5868005738880917,True,25.0,3.0,2.96,64.8,0.5868005738880917,0.2667085268446287,0.2535660962847091,0.5678836941064981,12.0,0.24032271062905974,0.28230230399189793,age,"age, education, gender, politics",4.0,0.0,3.0,0.75,0.75,1.0,False
0,max,B_weak_signal,85,1620,0.4364364364364364,True,14.0,3.0,2.7142857142857144,115.71428571428571,0.4364364364364364,0.32553074937314247,0.26658760142712784,0.3891719866383011,8.0,0.4431847119983524,0.3981789481789482,age,"age, gender, orientation, politics",4.0,0.0,4.0,1.0,1.0,1.0,True
0,max,B_weak_signal,86,1620,0.378096479791395,True,18.0,3.0,2.7777777777777777,90.0,0.378096479791395,0.383700700343111,0.2884883251100834,0.23699811945022764,9.0,0.22719308783281755,0.15761780592289082,education,"age, education, gender, orientation, politics",5.0,0.0,2.0,0.4,0.4,1.0,False
0,max,B_weak_signal,87,1620,0.5307950727883538,True,12.0,3.0,2.5833333333333335,135.0,0.5307950727883538,0.16399242946533157,0.1303358621811317,0.754451635173522,7.0,0.38620212841218665,0.22014418521438928,politics,"age, orientation, politics",3.0,0.0,3.0,1.0,1.0,1.0,True
0,max,B_weak_signal,88,1620,0.0,False,,,,,,,,,,,,,,,,,,,,
0,max,B_weak_signal,89,1620,0.7122940430925221,True,23.0,3.0,2.9130434782608696,70.43478260869566,0.7122940430925221,0.20923157019022603,0.18259159900736036,0.7436569900056809,11.0,0.3362230778260682,0.35735577148758374,gender,"age, education, gender, politics",4.0,0.0,3.0,0.75,0.75,1.0,False
0,max,B_weak_signal,90,1620,0.5980769230769231,True,2.0,1.0,1.0,810.0,0.5980769230769231,0.057797808025885244,0.05779780802588525,0.9033605782203848,1.0,0.5222823020500282,0.5222823020500282,orientation,orientation,1.0,0.0,1.0,1.0,1.0,1.0,True
0,max,B_weak_signal,91,1620,0.5861214374225527,True,12.0,3.0,2.75,135.0,0.5861214374225527,0.3751109066955072,0.26149340536818366,0.5538579743506888,7.0,0.27150586645437047,0.3878455753535872,age,"age, education, orientation, politics",4.0,1.0,2.0,0.5,0.5,1.0,False
0,max,B_weak_signal,92,1620,0.7974481658692185,True,17.0,3.0,2.7058823529411766,95.29411764705883,0.7974481658692185,0.41006622370724505,0.31528758105395466,0.6046293733583409,8.0,0.3383651585440899,0.43518401492582237,education,"age, education, gender, politics",4.0,0.0,2.0,0.5,0.5,1.0,False
0,max,B_weak_signal,93,1620,0.0,False,,,,,,,,,,,,,,,,,,,,
0,max,B_weak_signal,94,1620,0.35742444152431013,True,3.0,1.0,1.0,540.0,0.35742444152431013,0.022822661209757993,0.02282266120975799,0.9361468927182874,1.0,0.3059958700957387,0.3059958700957387,politics,politics,1.0,0.0,1.0,1.0,1.0,1.0,True
0,max,B_weak_signal,95,1620,0.5831932773109243,True,13.0,3.0,2.6153846153846154,124.61538461538461,0.5831932773109243,0.3375650603331565,0.23618527156375957,0.5950137274338992,6.0,0.31362283420618703,0.3800060263149083,age,"age, education, gender, politics",4.0,1.0,2.0,0.5,0.5,1.0,False
0,max,B_weak_signal,96,1620,0.36637390213299875,True,8.0,3.0,2.375,202.5,0.36637390213299875,0.11063144470258654,0.062809890025174,0.8285634166093709,4.0,0.12184427298141558,0.25841935667845334,age,"age, gender, orientation, politics",4.0,0.0,1.0,0.25,0.25,1.0,False
0,max,B_weak_signal,97,1620,0.8840782122905028,True,16.0,3.0,2.9375,101.25,0.8840782122905028,0.17873493919034733,0.16522470785173735,0.8131107569955072,8.0,0.25936517794088293,0.5723135064081498,orientation,"age, education, orientation",3.0,0.0,3.0,1.0,1.0,1.0,True
0,max,B_weak_signal,98,1620,0.40484429065743943,True,3.0,1.0,1.0,540.0,0.40484429065743943,0.07135984460329807,0.07135984460329806,0.8237350846978364,1.0,0.3243845205424969,0.3243845205424969,education,education,1.0,0.0,1.0,1.0,1.0,1.0,True
0,max,B_weak_signal,99,1620,0.8689248895434463,True,12.0,3.0,2.75,135.0,0.8689248895434463,0.1695430166572864,0.1394480983316265,0.8395165105641111,6.0,0.4006889039445532,0.5945710128038837,orientation,"education, gender, orientation, politics",4.0,0.0,3.0,0.75,0.75,1.0,False
0,max,C_deep,0,1620,0.4701583434835567,True,3.0,1.0,1.0,540.0,0.4701583434835567,0.029469916170853826,0.029469916170853823,0.9373191679371218,1.0,0.42504556152866946,0.42504556152866946,gender,gender,1.0,0.0,1.0,1.0,1.0,1.0,True
0,max,C_deep,1,1620,0.8238770685579195,True,12.0,3.0,2.6666666666666665,135.0,0.8238770685579195,0.18479828313320534,0.1461352584162391,0.8226249230701029,7.0,0.463075191816977,0.4060497705077803,age,"age, education, orientation",3.0,0.0,4.0,0.75,1.0,0.75,False
0,max,C_deep,2,1620,0.41911764705882354,True,19.0,3.0,2.8421052631578947,85.26315789473684,0.41911764705882354,0.24138514900533606,0.20326721790942845,0.5150115502511883,10.0,0.3702290397270548,0.33173559526199564,age,"age, education, orientation, politics",4.0,0.0,4.0,1.0,1.0,1.0,True
0,max,C_deep,3,1620,0.8462643678160918,True,12.0,3.0,2.4166666666666665,135.0,0.8462643678160918,0.4294948960210517,0.3894682639669063,0.5397794368065079,6.0,0.37537766816345414,0.46164898320070713,gender,"age, education, gender, orientation",4.0,1.0,2.0,0.5,0.5,1.0,False
0,max,C_deep,4,1620,0.6721311475409836,True,16.0,3.0,2.875,101.25,0.6721311475409836,0.21487980789540706,0.19947115402668664,0.703225844009076,11.0,0.370074759734962,0.37289841096809356,gender,"age, gender, orientation, politics",4.0,0.0,4.0,1.0,1.0,1.0,True
0,max,C_deep,5,1620,0.6420824295010846,True,19.0,3.0,2.789473684210526,85.26315789473684,0.6420824295010846,0.08549074678107267,0.07232109020871261,0.8873647885600794,9.0,0.41025960619656404,0.322821215780768,politics,"age, gender, politics",3.0,0.0,3.0,1.0,1.0,1.0,True
0,max,C_deep,6,1620,0.6567164179104477,True,9.0,3.0,2.5555555555555554,180.0,0.6567164179104477,0.2700356620153664,0.14775913049597064,0.7750031421993174,5.0,0.30892383977581284,0.5132285591908009,age,"age, gender, orientation",3.0,0.0,4.0,0.75,1.0,0.75,False
0,max,C_deep,7,1620,0.36520376175548597,True,3.0,1.0,1.0,540.0,0.36520376175548597,0.03767395158922091,0.03767395158922091,0.8968412827728629,1.0,0.30101457256629677,0.30101457256629677,politics,politics,1.0,0.0,1.0,1.0,1.0,1.0,True
0,max,C_deep,8,1620,0.7986030267753201,True,14.0,3.0,2.857142857142857,115.71428571428571,0.7986030267753201,0.1908223195621981,0.15506991697871142,0.8058235296141208,7.0,0.3793153338611882,0.4669790951513885,orientation,"age, gender, orientation, politics",4.0,0.0,4.0,1.0,1.0,1.0,True
0,max,C_deep,9,1620,0.43259085580304807,True,3.0,1.0,1.0,540.0,0.43259085580304807,0.015778986171734583,0.015778986171734587,0.9635244574404076,1.0,0.40009085580304804,0.40009085580304804,education,education,1.0,0.0,1.0,1.0,1.0,1.0,True
0,max,C_deep,10,1620,0.6011173184357542,True,23.0,3.0,2.9130434782608696,70.43478260869566,0.6011173184357542,0.17282046154085243,0.15189542253378024,0.7473115182755886,11.0,0.30456493219052566,0.3306095891947678,education,"age, education, gender, politics",4.0,0.0,3.0,0.75,0.75,1.0,False
0,max,C_deep,11,1620,0.0,False,,,,,,,,,,,,,,,,,,,,
0,max,C_deep,12,1620,0.46409989594172746,True,3.0,1.0,1.0,540.0,0.46409989594172746,0.009201922931707199,0.0092019229317072,0.9801725382570166,1.0,0.451306718969446,0.451306718969446,education,education,1.0,0.0,1.0,1.0,1.0,1.0,True
0,max,C_deep,13,1620,0.8562728380024361,True,2.0,1.0,1.0,810.0,0.8562728380024361,0.04918213969938108,0.04918213969938109,0.9425625367095422,1.0,0.784433757542666,0.784433757542666,orientation,orientation,1.0,0.0,3.0,0.3333333333333333,1.0,0.3333333333333333,False
0,max,C_deep,14,1620,0.0,False,,,,,,,,,,,,,,,,,,,,
0,max,C_deep,15,1620,0.5420841683366734,True,3.0,1.0,1.0,540.0,0.5420841683366734,0.06561834962313949,0.06561834962313949,0.8789517321184969,1.0,0.46645391623583304,0.46645391623583304,education,education,1.0,0.0,4.0,0.25,1.0,0.25,False
0,max,C_deep,16,1620,0.3630769230769231,True,3.0,1.0,1.0,540.0,0.3630769230769231,0.04099295860355097,0.04099295860355096,0.8870956648631012,1.0,0.3078821178821179,0.3078821178821179,education,education,1.0,0.0,1.0,1.0,1.0,1.0,True
0,max,C_deep,17,1620,0.7477064220183487,True,20.0,3.0,3.0,81.0,0.7477064220183487,0.22804582761449352,0.2299780356555519,0.692422013663127,11.0,0.36743484120094666,0.3564020741922617,politics,"education, gender, orientation, politics",4.0,0.0,4.0,1.0,1.0,1.0,True
0,max,C_deep,18,1620,0.4662867996201329,True,12.0,3.0,2.75,135.0,0.4662867996201329,0.2289116579766585,0.16485642451767651,0.6464484419203393,6.0,0.4775004839696256,0.4423551756885091,orientation,"age, education, gender, orientation",4.0,0.0,4.0,1.0,1.0,1.0,True
0,max,C_deep,19,1620,0.6586059743954481,True,10.0,3.0,2.6,162.0,0.6586059743954481,0.35266804465469337,0.2781555650299182,0.5776601248033856,5.0,0.34126369824781766,0.4259972787432742,orientation,"age, education, gender, orientation",4.0,0.0,2.0,0.5,0.5,1.0,False
0,max,C_deep,20,1620,0.34061930783242256,True,18.0,3.0,2.7777777777777777,90.0,0.34061930783242256,0.2726422881413178,0.2168560039626288,0.36334788141452823,9.0,0.3202812352948652,0.5641425969294822,age,"age, education, gender, orientation, politics",5.0,1.0,4.0,0.8,0.8,1.0,False
0,max,C_deep,21,1620,0.3317972350230414,True,3.0,1.0,1.0,540.0,0.3317972350230414,0.01819258576044365,0.018192585760443646,0.9451695679164407,1.0,0.3005472350230414,0.3005472350230414,education,education,1.0,0.0,1.0,1.0,1.0,1.0,True
0,max,C_deep,22,1620,0.36017699115044255,True,17.0,3.0,2.7058823529411766,95.29411764705883,0.36017699115044255,0.07527399299195502,0.06286227515872296,0.8254683760949462,8.0,0.43878522445203844,0.5861831621062623,education,"age, education, gender",3.0,0.0,3.0,1.0,1.0,1.0,True
0,max,C_deep,23,1620,0.43179680150517397,True,15.0,3.0,2.7333333333333334,108.0,0.43179680150517397,0.33824238837057224,0.24844469456571322,0.4246259034349603,8.0,0.3851725793731986,0.48518433057029775,gender,"education, gender, orientation, politics",4.0,1.0,4.0,1.0,1.0,1.0,True
0,max,C_deep,24,1620,0.5872340425531914,True,15.0,3.0,2.6,108.0,0.5872340425531914,0.19439331692682257,0.1252212239480505,0.7867609592188995,7.0,0.42357902884124965,0.313775597512977,education,"education, gender, politics",3.0,0.0,3.0,1.0,1.0,1.0,True
0,max,C_deep,25,1620,0.5069582504970179,True,12.0,3.0,2.75,135.0,0.5069582504970179,0.07433560553830143,0.05669117182111708,0.8881738846038357,6.0,0.33722314475551346,0.24535656431779695,orientation,"age, gender, orientation",3.0,0.0,3.0,1.0,1.0,1.0,True
0,max,C_deep,26,1620,0.7847309136420526,True,17.0,3.0,2.7058823529411766,95.29411764705883,0.7847309136420526,0.46119437718904,0.329303364811877,0.5803614218744981,8.0,0.3078278761878445,0.4930642469753859,education,"age, education, gender, politics",4.0,0.0,2.0,0.5,0.5,1.0,False
0,max,C_deep,27,1620,0.465832531280077,True,18.0,3.0,2.888888888888889,90.0,0.465832531280077,0.2884477070146525,0.27663943481782455,0.4061397256700007,11.0,0.43773475826748415,0.44570593025838473,education,"age, education, gender, orientation",4.0,0.0,4.0,1.0,1.0,1.0,True
0,max,C_deep,28,1620,0.5948453608247422,True,12.0,3.0,2.5,135.0,0.5948453608247422,0.1880037207798451,0.13547319754446313,0.7722547632268124,7.0,0.5659914597234754,0.34784296274320736,education,"age, education, orientation, politics",4.0,0.0,4.0,1.0,1.0,1.0,True
0,max,C_deep,29,1620,0.4791666666666667,True,3.0,1.0,1.0,540.0,0.4791666666666667,0.018988476674673304,0.018988476674673304,0.9603718747658991,1.0,0.45610587002096437,0.45610587002096437,politics,politics,1.0,0.0,1.0,1.0,1.0,1.0,True
0,max,C_deep,30,1620,0.7308558558558559,True,9.0,3.0,2.5555555555555554,180.0,0.7308558558558559,0.3325785427299293,0.1859369678419294,0.7455900963888547,5.0,0.3375486890811936,0.531325339423931,gender,"education, gender, orientation",3.0,0.0,4.0,0.75,1.0,0.75,False
0,max,C_deep,31,1620,0.5407035175879398,True,14.0,3.0,2.857142857142857,115.71428571428571,0.5407035175879398,0.29891098834297203,0.24420514512843403,0.5483566553851453,8.0,0.4506479489816566,0.3347543578699357,education,"education, gender, orientation, politics",4.0,0.0,4.0,1.0,1.0,1.0,True
0,max,C_deep,32,1620,0.6559485530546624,True,12.0,3.0,2.6666666666666665,135.0,0.6559485530546624,0.3392545341525917,0.23192601603739538,0.6464265147665198,7.0,0.3631234956507553,0.4632047888823268,education,"education, gender, orientation",3.0,1.0,3.0,1.0,1.0,1.0,True
0,max,C_deep,33,1620,0.8836363636363636,True,13.0,3.0,2.6923076923076925,124.61538461538461,0.8836363636363636,0.22679565307653599,0.13702776619072238,0.8449274250928038,7.0,0.45522232079956454,0.512283578490475,politics,"age, education, orientation, politics",4.0,1.0,4.0,1.0,1.0,1.0,True
0,max,C_deep,34,1620,0.4629981024667932,True,20.0,3.0,2.85,81.0,0.4629981024667932,0.2715901525889289,0.21929860534233322,0.5263509630515999,10.0,0.521705798941249,0.49137452110735136,politics,"age, gender, orientation, politics",4.0,0.0,4.0,1.0,1.0,1.0,True
0,max,C_deep,35,1620,0.0,False,,,,,,,,,,,,,,,,,,,,
0,max,C_deep,36,1620,0.44205607476635517,True,12.0,3.0,2.75,135.0,0.44205607476635517,0.1495717009778615,0.11286051972591266,0.7446918475544894,6.0,0.38831773197342195,0.47294392523364487,orientation,"age, gender, orientation, politics",4.0,0.0,4.0,1.0,1.0,1.0,True
0,max,C_deep,37,1620,0.6198704103671706,True,14.0,3.0,2.7142857142857144,115.71428571428571,0.6198704103671706,0.15417906987659832,0.10507035159387873,0.8304962620628368,7.0,0.17123597794793533,0.49655202471694637,education,"age, education, gender, orientation, politics",5.0,0.0,2.0,0.4,0.4,1.0,False
0,max,C_deep,38,1620,0.9115815691158157,True,6.0,3.0,2.3333333333333335,270.0,0.9115815691158157,0.2611217364230258,0.13469880291931313,0.8522361492565458,3.0,0.4710584490023096,0.7928132406700679,orientation,"age, gender, orientation",3.0,0.0,3.0,1.0,1.0,1.0,True
0,max,C_deep,39,1620,0.46292372881355925,True,3.0,1.0,1.0,540.0,0.46292372881355925,0.021579345525766777,0.021579345525766777,0.9533846632120736,1.0,0.43874790463773505,0.43874790463773505,gender,gender,1.0,0.0,1.0,1.0,1.0,1.0,True
0,max,C_deep,40,1620,0.5103857566765578,True,18.0,3.0,2.9444444444444446,90.0,0.5103857566765578,0.2833327330090343,0.2633599737564285,0.48399819095397434,10.0,0.45145863290926763,0.253503132212331,age,"age, education, gender, orientation",4.0,0.0,4.0,1.0,1.0,1.0,True
0,max,C_deep,41,1620,0.9079754601226994,True,12.0,3.0,2.75,135.0,0.9079754601226994,0.26571680462118624,0.2017059399228961,0.7778508904903239,7.0,0.3998304363056727,0.4036774658533584,education,"education, orientation, politics",3.0,0.0,4.0,0.75,1.0,0.75,False
0,max,C_deep,42,1620,0.41696969696969693,True,3.0,1.0,1.0,540.0,0.41696969696969693,0.02491727169457204,0.024917271694572037,0.9402420082906339,1.0,0.3875579322638146,0.3875579322638146,politics,politics,1.0,0.0,1.0,1.0,1.0,1.0,True
0,max,C_deep,43,1620,0.4357405140758873,True,3.0,1.0,1.0,540.0,0.4357405140758873,0.04092386847995647,0.04092386847995647,0.9060820209322347,1.0,0.38587174767168786,0.38587174767168786,age,age,1.0,0.0,1.0,1.0,1.0,1.0,True
0,max,C_deep,44,1620,0.8824242424242423,True,13.0,3.0,2.6923076923076925,124.61538461538461,0.8824242424242423,0.20957164901439504,0.12374360315106171,0.8597685815939204,7.0,0.44277680005453834,0.49309090909090897,age,"age, gender, orientation, politics",4.0,0.0,4.0,1.0,1.0,1.0,True
0,max,C_deep,45,1620,0.49560975609756097,True,3.0,1.0,1.0,540.0,0.49560975609756097,0.04989876078118773,0.04989876078118773,0.8993184452741783,1.0,0.43089159325831256,0.43089159325831256,politics,politics,1.0,0.0,2.0,0.5,1.0,0.5,False
0,max,C_deep,46,1620,0.7821782178217821,True,12.0,3.0,2.6666666666666665,135.0,0.7821782178217821,0.3479949452445024,0.2430372560653401,0.6892814827519069,7.0,0.36420673925252306,0.46984945069849443,gender,"age, gender, orientation, politics",4.0,0.0,3.0,0.75,0.75,1.0,False
0,max,C_deep,47,1620,0.9327521793275219,True,18.0,3.0,3.0,90.0,0.9327521793275219,0.12888570205296423,0.12888570205296426,0.8618221378524296,9.0,0.3990271636196747,0.5728231013133375,orientation,"education, gender, orientation, politics",4.0,0.0,4.0,1.0,1.0,1.0,True
0,max,C_deep,48,1620,0.5345717234262126,True,3.0,1.0,1.0,540.0,0.5345717234262126,0.026377093489535066,0.026377093489535066,0.9506575220244026,1.0,0.49683587436960885,0.49683587436960885,age,age,1.0,0.0,2.0,0.5,1.0,0.5,False
0,max,C_deep,49,1620,0.8974358974358975,True,14.0,3.0,2.857142857142857,115.71428571428571,0.8974358974358975,0.04360075405156388,0.03787995156391476,0.957790911114495,7.0,0.44370920521221696,0.5159742218565748,orientation,"education, orientation, politics",3.0,0.0,4.0,0.75,1.0,0.75,False
0,max,C_deep,50,1620,0.42427616926503336,True,3.0,1.0,1.0,540.0,0.42427616926503336,0.00624105192129025,0.00624105192129025,0.9852901190936518,1.0,0.4148422070008824,0.4148422070008824,gender,gender,1.0,0.0,1.0,1.0,1.0,1.0,True
0,max,C_deep,51,1620,0.7605956471935854,True,19.0,3.0,2.789473684210526,85.26315789473684,0.7605956471935854,0.1923899290769861,0.1442830544953388,0.8103025503397128,9.0,0.3307417891194172,0.3751509032582755,gender,"age, education, gender, politics",4.0,0.0,3.0,0.75,0.75,1.0,False
0,max,C_deep,52,1620,0.64,True,15.0,3.0,2.6,108.0,0.64,0.15429913848978707,0.1017301861497376,0.8410465841410351,7.0,0.5013121944266864,0.3741463414634147,gender,"age, education, gender",3.0,0.0,4.0,0.75,1.0,0.75,False
0,max,C_deep,53,1620,0.5147058823529411,True,3.0,1.0,1.0,540.0,0.5147058823529411,0.016479006065419896,0.016479006065419896,0.9679836453586128,1.0,0.48289673722371645,0.48289673722371645,gender,gender,1.0,0.0,3.0,0.3333333333333333,1.0,0.3333333333333333,False
0,max,C_deep,54,1620,0.8374384236453202,True,6.0,3.0,2.3333333333333335,270.0,0.8374384236453202,0.17946985652965788,0.11885229287329103,0.8580763796865996,3.0,0.29622247366761706,0.6936980836144082,orientation,"gender, orientation, politics",3.0,0.0,2.0,0.6666666666666666,0.6666666666666666,1.0,False
0,max,C_deep,55,1620,0.6138002059732235,True,13.0,3.0,2.5384615384615383,124.61538461538461,0.6138002059732235,0.27554158742572005,0.17340896189319166,0.7174830503384411,7.0,0.3451529651181965,0.4174119441222077,age,"age, education, gender, orientation, politics",5.0,0.0,4.0,0.8,0.8,1.0,False
0,max,C_deep,56,1620,0.5167984189723319,True,3.0,1.0,1.0,540.0,0.5167984189723319,0.06599154780694977,0.06599154780694977,0.8723069858878907,1.0,0.44264587659945054,0.44264587659945054,education,education,1.0,0.0,3.0,0.3333333333333333,1.0,0.3333333333333333,False
0,max,C_deep,57,1620,0.45749440715883677,True,3.0,1.0,1.0,540.0,0.45749440715883677,0.012177516631492214,0.012177516631492215,0.9733821519106258,1.0,0.4348186701973855,0.4348186701973855,politics,politics,1.0,0.0,1.0,1.0,1.0,1.0,True
0,max,C_deep,58,1620,0.904642409033877,True,16.0,3.0,2.9375,101.25,0.904642409033877,0.15507644851167157,0.14388943261474477,0.8409433040305804,8.0,0.38770243111597663,0.5072302094035628,orientation,"age, gender, orientation, politics",4.0,0.0,4.0,1.0,1.0,1.0,True
0,max,C_deep,59,1620,0.7210584343991179,True,15.0,3.0,2.6,108.0,0.7210584343991179,0.21326140806451105,0.13319255059398175,0.8152818908429029,7.0,0.525648474099887,0.4764541178523553,politics,"age, education, politics",3.0,0.0,4.0,0.75,1.0,0.75,False
0,max,C_deep,60,1620,0.5422177009155646,True,27.0,3.0,3.0,60.0,0.5422177009155646,0.2926247386052473,0.29262473860524735,0.460318727863118,13.0,0.37504804409208603,0.34080116700896357,education,"age, education, gender, politics",4.0,1.0,4.0,1.0,1.0,1.0,True
0,max,C_deep,61,1620,0.6560509554140127,True,15.0,3.0,2.6,108.0,0.6560509554140127,0.047849962617576534,0.03357254855787494,0.948826309479744,7.0,0.42812417710310563,0.39212843725420643,education,"education, gender, politics",3.0,0.0,3.0,1.0,1.0,1.0,True
0,max,C_deep,62,1620,0.0,False,,,,,,,,,,,,,,,,,,,,
0,max,C_deep,63,1620,0.49336057201225747,True,3.0,1.0,1.0,540.0,0.49336057201225747,0.04332942776544151,0.04332942776544151,0.9121749279868173,1.0,0.4293946871508502,0.4293946871508502,gender,gender,1.0,0.0,2.0,0.5,1.0,0.5,False
0,max,C_deep,64,1620,0.5971074380165289,True,3.0,1.0,1.0,540.0,0.5971074380165289,0.07159195539733133,0.07159195539733135,0.8801020539366492,1.0,0.5032908068864649,0.5032908068864649,education,education,1.0,0.0,4.0,0.25,1.0,0.25,False
0,max,C_deep,65,1620,0.619198312236287,True,17.0,3.0,2.7058823529411766,95.29411764705883,0.619198312236287,0.24745317091018654,0.16644645411910297,0.7311903943698304,8.0,0.41993333822643797,0.3956406199285947,education,"age, education, gender, politics",4.0,0.0,4.0,1.0,1.0,1.0,True
0,max,C_deep,66,1620,0.7422934648581996,True,8.0,3.0,2.625,202.5,0.7422934648581996,0.16749731362489384,0.08892291870737835,0.8802051709772694,4.0,0.2217445109268384,0.608742976258851,orientation,"education, orientation, politics",3.0,0.0,2.0,0.6666666666666666,0.6666666666666666,1.0,False
0,max,C_deep,67,1620,0.965736040609137,True,16.0,3.0,2.9375,101.25,0.965736040609137,0.08990482283018762,0.08124873140461122,0.9158685934995616,8.0,0.4014333086789211,0.5931525608200333,orientation,"age, gender, orientation",3.0,0.0,4.0,0.75,1.0,0.75,False
0,max,C_deep,68,1620,0.44900497512437815,True,3.0,1.0,1.0,540.0,0.44900497512437815,0.02997349078202193,0.029973490782021935,0.9332446354882392,1.0,0.399782177196917,0.399782177196917,politics,politics,1.0,0.0,1.0,1.0,1.0,1.0,True
0,max,C_deep,69,1620,0.0,False,,,,,,,,,,,,,,,,,,,,
0,max,C_deep,70,1620,0.5200823892893923,True,14.0,3.0,2.857142857142857,115.71428571428571,0.5200823892893923,0.33921653947876446,0.26647029705208486,0.487638300123615,7.0,0.3013155139678818,0.1668334985610751,orientation,"education, gender, orientation, politics",4.0,0.0,3.0,0.75,0.75,1.0,False
0,max,C_deep,71,1620,0.6590389016018307,True,13.0,3.0,2.6153846153846154,124.61538461538461,0.6590389016018307,0.1942205639340699,0.12942979701577048,0.803608259389265,6.0,0.1665150020433123,0.5196745984233466,gender,"age, education, gender, politics",4.0,0.0,2.0,0.5,0.5,1.0,False
0,max,C_deep,72,1620,0.6403508771929824,True,17.0,3.0,2.8823529411764706,95.29411764705883,0.6403508771929824,0.22127479469586264,0.19476235986748944,0.6958505613028247,11.0,0.2624214046330245,0.32974481658692184,gender,"age, gender, orientation, politics",4.0,0.0,4.0,1.0,1.0,1.0,True
0,max,C_deep,73,1620,0.5150631681243927,True,18.0,3.0,2.9444444444444446,90.0,0.5150631681243927,0.29713492792656143,0.27137275968200353,0.4731272269570158,10.0,0.4914576953649418,0.269183407218073,education,"age, education, orientation, politics",4.0,0.0,4.0,1.0,1.0,1.0,True
0,max,C_deep,74,1620,0.6209424083769634,True,23.0,3.0,2.9130434782608696,70.43478260869566,0.6209424083769634,0.273290350412141,0.235854259619137,0.6201672547448974,11.0,0.33636904662091854,0.2864649990304441,age,"age, education, gender, politics",4.0,1.0,4.0,1.0,1.0,1.0,True
0,max,C_deep,75,1620,0.5691382765531062,True,12.0,3.0,2.75,135.0,0.5691382765531062,0.18277145608406156,0.12483275488944622,0.780663575035797,7.0,0.15694859454106794,0.45024231052338226,age,"age, education, gender, orientation",4.0,0.0,2.0,0.5,0.5,1.0,False
0,max,C_deep,76,1620,0.9390088945362135,True,16.0,3.0,2.9375,101.25,0.9390088945362135,0.21330944122138634,0.20037686992561798,0.7866081236380766,8.0,0.410311806114972,0.6184514032470149,orientation,"age, education, orientation, politics",4.0,0.0,4.0,1.0,1.0,1.0,True
0,max,C_deep,77,1620,0.5403543307086613,True,3.0,1.0,1.0,540.0,0.5403543307086613,0.037896201696958794,0.0378962016969588,0.9298678671691982,1.0,0.4878290781834088,0.4878290781834088,age,age,1.0,0.0,2.0,0.5,1.0,0.5,False
0,max,C_deep,78,1620,0.5721925133689839,True,15.0,3.0,2.6,108.0,0.5721925133689839,0.36900800263520644,0.22229985231082963,0.6114946506343444,7.0,0.376329461459326,0.3890939218196881,politics,"age, gender, politics",3.0,2.0,3.0,1.0,1.0,1.0,True
0,max,C_deep,79,1620,0.4577259475218659,True,9.0,3.0,2.4444444444444446,180.0,0.4577259475218659,0.2718362353461878,0.27423807918703985,0.40086840024742254,4.0,0.3451636281494312,0.4671752382488852,politics,"age, education, gender, politics",4.0,0.0,2.0,0.5,0.5,1.0,False
0,max,C_deep,80,1620,0.6841530054644809,True,11.0,3.0,2.4545454545454546,147.27272727272728,0.6841530054644809,0.26460041708468807,0.14478976691743514,0.7883663950008736,5.0,0.3991183948461453,0.47224824355971895,politics,"age, education, gender, politics",4.0,0.0,4.0,1.0,1.0,1.0,True
0,max,C_deep,81,1620,0.4246068455134135,True,13.0,3.0,2.4615384615384617,124.61538461538461,0.4246068455134135,0.29990208643268185,0.26036329718738743,0.386813236907264,6.0,0.3787715313823685,0.429938609032041,age,"age, education, gender, politics",4.0,0.0,3.0,0.75,0.75,1.0,False
0,max,C_deep,82,1620,0.7381489841986455,True,19.0,3.0,2.8947368421052633,85.26315789473684,0.7381489841986455,0.27539563176435317,0.2285246083652702,0.6904085580861936,11.0,0.3581553127544954,0.41927143317823734,age,"age, education, gender, orientation, politics",5.0,1.0,4.0,0.8,0.8,1.0,False
0,max,C_deep,83,1620,0.47058823529411764,True,9.0,3.0,2.4444444444444446,180.0,0.47058823529411764,0.15110730318601767,0.08075744743847066,0.8283904241932498,4.0,0.15767846654964154,0.34841628959276016,age,"age, education, gender, politics",4.0,0.0,2.0,0.5,0.5,1.0,False
0,max,C_deep,84,1620,0.7011884550084889,True,2.0,1.0,1.0,810.0,0.7011884550084889,0.0009999999999999979,0.0009999999999999979,0.9985738498789346,1.0,0.6991884550084889,0.6991884550084889,orientation,orientation,1.0,0.0,1.0,1.0,1.0,1.0,True
0,max,C_deep,85,1620,0.7403726708074534,True,19.0,3.0,2.789473684210526,85.26315789473684,0.7403726708074534,0.39459200390056676,0.2829899582970719,0.6177736301524448,9.0,0.26346614834606236,0.4740683229813665,education,"age, education, gender, politics",4.0,0.0,2.0,0.5,0.5,1.0,False
0,max,C_deep,86,1620,0.50390625,True,17.0,3.0,2.9411764705882355,95.29411764705883,0.50390625,0.2125452771966638,0.20171759839815634,0.5996922078300153,10.0,0.4865365863502483,0.4432635613207546,age,"age, gender, orientation",3.0,1.0,3.0,1.0,1.0,1.0,True
0,max,C_deep,87,1620,0.7853736089030205,True,2.0,1.0,1.0,810.0,0.7853736089030205,0.017059697635353414,0.017059697635353414,0.9782782392456735,1.0,0.7677679751002037,0.7677679751002037,orientation,orientation,1.0,0.0,1.0,1.0,1.0,1.0,True
0,max,C_deep,88,1620,0.5674846625766872,True,20.0,3.0,3.0,81.0,0.5674846625766872,0.2602404169679014,0.2556000666245324,0.5495912339481214,12.0,0.5196824579760247,0.3980325788026232,age,"age, education, gender, orientation",4.0,0.0,4.0,1.0,1.0,1.0,True
0,max,C_deep,89,1620,0.5982905982905984,True,18.0,3.0,2.9444444444444446,90.0,0.5982905982905984,0.3475770082727958,0.3435448156441119,0.4257893795662703,12.0,0.38203539601800984,0.22763532763532757,gender,"age, gender, orientation, politics",4.0,0.0,4.0,1.0,1.0,1.0,True
0,max,C_deep,90,1620,0.0,False,,,,,,,,,,,,,,,,,,,,
0,max,C_deep,91,1620,0.0,False,,,,,,,,,,,,,,,,,,,,
0,max,C_deep,92,1620,0.6681127982646422,True,12.0,3.0,2.6666666666666665,135.0,0.6681127982646422,0.24074123141802692,0.17462920361947126,0.7386231725046226,7.0,0.47397967789321654,0.33732399419339537,gender,"age, gender, orientation",3.0,0.0,4.0,0.75,1.0,0.75,False
0,max,C_deep,93,1620,0.46788990825688076,True,3.0,1.0,1.0,540.0,0.46788990825688076,0.005522457663756604,0.005522457663756605,0.9881971002872653,1.0,0.4574077279633797,0.4574077279633797,age,age,1.0,0.0,1.0,1.0,1.0,1.0,True
0,max,C_deep,94,1620,0.638477801268499,True,12.0,3.0,2.6666666666666665,135.0,0.638477801268499,0.3203221916547467,0.21610291840778603,0.6615341708381364,7.0,0.3204848282369687,0.45168964637100467,age,"age, gender, orientation",3.0,0.0,3.0,1.0,1.0,1.0,True
0,max,C_deep,95,1620,0.5441906653426017,True,3.0,1.0,1.0,540.0,0.5441906653426017,0.03345625075912994,0.033456250759129946,0.9385210866524747,1.0,0.4996562523871362,0.4996562523871362,education,education,1.0,0.0,4.0,0.25,1.0,0.25,False
0,max,C_deep,96,1620,0.0,False,,,,,,,,,,,,,,,,,,,,
0,max,C_deep,97,1620,0.6500553709856035,True,18.0,3.0,2.9444444444444446,90.0,0.6500553709856035,0.20203146307013906,0.20085337866765382,0.6910211227650913,12.0,0.3590340652311337,0.35212790984570713,education,"age, education, gender, orientation, politics",5.0,0.0,4.0,0.8,0.8,1.0,False
0,max,C_deep,98,1620,0.7615112160566706,True,12.0,3.0,2.6666666666666665,135.0,0.7615112160566706,0.3806738964314176,0.2667156184708671,0.6497548390002722,7.0,0.32492742817617726,0.49552656132521283,gender,"age, gender, orientation, politics",4.0,1.0,3.0,0.75,0.75,1.0,False
0,max,C_deep,99,1620,0.37154696132596676,True,3.0,1.0,1.0,540.0,0.37154696132596676,0.024555938212774395,0.024555938212774395,0.9339089246615291,1.0,0.32392791370691915,0.32392791370691915,politics,politics,1.0,0.0,1.0,1.0,1.0,1.0,True
0,weighted,A_default,0,1620,0.8257756563245824,True,2.0,1.0,1.0,810.0,0.8257756563245824,0.11683948157637591,0.11683948157637591,0.8585094139291864,1.0,0.7089361747482065,0.7089361747482065,orientation,orientation,1.0,0.0,2.0,0.5,1.0,0.5,False
0,weighted,A_default,1,1620,0.0,False,,,,,,,,,,,,,,,,,,,,
0,weighted,A_default,2,1620,0.46395939086294413,True,9.0,2.0,2.0,180.0,0.46395939086294413,0.28108666735938886,0.2810866673593888,0.3941567454070066,4.0,0.13619193169877306,0.27334647432643955,age,"age, gender",2.0,0.0,2.0,1.0,1.0,1.0,True
0,weighted,A_default,3,1620,0.0,False,,,,,,,,,,,,,,,,,,,,
0,weighted,A_default,4,1620,0.4791666666666667,True,10.0,3.0,2.3,162.0,0.4791666666666667,0.23438322917214097,0.18705042014921106,0.6096339057755595,5.0,0.12282435603036665,0.30854205318491035,gender,"age, gender, orientation",3.0,0.0,3.0,1.0,1.0,1.0,True
0,weighted,A_default,5,1620,0.9515923566878982,True,14.0,3.0,2.7142857142857144,115.71428571428571,0.9515923566878982,0.11197525862395792,0.0914178552215444,0.9039317050215363,9.0,0.49570534052614273,0.5844225245913705,education,"education, gender, orientation",3.0,0.0,3.0,1.0,1.0,1.0,True
0,weighted,A_default,6,1620,0.6577540106951871,True,11.0,3.0,2.4545454545454546,147.27272727272728,0.6577540106951871,0.23783414856618268,0.1303381714084115,0.8018435930620085,5.0,0.2601222039890631,0.5115060143561989,gender,"age, education, gender, politics",4.0,0.0,4.0,1.0,1.0,1.0,True
0,weighted,A_default,7,1620,0.7102085620197586,True,15.0,3.0,2.6,108.0,0.7102085620197586,0.04581979450117311,0.0462416818164455,0.9348899967004918,7.0,0.30812620760554577,0.37684882930269936,education,"education, gender, politics",3.0,0.0,3.0,1.0,1.0,1.0,True
0,weighted,A_default,8,1620,0.41862652869238004,True,3.0,1.0,1.0,540.0,0.41862652869238004,0.10061728382174989,0.10061728382174988,0.7596490501066964,1.0,0.31800924487063015,0.31800924487063015,age,age,1.0,0.0,3.0,0.3333333333333333,1.0,0.3333333333333333,False
0,weighted,A_default,9,1620,0.7864583333333333,True,7.0,2.0,1.8571428571428572,231.42857142857142,0.7864583333333333,0.3543654479725002,0.29778572420029287,0.621358549361217,3.0,0.24017900946463025,0.546638713948253,age,"age, gender",2.0,0.0,2.0,1.0,1.0,1.0,True
0,weighted,A_default,10,1620,0.48866995073891617,True,5.0,2.0,1.6,324.0,0.48866995073891617,0.19697044328407282,0.18761186418445164,0.616076527928995,2.0,0.19532110142016793,0.3234541156259324,politics,"gender, politics",2.0,0.0,2.0,1.0,1.0,1.0,True
0,weighted,A_default,11,1620,0.8140643623361143,True,18.0,3.0,2.8333333333333335,90.0,0.8140643623361143,0.2522735476816311,0.21756464786164104,0.7327426946472667,10.0,0.2994890504063443,0.398380690611172,age,"age, education, orientation, politics",4.0,0.0,4.0,1.0,1.0,1.0,True
0,weighted,A_default,12,1620,0.7925925925925926,True,7.0,2.0,1.8571428571428572,231.42857142857142,0.7925925925925926,0.3361726330454902,0.28161873698108514,0.6446866402575094,3.0,0.2585073646952781,0.5771109152300892,age,"age, politics",2.0,0.0,2.0,1.0,1.0,1.0,True
0,weighted,A_default,13,1620,0.4820717131474103,True,3.0,1.0,1.0,540.0,0.4820717131474103,0.00539415261004839,0.00539415261004839,0.9888104768171724,1.0,0.47667756053736193,0.47667756053736193,gender,gender,1.0,0.0,1.0,1.0,1.0,1.0,True
0,weighted,A_default,14,1620,0.4281437125748503,True,3.0,1.0,1.0,540.0,0.4281437125748503,0.050212652844231785,0.05021265284423179,0.8827200975526335,1.0,0.3779310597306185,0.3779310597306185,education,education,1.0,0.0,1.0,1.0,1.0,1.0,True
0,weighted,A_default,15,1620,0.5488418932527694,True,3.0,1.0,1.0,540.0,0.5488418932527694,0.06539891669608651,0.06539891669608651,0.8808419737996075,1.0,0.48344297655668295,0.48344297655668295,age,age,1.0,0.0,3.0,0.3333333333333333,1.0,0.3333333333333333,False
0,weighted,A_default,16,1620,0.4559426229508196,True,3.0,1.0,1.0,540.0,0.4559426229508196,0.06283760204554176,0.06283760204554176,0.8621808997832612,1.0,0.3931050209052779,0.3931050209052779,age,age,1.0,0.0,2.0,0.5,1.0,0.5,False
0,weighted,A_default,17,1620,0.9471649484536082,True,10.0,3.0,2.6,162.0,0.9471649484536082,0.05359339389354371,0.05614873128748935,0.9407191626134807,5.0,0.35056855084362226,0.6181996392344355,orientation,"age, orientation, politics",3.0,0.0,3.0,1.0,1.0,1.0,True
0,weighted,A_default,18,1620,0.012552301255230125,False,,,,,,,,,,,,,,,,,,,,
0,weighted,A_default,19,1620,0.5195195195195196,True,3.0,1.0,1.0,540.0,0.5195195195195196,0.0396185784222594,0.03961857842225941,0.9237399617652463,1.0,0.47990094109726017,0.47990094109726017,age,age,1.0,0.0,2.0,0.5,1.0,0.5,False
0,weighted,A_default,20,1620,0.6688632619439868,True,2.0,1.0,1.0,810.0,0.6688632619439868,0.018433750599091824,0.018433750599091824,0.9724401807545597,1.0,0.650429511344895,0.650429511344895,orientation,orientation,1.0,0.0,1.0,1.0,1.0,1.0,True
0,weighted,A_default,21,1620,0.0,False,,,,,,,,,,,,,,,,,,,,
0,weighted,A_default,22,1620,0.632183908045977,True,10.0,3.0,2.6,162.0,0.632183908045977,0.36735274316725475,0.2797129187948364,0.5575450193608952,6.0,0.1878172728212507,0.3836210607857983,politics,"education, gender, orientation, politics",4.0,0.0,2.0,0.5,0.5,1.0,False
0,weighted,A_default,23,1620,0.9327521793275219,True,9.0,3.0,2.5555555555555554,180.0,0.9327521793275219,0.2676389892116714,0.1912072058728573,0.7950074949053345,5.0,0.36176152695651553,0.6332229386725206,politics,"gender, orientation, politics",3.0,0.0,4.0,0.75,1.0,0.75,False
0,weighted,A_default,24,1620,0.6654991243432574,True,2.0,1.0,1.0,810.0,0.6654991243432574,0.02423561547272888,0.02423561547272888,0.9635827988554522,1.0,0.6412635088705285,0.6412635088705285,orientation,orientation,1.0,0.0,1.0,1.0,1.0,1.0,True
0,weighted,A_default,25,1620,0.6518847006651886,True,6.0,2.0,2.0,270.0,0.6518847006651886,0.3628380239948734,0.3628380239948734,0.44340153462010923,4.0,0.18804909897968847,0.4048341064824248,politics,"orientation, politics",2.0,0.0,2.0,1.0,1.0,1.0,True
0,weighted,A_default,26,1620,0.5483119906868452,True,6.0,2.0,2.0,270.0,0.5483119906868452,0.1895493927141034,0.1895493927141034,0.6543037614831957,4.0,0.15123475577123882,0.4203067042507952,education,"education, orientation",2.0,0.0,2.0,1.0,1.0,1.0,True
0,weighted,A_default,27,1620,0.46264367816091956,True,3.0,1.0,1.0,540.0,0.46264367816091956,0.014224523420259145,0.014224523420259145,0.9692538251537256,1.0,0.4484191547406604,0.4484191547406604,gender,gender,1.0,0.0,2.0,0.5,1.0,0.5,False
0,weighted,A_default,28,1620,0.4380630630630631,True,7.0,2.0,1.8571428571428572,231.42857142857142,0.4380630630630631,0.20196434841668717,0.1703589953774811,0.611108514408218,3.0,0.1353778448330181,0.3023114343889501,politics,"age, politics",2.0,0.0,2.0,1.0,1.0,1.0,True
0,weighted,A_default,29,1620,0.5747508305647839,True,3.0,1.0,1.0,540.0,0.5747508305647839,0.08651496162614435,0.08651496162614435,0.8494739685001765,1.0,0.4882358689386396,0.4882358689386396,age,age,1.0,0.0,2.0,0.5,1.0,0.5,False
0,weighted,A_default,30,1620,0.0,False,,,,,,,,,,,,,,,,,,,,
0,weighted,A_default,31,1620,0.7924970691676436,True,13.0,3.0,2.769230769230769,124.61538461538461,0.7924970691676436,0.24867882828813015,0.24775477953668343,0.6873745163538596,7.0,0.26807701695504355,0.4520548249432212,education,"age, education, orientation, politics",4.0,0.0,4.0,1.0,1.0,1.0,True
0,weighted,A_default,32,1620,0.0,False,,,,,,,,,,,,,,,,,,,,
0,weighted,A_default,33,1620,0.0,False,,,,,,,,,,,,,,,,,,,,
0,weighted,A_default,34,1620,0.4519774011299435,True,14.0,3.0,2.642857142857143,115.71428571428571,0.4519774011299435,0.2094422529322502,0.16420543609574756,0.6366954726381585,7.0,0.21480867518779823,0.1050458974186041,politics,"age, gender, orientation, politics",4.0,0.0,4.0,1.0,1.0,1.0,True
0,weighted,A_default,35,1620,0.7803203661327232,True,12.0,3.0,2.6666666666666665,135.0,0.7803203661327232,0.19686511001940987,0.1399323038880011,0.820673264518896,7.0,0.38078081379511647,0.4980653332619268,education,"education, orientation, politics",3.0,0.0,4.0,0.75,1.0,0.75,False
0,weighted,A_default,36,1620,0.0,False,,,,,,,,,,,,,,,,,,,,
0,weighted,A_default,37,1620,0.525172754195459,True,12.0,3.0,2.6666666666666665,135.0,0.525172754195459,0.05789906751335821,0.04803750018863841,0.9085300983250174,7.0,0.34594087756902475,0.20920799148715885,gender,"education, gender, orientation",3.0,0.0,3.0,1.0,1.0,1.0,True
0,weighted,A_default,38,1620,0.8562783661119516,True,2.0,1.0,1.0,810.0,0.8562783661119516,0.02001716872171063,0.02001716872171063,0.97662305914302,1.0,0.836261197390241,0.836261197390241,orientation,orientation,1.0,0.0,1.0,1.0,1.0,1.0,True
0,weighted,A_default,39,1620,0.34873323397913575,True,3.0,1.0,1.0,540.0,0.34873323397913575,0.04481805612949388,0.04481805612949389,0.8714832663979043,1.0,0.30391517784964184,0.30391517784964184,education,education,1.0,0.0,1.0,1.0,1.0,1.0,True
0,weighted,A_default,40,1620,0.4756335282651073,True,11.0,3.0,2.4545454545454546,147.27272727272728,0.4756335282651073,0.17753161910435183,0.13625910664593166,0.7135208126665453,6.0,0.19610630579061983,0.2978165631719621,age,"age, gender, orientation",3.0,0.0,3.0,1.0,1.0,1.0,True
0,weighted,A_default,41,1620,0.30535455861070915,True,3.0,1.0,1.0,540.0,0.30535455861070915,0.01905804818260363,0.01905804818260363,0.937587150264554,1.0,0.2862965104281055,0.2862965104281055,age,age,1.0,0.0,1.0,1.0,1.0,1.0,True
0,weighted,A_default,42,1620,0.6031088082901555,True,15.0,3.0,2.6,108.0,0.6031088082901555,0.21168314938404498,0.1232320250750199,0.7956719859151302,7.0,0.3172780720853389,0.4187710371022314,education,"age, education, gender",3.0,0.0,3.0,1.0,1.0,1.0,True
0,weighted,A_default,43,1620,0.836283185840708,True,12.0,3.0,2.4166666666666665,135.0,0.836283185840708,0.38764189608933197,0.34954169413827535,0.5820295085965597,6.0,0.22552693569948876,0.5385260532802365,education,"education, gender, orientation, politics",4.0,0.0,2.0,0.5,0.5,1.0,False
0,weighted,A_default,44,1620,0.4815983175604627,True,3.0,1.0,1.0,540.0,0.4815983175604627,0.0164078707499615,0.016407870749961497,0.9659303819143813,1.0,0.46519044681050115,0.46519044681050115,age,age,1.0,0.0,1.0,1.0,1.0,1.0,True
0,weighted,A_default,45,1620,0.9045287637698899,True,9.0,3.0,2.4444444444444446,180.0,0.9045287637698899,0.20021077663244663,0.21276032402276604,0.7647832412359948,5.0,0.303343689393426,0.6072959954294892,gender,"gender, orientation, politics",3.0,0.0,4.0,0.75,1.0,0.75,False
0,weighted,A_default,46,1620,0.6495535714285715,True,8.0,3.0,2.375,202.5,0.6495535714285715,0.47227505126884173,0.4025395745312951,0.3802827168727829,5.0,0.20087181813708557,0.3696402008998698,politics,"education, orientation, politics",3.0,0.0,2.0,0.6666666666666666,0.6666666666666666,1.0,False
0,weighted,A_default,47,1620,0.8123425692695213,True,2.0,1.0,1.0,810.0,0.8123425692695213,0.07667417743752607,0.07667417743752607,0.9056134932009369,1.0,0.7356683918319953,0.7356683918319953,orientation,orientation,1.0,0.0,2.0,0.5,1.0,0.5,False
0,weighted,A_default,48,1620,0.4053691275167786,True,3.0,1.0,1.0,540.0,0.4053691275167786,0.01709864726413061,0.01709864726413061,0.957819562212658,1.0,0.388270480252648,0.388270480252648,education,education,1.0,0.0,1.0,1.0,1.0,1.0,True
0,weighted,A_default,49,1620,0.0,False,,,,,,,,,,,,,,,,,,,,
0,weighted,A_default,50,1620,0.0,False,,,,,,,,,,,,,,,,,,,,
0,weighted,A_default,51,1620,0.4403778040141677,True,3.0,1.0,1.0,540.0,0.4403778040141677,0.0163718878036853,0.016371887803685304,0.9628230858720604,1.0,0.4240059162104824,0.4240059162104824,education,education,1.0,0.0,1.0,1.0,1.0,1.0,True
0,weighted,A_default,52,1620,0.46135831381733033,True,3.0,1.0,1.0,540.0,0.46135831381733033,0.023113586479668945,0.023113586479668945,0.9499010079856922,1.0,0.4382447273376614,0.4382447273376614,education,education,1.0,0.0,1.0,1.0,1.0,1.0,True
0,weighted,A_default,53,1620,0.5161923454367027,True,4.0,2.0,1.5,405.0,0.5161923454367027,0.14463255841084122,0.12690324832686414,0.754155113982748,2.0,0.21991826772349427,0.401925956694126,gender,"gender, orientation",2.0,0.0,3.0,0.6666666666666666,1.0,0.6666666666666666,False
0,weighted,A_default,54,1620,0.3864864864864865,True,3.0,1.0,1.0,540.0,0.3864864864864865,0.06040493814275976,0.06040493814275977,0.8437075027075447,1.0,0.3260815483437267,0.3260815483437267,politics,politics,1.0,0.0,1.0,1.0,1.0,1.0,True
0,weighted,A_default,55,1620,0.7036585365853658,True,3.0,1.0,1.0,540.0,0.7036585365853658,0.1577854138198966,0.15778541381989658,0.7757642299266634,1.0,0.5458731227654692,0.5458731227654692,gender,gender,1.0,0.0,2.0,0.5,1.0,0.5,False
0,weighted,A_default,56,1620,0.7815126050420168,True,17.0,3.0,2.7058823529411766,95.29411764705883,0.7815126050420168,0.125368838072918,0.11344886234042667,0.8548342514138627,8.0,0.24804647359776255,0.4065414311597722,age,"age, education, gender",3.0,0.0,3.0,1.0,1.0,1.0,True
0,weighted,A_default,57,1620,0.5473041709053916,True,3.0,1.0,1.0,540.0,0.5473041709053916,0.03286299098719657,0.032862990987196576,0.9399547952780405,1.0,0.514441179918195,0.514441179918195,age,age,1.0,0.0,2.0,0.5,1.0,0.5,False
0,weighted,A_default,58,1620,0.3402061855670103,True,3.0,1.0,1.0,540.0,0.3402061855670103,0.04924019532966583,0.04924019532966583,0.8552636682734065,1.0,0.2909659902373445,0.2909659902373445,gender,gender,1.0,0.0,1.0,1.0,1.0,1.0,True
0,weighted,A_default,59,1620,0.9553903345724907,True,14.0,3.0,2.7142857142857144,115.71428571428571,0.9553903345724907,0.27962211712001905,0.18696286683507332,0.8043073494994758,7.0,0.39795448452342114,0.6370416990177675,education,"age, education, gender, orientation",4.0,0.0,4.0,1.0,1.0,1.0,True
0,weighted,A_default,60,1620,0.9558080808080809,True,13.0,3.0,2.6923076923076925,124.61538461538461,0.9558080808080809,0.1764268983585754,0.14534701215243756,0.8479328485802767,8.0,0.3578715438299281,0.5655390340449128,education,"education, orientation, politics",3.0,0.0,4.0,0.75,1.0,0.75,False
0,weighted,A_default,61,1620,0.43383947939262474,True,5.0,2.0,1.6,324.0,0.43383947939262474,0.19086462158621503,0.145016772441771,0.6657363395217178,2.0,0.18379230250973932,0.30851318146801,age,"age, politics",2.0,0.0,2.0,1.0,1.0,1.0,True
0,weighted,A_default,62,1620,0.0,False,,,,,,,,,,,,,,,,,,,,
0,weighted,A_default,63,1620,0.6780575539568344,True,2.0,1.0,1.0,810.0,0.6780575539568344,0.04882773539489958,0.04882773539489958,0.9279888040329862,1.0,0.6292298185619348,0.6292298185619348,orientation,orientation,1.0,0.0,1.0,1.0,1.0,1.0,True
0,weighted,A_default,64,1620,0.7222222222222222,True,11.0,3.0,2.4545454545454546,147.27272727272728,0.7222222222222222,0.05940864670140503,0.10586003882826528,0.8534245616224019,5.0,0.3255079684546359,0.43546596184788033,politics,"age, gender, politics",3.0,0.0,3.0,1.0,1.0,1.0,True
0,weighted,A_default,65,1620,0.5117707267144319,True,3.0,1.0,1.0,540.0,0.5117707267144319,0.027947564364069487,0.027947564364069487,0.9453904592326082,1.0,0.48382316235036243,0.48382316235036243,gender,gender,1.0,0.0,2.0,0.5,1.0,0.5,False
0,weighted,A_default,66,1620,0.4890738813735692,True,6.0,3.0,2.0,270.0,0.4890738813735692,0.21839892134163538,0.15300926361998185,0.6871448886408456,3.0,0.16774712515992163,0.35993158117863744,age,"age, education, orientation",3.0,1.0,3.0,1.0,1.0,1.0,True
0,weighted,A_default,67,1620,0.6488222698072805,True,15.0,3.0,2.6,108.0,0.6488222698072805,0.16735722847677828,0.10047749014673946,0.8451386538002399,7.0,0.35452933943209936,0.4523820777437292,education,"age, education, politics",3.0,0.0,4.0,0.75,1.0,0.75,False
0,weighted,A_default,68,1620,0.9654731457800512,True,10.0,3.0,2.6,162.0,0.9654731457800512,0.2120482629681099,0.12805687035589605,0.8673636124260785,5.0,0.3664330447643423,0.7765062140256347,orientation,"gender, orientation, politics",3.0,0.0,3.0,1.0,1.0,1.0,True
0,weighted,A_default,69,1620,0.7877237851662404,True,9.0,2.0,2.0,180.0,0.7877237851662404,0.31425973517086886,0.3142597351708689,0.6010533881434749,4.0,0.1982220444858497,0.5533200819823784,education,"age, education",2.0,0.0,2.0,1.0,1.0,1.0,True
0,weighted,A_default,70,1620,0.8309859154929577,True,12.0,3.0,2.75,135.0,0.8309859154929577,0.16153985750545233,0.12415946975446393,0.8505877567361536,6.0,0.3507842036570938,0.5711866594961428,orientation,"education, gender, orientation",3.0,0.0,3.0,1.0,1.0,1.0,True
0,weighted,A_default,71,1620,0.8105882352941177,True,12.0,3.0,2.75,135.0,0.8105882352941177,0.1537824831189599,0.12489208099572213,0.8459241381039713,6.0,0.2979836814625914,0.5007282707053711,orientation,"education, gender, orientation, politics",4.0,0.0,4.0,1.0,1.0,1.0,True
0,weighted,A_default,72,1620,0.8315068493150686,True,11.0,3.0,2.272727272727273,147.27272727272728,0.8315068493150686,0.380809380498525,0.349624528363368,0.5795289856585526,5.0,0.2069787411990241,0.5600826718152326,education,"age, education, gender",3.0,0.0,2.0,0.6666666666666666,0.6666666666666666,1.0,False
0,weighted,A_default,73,1620,0.5791855203619909,True,6.0,2.0,2.0,270.0,0.5791855203619909,0.2710913231621857,0.2710913231621857,0.5319438873527886,4.0,0.1605638430371786,0.3916344909370325,gender,"gender, orientation",2.0,0.0,2.0,1.0,1.0,1.0,True
0,weighted,A_default,74,1620,0.48653846153846153,True,3.0,1.0,1.0,540.0,0.48653846153846153,0.007101235384735965,0.007101235384735966,0.9854045754938233,1.0,0.4794372261537256,0.4794372261537256,politics,politics,1.0,0.0,1.0,1.0,1.0,1.0,True
0,weighted,A_default,75,1620,0.0,False,,,,,,,,,,,,,,,,,,,,
0,weighted,A_default,76,1620,0.6506172839506172,True,5.0,2.0,1.6,324.0,0.6506172839506172,0.13386761729160043,0.1086136039605144,0.8330606846147691,2.0,0.29202650471277763,0.552516012348966,politics,"age, politics",2.0,0.0,2.0,1.0,1.0,1.0,True
0,weighted,A_default,77,1620,0.34790209790209786,True,19.0,3.0,2.789473684210526,85.26315789473684,0.34790209790209786,0.09393951517261971,0.07312373279489183,0.7898152002076476,9.0,0.2888275279619441,0.07183861765974836,gender,"education, gender, politics",3.0,0.0,3.0,1.0,1.0,1.0,True
0,weighted,A_default,78,1620,0.834793491864831,True,8.0,3.0,2.625,202.5,0.834793491864831,0.18939749436141376,0.1920861127598444,0.7698998439353588,4.0,0.34490680954600283,0.5542860777277026,orientation,"age, orientation, politics",3.0,0.0,3.0,1.0,1.0,1.0,True
0,weighted,A_default,79,1620,0.0,False,,,,,,,,,,,,,,,,,,,,
0,weighted,A_default,80,1620,0.48233046800382046,True,3.0,1.0,1.0,540.0,0.48233046800382046,0.0070877971622576195,0.007087797162257619,0.9853051017249828,1.0,0.47524267084156285,0.47524267084156285,education,education,1.0,0.0,2.0,0.5,1.0,0.5,False
0,weighted,A_default,81,1620,0.7101669195751139,True,9.0,2.0,2.0,180.0,0.7101669195751139,0.2864482836195916,0.2864482836195917,0.5966465408006177,4.0,0.17580695592502882,0.4935959328916705,gender,"age, gender",2.0,0.0,2.0,1.0,1.0,1.0,True
0,weighted,A_default,82,1620,0.459,True,3.0,1.0,1.0,540.0,0.459,0.12871995852028675,0.12871995852028675,0.719564360522251,1.0,0.3302800414797133,0.3302800414797133,age,age,1.0,0.0,2.0,0.5,1.0,0.5,False
0,weighted,A_default,83,1620,0.6483632523759238,True,12.0,3.0,2.75,135.0,0.6483632523759238,0.2351291947104398,0.15804813760246691,0.7562352014502668,7.0,0.20137178975352862,0.42101895958585683,politics,"age, gender, orientation, politics",4.0,0.0,4.0,1.0,1.0,1.0,True
0,weighted,A_default,84,1620,0.594559585492228,True,6.0,2.0,2.0,270.0,0.594559585492228,0.3407172827450983,0.34071728274509827,0.4269417379537781,4.0,0.18872769491662442,0.3791094219769717,politics,"orientation, politics",2.0,0.0,2.0,1.0,1.0,1.0,True
0,weighted,A_default,85,1620,0.8639760837070255,True,2.0,1.0,1.0,810.0,0.8639760837070255,0.01533462367621835,0.01533462367621835,0.9822511016619548,1.0,0.8486414600308072,0.8486414600308072,orientation,orientation,1.0,0.0,1.0,1.0,1.0,1.0,True
0,weighted,A_default,86,1620,0.9471698113207546,True,6.0,3.0,2.3333333333333335,270.0,0.9471698113207546,0.16612202180596888,0.17560565268178993,0.8145996097184289,3.0,0.5095014479467354,0.7029401985406674,orientation,"age, gender, orientation",3.0,0.0,4.0,0.75,1.0,0.75,False
0,weighted,A_default,87,1620,0.537590113285273,True,4.0,2.0,1.5,405.0,0.537590113285273,0.12310397716083975,0.1123109528305027,0.7910844153287009,2.0,0.23742589937623812,0.43767232002919676,education,"education, orientation",2.0,0.0,2.0,1.0,1.0,1.0,True
0,weighted,A_default,88,1620,0.0008230452674897101,False,,,,,,,,,,,,,,,,,,,,
0,weighted,A_default,89,1620,0.0,False,,,,,,,,,,,,,,,,,,,,
0,weighted,A_default,90,1620,0.8673218673218673,True,9.0,2.0,2.0,180.0,0.8673218673218673,0.37996676361869297,0.37996676361869297,0.5619080090855296,4.0,0.21554557226012905,0.5810619000375098,age,"age, gender",2.0,0.0,2.0,1.0,1.0,1.0,True
0,weighted,A_default,91,1620,0.503582395087001,True,3.0,1.0,1.0,540.0,0.503582395087001,0.018046911018902722,0.018046911018902722,0.964162942956366,1.0,0.48553548406809827,0.48553548406809827,politics,politics,1.0,0.0,2.0,0.5,1.0,0.5,False
0,weighted,A_default,92,1620,0.7125171939477304,True,4.0,2.0,1.75,405.0,0.7125171939477304,0.13456057375507918,0.10233747201464366,0.8563719263423824,2.0,0.33127651868708047,0.6276374937467781,orientation,"orientation, politics",2.0,0.0,2.0,1.0,1.0,1.0,True
0,weighted,A_default,93,1620,0.667079207920792,True,8.0,3.0,2.375,202.5,0.667079207920792,0.4196260797255408,0.3552972354298501,0.46738373612742323,5.0,0.19688131231960276,0.4031461103670048,politics,"gender, orientation, politics",3.0,0.0,2.0,0.6666666666666666,0.6666666666666666,1.0,False
0,weighted,A_default,94,1620,0.8477611940298508,True,2.0,1.0,1.0,810.0,0.8477611940298508,0.00794912559618442,0.00794912559618442,0.9906233905819656,1.0,0.8398120684336664,0.8398120684336664,orientation,orientation,1.0,0.0,1.0,1.0,1.0,1.0,True
0,weighted,A_default,95,1620,0.5858050847457628,True,6.0,3.0,2.3333333333333335,270.0,0.5858050847457628,0.14661105182908554,0.2932690650172552,0.4993743266251557,3.0,0.22065674137862723,0.24805277547446608,orientation,"education, orientation, politics",3.0,0.0,3.0,1.0,1.0,1.0,True
0,weighted,A_default,96,1620,0.4912641315519013,True,3.0,1.0,1.0,540.0,0.4912641315519013,0.01179793735068077,0.011797937350680772,0.9759845333844929,1.0,0.4794661942012205,0.4794661942012205,gender,gender,1.0,0.0,1.0,1.0,1.0,1.0,True
0,weighted,A_default,97,1620,0.5987590486039297,True,12.0,3.0,2.5,135.0,0.5987590486039297,0.1450166143720203,0.10705162482024849,0.8212108442121239,7.0,0.21840675349514682,0.43849750419604383,age,"age, gender, orientation, politics",4.0,0.0,4.0,1.0,1.0,1.0,True
0,weighted,A_default,98,1620,0.0,False,,,,,,,,,,,,,,,,,,,,
0,weighted,A_default,99,1620,0.40616246498599434,True,9.0,3.0,2.4444444444444446,180.0,0.40616246498599434,0.3005475997817753,0.15722746406058624,0.6128951402094531,4.0,0.21728114281833336,0.21986200045331714,gender,"education, gender, politics",3.0,0.0,3.0,1.0,1.0,1.0,True
0,weighted,B_weak_signal,0,1620,0.3908948194662481,True,3.0,1.0,1.0,540.0,0.3908948194662481,0.04524978259683487,0.045249782596834875,0.8842405160072939,1.0,0.3456450368694132,0.3456450368694132,gender,gender,1.0,0.0,1.0,1.0,1.0,1.0,True
0,weighted,B_weak_signal,1,1620,0.7264150943396226,True,7.0,3.0,2.142857142857143,231.42857142857142,0.7264150943396226,0.22992020984800415,0.25112971293387293,0.6542889666105125,3.0,0.3937562467746969,0.4487575850638691,age,"age, education, gender",3.0,0.0,3.0,1.0,1.0,1.0,True
0,weighted,B_weak_signal,2,1620,0.47159090909090917,True,13.0,3.0,2.6153846153846154,124.61538461538461,0.47159090909090917,0.20043351001417087,0.15792254653180446,0.665128094101234,8.0,0.29392422706494553,0.22554214293344738,gender,"education, gender, orientation",3.0,0.0,3.0,1.0,1.0,1.0,True
0,weighted,B_weak_signal,3,1620,0.5266272189349114,True,2.0,1.0,1.0,810.0,0.5266272189349114,0.01715772912204823,0.01715772912204823,0.9674195930154366,1.0,0.5094694898128631,0.5094694898128631,orientation,orientation,1.0,0.0,1.0,1.0,1.0,1.0,True
0,weighted,B_weak_signal,4,1620,0.2639593908629442,False,,,,,,,,,,,,,,,,,,,,
0,weighted,B_weak_signal,5,1620,0.41245136186770426,True,15.0,3.0,2.6666666666666665,108.0,0.41245136186770426,0.2554317613858419,0.18819912611936077,0.543705892333248,8.0,0.18482267677410685,0.1643832416811331,age,"age, gender, orientation, politics",4.0,0.0,4.0,1.0,1.0,1.0,True
0,weighted,B_weak_signal,6,1620,0.36030534351145044,True,3.0,1.0,1.0,540.0,0.36030534351145044,0.06330342828986267,0.06330342828986266,0.8243061630090677,1.0,0.2970019152215878,0.2970019152215878,education,education,1.0,0.0,1.0,1.0,1.0,1.0,True
0,weighted,B_weak_signal,7,1620,0.12400000000000004,False,,,,,,,,,,,,,,,,,,,,
0,weighted,B_weak_signal,8,1620,0.7045790251107829,True,8.0,3.0,2.625,202.5,0.7045790251107829,0.2551422652032264,0.21919447815116644,0.6889000802760175,4.0,0.25002210264374763,0.44002669964191493,orientation,"education, orientation, politics",3.0,0.0,3.0,1.0,1.0,1.0,True
0,weighted,B_weak_signal,9,1620,0.5682281059063137,True,2.0,1.0,1.0,810.0,0.5682281059063137,0.0431362467866324,0.0431362467866324,0.9240863900636684,1.0,0.5250918591196813,0.5250918591196813,orientation,orientation,1.0,0.0,1.0,1.0,1.0,1.0,True
0,weighted,B_weak_signal,10,1620,0.48106448311156597,True,12.0,3.0,2.75,135.0,0.48106448311156597,0.20419790010834282,0.15317956583976397,0.681582051435214,7.0,0.17930838336252228,0.1898688538128933,age,"age, gender, orientation",3.0,0.0,4.0,0.75,1.0,0.75,False
0,weighted,B_weak_signal,11,1620,0.753309265944645,True,12.0,3.0,2.75,135.0,0.753309265944645,0.24396838722642755,0.19206095668456635,0.7450436821008393,7.0,0.3344242048604573,0.3828543161926377,gender,"age, gender, orientation",3.0,0.0,4.0,0.75,1.0,0.75,False
0,weighted,B_weak_signal,12,1620,0.8739376770538244,True,10.0,3.0,2.2,162.0,0.8739376770538244,0.38400704158749344,0.3835417746033878,0.5611337230632225,5.0,0.25081622386984814,0.5687062224031946,gender,"gender, orientation, politics",3.0,0.0,2.0,0.6666666666666666,0.6666666666666666,1.0,False
0,weighted,B_weak_signal,13,1620,0.22417582417582407,False,,,,,,,,,,,,,,,,,,,,
0,weighted,B_weak_signal,14,1620,0.3355176933158584,True,5.0,2.0,1.6,324.0,0.3355176933158584,0.20414365777836158,0.13774345539549795,0.5894599356766994,2.0,0.14865582046801215,0.2226585886742764,gender,"gender, politics",2.0,0.0,2.0,1.0,1.0,1.0,True
0,weighted,B_weak_signal,15,1620,0.8323863636363636,True,9.0,3.0,2.3333333333333335,180.0,0.8323863636363636,0.4149083983064427,0.29771173192372985,0.6423394892929934,5.0,0.2483456480824838,0.5804256938544322,gender,"education, gender, orientation",3.0,0.0,2.0,0.6666666666666666,0.6666666666666666,1.0,False
0,weighted,B_weak_signal,16,1620,0.8171500630517025,True,14.0,3.0,2.857142857142857,115.71428571428571,0.8171500630517025,0.20231018868595815,0.18581107281518605,0.7726108321875886,7.0,0.22897566453985702,0.4856353281088379,orientation,"education, gender, orientation, politics",4.0,0.0,4.0,1.0,1.0,1.0,True
0,weighted,B_weak_signal,17,1620,0.36407766990291257,True,3.0,1.0,1.0,540.0,0.36407766990291257,0.0357488158336856,0.035748815833685596,0.9018099191768102,1.0,0.32832885406922696,0.32832885406922696,politics,politics,1.0,0.0,1.0,1.0,1.0,1.0,True
0,weighted,B_weak_signal,18,1620,0.30959302325581395,True,3.0,1.0,1.0,540.0,0.30959302325581395,0.04452225334578277,0.04452225334578276,0.8561910314464858,1.0,0.2650707699100312,0.2650707699100312,politics,politics,1.0,0.0,1.0,1.0,1.0,1.0,True
0,weighted,B_weak_signal,19,1620,0.6397694524495677,True,13.0,3.0,2.6153846153846154,124.61538461538461,0.6397694524495677,0.2510864947806154,0.22260126437653074,0.6520601858619092,6.0,0.2692825443911685,0.3560237169373908,education,"age, education, gender",3.0,0.0,3.0,1.0,1.0,1.0,True
0,weighted,B_weak_signal,20,1620,0.0,False,,,,,,,,,,,,,,,,,,,,
0,weighted,B_weak_signal,21,1620,0.0,False,,,,,,,,,,,,,,,,,,,,
0,weighted,B_weak_signal,22,1620,0.6306027820710974,True,9.0,2.0,2.0,180.0,0.6306027820710974,0.2863757169169914,0.28637571691699143,0.5458698802811435,4.0,0.19501205394253093,0.4531823528081105,age,"age, politics",2.0,0.0,2.0,1.0,1.0,1.0,True
0,weighted,B_weak_signal,23,1620,0.7621483375959079,True,15.0,3.0,2.7333333333333334,108.0,0.7621483375959079,0.23472839927796235,0.24556582529766144,0.6777978600960214,7.0,0.2505841593822744,0.38046688456363803,education,"age, education, politics",3.0,0.0,4.0,0.75,1.0,0.75,False
0,weighted,B_weak_signal,24,1620,0.0,False,,,,,,,,,,,,,,,,,,,,
0,weighted,B_weak_signal,25,1620,0.45482388973966315,True,8.0,3.0,2.375,202.5,0.45482388973966315,0.2789552446735367,0.2507763050673612,0.44862987471721605,5.0,0.13563142621731147,0.28491542292044114,politics,"gender, orientation, politics",3.0,0.0,2.0,0.6666666666666666,0.6666666666666666,1.0,False
0,weighted,B_weak_signal,26,1620,0.5364963503649635,True,6.0,3.0,2.3333333333333335,270.0,0.5364963503649635,0.19828298259202046,0.2919655338943559,0.4557921341016766,3.0,0.1639071116674219,0.2264217107530211,orientation,"age, education, orientation",3.0,0.0,3.0,1.0,1.0,1.0,True
0,weighted,B_weak_signal,27,1620,0.4024390243902439,True,10.0,3.0,2.4,162.0,0.4024390243902439,0.31292794405283464,0.25728766270420783,0.36067914115924116,5.0,0.17667450097284884,0.1794288697028104,politics,"age, education, orientation, politics",4.0,1.0,2.0,0.5,0.5,1.0,False
0,weighted,B_weak_signal,28,1620,0.0,False,,,,,,,,,,,,,,,,,,,,
0,weighted,B_weak_signal,29,1620,0.30115830115830117,True,3.0,1.0,1.0,540.0,0.30115830115830117,0.052754081970247474,0.05275408197024748,0.824829394483409,1.0,0.2484042191880537,0.2484042191880537,education,education,1.0,0.0,1.0,1.0,1.0,1.0,True
0,weighted,B_weak_signal,30,1620,0.6605293440736479,True,3.0,1.0,1.0,540.0,0.6605293440736479,0.28429170805693604,0.28429170805693604,0.5696001841437677,1.0,0.3762376360167119,0.3762376360167119,education,education,1.0,0.0,3.0,0.3333333333333333,1.0,0.3333333333333333,False
0,weighted,B_weak_signal,31,1620,0.005020920502092049,False,,,,,,,,,,,,,,,,,,,,
0,weighted,B_weak_signal,32,1620,0.49474789915966383,True,13.0,3.0,2.6153846153846154,124.61538461538461,0.49474789915966383,0.1290673695871554,0.10503246551915592,0.7877050803094767,8.0,0.3879760433333406,0.1973616009779589,age,"age, education, orientation",3.0,0.0,3.0,1.0,1.0,1.0,True
0,weighted,B_weak_signal,33,1620,0.3646112600536193,True,7.0,2.0,1.8571428571428572,231.42857142857142,0.3646112600536193,0.15275705967928135,0.13160565921183162,0.6390521258381383,3.0,0.12623827306230448,0.26943290542806914,age,"age, education",2.0,0.0,2.0,1.0,1.0,1.0,True
0,weighted,B_weak_signal,34,1620,0.5058139534883721,True,9.0,3.0,2.4444444444444446,180.0,0.5058139534883721,0.22789769670656465,0.1786035162745675,0.6468987954111999,5.0,0.2496914215943103,0.2700292714418516,politics,"education, orientation, politics",3.0,0.0,3.0,1.0,1.0,1.0,True
0,weighted,B_weak_signal,35,1620,0.7473560517038778,True,8.0,3.0,2.5,202.5,0.7473560517038778,0.2991378153164346,0.3350156233551127,0.5517322398188664,4.0,0.2544459492547969,0.3674587160433508,politics,"age, gender, orientation, politics",4.0,0.0,4.0,1.0,1.0,1.0,True
0,weighted,B_weak_signal,36,1620,0.0,False,,,,,,,,,,,,,,,,,,,,
0,weighted,B_weak_signal,37,1620,0.47414741474147415,True,12.0,3.0,2.75,135.0,0.47414741474147415,0.19965977896334455,0.14925416794067606,0.6852156875682726,7.0,0.19319586975568231,0.17637801647458085,age,"age, orientation, politics",3.0,0.0,3.0,1.0,1.0,1.0,True
0,weighted,B_weak_signal,38,1620,0.3377110694183866,True,3.0,1.0,1.0,540.0,0.3377110694183866,0.035461912846097225,0.035461912846097225,0.8949933358501677,1.0,0.30224915657228935,0.30224915657228935,politics,politics,1.0,0.0,1.0,1.0,1.0,1.0,True
0,weighted,B_weak_signal,39,1620,0.0,False,,,,,,,,,,,,,,,,,,,,
0,weighted,B_weak_signal,40,1620,0.5386138613861386,True,2.0,1.0,1.0,810.0,0.5386138613861386,0.06753009390559023,0.06753009390559023,0.8746224359473417,1.0,0.4710837674805484,0.4710837674805484,orientation,orientation,1.0,0.0,1.0,1.0,1.0,1.0,True
0,weighted,B_weak_signal,41,1620,0.5382619974059663,True,3.0,1.0,1.0,540.0,0.5382619974059663,0.10417214949743851,0.10417214949743851,0.8064657174396985,1.0,0.4340898479085278,0.4340898479085278,age,age,1.0,0.0,2.0,0.5,1.0,0.5,False
0,weighted,B_weak_signal,42,1620,0.374,True,3.0,1.0,1.0,540.0,0.374,0.07092692422881101,0.07092692422881101,0.8103558175700241,1.0,0.30307307577118897,0.30307307577118897,gender,gender,1.0,0.0,1.0,1.0,1.0,1.0,True
0,weighted,B_weak_signal,43,1620,0.5441919191919192,True,19.0,3.0,2.789473684210526,85.26315789473684,0.5441919191919192,0.2523703003232544,0.19341083156298697,0.6445907689144184,9.0,0.19113776637891788,0.2769233035255543,gender,"age, education, gender",3.0,0.0,3.0,1.0,1.0,1.0,True
0,weighted,B_weak_signal,44,1620,0.5681159420289855,True,4.0,2.0,1.75,405.0,0.5681159420289855,0.19682332854796047,0.14840401154271643,0.7387786531518512,2.0,0.2662369289998746,0.45729923965742914,orientation,"education, orientation",2.0,0.0,2.0,1.0,1.0,1.0,True
0,weighted,B_weak_signal,45,1620,0.0,False,,,,,,,,,,,,,,,,,,,,
0,weighted,B_weak_signal,46,1620,0.42535211267605627,True,3.0,1.0,1.0,540.0,0.42535211267605627,0.04359329742703038,0.04359329742703038,0.8975124464463855,1.0,0.3817588152490259,0.3817588152490259,education,education,1.0,0.0,1.0,1.0,1.0,1.0,True
0,weighted,B_weak_signal,47,1620,0.34173669467787116,True,3.0,1.0,1.0,540.0,0.34173669467787116,0.04615241976481568,0.04615241976481568,0.8649474274095148,1.0,0.2955842749130555,0.2955842749130555,gender,gender,1.0,0.0,1.0,1.0,1.0,1.0,True
0,weighted,B_weak_signal,48,1620,0.49373433583959897,True,15.0,3.0,2.8,108.0,0.49373433583959897,0.24017458281328036,0.20201195308055653,0.5908488869079083,9.0,0.23532552783719854,0.1970810741450576,gender,"age, education, gender, orientation",4.0,0.0,3.0,0.75,0.75,1.0,False
0,weighted,B_weak_signal,49,1620,0.8392370572207084,True,4.0,2.0,1.75,405.0,0.8392370572207084,0.1451986773600415,0.14886476623097278,0.8226189311468604,2.0,0.3736217710722268,0.709329374707975,orientation,"age, orientation",2.0,0.0,3.0,0.6666666666666666,1.0,0.6666666666666666,False
0,weighted,B_weak_signal,50,1620,0.31542461005199307,True,3.0,1.0,1.0,540.0,0.31542461005199307,0.06930544259788339,0.06930544259788339,0.7802788990166005,1.0,0.2461191674541097,0.2461191674541097,gender,gender,1.0,0.0,1.0,1.0,1.0,1.0,True
0,weighted,B_weak_signal,51,1620,0.7747183979974969,True,7.0,3.0,2.142857142857143,231.42857142857142,0.7747183979974969,0.2847714476159359,0.4029572946904383,0.4798661091152501,3.0,0.1751583762020091,0.367240659832825,politics,"education, gender, politics",3.0,0.0,4.0,0.75,1.0,0.75,False
0,weighted,B_weak_signal,52,1620,0.798076923076923,True,6.0,3.0,2.3333333333333335,270.0,0.798076923076923,0.18653019901528514,0.22388159734910995,0.7194736611529224,3.0,0.3134146991510791,0.42749781173404255,orientation,"education, orientation, politics",3.0,0.0,4.0,0.75,1.0,0.75,False
0,weighted,B_weak_signal,53,1620,0.6171171171171171,True,11.0,3.0,2.4545454545454546,147.27272727272728,0.6171171171171171,0.2661005562729791,0.18707386532193446,0.6968584080184712,5.0,0.14942385097916996,0.48081354998160863,politics,"education, gender, politics",3.0,0.0,2.0,0.6666666666666666,0.6666666666666666,1.0,False
0,weighted,B_weak_signal,54,1620,0.536819637139808,True,12.0,3.0,2.75,135.0,0.536819637139808,0.20260017294822344,0.1396773880734759,0.7398057403084555,7.0,0.23510188729544426,0.22895211052228137,education,"age, education, orientation",3.0,0.0,3.0,1.0,1.0,1.0,True
0,weighted,B_weak_signal,55,1620,0.4327086882453152,True,8.0,3.0,2.625,202.5,0.4327086882453152,0.2645602397946262,0.16583639627343252,0.6167481708169099,4.0,0.16984982025931866,0.2671107520006128,orientation,"age, education, gender, orientation",4.0,0.0,2.0,0.5,0.5,1.0,False
0,weighted,B_weak_signal,56,1620,0.0,False,,,,,,,,,,,,,,,,,,,,
0,weighted,B_weak_signal,57,1620,0.5249343832020997,True,4.0,2.0,1.5,405.0,0.5249343832020997,0.14212752595915037,0.12213485726582772,0.7673330969085982,2.0,0.24338316113914243,0.42379122502177524,education,"education, orientation",2.0,0.0,2.0,1.0,1.0,1.0,True
0,weighted,B_weak_signal,58,1620,0.36324786324786323,True,2.0,1.0,1.0,810.0,0.36324786324786323,0.0383333333333333,0.0383333333333333,0.8944705882352942,1.0,0.32491452991452996,0.32491452991452996,orientation,orientation,1.0,0.0,1.0,1.0,1.0,1.0,True
0,weighted,B_weak_signal,59,1620,0.5126315789473684,True,13.0,3.0,2.6153846153846154,124.61538461538461,0.5126315789473684,0.1473918904549808,0.12155007584466121,0.7628899957855685,8.0,0.3395638930233993,0.2327400467947317,age,"age, gender, orientation",3.0,0.0,3.0,1.0,1.0,1.0,True
0,weighted,B_weak_signal,60,1620,0.7033678756476683,True,3.0,1.0,1.0,540.0,0.7033678756476683,0.1897694287790048,0.1897694287790048,0.730198896837216,1.0,0.5135984468686636,0.5135984468686636,age,age,1.0,0.0,3.0,0.3333333333333333,1.0,0.3333333333333333,False
0,weighted,B_weak_signal,61,1620,0.7775947281713345,True,2.0,1.0,1.0,810.0,0.7775947281713345,0.01752686518715938,0.017526865187159384,0.9774601543038014,1.0,0.7600678629841751,0.7600678629841751,orientation,orientation,1.0,0.0,1.0,1.0,1.0,1.0,True
0,weighted,B_weak_signal,62,1620,0.3580357142857143,True,17.0,3.0,2.7058823529411766,95.29411764705883,0.3580357142857143,0.2065898387917737,0.15727975682403075,0.5607148936585675,8.0,0.23255504770212776,0.07971850445378004,politics,"age, education, gender, politics",4.0,0.0,4.0,1.0,1.0,1.0,True
0,weighted,B_weak_signal,63,1620,0.8243045387994143,True,7.0,2.0,1.8571428571428572,231.42857142857142,0.8243045387994143,0.37126456419668685,0.3834405139370162,0.5348314901971899,3.0,0.24766745617246946,0.5163986107761507,education,"age, education",2.0,0.0,2.0,1.0,1.0,1.0,True
0,weighted,B_weak_signal,64,1620,0.0,False,,,,,,,,,,,,,,,,,,,,
0,weighted,B_weak_signal,65,1620,0.35654596100278546,True,1.0,0.0,0.0,1620.0,0.35654596100278546,0.35654596100278546,0.35654596100278546,0.0,0.0,,,,,0.0,0.0,3.0,0.0,0.0,0.0,False
0,weighted,B_weak_signal,66,1620,0.3973856209150327,True,3.0,1.0,1.0,540.0,0.3973856209150327,0.03823354248145335,0.03823354248145335,0.9037873026371321,1.0,0.3591520784335794,0.3591520784335794,age,age,1.0,0.0,1.0,1.0,1.0,1.0,True
0,weighted,B_weak_signal,67,1620,0.0,False,,,,,,,,,,,,,,,,,,,,
0,weighted,B_weak_signal,68,1620,0.5378440366972477,True,12.0,3.0,2.75,135.0,0.5378440366972477,0.2285863533521396,0.16572135197669882,0.6918784244697624,7.0,0.23063095820787538,0.21451619624737872,gender,"age, gender, orientation",3.0,0.0,3.0,1.0,1.0,1.0,True
0,weighted,B_weak_signal,69,1620,0.35910878112712985,True,3.0,1.0,1.0,540.0,0.35910878112712985,0.037349287759770367,0.037349287759770367,0.8959945016032672,1.0,0.3217594933673595,0.3217594933673595,education,education,1.0,0.0,1.0,1.0,1.0,1.0,True
0,weighted,B_weak_signal,70,1620,0.6728110599078342,True,12.0,3.0,2.75,135.0,0.6728110599078342,0.31871179419188334,0.22998091394684422,0.6581790525584577,7.0,0.19440906351862047,0.3924115921643563,age,"age, education, orientation, politics",4.0,0.0,4.0,1.0,1.0,1.0,True
0,weighted,B_weak_signal,71,1620,0.9143646408839778,True,2.0,1.0,1.0,810.0,0.9143646408839778,0.2720329818869965,0.2720329818869965,0.7024896089332546,1.0,0.6423316589969814,0.6423316589969814,orientation,orientation,1.0,0.0,3.0,0.3333333333333333,1.0,0.3333333333333333,False
0,weighted,B_weak_signal,72,1620,0.38569424964936894,True,3.0,1.0,1.0,540.0,0.38569424964936894,0.013052208835341361,0.013052208835341363,0.9661591821832786,1.0,0.3726420408140276,0.3726420408140276,gender,gender,1.0,0.0,1.0,1.0,1.0,1.0,True
0,weighted,B_weak_signal,73,1620,0.4353876739562625,True,2.0,1.0,1.0,810.0,0.4353876739562625,0.09558150183150185,0.09558150183150185,0.7804680574372355,1.0,0.3398061721247606,0.3398061721247606,orientation,orientation,1.0,0.0,1.0,1.0,1.0,1.0,True
0,weighted,B_weak_signal,74,1620,0.8146279949558639,True,8.0,3.0,2.625,202.5,0.8146279949558639,0.2846970418620294,0.2345159543483183,0.7121189600646805,4.0,0.3159847274545632,0.5170627339116872,orientation,"gender, orientation, politics",3.0,0.0,3.0,1.0,1.0,1.0,True
0,weighted,B_weak_signal,75,1620,0.2835408022130014,False,,,,,,,,,,,,,,,,,,,,
0,weighted,B_weak_signal,76,1620,0.0,False,,,,,,,,,,,,,,,,,,,,
0,weighted,B_weak_signal,77,1620,0.686842105263158,True,15.0,3.0,2.7333333333333334,108.0,0.686842105263158,0.22541220783361016,0.20488216696000236,0.7017041247325637,7.0,0.29545876724643466,0.3850526994914514,gender,"education, gender, politics",3.0,0.0,3.0,1.0,1.0,1.0,True
0,weighted,B_weak_signal,78,1620,0.33710407239819,True,2.0,1.0,1.0,810.0,0.33710407239819,0.04050838719911172,0.04050838719911172,0.879834180254984,1.0,0.2965956851990783,0.2965956851990783,orientation,orientation,1.0,0.0,1.0,1.0,1.0,1.0,True
0,weighted,B_weak_signal,79,1620,0.7138103161397671,True,2.0,1.0,1.0,810.0,0.7138103161397671,0.03461213274149228,0.03461213274149228,0.9515107417770703,1.0,0.6791981833982748,0.6791981833982748,orientation,orientation,1.0,0.0,1.0,1.0,1.0,1.0,True
0,weighted,B_weak_signal,80,1620,0.0017361111111111095,False,,,,,,,,,,,,,,,,,,,,
0,weighted,B_weak_signal,81,1620,0.35437589670014347,True,3.0,1.0,1.0,540.0,0.35437589670014347,0.03446923257294074,0.03446923257294074,0.9027325704318231,1.0,0.3199066641272027,0.3199066641272027,education,education,1.0,0.0,1.0,1.0,1.0,1.0,True
0,weighted,B_weak_signal,82,1620,0.8079470198675497,True,12.0,3.0,2.75,135.0,0.8079470198675497,0.14423330333407333,0.13146394506488482,0.8372864286491999,6.0,0.24001397920945208,0.45887691144450693,orientation,"education, orientation, politics",3.0,0.0,3.0,1.0,1.0,1.0,True
0,weighted,B_weak_signal,83,1620,0.3186619718309858,True,3.0,1.0,1.0,540.0,0.3186619718309858,0.01713274298765786,0.01713274298765786,0.9462353700718803,1.0,0.30152922884332795,0.30152922884332795,education,education,1.0,0.0,1.0,1.0,1.0,1.0,True
0,weighted,B_weak_signal,84,1620,0.5868005738880917,True,9.0,3.0,2.4444444444444446,180.0,0.5868005738880917,0.25552788495707296,0.26510528574579095,0.5482191096214759,4.0,0.17922303080379384,0.3013167015872436,age,"age, education, politics",3.0,0.0,3.0,1.0,1.0,1.0,True
0,weighted,B_weak_signal,85,1620,0.4364364364364364,True,7.0,3.0,2.142857142857143,231.42857142857142,0.4364364364364364,0.2455932547363864,0.28656552203139984,0.34339688873998064,4.0,0.10046020253973506,0.161408679896424,politics,"age, orientation, politics",3.0,0.0,4.0,0.75,1.0,0.75,False
0,weighted,B_weak_signal,86,1620,0.378096479791395,True,7.0,2.0,1.8571428571428572,231.42857142857142,0.378096479791395,0.23226240087593175,0.19322715036681487,0.48894750230569994,3.0,0.13474195042270104,0.23970845988546088,politics,"education, politics",2.0,0.0,2.0,1.0,1.0,1.0,True
0,weighted,B_weak_signal,87,1620,0.5307950727883538,True,12.0,3.0,2.6666666666666665,135.0,0.5307950727883538,0.17721155695560545,0.13670920081795968,0.7424444803155317,7.0,0.257894818449065,0.29647597361842654,politics,"age, orientation, politics",3.0,0.0,3.0,1.0,1.0,1.0,True
0,weighted,B_weak_signal,88,1620,0.0,False,,,,,,,,,,,,,,,,,,,,
0,weighted,B_weak_signal,89,1620,0.7122940430925221,True,19.0,3.0,2.789473684210526,85.26315789473684,0.7122940430925221,0.1668142996094101,0.14056076001487802,0.8026646981285787,9.0,0.2462490645911185,0.36732686943475984,gender,"education, gender, politics",3.0,0.0,3.0,1.0,1.0,1.0,True
0,weighted,B_weak_signal,90,1620,0.5980769230769231,True,2.0,1.0,1.0,810.0,0.5980769230769231,0.057797808025885244,0.05779780802588525,0.9033605782203848,1.0,0.5402791150510378,0.5402791150510378,orientation,orientation,1.0,0.0,1.0,1.0,1.0,1.0,True
0,weighted,B_weak_signal,91,1620,0.5861214374225527,True,6.0,2.0,2.0,270.0,0.5861214374225527,0.250538982074976,0.250538982074976,0.5725476563752525,4.0,0.17527338164720763,0.4269602231578902,age,"age, orientation",2.0,0.0,2.0,1.0,1.0,1.0,True
0,weighted,B_weak_signal,92,1620,0.7974481658692185,True,9.0,3.0,2.2222222222222223,180.0,0.7974481658692185,0.3104963944498004,0.27446668923770523,0.6558187716959176,4.0,0.21001286272673858,0.5533039527622055,education,"age, education, gender",3.0,0.0,2.0,0.6666666666666666,0.6666666666666666,1.0,False
0,weighted,B_weak_signal,93,1620,0.0,False,,,,,,,,,,,,,,,,,,,,
0,weighted,B_weak_signal,94,1620,0.35742444152431013,True,3.0,1.0,1.0,540.0,0.35742444152431013,0.022822661209757993,0.02282266120975799,0.9361468927182874,1.0,0.3346017803145521,0.3346017803145521,politics,politics,1.0,0.0,1.0,1.0,1.0,1.0,True
0,weighted,B_weak_signal,95,1620,0.5831932773109243,True,12.0,3.0,2.5833333333333335,135.0,0.5831932773109243,0.33398738494012,0.22159895680883626,0.620024843512226,6.0,0.15891879533501072,0.42868133235292044,age,"age, education, gender, orientation, politics",5.0,1.0,2.0,0.4,0.4,1.0,False
0,weighted,B_weak_signal,96,1620,0.36637390213299875,True,3.0,1.0,1.0,540.0,0.36637390213299875,0.05877687127687126,0.05877687127687127,0.8395713479189507,1.0,0.3075970308561275,0.3075970308561275,age,age,1.0,0.0,1.0,1.0,1.0,1.0,True
0,weighted,B_weak_signal,97,1620,0.8840782122905028,True,2.0,1.0,1.0,810.0,0.8840782122905028,0.31062123108430995,0.3106212310843099,0.6486496027545563,1.0,0.5734569812061928,0.5734569812061928,orientation,orientation,1.0,0.0,3.0,0.3333333333333333,1.0,0.3333333333333333,False
0,weighted,B_weak_signal,98,1620,0.40484429065743943,True,3.0,1.0,1.0,540.0,0.40484429065743943,0.07135984460329807,0.07135984460329806,0.8237350846978364,1.0,0.3334844460541414,0.3334844460541414,education,education,1.0,0.0,1.0,1.0,1.0,1.0,True
0,weighted,B_weak_signal,99,1620,0.8689248895434463,True,2.0,1.0,1.0,810.0,0.8689248895434463,0.26997371905388595,0.26997371905388595,0.6893014318006974,1.0,0.5989511704895603,0.5989511704895603,orientation,orientation,1.0,0.0,3.0,0.3333333333333333,1.0,0.3333333333333333,False
0,weighted,C_deep,0,1620,0.4701583434835567,True,3.0,1.0,1.0,540.0,0.4701583434835567,0.029469916170853826,0.029469916170853823,0.9373191679371218,1.0,0.44068842731270286,0.44068842731270286,gender,gender,1.0,0.0,1.0,1.0,1.0,1.0,True
0,weighted,C_deep,1,1620,0.8238770685579195,True,6.0,3.0,2.1666666666666665,270.0,0.8238770685579195,0.2679042565319875,0.2855736333070303,0.6533783446517251,3.0,0.39011596604051246,0.4734276240083046,age,"age, education, orientation",3.0,0.0,4.0,0.75,1.0,0.75,False
0,weighted,C_deep,2,1620,0.41911764705882354,True,9.0,3.0,2.2222222222222223,180.0,0.41911764705882354,0.20217137186410272,0.2626520545223886,0.37332141377114303,4.0,0.15545201812414022,0.15643846666075656,education,"age, education, politics",3.0,0.0,4.0,0.75,1.0,0.75,False
0,weighted,C_deep,3,1620,0.8462643678160918,True,14.0,3.0,2.5714285714285716,115.71428571428571,0.8462643678160918,0.4360029106733258,0.3491974394171633,0.5873660138635897,7.0,0.21240712433417494,0.5590975633921909,gender,"age, education, gender, orientation",4.0,0.0,2.0,0.5,0.5,1.0,False
0,weighted,C_deep,4,1620,0.6721311475409836,True,16.0,3.0,2.75,101.25,0.6721311475409836,0.21914066433308357,0.18991784623062452,0.7174393019495586,9.0,0.25287209174854763,0.3840595702187287,gender,"age, gender, orientation, politics",4.0,0.0,4.0,1.0,1.0,1.0,True
0,weighted,C_deep,5,1620,0.6420824295010846,True,15.0,3.0,2.6,108.0,0.6420824295010846,0.09233806601151721,0.07101469757149229,0.8893994068227772,7.0,0.308772757111966,0.34642591381653465,politics,"age, gender, politics",3.0,0.0,3.0,1.0,1.0,1.0,True
0,weighted,C_deep,6,1620,0.6567164179104477,True,9.0,3.0,2.5555555555555554,180.0,0.6567164179104477,0.2700356620153664,0.14775913049597064,0.7750031421993174,5.0,0.1512034305960953,0.5533228265196786,age,"age, gender, orientation",3.0,0.0,4.0,0.75,1.0,0.75,False
0,weighted,C_deep,7,1620,0.36520376175548597,True,3.0,1.0,1.0,540.0,0.36520376175548597,0.03767395158922091,0.03767395158922091,0.8968412827728629,1.0,0.32752981016626503,0.32752981016626503,politics,politics,1.0,0.0,1.0,1.0,1.0,1.0,True
0,weighted,C_deep,8,1620,0.7986030267753201,True,10.0,3.0,2.6,162.0,0.7986030267753201,0.19563725786973546,0.1494386389698332,0.8128749404153255,5.0,0.3450441098202159,0.546924799565178,orientation,"age, gender, orientation, politics",4.0,0.0,4.0,1.0,1.0,1.0,True
0,weighted,C_deep,9,1620,0.43259085580304807,True,3.0,1.0,1.0,540.0,0.43259085580304807,0.015778986171734583,0.015778986171734587,0.9635244574404076,1.0,0.4168118696313135,0.4168118696313135,education,education,1.0,0.0,1.0,1.0,1.0,1.0,True
0,weighted,C_deep,10,1620,0.6011173184357542,True,9.0,3.0,2.4444444444444446,180.0,0.6011173184357542,0.1942142093076004,0.2216670279388923,0.6312416542652256,4.0,0.3113985124996877,0.3113360007270409,politics,"age, education, politics",3.0,0.0,3.0,1.0,1.0,1.0,True
0,weighted,C_deep,11,1620,0.0,False,,,,,,,,,,,,,,,,,,,,
0,weighted,C_deep,12,1620,0.46409989594172746,True,3.0,1.0,1.0,540.0,0.46409989594172746,0.009201922931707199,0.0092019229317072,0.9801725382570166,1.0,0.4548979730100203,0.4548979730100203,education,education,1.0,0.0,1.0,1.0,1.0,1.0,True
0,weighted,C_deep,13,1620,0.8562728380024361,True,2.0,1.0,1.0,810.0,0.8562728380024361,0.04918213969938108,0.04918213969938109,0.9425625367095422,1.0,0.807090698303055,0.807090698303055,orientation,orientation,1.0,0.0,3.0,0.3333333333333333,1.0,0.3333333333333333,False
0,weighted,C_deep,14,1620,0.0,False,,,,,,,,,,,,,,,,,,,,
0,weighted,C_deep,15,1620,0.5420841683366734,True,3.0,1.0,1.0,540.0,0.5420841683366734,0.06561834962313949,0.06561834962313949,0.8789517321184969,1.0,0.4764658187135339,0.4764658187135339,education,education,1.0,0.0,4.0,0.25,1.0,0.25,False
0,weighted,C_deep,16,1620,0.3630769230769231,True,3.0,1.0,1.0,540.0,0.3630769230769231,0.04099295860355097,0.04099295860355096,0.8870956648631012,1.0,0.3220839644733721,0.3220839644733721,education,education,1.0,0.0,1.0,1.0,1.0,1.0,True
0,weighted,C_deep,17,1620,0.7477064220183487,True,14.0,3.0,2.7857142857142856,115.71428571428571,0.7477064220183487,0.26714349006305393,0.2763556859498671,0.6303954629627544,7.0,0.27372659371274766,0.367033352691159,politics,"education, gender, orientation, politics",4.0,0.0,4.0,1.0,1.0,1.0,True
0,weighted,C_deep,18,1620,0.4662867996201329,True,13.0,3.0,2.6153846153846154,124.61538461538461,0.4662867996201329,0.13104628249595526,0.09989935280625124,0.7857555631263085,8.0,0.31372946220317455,0.21432775095640838,gender,"education, gender, orientation",3.0,0.0,4.0,0.75,1.0,0.75,False
0,weighted,C_deep,19,1620,0.6586059743954481,True,6.0,2.0,2.0,270.0,0.6586059743954481,0.27436395930018437,0.27436395930018437,0.5834171417105192,3.0,0.22491579337660028,0.48107713677344277,orientation,"age, orientation",2.0,0.0,2.0,1.0,1.0,1.0,True
0,weighted,C_deep,20,1620,0.34061930783242256,True,17.0,3.0,2.7058823529411766,95.29411764705883,0.34061930783242256,0.20387698442134483,0.15279795528500953,0.5514113505268972,8.0,0.20586591455388537,0.07599005104421697,age,"age, education, gender, politics",4.0,0.0,4.0,1.0,1.0,1.0,True
0,weighted,C_deep,21,1620,0.3317972350230414,True,3.0,1.0,1.0,540.0,0.3317972350230414,0.01819258576044365,0.018192585760443646,0.9451695679164407,1.0,0.3136046492625978,0.3136046492625978,education,education,1.0,0.0,1.0,1.0,1.0,1.0,True
0,weighted,C_deep,22,1620,0.36017699115044255,True,17.0,3.0,2.7058823529411766,95.29411764705883,0.36017699115044255,0.07527399299195502,0.06286227515872296,0.8254683760949462,8.0,0.32970888718682817,0.07805079277125226,education,"age, education, gender",3.0,0.0,3.0,1.0,1.0,1.0,True
0,weighted,C_deep,23,1620,0.43179680150517397,True,6.0,3.0,2.1666666666666665,270.0,0.43179680150517397,0.2554485048791781,0.2340595096565783,0.45794061271254305,3.0,0.10216718339060364,0.21717787115942183,politics,"education, orientation, politics",3.0,0.0,4.0,0.75,1.0,0.75,False
0,weighted,C_deep,24,1620,0.5872340425531914,True,9.0,3.0,2.4444444444444446,180.0,0.5872340425531914,0.1890508736078923,0.20322413954832114,0.6539299072909024,4.0,0.26006753982270825,0.3424131888012915,education,"education, gender, politics",3.0,0.0,3.0,1.0,1.0,1.0,True
0,weighted,C_deep,25,1620,0.5069582504970179,True,12.0,3.0,2.5833333333333335,135.0,0.5069582504970179,0.06371368841276154,0.055519007528755465,0.8904860361295529,7.0,0.3935599467313696,0.1799190048500079,age,"age, gender, orientation",3.0,0.0,3.0,1.0,1.0,1.0,True
0,weighted,C_deep,26,1620,0.7847309136420526,True,9.0,2.0,2.0,180.0,0.7847309136420526,0.3215719422871134,0.32157194228711333,0.5902137449961666,4.0,0.2006671654028732,0.5480363939190777,education,"age, education",2.0,0.0,2.0,1.0,1.0,1.0,True
0,weighted,C_deep,27,1620,0.465832531280077,True,14.0,3.0,2.7142857142857144,115.71428571428571,0.465832531280077,0.18491031831383883,0.1517072480876768,0.6743309281754211,8.0,0.20921686148681842,0.16444501707501086,age,"age, education, gender, orientation",4.0,0.0,4.0,1.0,1.0,1.0,True
0,weighted,C_deep,28,1620,0.5948453608247422,True,14.0,3.0,2.5714285714285716,115.71428571428571,0.5948453608247422,0.18343411186887007,0.11852460137990838,0.8007472039193915,7.0,0.35963047166850165,0.38475065801178665,education,"age, education, orientation, politics",4.0,0.0,4.0,1.0,1.0,1.0,True
0,weighted,C_deep,29,1620,0.4791666666666667,True,3.0,1.0,1.0,540.0,0.4791666666666667,0.018988476674673304,0.018988476674673304,0.9603718747658991,1.0,0.4601781899919934,0.4601781899919934,politics,politics,1.0,0.0,1.0,1.0,1.0,1.0,True
0,weighted,C_deep,30,1620,0.7308558558558559,True,3.0,1.0,1.0,540.0,0.7308558558558559,0.13707702988628512,0.13707702988628512,0.8124431393851754,1.0,0.5937788259695708,0.5937788259695708,gender,gender,1.0,0.0,4.0,0.25,1.0,0.25,False
0,weighted,C_deep,31,1620,0.5407035175879398,True,2.0,1.0,1.0,810.0,0.5407035175879398,0.3763952892985151,0.3763952892985151,0.3038786006467984,1.0,0.16430822828942465,0.16430822828942465,orientation,orientation,1.0,0.0,4.0,0.25,1.0,0.25,False
0,weighted,C_deep,32,1620,0.6559485530546624,True,6.0,2.0,1.8333333333333333,270.0,0.6559485530546624,0.1853247126962314,0.1901150022296845,0.7101678152282751,3.0,0.19632880140331976,0.4966217641712233,education,"education, gender, orientation",3.0,0.0,3.0,1.0,1.0,1.0,True
0,weighted,C_deep,33,1620,0.8836363636363636,True,6.0,3.0,2.0,270.0,0.8836363636363636,0.20565302904632468,0.2767297875763766,0.6868284296975161,3.0,0.30457892316480045,0.5886532715117107,politics,"education, orientation, politics",3.0,0.0,4.0,0.75,1.0,0.75,False
0,weighted,C_deep,34,1620,0.4629981024667932,True,3.0,1.0,1.0,540.0,0.4629981024667932,0.2156341725210598,0.21563417252105976,0.5342655372188587,1.0,0.24736392994573342,0.24736392994573342,age,age,1.0,0.0,4.0,0.25,1.0,0.25,False
0,weighted,C_deep,35,1620,0.0,False,,,,,,,,,,,,,,,,,,,,
0,weighted,C_deep,36,1620,0.44205607476635517,True,12.0,3.0,2.5833333333333335,135.0,0.44205607476635517,0.09159409994881634,0.07442029512558497,0.8316496495044907,7.0,0.29539865025161927,0.15827152219289964,age,"age, gender, orientation",3.0,0.0,4.0,0.75,1.0,0.75,False
0,weighted,C_deep,37,1620,0.6198704103671706,True,3.0,1.0,1.0,540.0,0.6198704103671706,0.09437205007325766,0.09437205007325766,0.8477551944811209,1.0,0.525498360293913,0.525498360293913,education,education,1.0,0.0,2.0,0.5,1.0,0.5,False
0,weighted,C_deep,38,1620,0.9115815691158157,True,6.0,3.0,2.3333333333333335,270.0,0.9115815691158157,0.2611217364230258,0.13469880291931313,0.8522361492565458,3.0,0.3079849516431799,0.8056529761200222,orientation,"age, gender, orientation",3.0,0.0,3.0,1.0,1.0,1.0,True
0,weighted,C_deep,39,1620,0.46292372881355925,True,3.0,1.0,1.0,540.0,0.46292372881355925,0.021579345525766777,0.021579345525766777,0.9533846632120736,1.0,0.44134438328779246,0.44134438328779246,gender,gender,1.0,0.0,1.0,1.0,1.0,1.0,True
0,weighted,C_deep,40,1620,0.5103857566765578,True,8.0,3.0,2.625,202.5,0.5103857566765578,0.15508607534114124,0.12444165791329194,0.7561811702512826,4.0,0.3258700117869619,0.12674088806726636,orientation,"education, gender, orientation",3.0,0.0,4.0,0.75,1.0,0.75,False
0,weighted,C_deep,41,1620,0.9079754601226994,True,13.0,3.0,2.6923076923076925,124.61538461538461,0.9079754601226994,0.23621549485255444,0.16309264271689858,0.8203776975482806,7.0,0.4400232741606323,0.5682048452277483,education,"age, education, orientation, politics",4.0,0.0,4.0,1.0,1.0,1.0,True
0,weighted,C_deep,42,1620,0.41696969696969693,True,3.0,1.0,1.0,540.0,0.41696969696969693,0.02491727169457204,0.024917271694572037,0.9402420082906339,1.0,0.3920524252751249,0.3920524252751249,politics,politics,1.0,0.0,1.0,1.0,1.0,1.0,True
0,weighted,C_deep,43,1620,0.4357405140758873,True,3.0,1.0,1.0,540.0,0.4357405140758873,0.04092386847995647,0.04092386847995647,0.9060820209322347,1.0,0.3948166455959309,0.3948166455959309,age,age,1.0,0.0,1.0,1.0,1.0,1.0,True
0,weighted,C_deep,44,1620,0.8824242424242423,True,10.0,3.0,2.5,162.0,0.8824242424242423,0.1303378783234454,0.17861980075842163,0.7975805829317337,6.0,0.36286928119745304,0.5814740285277642,age,"age, gender, orientation",3.0,0.0,4.0,0.75,1.0,0.75,False
0,weighted,C_deep,45,1620,0.49560975609756097,True,3.0,1.0,1.0,540.0,0.49560975609756097,0.04989876078118773,0.04989876078118773,0.8993184452741783,1.0,0.44571099531637326,0.44571099531637326,politics,politics,1.0,0.0,2.0,0.5,1.0,0.5,False
0,weighted,C_deep,46,1620,0.7821782178217821,True,11.0,3.0,2.5454545454545454,147.27272727272728,0.7821782178217821,0.2599085102663541,0.19555494611752125,0.7499867144573462,6.0,0.2800319226941613,0.5334266850466709,gender,"age, gender, orientation",3.0,0.0,3.0,1.0,1.0,1.0,True
0,weighted,C_deep,47,1620,0.9327521793275219,True,6.0,3.0,2.3333333333333335,270.0,0.9327521793275219,0.17437170479512987,0.21450160242659688,0.7700336625519929,3.0,0.3236545545488329,0.5892283182865313,orientation,"education, gender, orientation",3.0,0.0,4.0,0.75,1.0,0.75,False
0,weighted,C_deep,48,1620,0.5345717234262126,True,3.0,1.0,1.0,540.0,0.5345717234262126,0.026377093489535066,0.026377093489535066,0.9506575220244026,1.0,0.5081946299366775,0.5081946299366775,age,age,1.0,0.0,2.0,0.5,1.0,0.5,False
0,weighted,C_deep,49,1620,0.8974358974358975,True,10.0,3.0,2.6,162.0,0.8974358974358975,0.03300882556142914,0.03631301479679078,0.9595369263692903,5.0,0.34745074079297716,0.5565372744113368,orientation,"education, orientation, politics",3.0,0.0,4.0,0.75,1.0,0.75,False
0,weighted,C_deep,50,1620,0.42427616926503336,True,3.0,1.0,1.0,540.0,0.42427616926503336,0.00624105192129025,0.00624105192129025,0.9852901190936518,1.0,0.4180351173437431,0.4180351173437431,gender,gender,1.0,0.0,1.0,1.0,1.0,1.0,True
0,weighted,C_deep,51,1620,0.7605956471935854,True,19.0,3.0,2.789473684210526,85.26315789473684,0.7605956471935854,0.16341661354607337,0.12144686698837237,0.8403266342155887,9.0,0.31143409267514754,0.42970975960991925,gender,"age, education, gender",3.0,0.0,3.0,1.0,1.0,1.0,True
0,weighted,C_deep,52,1620,0.64,True,11.0,3.0,2.4545454545454546,147.27272727272728,0.64,0.16714865131641152,0.156129405228948,0.7560478043297687,5.0,0.3705307705326323,0.39395426723666516,gender,"age, education, gender",3.0,0.0,4.0,0.75,1.0,0.75,False
0,weighted,C_deep,53,1620,0.5147058823529411,True,3.0,1.0,1.0,540.0,0.5147058823529411,0.016479006065419896,0.016479006065419896,0.9679836453586128,1.0,0.4982268762875212,0.4982268762875212,gender,gender,1.0,0.0,3.0,0.3333333333333333,1.0,0.3333333333333333,False
0,weighted,C_deep,54,1620,0.8374384236453202,True,2.0,1.0,1.0,810.0,0.8374384236453202,0.10748270562799156,0.10748270562799155,0.8716530044559866,1.0,0.7299557180173286,0.7299557180173286,orientation,orientation,1.0,0.0,2.0,0.5,1.0,0.5,False
0,weighted,C_deep,55,1620,0.6138002059732235,True,12.0,3.0,2.5,135.0,0.6138002059732235,0.2005998822243592,0.14431249529672507,0.764886857494765,7.0,0.21865823320448535,0.43176012322516644,age,"age, education, orientation, politics",4.0,0.0,4.0,1.0,1.0,1.0,True
0,weighted,C_deep,56,1620,0.5167984189723319,True,3.0,1.0,1.0,540.0,0.5167984189723319,0.06599154780694977,0.06599154780694977,0.8723069858878907,1.0,0.45080687116538215,0.45080687116538215,education,education,1.0,0.0,3.0,0.3333333333333333,1.0,0.3333333333333333,False
0,weighted,C_deep,57,1620,0.45749440715883677,True,3.0,1.0,1.0,540.0,0.45749440715883677,0.012177516631492214,0.012177516631492215,0.9733821519106258,1.0,0.4453168905273446,0.4453168905273446,politics,politics,1.0,0.0,1.0,1.0,1.0,1.0,True
0,weighted,C_deep,58,1620,0.904642409033877,True,8.0,3.0,2.625,202.5,0.904642409033877,0.17538273935650495,0.2427994069047062,0.7316073130332166,4.0,0.27215580883909746,0.5340064846573165,orientation,"age, gender, orientation, politics",4.0,0.0,4.0,1.0,1.0,1.0,True
0,weighted,C_deep,59,1620,0.7210584343991179,True,15.0,3.0,2.6,108.0,0.7210584343991179,0.18033052714784553,0.11489761675138979,0.8406542226398921,7.0,0.3493386985352367,0.5141842162752432,politics,"age, education, gender, politics",4.0,0.0,4.0,1.0,1.0,1.0,True
0,weighted,C_deep,60,1620,0.5422177009155646,True,17.0,3.0,2.7058823529411766,95.29411764705883,0.5422177009155646,0.20609119357402,0.13638867342359579,0.7484614146803102,8.0,0.3137428940952749,0.2858730356084175,age,"age, gender, politics",3.0,0.0,4.0,0.75,1.0,0.75,False
0,weighted,C_deep,61,1620,0.6560509554140127,True,13.0,3.0,2.6153846153846154,124.61538461538461,0.6560509554140127,0.06751581169023001,0.11426849693688658,0.8258237473874641,6.0,0.3028868748014713,0.39346190527394903,education,"education, gender, politics",3.0,0.0,3.0,1.0,1.0,1.0,True
0,weighted,C_deep,62,1620,0.0,False,,,,,,,,,,,,,,,,,,,,
0,weighted,C_deep,63,1620,0.49336057201225747,True,3.0,1.0,1.0,540.0,0.49336057201225747,0.04332942776544151,0.04332942776544151,0.9121749279868173,1.0,0.45003114424681595,0.45003114424681595,gender,gender,1.0,0.0,2.0,0.5,1.0,0.5,False
0,weighted,C_deep,64,1620,0.5971074380165289,True,3.0,1.0,1.0,540.0,0.5971074380165289,0.07159195539733133,0.07159195539733135,0.8801020539366492,1.0,0.5255154826191976,0.5255154826191976,education,education,1.0,0.0,4.0,0.25,1.0,0.25,False
0,weighted,C_deep,65,1620,0.619198312236287,True,11.0,3.0,2.4545454545454546,147.27272727272728,0.619198312236287,0.21724706272290967,0.15905470194730395,0.7431280111651719,5.0,0.3058177063698855,0.40239885985301177,education,"age, education, gender",3.0,0.0,4.0,0.75,1.0,0.75,False
0,weighted,C_deep,66,1620,0.7422934648581996,True,2.0,1.0,1.0,810.0,0.7422934648581996,0.0810405795350523,0.08104057953505231,0.890824069762579,1.0,0.6612528853231473,0.6612528853231473,orientation,orientation,1.0,0.0,2.0,0.5,1.0,0.5,False
0,weighted,C_deep,67,1620,0.965736040609137,True,12.0,3.0,2.75,135.0,0.965736040609137,0.09459504070856879,0.07991223100788566,0.917252512438615,6.0,0.28208487307480085,0.6031285112409009,orientation,"age, gender, orientation, politics",4.0,0.0,4.0,1.0,1.0,1.0,True
0,weighted,C_deep,68,1620,0.44900497512437815,True,3.0,1.0,1.0,540.0,0.44900497512437815,0.02997349078202193,0.029973490782021935,0.9332446354882392,1.0,0.4190314843423562,0.4190314843423562,politics,politics,1.0,0.0,1.0,1.0,1.0,1.0,True
0,weighted,C_deep,69,1620,0.0,False,,,,,,,,,,,,,,,,,,,,
0,weighted,C_deep,70,1620,0.5200823892893923,True,12.0,3.0,2.6666666666666665,135.0,0.5200823892893923,0.12318913523621348,0.09158200118210574,0.8239086670340106,7.0,0.2803541808428183,0.24021292945745565,gender,"gender, orientation, politics",3.0,0.0,3.0,1.0,1.0,1.0,True
0,weighted,C_deep,71,1620,0.6590389016018307,True,5.0,2.0,1.6,324.0,0.6590389016018307,0.143166695133138,0.1212842642273714,0.8159679740716621,2.0,0.29329467756276556,0.5499633168122272,gender,"education, gender",2.0,0.0,2.0,1.0,1.0,1.0,True
0,weighted,C_deep,72,1620,0.6403508771929824,True,9.0,3.0,2.4444444444444446,180.0,0.6403508771929824,0.2517771509780026,0.2262454965138028,0.6466851150332394,5.0,0.21476876412593163,0.37426754390846606,gender,"age, gender, orientation",3.0,0.0,4.0,0.75,1.0,0.75,False
0,weighted,C_deep,73,1620,0.5150631681243927,True,8.0,3.0,2.625,202.5,0.5150631681243927,0.13397531579592478,0.11265885997041783,0.7812717605480002,4.0,0.3502219135922055,0.13195984618985435,orientation,"age, orientation, politics",3.0,0.0,4.0,0.75,1.0,0.75,False
0,weighted,C_deep,74,1620,0.6209424083769634,True,7.0,3.0,2.142857142857143,231.42857142857142,0.6209424083769634,0.15196995814430686,0.22428401767172307,0.6388006123499232,3.0,0.2779313455874965,0.2939685028727327,politics,"age, gender, politics",3.0,0.0,4.0,0.75,1.0,0.75,False
0,weighted,C_deep,75,1620,0.5691382765531062,True,3.0,1.0,1.0,540.0,0.5691382765531062,0.10929010833469432,0.10929010833469432,0.8079726617640406,1.0,0.4598481682184119,0.4598481682184119,age,age,1.0,0.0,2.0,0.5,1.0,0.5,False
0,weighted,C_deep,76,1620,0.9390088945362135,True,10.0,3.0,2.6,162.0,0.9390088945362135,0.18865675449204042,0.1391559517285684,0.8518055020157195,5.0,0.3540364354651788,0.6294127427482694,orientation,"education, orientation, politics",3.0,0.0,4.0,0.75,1.0,0.75,False
0,weighted,C_deep,77,1620,0.5403543307086613,True,3.0,1.0,1.0,540.0,0.5403543307086613,0.037896201696958794,0.0378962016969588,0.9298678671691982,1.0,0.5024581290117025,0.5024581290117025,age,age,1.0,0.0,2.0,0.5,1.0,0.5,False
0,weighted,C_deep,78,1620,0.5721925133689839,True,9.0,3.0,2.2222222222222223,180.0,0.5721925133689839,0.305474413332482,0.20753939009160544,0.637290972456727,4.0,0.16534609164429925,0.41586511948199556,politics,"age, gender, politics",3.0,2.0,3.0,1.0,1.0,1.0,True
0,weighted,C_deep,79,1620,0.4577259475218659,True,5.0,2.0,1.6,324.0,0.4577259475218659,0.1368916624096011,0.13479258306393915,0.7055168408220946,2.0,0.1872791459123036,0.33583959629959687,education,"education, politics",2.0,0.0,2.0,1.0,1.0,1.0,True
0,weighted,C_deep,80,1620,0.6841530054644809,True,11.0,3.0,2.4545454545454546,147.27272727272728,0.6841530054644809,0.23592129846788606,0.13310568155503438,0.8054445708900057,5.0,0.27013700492735404,0.5278486885240946,politics,"education, gender, politics",3.0,0.0,4.0,0.75,1.0,0.75,False
0,weighted,C_deep,81,1620,0.4246068455134135,True,13.0,3.0,2.6153846153846154,124.61538461538461,0.4246068455134135,0.2739946936810821,0.1630997585162688,0.6158805251501382,6.0,0.20760431552691014,0.21702833256094123,politics,"age, gender, politics",3.0,0.0,3.0,1.0,1.0,1.0,True
0,weighted,C_deep,82,1620,0.7381489841986455,True,6.0,3.0,2.0,270.0,0.7381489841986455,0.21639510553225624,0.2365024143751093,0.679600704684485,3.0,0.3970738200672132,0.47298209135986097,age,"age, orientation, politics",3.0,0.0,4.0,0.75,1.0,0.75,False
0,weighted,C_deep,83,1620,0.47058823529411764,True,3.0,1.0,1.0,540.0,0.47058823529411764,0.07344028333868126,0.07344028333868124,0.8439393979053024,1.0,0.3971479519554364,0.3971479519554364,age,age,1.0,0.0,2.0,0.5,1.0,0.5,False
0,weighted,C_deep,84,1620,0.7011884550084889,True,2.0,1.0,1.0,810.0,0.7011884550084889,0.0009999999999999979,0.0009999999999999979,0.9985738498789346,1.0,0.7001884550084889,0.7001884550084889,orientation,orientation,1.0,0.0,1.0,1.0,1.0,1.0,True
0,weighted,C_deep,85,1620,0.7403726708074534,True,9.0,2.0,2.0,180.0,0.7403726708074534,0.27756854970936284,0.27756854970936284,0.6250961702751056,4.0,0.18670730851185194,0.5338103993354198,education,"age, education",2.0,0.0,2.0,1.0,1.0,1.0,True
0,weighted,C_deep,86,1620,0.50390625,True,4.0,2.0,1.5,405.0,0.50390625,0.1902592353487808,0.16204080315974448,0.6784306541946157,2.0,0.2130326074424858,0.3629153888514346,gender,"gender, orientation",2.0,0.0,3.0,0.6666666666666666,1.0,0.6666666666666666,False
0,weighted,C_deep,87,1620,0.7853736089030205,True,2.0,1.0,1.0,810.0,0.7853736089030205,0.017059697635353414,0.017059697635353414,0.9782782392456735,1.0,0.7683139112676671,0.7683139112676671,orientation,orientation,1.0,0.0,1.0,1.0,1.0,1.0,True
0,weighted,C_deep,88,1620,0.5674846625766872,True,2.0,1.0,1.0,810.0,0.5674846625766872,0.2890866777252359,0.2890866777252359,0.49058239492742217,1.0,0.2783979848514513,0.2783979848514513,orientation,orientation,1.0,0.0,4.0,0.25,1.0,0.25,False
0,weighted,C_deep,89,1620,0.5982905982905984,True,9.0,3.0,2.4444444444444446,180.0,0.5982905982905984,0.23135421688634572,0.21678259349242227,0.6376633794483799,5.0,0.33406284643451895,0.27054241958727515,age,"age, orientation, politics",3.0,0.0,4.0,0.75,1.0,0.75,False
0,weighted,C_deep,90,1620,0.0,False,,,,,,,,,,,,,,,,,,,,
0,weighted,C_deep,91,1620,0.0,False,,,,,,,,,,,,,,,,,,,,
0,weighted,C_deep,92,1620,0.6681127982646422,True,12.0,3.0,2.6666666666666665,135.0,0.6681127982646422,0.24074123141802692,0.17462920361947126,0.7386231725046226,7.0,0.32985277590746387,0.3655851210582278,gender,"age, gender, orientation",3.0,0.0,4.0,0.75,1.0,0.75,False
0,weighted,C_deep,93,1620,0.46788990825688076,True,3.0,1.0,1.0,540.0,0.46788990825688076,0.005522457663756604,0.005522457663756605,0.9881971002872653,1.0,0.4623674505931242,0.4623674505931242,age,age,1.0,0.0,1.0,1.0,1.0,1.0,True
0,weighted,C_deep,94,1620,0.638477801268499,True,10.0,3.0,2.5,162.0,0.638477801268499,0.27617342652249255,0.21058764664251423,0.6701723282718237,6.0,0.14371524766768154,0.479244700468035,age,"age, gender, orientation",3.0,0.0,3.0,1.0,1.0,1.0,True
0,weighted,C_deep,95,1620,0.5441906653426017,True,3.0,1.0,1.0,540.0,0.5441906653426017,0.03345625075912994,0.033456250759129946,0.9385210866524747,1.0,0.5107344145834718,0.5107344145834718,education,education,1.0,0.0,4.0,0.25,1.0,0.25,False
0,weighted,C_deep,96,1620,0.0,False,,,,,,,,,,,,,,,,,,,,
0,weighted,C_deep,97,1620,0.6500553709856035,True,15.0,3.0,2.6666666666666665,108.0,0.6500553709856035,0.23597510883726316,0.19576467795760766,0.6988492262423855,8.0,0.28570865266836326,0.367169499917034,education,"age, education, orientation, politics",4.0,0.0,4.0,1.0,1.0,1.0,True
0,weighted,C_deep,98,1620,0.7615112160566706,True,7.0,2.0,2.0,231.42857142857142,0.7615112160566706,0.2400023681972094,0.2562500752864358,0.6634979631509905,4.0,0.17568865542777756,0.5546345110054537,gender,"age, gender, orientation",3.0,0.0,3.0,1.0,1.0,1.0,True
0,weighted,C_deep,99,1620,0.37154696132596676,True,3.0,1.0,1.0,540.0,0.37154696132596676,0.024555938212774395,0.024555938212774395,0.9339089246615291,1.0,0.34699102311319235,0.34699102311319235,politics,politics,1.0,0.0,1.0,1.0,1.0,1.0,True
0,min,A_default,0,1620,0.8257756563245824,True,6.0,3.0,2.3333333333333335,270.0,0.8257756563245824,0.17677381251278443,0.12701474802911317,0.8461873427046289,3.0,0.3336487346488284,0.7590162682856394,orientation,"education, orientation, politics",3.0,0.0,2.0,0.6666666666666666,0.6666666666666666,1.0,False
0,min,A_default,1,1620,0.0,False,,,,,,,,,,,,,,,,,,,,
0,min,A_default,2,1620,0.46395939086294413,True,15.0,3.0,2.6,108.0,0.46395939086294413,0.4147149077390752,0.2835809939217099,0.38878057108778064,7.0,0.2087530939973817,0.3369386056435446,age,"age, education, gender",3.0,1.0,2.0,0.6666666666666666,0.6666666666666666,1.0,False
0,min,A_default,3,1620,0.0,False,,,,,,,,,,,,,,,,,,,,
0,min,A_default,4,1620,0.4791666666666667,True,13.0,3.0,2.6153846153846154,124.61538461538461,0.4791666666666667,0.23868927847162286,0.18015376575304057,0.6240269236458285,8.0,0.29190596197014873,0.3569444444444445,gender,"age, gender, orientation",3.0,0.0,3.0,1.0,1.0,1.0,True
0,min,A_default,5,1620,0.9515923566878982,True,14.0,3.0,2.7142857142857144,115.71428571428571,0.9515923566878982,0.11197525862395792,0.0914178552215444,0.9039317050215363,9.0,0.6132790896879995,0.7566382282475312,education,"education, gender, orientation",3.0,0.0,3.0,1.0,1.0,1.0,True
0,min,A_default,6,1620,0.6577540106951871,True,11.0,3.0,2.4545454545454546,147.27272727272728,0.6577540106951871,0.23783414856618268,0.1303381714084115,0.8018435930620085,5.0,0.44504283118937094,0.5579663249202402,gender,"age, education, gender, politics",4.0,0.0,4.0,1.0,1.0,1.0,True
0,min,A_default,7,1620,0.7102085620197586,True,19.0,3.0,2.789473684210526,85.26315789473684,0.7102085620197586,0.0648268014238802,0.04824451571917098,0.93206993227177,9.0,0.5400426346835607,0.597682022741627,gender,"education, gender, politics",3.0,0.0,3.0,1.0,1.0,1.0,True
0,min,A_default,8,1620,0.41862652869238004,True,9.0,3.0,2.4444444444444446,180.0,0.41862652869238004,0.2684998008584306,0.11984804480992928,0.7137112997012252,4.0,0.27359466575808566,0.37206782423893875,age,"age, education, gender",3.0,0.0,3.0,1.0,1.0,1.0,True
0,min,A_default,9,1620,0.7864583333333333,True,15.0,3.0,2.7333333333333334,108.0,0.7864583333333333,0.47499695806372383,0.29655939850010526,0.6229178509137734,7.0,0.29847900704890895,0.6867016423357664,age,"age, education, gender, politics",4.0,0.0,2.0,0.5,0.5,1.0,False
0,min,A_default,10,1620,0.48866995073891617,True,11.0,3.0,2.4545454545454546,147.27272727272728,0.48866995073891617,0.3169213519083067,0.20462079509504705,0.5812699455212242,5.0,0.21443660849402096,0.39498803352758716,politics,"age, education, gender, politics",4.0,0.0,2.0,0.5,0.5,1.0,False
0,min,A_default,11,1620,0.8140643623361143,True,18.0,3.0,2.8333333333333335,90.0,0.8140643623361143,0.27165737277919666,0.2317058421424779,0.7153715936200015,10.0,0.46318252319125347,0.6676112730912631,education,"age, education, orientation, politics",4.0,0.0,4.0,1.0,1.0,1.0,True
0,min,A_default,12,1620,0.7925925925925926,True,13.0,3.0,2.6923076923076925,124.61538461538461,0.7925925925925926,0.44795347694668447,0.2893366958222324,0.6349490286355012,7.0,0.2771233263070663,0.7019124918369251,age,"age, education, gender, orientation, politics",5.0,0.0,2.0,0.4,0.4,1.0,False
0,min,A_default,13,1620,0.4820717131474103,True,3.0,1.0,1.0,540.0,0.4820717131474103,0.00539415261004839,0.00539415261004839,0.9888104768171724,1.0,0.4800717131474103,0.4800717131474103,gender,gender,1.0,0.0,1.0,1.0,1.0,1.0,True
0,min,A_default,14,1620,0.4281437125748503,True,3.0,1.0,1.0,540.0,0.4281437125748503,0.050212652844231785,0.05021265284423179,0.8827200975526335,1.0,0.4114770459081836,0.4114770459081836,education,education,1.0,0.0,1.0,1.0,1.0,1.0,True
0,min,A_default,15,1620,0.5488418932527694,True,3.0,1.0,1.0,540.0,0.5488418932527694,0.06539891669608651,0.06539891669608651,0.8808419737996075,1.0,0.49686684127771746,0.49686684127771746,age,age,1.0,0.0,3.0,0.3333333333333333,1.0,0.3333333333333333,False
0,min,A_default,16,1620,0.4559426229508196,True,9.0,3.0,2.4444444444444446,180.0,0.4559426229508196,0.11685786914408748,0.06589064381434764,0.8554847901959476,4.0,0.14833487620875763,0.4284002500694637,age,"age, education, gender",3.0,0.0,2.0,0.6666666666666666,0.6666666666666666,1.0,False
0,min,A_default,17,1620,0.9471649484536082,True,14.0,3.0,2.7857142857142856,115.71428571428571,0.9471649484536082,0.06770337643886727,0.05799751522585967,0.9387672492309291,9.0,0.63055954586343,0.7514608911743719,politics,"age, orientation, politics",3.0,0.0,3.0,1.0,1.0,1.0,True
0,min,A_default,18,1620,0.012552301255230125,False,,,,,,,,,,,,,,,,,,,,
0,min,A_default,19,1620,0.5195195195195196,True,3.0,1.0,1.0,540.0,0.5195195195195196,0.0396185784222594,0.03961857842225941,0.9237399617652463,1.0,0.48475469334365046,0.48475469334365046,age,age,1.0,0.0,2.0,0.5,1.0,0.5,False
0,min,A_default,20,1620,0.6688632619439868,True,2.0,1.0,1.0,810.0,0.6688632619439868,0.018433750599091824,0.018433750599091824,0.9724401807545597,1.0,0.6591356354848429,0.6591356354848429,orientation,orientation,1.0,0.0,1.0,1.0,1.0,1.0,True
0,min,A_default,21,1620,0.0,False,,,,,,,,,,,,,,,,,,,,
0,min,A_default,22,1620,0.632183908045977,True,12.0,3.0,2.75,135.0,0.632183908045977,0.40643463470810026,0.27283817193406246,0.5684196189406648,6.0,0.3206753159700271,0.46233988724874997,orientation,"age, education, gender, orientation, politics",5.0,0.0,2.0,0.4,0.4,1.0,False
0,min,A_default,23,1620,0.9327521793275219,True,17.0,3.0,2.764705882352941,95.29411764705883,0.9327521793275219,0.3623446697145325,0.26608822422933054,0.7147278450518659,9.0,0.46612356696994134,0.8163728689826942,politics,"education, gender, orientation, politics",4.0,0.0,4.0,1.0,1.0,1.0,True
0,min,A_default,24,1620,0.6654991243432574,True,2.0,1.0,1.0,810.0,0.6654991243432574,0.02423561547272888,0.02423561547272888,0.9635827988554522,1.0,0.6469424233123295,0.6469424233123295,orientation,orientation,1.0,0.0,1.0,1.0,1.0,1.0,True
0,min,A_default,25,1620,0.6518847006651886,True,6.0,2.0,2.0,270.0,0.6518847006651886,0.3628380239948734,0.3628380239948734,0.44340153462010923,3.0,0.3956570217417457,0.4406847006651885,orientation,"orientation, politics",2.0,0.0,2.0,1.0,1.0,1.0,True
0,min,A_default,26,1620,0.5483119906868452,True,12.0,3.0,2.75,135.0,0.5483119906868452,0.28194164372588965,0.19496539793144013,0.6444261638575222,7.0,0.17297435649972062,0.43833756613441555,education,"age, education, gender, orientation",4.0,1.0,2.0,0.5,0.5,1.0,False
0,min,A_default,27,1620,0.46264367816091956,True,3.0,1.0,1.0,540.0,0.46264367816091956,0.014224523420259145,0.014224523420259145,0.9692538251537256,1.0,0.4587066702869038,0.4587066702869038,gender,gender,1.0,0.0,2.0,0.5,1.0,0.5,False
0,min,A_default,28,1620,0.4380630630630631,True,13.0,3.0,2.6153846153846154,124.61538461538461,0.4380630630630631,0.3093397781855502,0.17236852522814747,0.6065212071912727,6.0,0.23265330414588314,0.3783228033228033,politics,"age, gender, politics",3.0,0.0,2.0,0.6666666666666666,0.6666666666666666,1.0,False
0,min,A_default,29,1620,0.5747508305647839,True,6.0,3.0,2.1666666666666665,270.0,0.5747508305647839,0.14383436049195242,0.09183263782403994,0.8402218266760924,3.0,0.24248460651565562,0.5169730527870061,age,"age, gender, orientation",3.0,0.0,2.0,0.6666666666666666,0.6666666666666666,1.0,False
0,min,A_default,30,1620,0.0,False,,,,,,,,,,,,,,,,,,,,
0,min,A_default,31,1620,0.7924970691676436,True,14.0,3.0,2.7142857142857144,115.71428571428571,0.7924970691676436,0.2567103919897192,0.20805898448746427,0.7374640328878594,9.0,0.500730625631284,0.6051434391910628,politics,"education, orientation, politics",3.0,0.0,4.0,0.75,1.0,0.75,False
0,min,A_default,32,1620,0.0,False,,,,,,,,,,,,,,,,,,,,
0,min,A_default,33,1620,0.0,False,,,,,,,,,,,,,,,,,,,,
0,min,A_default,34,1620,0.4519774011299435,True,14.0,3.0,2.857142857142857,115.71428571428571,0.4519774011299435,0.20681759991584642,0.17306472161769587,0.6170943034208478,7.0,0.3319441041793651,0.26987863569784476,orientation,"gender, orientation, politics",3.0,0.0,4.0,0.75,1.0,0.75,False
0,min,A_default,35,1620,0.7803203661327232,True,14.0,3.0,2.7142857142857144,115.71428571428571,0.7803203661327232,0.17762074112277598,0.1394415201153759,0.8213022161571283,9.0,0.4736112669260682,0.5780215155580105,education,"education, orientation, politics",3.0,0.0,4.0,0.75,1.0,0.75,False
0,min,A_default,36,1620,0.0,False,,,,,,,,,,,,,,,,,,,,
0,min,A_default,37,1620,0.525172754195459,True,12.0,3.0,2.75,135.0,0.525172754195459,0.06523398944699005,0.0486896738021499,0.9072882715007935,6.0,0.46267279319107585,0.3970795955346147,orientation,"education, gender, orientation",3.0,0.0,3.0,1.0,1.0,1.0,True
0,min,A_default,38,1620,0.8562783661119516,True,2.0,1.0,1.0,810.0,0.8562783661119516,0.02001716872171063,0.02001716872171063,0.97662305914302,1.0,0.8394998426220187,0.8394998426220187,orientation,orientation,1.0,0.0,1.0,1.0,1.0,1.0,True
0,min,A_default,39,1620,0.34873323397913575,True,3.0,1.0,1.0,540.0,0.34873323397913575,0.04481805612949388,0.04481805612949389,0.8714832663979043,1.0,0.32622519539392675,0.32622519539392675,education,education,1.0,0.0,1.0,1.0,1.0,1.0,True
0,min,A_default,40,1620,0.4756335282651073,True,12.0,3.0,2.6666666666666665,135.0,0.4756335282651073,0.2036248745766485,0.1407183194237648,0.7041455005557733,7.0,0.32612179269265285,0.36159844054580903,age,"age, gender, orientation",3.0,0.0,3.0,1.0,1.0,1.0,True
0,min,A_default,41,1620,0.30535455861070915,True,3.0,1.0,1.0,540.0,0.30535455861070915,0.01905804818260363,0.01905804818260363,0.937587150264554,1.0,0.30535455861070915,0.30535455861070915,age,age,1.0,0.0,1.0,1.0,1.0,1.0,True
0,min,A_default,42,1620,0.6031088082901555,True,15.0,3.0,2.6,108.0,0.6031088082901555,0.21168314938404498,0.1232320250750199,0.7956719859151302,7.0,0.47944118138274744,0.4417451719265191,education,"age, education, gender",3.0,0.0,3.0,1.0,1.0,1.0,True
0,min,A_default,43,1620,0.836283185840708,True,18.0,3.0,2.7777777777777777,90.0,0.836283185840708,0.44675090022502406,0.32227714656172624,0.614631560196031,9.0,0.3248745560841019,0.700781830827158,education,"age, education, gender, orientation, politics",5.0,2.0,2.0,0.4,0.4,1.0,False
0,min,A_default,44,1620,0.4815983175604627,True,3.0,1.0,1.0,540.0,0.4815983175604627,0.0164078707499615,0.016407870749961497,0.9659303819143813,1.0,0.4686950917540111,0.4686950917540111,age,age,1.0,0.0,1.0,1.0,1.0,1.0,True
0,min,A_default,45,1620,0.9045287637698899,True,12.0,3.0,2.75,135.0,0.9045287637698899,0.17893502555425111,0.12408090475105114,0.8628225992129787,7.0,0.4902761669390574,0.7713409908441258,gender,"gender, orientation, politics",3.0,0.0,4.0,0.75,1.0,0.75,False
0,min,A_default,46,1620,0.6495535714285715,True,10.0,3.0,2.6,162.0,0.6495535714285715,0.5255179824710554,0.39329338352277515,0.39451740268658675,5.0,0.3442098806982338,0.4737293956043957,orientation,"age, orientation, politics",3.0,0.0,2.0,0.6666666666666666,0.6666666666666666,1.0,False
0,min,A_default,47,1620,0.8123425692695213,True,8.0,3.0,2.625,202.5,0.8123425692695213,0.15929545183950428,0.08910991318981624,0.8903050060888154,4.0,0.2547349846264998,0.7750932856018995,orientation,"age, education, orientation, politics",4.0,0.0,2.0,0.5,0.5,1.0,False
0,min,A_default,48,1620,0.4053691275167786,True,3.0,1.0,1.0,540.0,0.4053691275167786,0.01709864726413061,0.01709864726413061,0.957819562212658,1.0,0.3968945512455922,0.3968945512455922,education,education,1.0,0.0,1.0,1.0,1.0,1.0,True
0,min,A_default,49,1620,0.0,False,,,,,,,,,,,,,,,,,,,,
0,min,A_default,50,1620,0.0,False,,,,,,,,,,,,,,,,,,,,
0,min,A_default,51,1620,0.4403778040141677,True,3.0,1.0,1.0,540.0,0.4403778040141677,0.0163718878036853,0.016371887803685304,0.9628230858720604,1.0,0.42790897608399314,0.42790897608399314,education,education,1.0,0.0,1.0,1.0,1.0,1.0,True
0,min,A_default,52,1620,0.46135831381733033,True,3.0,1.0,1.0,540.0,0.46135831381733033,0.023113586479668945,0.023113586479668945,0.9499010079856922,1.0,0.4442014510722323,0.4442014510722323,education,education,1.0,0.0,1.0,1.0,1.0,1.0,True
0,min,A_default,53,1620,0.5161923454367027,True,6.0,3.0,2.1666666666666665,270.0,0.5161923454367027,0.2620891818576135,0.13901705795738137,0.7306874865806623,3.0,0.30774962957172886,0.43180415978269426,gender,"education, gender, orientation",3.0,0.0,3.0,1.0,1.0,1.0,True
0,min,A_default,54,1620,0.3864864864864865,True,3.0,1.0,1.0,540.0,0.3864864864864865,0.06040493814275976,0.06040493814275977,0.8437075027075447,1.0,0.328735726608067,0.328735726608067,politics,politics,1.0,0.0,1.0,1.0,1.0,1.0,True
0,min,A_default,55,1620,0.7036585365853658,True,14.0,3.0,2.7142857142857144,115.71428571428571,0.7036585365853658,0.2659922950446284,0.1781364314825838,0.7468425063852362,7.0,0.20690634815710104,0.6241130820399112,gender,"age, education, gender, orientation, politics",5.0,0.0,2.0,0.4,0.4,1.0,False
0,min,A_default,56,1620,0.7815126050420168,True,19.0,3.0,2.789473684210526,85.26315789473684,0.7815126050420168,0.1528883535874547,0.11583559362223966,0.851780261924231,9.0,0.5347345919791316,0.653658723763478,education,"age, education, gender",3.0,0.0,3.0,1.0,1.0,1.0,True
0,min,A_default,57,1620,0.5473041709053916,True,3.0,1.0,1.0,540.0,0.5473041709053916,0.03286299098719657,0.032862990987196576,0.9399547952780405,1.0,0.5333876699113559,0.5333876699113559,age,age,1.0,0.0,2.0,0.5,1.0,0.5,False
0,min,A_default,58,1620,0.3402061855670103,True,3.0,1.0,1.0,540.0,0.3402061855670103,0.04924019532966583,0.04924019532966583,0.8552636682734065,1.0,0.2977351430959678,0.2977351430959678,gender,gender,1.0,0.0,1.0,1.0,1.0,1.0,True
0,min,A_default,59,1620,0.9553903345724907,True,15.0,3.0,2.7333333333333334,108.0,0.9553903345724907,0.2927639502181324,0.18958266594610051,0.8015652251381282,7.0,0.6974612161845241,0.8644812436633997,education,"age, education, gender",3.0,0.0,4.0,0.75,1.0,0.75,False
0,min,A_default,60,1620,0.9558080808080809,True,13.0,3.0,2.769230769230769,124.61538461538461,0.9558080808080809,0.17776036387491864,0.1451377619349863,0.8481517735105559,8.0,0.49134241722177135,0.7796067078103692,education,"education, orientation, politics",3.0,0.0,4.0,0.75,1.0,0.75,False
0,min,A_default,61,1620,0.43383947939262474,True,9.0,3.0,2.4444444444444446,180.0,0.43383947939262474,0.2803434061723436,0.14679403958398463,0.6616397387589155,4.0,0.20802977074855905,0.353547508589705,age,"age, education, politics",3.0,0.0,2.0,0.6666666666666666,0.6666666666666666,1.0,False
0,min,A_default,62,1620,0.0,False,,,,,,,,,,,,,,,,,,,,
0,min,A_default,63,1620,0.6780575539568344,True,2.0,1.0,1.0,810.0,0.6780575539568344,0.04882773539489958,0.04882773539489958,0.9279888040329862,1.0,0.6614255373248178,0.6614255373248178,orientation,orientation,1.0,0.0,1.0,1.0,1.0,1.0,True
0,min,A_default,64,1620,0.7222222222222222,True,19.0,3.0,2.789473684210526,85.26315789473684,0.7222222222222222,0.043646738681846944,0.03460615469811023,0.9520837858026167,9.0,0.5291252883004357,0.5713213213213213,gender,"age, gender, politics",3.0,0.0,3.0,1.0,1.0,1.0,True
0,min,A_default,65,1620,0.5117707267144319,True,3.0,1.0,1.0,540.0,0.5117707267144319,0.027947564364069487,0.027947564364069487,0.9453904592326082,1.0,0.4930597080034132,0.4930597080034132,gender,gender,1.0,0.0,2.0,0.5,1.0,0.5,False
0,min,A_default,66,1620,0.4890738813735692,True,10.0,3.0,2.5,162.0,0.4890738813735692,0.28091783118783786,0.18468904914722895,0.6223698378074745,6.0,0.24724137954843983,0.40574054804023585,age,"age, education, orientation",3.0,1.0,3.0,1.0,1.0,1.0,True
0,min,A_default,67,1620,0.6488222698072805,True,19.0,3.0,2.789473684210526,85.26315789473684,0.6488222698072805,0.14136991637072524,0.10260287483345336,0.8418628958837534,9.0,0.34910222112665884,0.48447041795542867,education,"age, education, politics",3.0,0.0,4.0,0.75,1.0,0.75,False
0,min,A_default,68,1620,0.9654731457800512,True,12.0,3.0,2.75,135.0,0.9654731457800512,0.18789875129329656,0.12965117084662137,0.8657122972158173,6.0,0.4155682462502505,0.7822433321154549,orientation,"gender, orientation, politics",3.0,0.0,3.0,1.0,1.0,1.0,True
0,min,A_default,69,1620,0.7877237851662404,True,19.0,3.0,2.789473684210526,85.26315789473684,0.7877237851662404,0.4598957440426825,0.326305034716721,0.585762115018708,9.0,0.25388021824676416,0.6755519474574099,education,"age, education, gender, politics",4.0,1.0,2.0,0.5,0.5,1.0,False
0,min,A_default,70,1620,0.8309859154929577,True,12.0,3.0,2.75,135.0,0.8309859154929577,0.17498723975147298,0.12271826563621364,0.8523220871157429,6.0,0.42911879336822095,0.6110197564405042,orientation,"education, gender, orientation",3.0,0.0,3.0,1.0,1.0,1.0,True
0,min,A_default,71,1620,0.8105882352941177,True,12.0,3.0,2.75,135.0,0.8105882352941177,0.16861841004408432,0.12264866014509963,0.848691783565552,6.0,0.4993629750821696,0.5717347321094044,orientation,"education, orientation, politics",3.0,0.0,4.0,0.75,1.0,0.75,False
0,min,A_default,72,1620,0.8315068493150686,True,19.0,3.0,2.789473684210526,85.26315789473684,0.8315068493150686,0.5024962343379723,0.3563435988869054,0.5714483901360117,9.0,0.2986991797766998,0.6963717141799335,education,"age, education, gender, politics",4.0,3.0,2.0,0.5,0.5,1.0,False
0,min,A_default,73,1620,0.5791855203619909,True,10.0,3.0,2.6,162.0,0.5791855203619909,0.37732165852966854,0.27415121024545513,0.5266608010605813,6.0,0.20715513938367225,0.4272867861847757,gender,"age, gender, orientation, politics",4.0,0.0,2.0,0.5,0.5,1.0,False
0,min,A_default,74,1620,0.48653846153846153,True,3.0,1.0,1.0,540.0,0.48653846153846153,0.007101235384735965,0.007101235384735966,0.9854045754938233,1.0,0.48264741095480396,0.48264741095480396,politics,politics,1.0,0.0,1.0,1.0,1.0,1.0,True
0,min,A_default,75,1620,0.0,False,,,,,,,,,,,,,,,,,,,,
0,min,A_default,76,1620,0.6506172839506172,True,15.0,3.0,2.7333333333333334,108.0,0.6506172839506172,0.1972608094654461,0.11962422835712977,0.8161373340241459,7.0,0.18760744104490498,0.627838240670435,politics,"age, education, gender, politics",4.0,0.0,2.0,0.5,0.5,1.0,False
0,min,A_default,77,1620,0.34790209790209786,True,17.0,3.0,2.7058823529411766,95.29411764705883,0.34790209790209786,0.10380859265594218,0.07098131604359313,0.7959733026284659,8.0,0.3720874708131688,0.2307654384660892,politics,"education, gender, politics",3.0,0.0,3.0,1.0,1.0,1.0,True
0,min,A_default,78,1620,0.834793491864831,True,12.0,3.0,2.75,135.0,0.834793491864831,0.15284175448641518,0.10910491646053999,0.8693031060690083,6.0,0.4325545494356174,0.5960622731670013,orientation,"age, orientation, politics",3.0,0.0,3.0,1.0,1.0,1.0,True
0,min,A_default,79,1620,0.0,False,,,,,,,,,,,,,,,,,,,,
0,min,A_default,80,1620,0.48233046800382046,True,3.0,1.0,1.0,540.0,0.48233046800382046,0.0070877971622576195,0.007087797162257619,0.9853051017249828,1.0,0.47652776007345293,0.47652776007345293,education,education,1.0,0.0,2.0,0.5,1.0,0.5,False
0,min,A_default,81,1620,0.7101669195751139,True,15.0,3.0,2.6666666666666665,108.0,0.7101669195751139,0.3710257476999558,0.28913408236104987,0.5928646147950174,8.0,0.2316970247516503,0.5794851013932958,gender,"age, education, gender, orientation, politics",5.0,0.0,2.0,0.4,0.4,1.0,False
0,min,A_default,82,1620,0.459,True,6.0,3.0,2.0,270.0,0.459,0.21069484148760356,0.14082785669494832,0.6931854973966267,3.0,0.2271822423096329,0.37366083150984686,age,"age, education, orientation",3.0,0.0,2.0,0.6666666666666666,0.6666666666666666,1.0,False
0,min,A_default,83,1620,0.6483632523759238,True,12.0,3.0,2.75,135.0,0.6483632523759238,0.32855059713000173,0.22032907254884154,0.6601764955964935,7.0,0.3721932087096205,0.4400299190425905,politics,"gender, orientation, politics",3.0,0.0,4.0,0.75,1.0,0.75,False
0,min,A_default,84,1620,0.594559585492228,True,10.0,3.0,2.6,162.0,0.594559585492228,0.4015922395793461,0.3001979261525692,0.495091941198729,5.0,0.30752422535594487,0.4227693504108536,orientation,"education, gender, orientation, politics",4.0,0.0,2.0,0.5,0.5,1.0,False
0,min,A_default,85,1620,0.8639760837070255,True,2.0,1.0,1.0,810.0,0.8639760837070255,0.01533462367621835,0.01533462367621835,0.9822511016619548,1.0,0.8574614257265695,0.8574614257265695,orientation,orientation,1.0,0.0,1.0,1.0,1.0,1.0,True
0,min,A_default,86,1620,0.9471698113207546,True,12.0,3.0,2.75,135.0,0.9471698113207546,0.1303563971816639,0.08945543229055346,0.9055550216852722,7.0,0.4563317515327653,0.7134348715617185,age,"age, gender, orientation",3.0,0.0,4.0,0.75,1.0,0.75,False
0,min,A_default,87,1620,0.537590113285273,True,9.0,3.0,2.5555555555555554,180.0,0.537590113285273,0.18836031779550882,0.11774629156852379,0.7809738522738763,5.0,0.17271944584551996,0.46199616080147166,education,"age, education, orientation, politics",4.0,0.0,2.0,0.5,0.5,1.0,False
0,min,A_default,88,1620,0.0008230452674897101,False,,,,,,,,,,,,,,,,,,,,
0,min,A_default,89,1620,0.0,False,,,,,,,,,,,,,,,,,,,,
0,min,A_default,90,1620,0.8673218673218673,True,15.0,3.0,2.6,108.0,0.8673218673218673,0.4790583551324368,0.3772612507834131,0.5650273964055266,7.0,0.3111412626206378,0.7344389844389845,age,"age, education, gender, politics",4.0,0.0,2.0,0.5,0.5,1.0,False
0,min,A_default,91,1620,0.503582395087001,True,3.0,1.0,1.0,540.0,0.503582395087001,0.018046911018902722,0.018046911018902722,0.964162942956366,1.0,0.4973583286969595,0.4973583286969595,politics,politics,1.0,0.0,2.0,0.5,1.0,0.5,False
0,min,A_default,92,1620,0.7125171939477304,True,8.0,3.0,2.625,202.5,0.7125171939477304,0.19064824885773135,0.10344053247278796,0.8548238086723613,4.0,0.2508633548144362,0.6746259254139577,orientation,"education, gender, orientation, politics",4.0,0.0,2.0,0.5,0.5,1.0,False
0,min,A_default,93,1620,0.667079207920792,True,12.0,3.0,2.75,135.0,0.667079207920792,0.4803209040469421,0.32867719791629973,0.5072890984853985,6.0,0.2847279190573074,0.45692158970713176,orientation,"age, gender, orientation, politics",4.0,0.0,2.0,0.5,0.5,1.0,False
0,min,A_default,94,1620,0.8477611940298508,True,2.0,1.0,1.0,810.0,0.8477611940298508,0.00794912559618442,0.00794912559618442,0.9906233905819656,1.0,0.8477611940298508,0.8477611940298508,orientation,orientation,1.0,0.0,1.0,1.0,1.0,1.0,True
0,min,A_default,95,1620,0.5858050847457628,True,12.0,3.0,2.75,135.0,0.5858050847457628,0.16162036470623478,0.11589619226187607,0.8021591220701428,6.0,0.5001203754641429,0.4461654451061231,orientation,"education, orientation, politics",3.0,0.0,3.0,1.0,1.0,1.0,True
0,min,A_default,96,1620,0.4912641315519013,True,3.0,1.0,1.0,540.0,0.4912641315519013,0.01179793735068077,0.011797937350680772,0.9759845333844929,1.0,0.483050579190505,0.483050579190505,gender,gender,1.0,0.0,1.0,1.0,1.0,1.0,True
0,min,A_default,97,1620,0.5987590486039297,True,14.0,3.0,2.7142857142857144,115.71428571428571,0.5987590486039297,0.3096643760589532,0.21432131528777268,0.6420574924295748,8.0,0.2871458644554444,0.44798299538885206,age,"age, gender, orientation, politics",4.0,0.0,4.0,1.0,1.0,1.0,True
0,min,A_default,98,1620,0.0,False,,,,,,,,,,,,,,,,,,,,
0,min,A_default,99,1620,0.40616246498599434,True,9.0,3.0,2.4444444444444446,180.0,0.40616246498599434,0.3005475997817753,0.15722746406058624,0.6128951402094531,4.0,0.4791405839778727,0.31234583385593034,gender,"education, gender, politics",3.0,0.0,3.0,1.0,1.0,1.0,True
0,min,B_weak_signal,0,1620,0.3908948194662481,True,3.0,1.0,1.0,540.0,0.3908948194662481,0.04524978259683487,0.045249782596834875,0.8842405160072939,1.0,0.35641206084555843,0.35641206084555843,gender,gender,1.0,0.0,1.0,1.0,1.0,1.0,True
0,min,B_weak_signal,1,1620,0.7264150943396226,True,19.0,3.0,2.789473684210526,85.26315789473684,0.7264150943396226,0.19047881725996046,0.14141046002866509,0.805331055025474,9.0,0.5005292228413645,0.5278678788432546,gender,"age, education, gender",3.0,0.0,3.0,1.0,1.0,1.0,True
0,min,B_weak_signal,2,1620,0.47159090909090917,True,13.0,3.0,2.6153846153846154,124.61538461538461,0.47159090909090917,0.20043351001417087,0.15792254653180446,0.665128094101234,8.0,0.3598049170675198,0.29050982800982816,gender,"education, gender, orientation",3.0,0.0,3.0,1.0,1.0,1.0,True
0,min,B_weak_signal,3,1620,0.5266272189349114,True,2.0,1.0,1.0,810.0,0.5266272189349114,0.01715772912204823,0.01715772912204823,0.9674195930154366,1.0,0.511281950392712,0.511281950392712,orientation,orientation,1.0,0.0,1.0,1.0,1.0,1.0,True
0,min,B_weak_signal,4,1620,0.2639593908629442,False,,,,,,,,,,,,,,,,,,,,
0,min,B_weak_signal,5,1620,0.41245136186770426,True,16.0,3.0,2.75,101.25,0.41245136186770426,0.29927830695683555,0.21053482145919267,0.48955236683950454,8.0,0.32962209205682247,0.30538985845084776,age,"age, gender, orientation, politics",4.0,1.0,4.0,1.0,1.0,1.0,True
0,min,B_weak_signal,6,1620,0.36030534351145044,True,3.0,1.0,1.0,540.0,0.36030534351145044,0.06330342828986267,0.06330342828986266,0.8243061630090677,1.0,0.35694963881346387,0.35694963881346387,education,education,1.0,0.0,1.0,1.0,1.0,1.0,True
0,min,B_weak_signal,7,1620,0.12400000000000004,False,,,,,,,,,,,,,,,,,,,,
0,min,B_weak_signal,8,1620,0.7045790251107829,True,12.0,3.0,2.75,135.0,0.7045790251107829,0.23754408056973456,0.17357149935131017,0.7536521906481405,6.0,0.32035083738798287,0.4752401821355763,orientation,"education, orientation, politics",3.0,0.0,3.0,1.0,1.0,1.0,True
0,min,B_weak_signal,9,1620,0.5682281059063137,True,2.0,1.0,1.0,810.0,0.5682281059063137,0.0431362467866324,0.0431362467866324,0.9240863900636684,1.0,0.5282281059063136,0.5282281059063136,orientation,orientation,1.0,0.0,1.0,1.0,1.0,1.0,True
0,min,B_weak_signal,10,1620,0.48106448311156597,True,12.0,3.0,2.75,135.0,0.48106448311156597,0.2041979001083428,0.153179565839764,0.681582051435214,6.0,0.3708367255871272,0.3224330678705084,orientation,"age, gender, orientation",3.0,0.0,4.0,0.75,1.0,0.75,False
0,min,B_weak_signal,11,1620,0.753309265944645,True,16.0,3.0,2.875,101.25,0.753309265944645,0.2158247851090907,0.19303046401885984,0.743756684345571,10.0,0.44750716281140523,0.5152140278494068,age,"age, education, gender, orientation",4.0,0.0,4.0,1.0,1.0,1.0,True
0,min,B_weak_signal,12,1620,0.8739376770538244,True,14.0,3.0,2.642857142857143,115.71428571428571,0.8739376770538244,0.44940119245946125,0.36060688834134197,0.5873768830324353,8.0,0.31690687179525506,0.7006703503211511,gender,"education, gender, orientation, politics",4.0,0.0,2.0,0.5,0.5,1.0,False
0,min,B_weak_signal,13,1620,0.22417582417582407,False,,,,,,,,,,,,,,,,,,,,
0,min,B_weak_signal,14,1620,0.3355176933158584,True,8.0,3.0,2.375,202.5,0.3355176933158584,0.2562938665578838,0.12562120274681737,0.6255899308756966,4.0,0.24646012161618464,0.2955176933158584,gender,"age, gender, orientation, politics",4.0,0.0,2.0,0.5,0.5,1.0,False
0,min,B_weak_signal,15,1620,0.8323863636363636,True,13.0,3.0,2.6923076923076925,124.61538461538461,0.8323863636363636,0.4622643634087255,0.3014812916876761,0.6378108714195836,7.0,0.3337331443826952,0.7348863636363636,gender,"age, education, gender, orientation, politics",5.0,0.0,2.0,0.4,0.4,1.0,False
0,min,B_weak_signal,16,1620,0.8171500630517025,True,16.0,3.0,2.9375,101.25,0.8171500630517025,0.20182662799301268,0.18462461899473873,0.7740627733598336,10.0,0.3881685366505961,0.5851913001651046,education,"education, gender, orientation",3.0,0.0,4.0,0.75,1.0,0.75,False
0,min,B_weak_signal,17,1620,0.36407766990291257,True,3.0,1.0,1.0,540.0,0.36407766990291257,0.0357488158336856,0.035748815833685596,0.9018099191768102,1.0,0.34168961020142,0.34168961020142,politics,politics,1.0,0.0,1.0,1.0,1.0,1.0,True
0,min,B_weak_signal,18,1620,0.30959302325581395,True,3.0,1.0,1.0,540.0,0.30959302325581395,0.04452225334578277,0.04452225334578276,0.8561910314464858,1.0,0.2905454042081949,0.2905454042081949,politics,politics,1.0,0.0,1.0,1.0,1.0,1.0,True
0,min,B_weak_signal,19,1620,0.6397694524495677,True,18.0,3.0,2.7777777777777777,90.0,0.6397694524495677,0.2804554954165186,0.2267170882401233,0.6456268936066542,9.0,0.38505755153009624,0.5083408810209963,gender,"age, education, gender, orientation, politics",5.0,0.0,3.0,0.6,0.6,1.0,False
0,min,B_weak_signal,20,1620,0.0,False,,,,,,,,,,,,,,,,,,,,
0,min,B_weak_signal,21,1620,0.0,False,,,,,,,,,,,,,,,,,,,,
0,min,B_weak_signal,22,1620,0.6306027820710974,True,19.0,3.0,2.789473684210526,85.26315789473684,0.6306027820710974,0.38226182159570754,0.27767729294534665,0.5596637045695116,9.0,0.29062843486559037,0.5288585960245858,politics,"age, education, gender, politics",4.0,0.0,2.0,0.5,0.5,1.0,False
0,min,B_weak_signal,23,1620,0.7621483375959079,True,20.0,3.0,2.85,81.0,0.7621483375959079,0.2447427243684092,0.21012804903011104,0.7242950766081429,10.0,0.46587335466076063,0.5498721227621484,age,"age, education, orientation, politics",4.0,0.0,4.0,1.0,1.0,1.0,True
0,min,B_weak_signal,24,1620,0.0,False,,,,,,,,,,,,,,,,,,,,
0,min,B_weak_signal,25,1620,0.45482388973966315,True,8.0,3.0,2.625,202.5,0.45482388973966315,0.3521239321224832,0.19872247517374533,0.5630781943149641,4.0,0.23288708454647794,0.3731912366784386,orientation,"gender, orientation, politics",3.0,0.0,2.0,0.6666666666666666,0.6666666666666666,1.0,False
0,min,B_weak_signal,26,1620,0.5364963503649635,True,12.0,3.0,2.75,135.0,0.5364963503649635,0.2634162365523433,0.19108601693032476,0.6438260636808912,6.0,0.33709233404248834,0.4040921691802945,orientation,"age, education, orientation",3.0,0.0,3.0,1.0,1.0,1.0,True
0,min,B_weak_signal,27,1620,0.4024390243902439,True,17.0,3.0,2.7058823529411766,95.29411764705883,0.4024390243902439,0.40386298472607596,0.2615423921254214,0.3501067832034983,8.0,0.2708790497530087,0.2618140243902439,politics,"age, education, gender, politics",4.0,0.0,2.0,0.5,0.5,1.0,False
0,min,B_weak_signal,28,1620,0.0,False,,,,,,,,,,,,,,,,,,,,
0,min,B_weak_signal,29,1620,0.30115830115830117,True,3.0,1.0,1.0,540.0,0.30115830115830117,0.052754081970247474,0.05275408197024748,0.824829394483409,1.0,0.2737610408843286,0.2737610408843286,education,education,1.0,0.0,1.0,1.0,1.0,1.0,True
0,min,B_weak_signal,30,1620,0.6605293440736479,True,19.0,3.0,2.789473684210526,85.26315789473684,0.6605293440736479,0.16641771097863603,0.13105249288674234,0.8015947450895835,9.0,0.4673307548030249,0.4678464172443797,gender,"education, gender, politics",3.0,0.0,3.0,1.0,1.0,1.0,True
0,min,B_weak_signal,31,1620,0.005020920502092049,False,,,,,,,,,,,,,,,,,,,,
0,min,B_weak_signal,32,1620,0.49474789915966383,True,14.0,3.0,2.857142857142857,115.71428571428571,0.49474789915966383,0.1301438130785302,0.10955644373951678,0.7785610733757538,7.0,0.3818335725293115,0.3213281260640398,orientation,"age, education, orientation",3.0,0.0,3.0,1.0,1.0,1.0,True
0,min,B_weak_signal,33,1620,0.3646112600536193,True,11.0,3.0,2.5454545454545454,147.27272727272728,0.3646112600536193,0.209116187894597,0.13377532061559838,0.6331015103704545,6.0,0.138185391371141,0.30703550247786177,age,"age, education, gender, orientation",4.0,0.0,2.0,0.5,0.5,1.0,False
0,min,B_weak_signal,34,1620,0.5058139534883721,True,13.0,3.0,2.769230769230769,124.61538461538461,0.5058139534883721,0.22859946842168613,0.17768466565535268,0.6487153736468889,8.0,0.2838424156451459,0.3351472868217054,politics,"education, orientation, politics",3.0,0.0,3.0,1.0,1.0,1.0,True
0,min,B_weak_signal,35,1620,0.7473560517038778,True,15.0,3.0,2.8,108.0,0.7473560517038778,0.2704654307363298,0.23847812909848992,0.6809042643666432,10.0,0.44241379980729506,0.5281442290437792,gender,"gender, orientation, politics",3.0,0.0,4.0,0.75,1.0,0.75,False
0,min,B_weak_signal,36,1620,0.0,False,,,,,,,,,,,,,,,,,,,,
0,min,B_weak_signal,37,1620,0.47414741474147415,True,12.0,3.0,2.75,135.0,0.47414741474147415,0.19965977896334455,0.14925416794067606,0.6852156875682726,6.0,0.37120063972457723,0.3116266850565654,orientation,"age, orientation, politics",3.0,0.0,3.0,1.0,1.0,1.0,True
0,min,B_weak_signal,38,1620,0.3377110694183866,True,3.0,1.0,1.0,540.0,0.3377110694183866,0.035461912846097225,0.035461912846097225,0.8949933358501677,1.0,0.3164344736737057,0.3164344736737057,politics,politics,1.0,0.0,1.0,1.0,1.0,1.0,True
0,min,B_weak_signal,39,1620,0.0,False,,,,,,,,,,,,,,,,,,,,
0,min,B_weak_signal,40,1620,0.5386138613861386,True,2.0,1.0,1.0,810.0,0.5386138613861386,0.06753009390559023,0.06753009390559023,0.8746224359473417,1.0,0.4740143781820043,0.4740143781820043,orientation,orientation,1.0,0.0,1.0,1.0,1.0,1.0,True
0,min,B_weak_signal,41,1620,0.5382619974059663,True,6.0,3.0,2.1666666666666665,270.0,0.5382619974059663,0.1653287370851728,0.10993450232293596,0.7957602378530515,3.0,0.209227382175873,0.44686414794360063,age,"age, education, orientation",3.0,0.0,2.0,0.6666666666666666,0.6666666666666666,1.0,False
0,min,B_weak_signal,42,1620,0.374,True,9.0,3.0,2.4444444444444446,180.0,0.374,0.24543795195863513,0.101403736051603,0.7288670159048048,4.0,0.19212268878110406,0.3561428571428571,gender,"age, education, gender, politics",4.0,0.0,1.0,0.25,0.25,1.0,False
0,min,B_weak_signal,43,1620,0.5441919191919192,True,19.0,3.0,2.789473684210526,85.26315789473684,0.5441919191919192,0.2547849235867094,0.1944024536929925,0.6427685769725057,9.0,0.31115569632091133,0.3700346158211327,gender,"age, education, gender",3.0,0.0,3.0,1.0,1.0,1.0,True
0,min,B_weak_signal,44,1620,0.5681159420289855,True,8.0,3.0,2.625,202.5,0.5681159420289855,0.25884584788444975,0.1436585503276404,0.7471316333518574,4.0,0.2346239712405433,0.5165505644967572,orientation,"education, gender, orientation",3.0,0.0,2.0,0.6666666666666666,0.6666666666666666,1.0,False
0,min,B_weak_signal,45,1620,0.0,False,,,,,,,,,,,,,,,,,,,,
0,min,B_weak_signal,46,1620,0.42535211267605627,True,3.0,1.0,1.0,540.0,0.42535211267605627,0.04359329742703038,0.04359329742703038,0.8975124464463855,1.0,0.397488335586273,0.397488335586273,education,education,1.0,0.0,1.0,1.0,1.0,1.0,True
0,min,B_weak_signal,47,1620,0.34173669467787116,True,3.0,1.0,1.0,540.0,0.34173669467787116,0.04615241976481568,0.04615241976481568,0.8649474274095148,1.0,0.304574532515709,0.304574532515709,gender,gender,1.0,0.0,1.0,1.0,1.0,1.0,True
0,min,B_weak_signal,48,1620,0.49373433583959897,True,16.0,3.0,2.8125,101.25,0.49373433583959897,0.2228397100868051,0.1956832494806958,0.60366692110255,10.0,0.3005173743276876,0.2900306321358953,gender,"age, education, gender, orientation",4.0,0.0,3.0,0.75,0.75,1.0,False
0,min,B_weak_signal,49,1620,0.8392370572207084,True,14.0,3.0,2.857142857142857,115.71428571428571,0.8392370572207084,0.23333249752538143,0.18430308597760947,0.7803921020981082,7.0,0.2169686622082352,0.7356186361680769,orientation,"age, orientation, politics",3.0,1.0,3.0,1.0,1.0,1.0,True
0,min,B_weak_signal,50,1620,0.31542461005199307,True,3.0,1.0,1.0,540.0,0.31542461005199307,0.06930544259788339,0.06930544259788339,0.7802788990166005,1.0,0.2534411389776129,0.2534411389776129,gender,gender,1.0,0.0,1.0,1.0,1.0,1.0,True
0,min,B_weak_signal,51,1620,0.7747183979974969,True,21.0,3.0,2.857142857142857,77.14285714285714,0.7747183979974969,0.2895368036068688,0.23483532572450921,0.696876534323291,10.0,0.4334316375206996,0.6491370026486596,politics,"education, gender, politics",3.0,0.0,4.0,0.75,1.0,0.75,False
0,min,B_weak_signal,52,1620,0.798076923076923,True,16.0,3.0,2.9375,101.25,0.798076923076923,0.17525409388279845,0.15896903062806128,0.8008098893335136,11.0,0.46100047828672447,0.5777379400260756,education,"education, orientation, politics",3.0,0.0,4.0,0.75,1.0,0.75,False
0,min,B_weak_signal,53,1620,0.6171171171171171,True,13.0,3.0,2.6923076923076925,124.61538461538461,0.6171171171171171,0.25336243120560337,0.17350562136511444,0.718844905525143,7.0,0.17440770956793303,0.5321312814230661,politics,"education, gender, orientation, politics",4.0,0.0,2.0,0.5,0.5,1.0,False
0,min,B_weak_signal,54,1620,0.536819637139808,True,12.0,3.0,2.75,135.0,0.536819637139808,0.2026001729482234,0.13967738807347593,0.7398057403084555,6.0,0.4137796363245836,0.39418640829968254,orientation,"age, education, orientation",3.0,0.0,3.0,1.0,1.0,1.0,True
0,min,B_weak_signal,55,1620,0.4327086882453152,True,8.0,3.0,2.625,202.5,0.4327086882453152,0.2645602397946262,0.16583639627343252,0.6167481708169099,4.0,0.25747406530819283,0.3462889351588955,orientation,"age, education, gender, orientation",4.0,0.0,2.0,0.5,0.5,1.0,False
0,min,B_weak_signal,56,1620,0.0,False,,,,,,,,,,,,,,,,,,,,
0,min,B_weak_signal,57,1620,0.5249343832020997,True,6.0,3.0,2.1666666666666665,270.0,0.5249343832020997,0.23905228763245376,0.12632824844988103,0.7593446867029766,3.0,0.2563189012807354,0.4520480858260064,education,"education, gender, orientation",3.0,0.0,2.0,0.6666666666666666,0.6666666666666666,1.0,False
0,min,B_weak_signal,58,1620,0.36324786324786323,True,2.0,1.0,1.0,810.0,0.36324786324786323,0.0383333333333333,0.0383333333333333,0.8944705882352942,1.0,0.36324786324786323,0.36324786324786323,orientation,orientation,1.0,0.0,1.0,1.0,1.0,1.0,True
0,min,B_weak_signal,59,1620,0.5126315789473684,True,13.0,3.0,2.6923076923076925,124.61538461538461,0.5126315789473684,0.14953383124238112,0.12140240722848555,0.7631780557144532,8.0,0.4124520159479384,0.31562409765061034,age,"age, gender, orientation",3.0,0.0,3.0,1.0,1.0,1.0,True
0,min,B_weak_signal,60,1620,0.7033678756476683,True,11.0,3.0,2.6363636363636362,147.27272727272728,0.7033678756476683,0.29840177903041504,0.21041345172545325,0.7008486469023021,7.0,0.2988497605879718,0.6183163292559157,age,"age, gender, orientation",3.0,0.0,3.0,1.0,1.0,1.0,True
0,min,B_weak_signal,61,1620,0.7775947281713345,True,2.0,1.0,1.0,810.0,0.7775947281713345,0.01752686518715938,0.017526865187159384,0.9774601543038014,1.0,0.7645593464208689,0.7645593464208689,orientation,orientation,1.0,0.0,1.0,1.0,1.0,1.0,True
0,min,B_weak_signal,62,1620,0.3580357142857143,True,19.0,3.0,2.789473684210526,85.26315789473684,0.3580357142857143,0.20630235943403621,0.15968199485845272,0.5540054008940971,9.0,0.30865026482235264,0.21646268057784912,education,"age, education, gender, politics",4.0,0.0,4.0,1.0,1.0,1.0,True
0,min,B_weak_signal,63,1620,0.8243045387994143,True,19.0,3.0,2.789473684210526,85.26315789473684,0.8243045387994143,0.45577720901285446,0.3270945161354683,0.6031872921482684,9.0,0.31179311380526425,0.6724058046221992,education,"age, education, gender, politics",4.0,1.0,2.0,0.5,0.5,1.0,False
0,min,B_weak_signal,64,1620,0.0,False,,,,,,,,,,,,,,,,,,,,
0,min,B_weak_signal,65,1620,0.35654596100278546,True,17.0,3.0,2.7058823529411766,95.29411764705883,0.35654596100278546,0.09444939407376597,0.0700912428233363,0.803415967393924,8.0,0.37975769078421495,0.23554139479273978,politics,"age, education, politics",3.0,0.0,3.0,1.0,1.0,1.0,True
0,min,B_weak_signal,66,1620,0.3973856209150327,True,3.0,1.0,1.0,540.0,0.3973856209150327,0.03823354248145335,0.03823354248145335,0.9037873026371321,1.0,0.3778870136726929,0.3778870136726929,age,age,1.0,0.0,1.0,1.0,1.0,1.0,True
0,min,B_weak_signal,67,1620,0.0,False,,,,,,,,,,,,,,,,,,,,
0,min,B_weak_signal,68,1620,0.5378440366972477,True,12.0,3.0,2.75,135.0,0.5378440366972477,0.2285863533521396,0.16572135197669882,0.6918784244697624,6.0,0.3899214291008679,0.37287805030268983,orientation,"age, gender, orientation",3.0,0.0,3.0,1.0,1.0,1.0,True
0,min,B_weak_signal,69,1620,0.35910878112712985,True,3.0,1.0,1.0,540.0,0.35910878112712985,0.037349287759770367,0.037349287759770367,0.8959945016032672,1.0,0.3254009159585905,0.3254009159585905,education,education,1.0,0.0,1.0,1.0,1.0,1.0,True
0,min,B_weak_signal,70,1620,0.6728110599078342,True,13.0,3.0,2.769230769230769,124.61538461538461,0.6728110599078342,0.401040692087629,0.3024355462819827,0.5504896332658202,8.0,0.35395834170957335,0.4103438683067844,age,"age, education, orientation, politics",4.0,0.0,4.0,1.0,1.0,1.0,True
0,min,B_weak_signal,71,1620,0.9143646408839778,True,12.0,3.0,2.75,135.0,0.9143646408839778,0.265700882053161,0.19423004317815332,0.7875792277024426,7.0,0.38372362878163024,0.6496587585310367,age,"age, orientation, politics",3.0,0.0,3.0,1.0,1.0,1.0,True
0,min,B_weak_signal,72,1620,0.38569424964936894,True,3.0,1.0,1.0,540.0,0.38569424964936894,0.013052208835341361,0.013052208835341363,0.9661591821832786,1.0,0.38569424964936894,0.38569424964936894,gender,gender,1.0,0.0,1.0,1.0,1.0,1.0,True
0,min,B_weak_signal,73,1620,0.4353876739562625,True,8.0,3.0,2.625,202.5,0.4353876739562625,0.14534083205680554,0.09719566527539335,0.776760640942818,4.0,0.15925279266766218,0.3722008607694493,orientation,"age, gender, orientation, politics",4.0,1.0,1.0,0.25,0.25,1.0,False
0,min,B_weak_signal,74,1620,0.8146279949558639,True,12.0,3.0,2.75,135.0,0.8146279949558639,0.2273584786248897,0.1583699375952797,0.8055923211872186,7.0,0.38556884482369524,0.5981331495950392,gender,"gender, orientation, politics",3.0,0.0,3.0,1.0,1.0,1.0,True
0,min,B_weak_signal,75,1620,0.2835408022130014,False,,,,,,,,,,,,,,,,,,,,
0,min,B_weak_signal,76,1620,0.0,False,,,,,,,,,,,,,,,,,,,,
0,min,B_weak_signal,77,1620,0.686842105263158,True,20.0,3.0,2.85,81.0,0.686842105263158,0.2161917802106618,0.17072323052828176,0.7514374421427316,10.0,0.4040735110086147,0.5466304650515178,education,"education, gender, orientation, politics",4.0,0.0,3.0,0.75,0.75,1.0,False
0,min,B_weak_signal,78,1620,0.33710407239819,True,2.0,1.0,1.0,810.0,0.33710407239819,0.04050838719911172,0.04050838719911172,0.879834180254984,1.0,0.30399148961673306,0.30399148961673306,orientation,orientation,1.0,0.0,1.0,1.0,1.0,1.0,True
0,min,B_weak_signal,79,1620,0.7138103161397671,True,2.0,1.0,1.0,810.0,0.7138103161397671,0.03461213274149228,0.03461213274149228,0.9515107417770703,1.0,0.6796737699550282,0.6796737699550282,orientation,orientation,1.0,0.0,1.0,1.0,1.0,1.0,True
0,min,B_weak_signal,80,1620,0.0017361111111111095,False,,,,,,,,,,,,,,,,,,,,
0,min,B_weak_signal,81,1620,0.35437589670014347,True,3.0,1.0,1.0,540.0,0.35437589670014347,0.03446923257294074,0.03446923257294074,0.9027325704318231,1.0,0.32856944508724023,0.32856944508724023,education,education,1.0,0.0,1.0,1.0,1.0,1.0,True
0,min,B_weak_signal,82,1620,0.8079470198675497,True,14.0,3.0,2.7857142857142856,115.71428571428571,0.8079470198675497,0.15352481975891696,0.1300663429344089,0.8390162476795431,9.0,0.49822843360402064,0.5783955686802146,education,"education, orientation, politics",3.0,0.0,3.0,1.0,1.0,1.0,True
0,min,B_weak_signal,83,1620,0.3186619718309858,True,3.0,1.0,1.0,540.0,0.3186619718309858,0.01713274298765786,0.01713274298765786,0.9462353700718803,1.0,0.3186619718309858,0.3186619718309858,education,education,1.0,0.0,1.0,1.0,1.0,1.0,True
0,min,B_weak_signal,84,1620,0.5868005738880917,True,23.0,3.0,2.9130434782608696,70.43478260869566,0.5868005738880917,0.24028857269892276,0.21082908161375136,0.6407142545604285,11.0,0.3204373509419241,0.4237236508111686,education,"age, education, politics",3.0,0.0,3.0,1.0,1.0,1.0,True
0,min,B_weak_signal,85,1620,0.4364364364364364,True,16.0,3.0,2.875,101.25,0.4364364364364364,0.2698578430106962,0.21207699685707018,0.5140712847242819,9.0,0.2938564107298372,0.2918581231834244,politics,"age, education, gender, orientation, politics",5.0,0.0,4.0,0.8,0.8,1.0,False
0,min,B_weak_signal,86,1620,0.378096479791395,True,13.0,3.0,2.6153846153846154,124.61538461538461,0.378096479791395,0.3460278558027241,0.19027332771477967,0.49675985394056543,6.0,0.2319565705114843,0.32149270620648934,politics,"age, education, gender, politics",4.0,0.0,2.0,0.5,0.5,1.0,False
0,min,B_weak_signal,87,1620,0.5307950727883538,True,13.0,3.0,2.769230769230769,124.61538461538461,0.5307950727883538,0.17252047142788962,0.1367650752667258,0.7423392147401136,8.0,0.31892752266831903,0.3426230297776011,politics,"age, orientation, politics",3.0,0.0,3.0,1.0,1.0,1.0,True
0,min,B_weak_signal,88,1620,0.0,False,,,,,,,,,,,,,,,,,,,,
0,min,B_weak_signal,89,1620,0.7122940430925221,True,19.0,3.0,2.789473684210526,85.26315789473684,0.7122940430925221,0.18862895290323833,0.14467584767095512,0.7968874665260078,9.0,0.4598551574668843,0.583261785028006,politics,"education, gender, politics",3.0,0.0,3.0,1.0,1.0,1.0,True
0,min,B_weak_signal,90,1620,0.5980769230769231,True,2.0,1.0,1.0,810.0,0.5980769230769231,0.057797808025885244,0.05779780802588525,0.9033605782203848,1.0,0.5582759280520474,0.5582759280520474,orientation,orientation,1.0,0.0,1.0,1.0,1.0,1.0,True
0,min,B_weak_signal,91,1620,0.5861214374225527,True,12.0,3.0,2.75,135.0,0.5861214374225527,0.37224694175967105,0.25958409541095967,0.5571155074066714,7.0,0.20774625874667302,0.4554547707558861,age,"age, education, orientation, politics",4.0,1.0,2.0,0.5,0.5,1.0,False
0,min,B_weak_signal,92,1620,0.7974481658692185,True,19.0,3.0,2.789473684210526,85.26315789473684,0.7974481658692185,0.39019802053580527,0.28196057489589826,0.6464214390805436,9.0,0.3031171166473389,0.6851193987459309,education,"age, education, gender, politics",4.0,0.0,2.0,0.5,0.5,1.0,False
0,min,B_weak_signal,93,1620,0.0,False,,,,,,,,,,,,,,,,,,,,
0,min,B_weak_signal,94,1620,0.35742444152431013,True,3.0,1.0,1.0,540.0,0.35742444152431013,0.022822661209757993,0.02282266120975799,0.9361468927182874,1.0,0.34918268328255186,0.34918268328255186,politics,politics,1.0,0.0,1.0,1.0,1.0,1.0,True
0,min,B_weak_signal,95,1620,0.5831932773109243,True,13.0,3.0,2.6923076923076925,124.61538461538461,0.5831932773109243,0.2921543664748751,0.20121531405362506,0.654976622876349,7.0,0.2347903892635776,0.5080298786181139,age,"age, education, gender, orientation, politics",5.0,0.0,2.0,0.4,0.4,1.0,False
0,min,B_weak_signal,96,1620,0.36637390213299875,True,9.0,3.0,2.4444444444444446,180.0,0.36637390213299875,0.11335085328543551,0.06180967191969274,0.8312934639726195,4.0,0.1339830796121128,0.36637390213299875,age,"age, gender, politics",3.0,0.0,1.0,0.3333333333333333,0.3333333333333333,1.0,False
0,min,B_weak_signal,97,1620,0.8840782122905028,True,16.0,3.0,2.875,101.25,0.8840782122905028,0.18214772156248954,0.16732472121584685,0.8107353864288367,10.0,0.4092007929651249,0.6256512459983679,education,"age, education, orientation",3.0,0.0,3.0,1.0,1.0,1.0,True
0,min,B_weak_signal,98,1620,0.40484429065743943,True,3.0,1.0,1.0,540.0,0.40484429065743943,0.07135984460329807,0.07135984460329806,0.8237350846978364,1.0,0.3446939147175898,0.3446939147175898,education,education,1.0,0.0,1.0,1.0,1.0,1.0,True
0,min,B_weak_signal,99,1620,0.8689248895434463,True,14.0,3.0,2.857142857142857,115.71428571428571,0.8689248895434463,0.16676347210288217,0.1402227728020433,0.8386249784193434,8.0,0.3796138989206249,0.6181603635495625,education,"education, gender, orientation",3.0,0.0,3.0,1.0,1.0,1.0,True
0,min,C_deep,0,1620,0.4701583434835567,True,3.0,1.0,1.0,540.0,0.4701583434835567,0.029469916170853826,0.029469916170853823,0.9373191679371218,1.0,0.4524368244962149,0.4524368244962149,gender,gender,1.0,0.0,1.0,1.0,1.0,1.0,True
0,min,C_deep,1,1620,0.8238770685579195,True,14.0,3.0,2.7142857142857144,115.71428571428571,0.8238770685579195,0.1824956698096069,0.14867949554652216,0.8195367959363591,9.0,0.5478684351517443,0.6340622537431048,education,"age, education, orientation",3.0,0.0,4.0,0.75,1.0,0.75,False
0,min,C_deep,2,1620,0.41911764705882354,True,17.0,3.0,2.7058823529411766,95.29411764705883,0.41911764705882354,0.2779066248044317,0.1793077794399058,0.5721779297574177,8.0,0.39474042947126275,0.306782845296709,education,"age, education, politics",3.0,0.0,4.0,0.75,1.0,0.75,False
0,min,C_deep,3,1620,0.8462643678160918,True,18.0,3.0,2.7777777777777777,90.0,0.8462643678160918,0.4585406466005613,0.33057849449053894,0.6093673477666975,9.0,0.3059337801508652,0.692811682394097,gender,"age, education, gender, orientation, politics",5.0,1.0,2.0,0.4,0.4,1.0,False
0,min,C_deep,4,1620,0.6721311475409836,True,18.0,3.0,2.8333333333333335,90.0,0.6721311475409836,0.2721175016908514,0.23473192643017737,0.6507646948233946,10.0,0.44252782044534217,0.4490919318547091,age,"age, gender, orientation, politics",4.0,0.0,4.0,1.0,1.0,1.0,True
0,min,C_deep,5,1620,0.6420824295010846,True,19.0,3.0,2.789473684210526,85.26315789473684,0.6420824295010846,0.08828020447707756,0.07264402595954879,0.8868618379481352,9.0,0.48618406236954126,0.49699314378679893,gender,"age, gender, politics",3.0,0.0,3.0,1.0,1.0,1.0,True
0,min,C_deep,6,1620,0.6567164179104477,True,10.0,3.0,2.6,162.0,0.6567164179104477,0.24151111679285076,0.14648679172363185,0.776940567148106,6.0,0.2689941526217818,0.6185638074686806,age,"age, gender, orientation",3.0,0.0,4.0,0.75,1.0,0.75,False
0,min,C_deep,7,1620,0.36520376175548597,True,3.0,1.0,1.0,540.0,0.36520376175548597,0.03767395158922091,0.03767395158922091,0.8968412827728629,1.0,0.34708781972650044,0.34708781972650044,politics,politics,1.0,0.0,1.0,1.0,1.0,1.0,True
0,min,C_deep,8,1620,0.7986030267753201,True,12.0,3.0,2.75,135.0,0.7986030267753201,0.45925384154883525,0.31585997946289196,0.604484369739615,6.0,0.4350328419643526,0.6268705039789675,orientation,"age, gender, orientation, politics",4.0,0.0,4.0,1.0,1.0,1.0,True
0,min,C_deep,9,1620,0.43259085580304807,True,3.0,1.0,1.0,540.0,0.43259085580304807,0.015778986171734583,0.015778986171734587,0.9635244574404076,1.0,0.4252915857300554,0.4252915857300554,education,education,1.0,0.0,1.0,1.0,1.0,1.0,True
0,min,C_deep,10,1620,0.6011173184357542,True,23.0,3.0,2.9130434782608696,70.43478260869566,0.6011173184357542,0.13176073724409218,0.11691862035505853,0.8054978341677,11.0,0.4071611840120536,0.42018822308123105,education,"age, education, politics",3.0,0.0,3.0,1.0,1.0,1.0,True
0,min,C_deep,11,1620,0.0,False,,,,,,,,,,,,,,,,,,,,
0,min,C_deep,12,1620,0.46409989594172746,True,3.0,1.0,1.0,540.0,0.46409989594172746,0.009201922931707199,0.0092019229317072,0.9801725382570166,1.0,0.45774396373833764,0.45774396373833764,education,education,1.0,0.0,1.0,1.0,1.0,1.0,True
0,min,C_deep,13,1620,0.8562728380024361,True,2.0,1.0,1.0,810.0,0.8562728380024361,0.04918213969938108,0.04918213969938109,0.9425625367095422,1.0,0.8297476390634441,0.8297476390634441,orientation,orientation,1.0,0.0,3.0,0.3333333333333333,1.0,0.3333333333333333,False
0,min,C_deep,14,1620,0.0,False,,,,,,,,,,,,,,,,,,,,
0,min,C_deep,15,1620,0.5420841683366734,True,3.0,1.0,1.0,540.0,0.5420841683366734,0.06561834962313949,0.06561834962313949,0.8789517321184969,1.0,0.48629904436973126,0.48629904436973126,education,education,1.0,0.0,4.0,0.25,1.0,0.25,False
0,min,C_deep,16,1620,0.3630769230769231,True,3.0,1.0,1.0,540.0,0.3630769230769231,0.04099295860355097,0.04099295860355096,0.8870956648631012,1.0,0.3342999446596569,0.3342999446596569,education,education,1.0,0.0,1.0,1.0,1.0,1.0,True
0,min,C_deep,17,1620,0.7477064220183487,True,18.0,3.0,2.8333333333333335,90.0,0.7477064220183487,0.2497497651011828,0.21737733464714878,0.7092744849504391,10.0,0.4547191145832136,0.5597713872155644,gender,"education, gender, orientation, politics",4.0,0.0,4.0,1.0,1.0,1.0,True
0,min,C_deep,18,1620,0.4662867996201329,True,13.0,3.0,2.6923076923076925,124.61538461538461,0.4662867996201329,0.13202330581458457,0.09994285251584493,0.785662273525082,8.0,0.42195185675578495,0.32628679962013296,gender,"education, gender, orientation",3.0,0.0,4.0,0.75,1.0,0.75,False
0,min,C_deep,19,1620,0.6586059743954481,True,12.0,3.0,2.75,135.0,0.6586059743954481,0.38957880771897613,0.2642781757884512,0.5987309771505807,6.0,0.2301592733060437,0.5361569948036113,orientation,"age, education, gender, orientation",4.0,0.0,2.0,0.5,0.5,1.0,False
0,min,C_deep,20,1620,0.34061930783242256,True,19.0,3.0,2.789473684210526,85.26315789473684,0.34061930783242256,0.21901432144880298,0.166315759421568,0.5117253907890864,9.0,0.2862061468629765,0.20529820691499137,education,"age, education, gender, politics",4.0,0.0,4.0,1.0,1.0,1.0,True
0,min,C_deep,21,1620,0.3317972350230414,True,3.0,1.0,1.0,540.0,0.3317972350230414,0.01819258576044365,0.018192585760443646,0.9451695679164407,1.0,0.3283370274105847,0.3283370274105847,education,education,1.0,0.0,1.0,1.0,1.0,1.0,True
0,min,C_deep,22,1620,0.36017699115044255,True,17.0,3.0,2.7058823529411766,95.29411764705883,0.36017699115044255,0.09918488237672249,0.0663188441288053,0.8158715138438576,8.0,0.37352185904879576,0.24149567246912387,age,"age, education, gender",3.0,0.0,3.0,1.0,1.0,1.0,True
0,min,C_deep,23,1620,0.43179680150517397,True,12.0,3.0,2.75,135.0,0.43179680150517397,0.21547622003332745,0.14850488640540596,0.656076918847611,7.0,0.278848547165289,0.32092723628778264,politics,"gender, orientation, politics",3.0,0.0,4.0,0.75,1.0,0.75,False
0,min,C_deep,24,1620,0.5872340425531914,True,17.0,3.0,2.7058823529411766,95.29411764705883,0.5872340425531914,0.19405328344943734,0.13195004437245655,0.7753024606700921,8.0,0.3525366436424763,0.36313765701102274,education,"education, gender, politics",3.0,0.0,3.0,1.0,1.0,1.0,True
0,min,C_deep,25,1620,0.5069582504970179,True,12.0,3.0,2.75,135.0,0.5069582504970179,0.07433560553830143,0.05669117182111708,0.8881738846038357,6.0,0.4414169846778051,0.3728300835819658,orientation,"age, gender, orientation",3.0,0.0,3.0,1.0,1.0,1.0,True
0,min,C_deep,26,1620,0.7847309136420526,True,17.0,3.0,2.7058823529411766,95.29411764705883,0.7847309136420526,0.4607105220300556,0.32899871526733127,0.5807496435429065,8.0,0.2601960436288427,0.6481568395679785,education,"age, education, gender, politics",4.0,0.0,2.0,0.5,0.5,1.0,False
0,min,C_deep,27,1620,0.465832531280077,True,13.0,3.0,2.6153846153846154,124.61538461538461,0.465832531280077,0.18544241361346242,0.14504455012713793,0.6886337033427763,8.0,0.43341081327482905,0.2926223696172594,age,"age, gender, orientation",3.0,0.0,4.0,0.75,1.0,0.75,False
0,min,C_deep,28,1620,0.5948453608247422,True,19.0,3.0,2.789473684210526,85.26315789473684,0.5948453608247422,0.17640163539310677,0.12760689830822236,0.7854788711282916,9.0,0.3390968547898026,0.40360112119340574,education,"age, education, politics",3.0,0.0,4.0,0.75,1.0,0.75,False
0,min,C_deep,29,1620,0.4791666666666667,True,3.0,1.0,1.0,540.0,0.4791666666666667,0.018988476674673304,0.018988476674673304,0.9603718747658991,1.0,0.4642094017094017,0.4642094017094017,politics,politics,1.0,0.0,1.0,1.0,1.0,1.0,True
0,min,C_deep,30,1620,0.7308558558558559,True,13.0,3.0,2.6923076923076925,124.61538461538461,0.7308558558558559,0.30762076794289234,0.18960607459759932,0.740569808562915,7.0,0.3033282166416567,0.6942704900021973,gender,"education, gender, orientation, politics",4.0,0.0,4.0,1.0,1.0,1.0,True
0,min,C_deep,31,1620,0.5407035175879398,True,12.0,3.0,2.75,135.0,0.5407035175879398,0.26596055455663886,0.19989005476363472,0.630314861543092,6.0,0.43589589067689727,0.4137193906038128,orientation,"education, gender, orientation, politics",4.0,0.0,4.0,1.0,1.0,1.0,True
0,min,C_deep,32,1620,0.6559485530546624,True,14.0,3.0,2.7857142857142856,115.71428571428571,0.6559485530546624,0.29510688278105845,0.2325578467944309,0.645463282583,9.0,0.26543293520950995,0.5477234448295542,education,"education, gender, orientation",3.0,1.0,3.0,1.0,1.0,1.0,True
0,min,C_deep,33,1620,0.8836363636363636,True,12.0,3.0,2.75,135.0,0.8836363636363636,0.14777787415861202,0.10149720933594024,0.8851369030148825,7.0,0.4831495286848077,0.7410925039872407,politics,"education, orientation, politics",3.0,0.0,4.0,0.75,1.0,0.75,False
0,min,C_deep,34,1620,0.4629981024667932,True,12.0,3.0,2.75,135.0,0.4629981024667932,0.23771307527236765,0.16548361827738695,0.6425825129828568,7.0,0.2944193260842624,0.3401532748805863,age,"age, gender, orientation, politics",4.0,0.0,4.0,1.0,1.0,1.0,True
0,min,C_deep,35,1620,0.0,False,,,,,,,,,,,,,,,,,,,,
0,min,C_deep,36,1620,0.44205607476635517,True,13.0,3.0,2.6923076923076925,124.61538461538461,0.44205607476635517,0.09725878289592192,0.0740065898572027,0.8325855155450171,8.0,0.4619901152802449,0.28510540212061525,age,"age, gender, orientation",3.0,0.0,4.0,0.75,1.0,0.75,False
0,min,C_deep,37,1620,0.6198704103671706,True,14.0,3.0,2.7142857142857144,115.71428571428571,0.6198704103671706,0.15417906987659832,0.10507035159387873,0.8304962620628368,7.0,0.16390824397469572,0.5659285016534776,education,"age, education, gender, orientation, politics",5.0,0.0,2.0,0.4,0.4,1.0,False
0,min,C_deep,38,1620,0.9115815691158157,True,6.0,3.0,2.3333333333333335,270.0,0.9115815691158157,0.2611217364230258,0.13469880291931313,0.8522361492565458,3.0,0.43014770540426656,0.8184927115699765,orientation,"age, gender, orientation",3.0,0.0,3.0,1.0,1.0,1.0,True
0,min,C_deep,39,1620,0.46292372881355925,True,3.0,1.0,1.0,540.0,0.46292372881355925,0.021579345525766777,0.021579345525766777,0.9533846632120736,1.0,0.44377479264334646,0.44377479264334646,gender,gender,1.0,0.0,1.0,1.0,1.0,1.0,True
0,min,C_deep,40,1620,0.5103857566765578,True,12.0,3.0,2.75,135.0,0.5103857566765578,0.14364126617387135,0.10563326756638472,0.7930324931984206,6.0,0.42263166626353826,0.3987977738439398,orientation,"education, gender, orientation",3.0,0.0,4.0,0.75,1.0,0.75,False
0,min,C_deep,41,1620,0.9079754601226994,True,15.0,3.0,2.7333333333333334,108.0,0.9079754601226994,0.2887366600561696,0.18704639412673343,0.7939962010631246,7.0,0.6974249100659745,0.8195544074911204,education,"age, education, politics",3.0,0.0,4.0,0.75,1.0,0.75,False
0,min,C_deep,42,1620,0.41696969696969693,True,3.0,1.0,1.0,540.0,0.41696969696969693,0.02491727169457204,0.024917271694572037,0.9402420082906339,1.0,0.39681856346843747,0.39681856346843747,politics,politics,1.0,0.0,1.0,1.0,1.0,1.0,True
0,min,C_deep,43,1620,0.4357405140758873,True,3.0,1.0,1.0,540.0,0.4357405140758873,0.04092386847995647,0.04092386847995647,0.9060820209322347,1.0,0.4124244518997215,0.4124244518997215,age,age,1.0,0.0,1.0,1.0,1.0,1.0,True
0,min,C_deep,44,1620,0.8824242424242423,True,12.0,3.0,2.75,135.0,0.8824242424242423,0.13070458611892558,0.08842016833738829,0.8997985729693059,7.0,0.4842928056581838,0.7383000739098299,age,"age, gender, orientation",3.0,0.0,4.0,0.75,1.0,0.75,False
0,min,C_deep,45,1620,0.49560975609756097,True,3.0,1.0,1.0,540.0,0.49560975609756097,0.04989876078118773,0.04989876078118773,0.8993184452741783,1.0,0.4555295957769197,0.4555295957769197,politics,politics,1.0,0.0,2.0,0.5,1.0,0.5,False
0,min,C_deep,46,1620,0.7821782178217821,True,12.0,3.0,2.6666666666666665,135.0,0.7821782178217821,0.2669577289175544,0.18901244518070803,0.7583511776803606,7.0,0.4367316029561043,0.6362958648806056,gender,"age, gender, orientation",3.0,0.0,3.0,1.0,1.0,1.0,True
0,min,C_deep,47,1620,0.9327521793275219,True,14.0,3.0,2.7857142857142856,115.71428571428571,0.9327521793275219,0.14392003895549182,0.11691917415289003,0.8746514060817481,8.0,0.41022598526936205,0.7608064779700558,education,"education, gender, orientation, politics",4.0,0.0,4.0,1.0,1.0,1.0,True
0,min,C_deep,48,1620,0.5345717234262126,True,3.0,1.0,1.0,540.0,0.5345717234262126,0.026377093489535066,0.026377093489535066,0.9506575220244026,1.0,0.5204872163839591,0.5204872163839591,age,age,1.0,0.0,2.0,0.5,1.0,0.5,False
0,min,C_deep,49,1620,0.8974358974358975,True,14.0,3.0,2.7142857142857144,115.71428571428571,0.8974358974358975,0.04725020263754402,0.03868814210310271,0.956890355942257,9.0,0.6721551824551484,0.7034405163735418,education,"education, orientation, politics",3.0,0.0,4.0,0.75,1.0,0.75,False
0,min,C_deep,50,1620,0.42427616926503336,True,3.0,1.0,1.0,540.0,0.42427616926503336,0.00624105192129025,0.00624105192129025,0.9852901190936518,1.0,0.41977166476052885,0.41977166476052885,gender,gender,1.0,0.0,1.0,1.0,1.0,1.0,True
0,min,C_deep,51,1620,0.7605956471935854,True,19.0,3.0,2.789473684210526,85.26315789473684,0.7605956471935854,0.16341661354607337,0.12144686698837237,0.8403266342155887,9.0,0.48662480661646845,0.6434589877575767,age,"age, education, gender",3.0,0.0,3.0,1.0,1.0,1.0,True
0,min,C_deep,52,1620,0.64,True,19.0,3.0,2.789473684210526,85.26315789473684,0.64,0.13831925504225026,0.10344029680798385,0.8383745362375252,9.0,0.49247296904409016,0.46882882882882887,education,"age, education, gender",3.0,0.0,4.0,0.75,1.0,0.75,False
0,min,C_deep,53,1620,0.5147058823529411,True,3.0,1.0,1.0,540.0,0.5147058823529411,0.016479006065419896,0.016479006065419896,0.9679836453586128,1.0,0.5068627450980392,0.5068627450980392,gender,gender,1.0,0.0,3.0,0.3333333333333333,1.0,0.3333333333333333,False
0,min,C_deep,54,1620,0.8374384236453202,True,8.0,3.0,2.625,202.5,0.8374384236453202,0.19437999800958317,0.11891137534510364,0.8580058282643762,4.0,0.26691420242720576,0.766213352420249,orientation,"gender, orientation, politics",3.0,0.0,2.0,0.6666666666666666,0.6666666666666666,1.0,False
0,min,C_deep,55,1620,0.6138002059732235,True,18.0,3.0,2.7777777777777777,90.0,0.6138002059732235,0.24645390310221346,0.18066590989045878,0.7056600696247727,9.0,0.28960896956640086,0.4452608801305269,age,"age, education, orientation, politics",4.0,0.0,4.0,1.0,1.0,1.0,True
0,min,C_deep,56,1620,0.5167984189723319,True,3.0,1.0,1.0,540.0,0.5167984189723319,0.06599154780694977,0.06599154780694977,0.8723069858878907,1.0,0.4630794107078691,0.4630794107078691,education,education,1.0,0.0,3.0,0.3333333333333333,1.0,0.3333333333333333,False
0,min,C_deep,57,1620,0.45749440715883677,True,3.0,1.0,1.0,540.0,0.45749440715883677,0.012177516631492214,0.012177516631492215,0.9733821519106258,1.0,0.45749440715883677,0.45749440715883677,politics,politics,1.0,0.0,1.0,1.0,1.0,1.0,True
0,min,C_deep,58,1620,0.904642409033877,True,14.0,3.0,2.7857142857142856,115.71428571428571,0.904642409033877,0.15586393273859875,0.1355987765638123,0.8501078711215556,9.0,0.57181768751566,0.681620826300064,gender,"gender, orientation, politics",3.0,0.0,4.0,0.75,1.0,0.75,False
0,min,C_deep,59,1620,0.7210584343991179,True,19.0,3.0,2.789473684210526,85.26315789473684,0.7210584343991179,0.188458003506454,0.13562627636693644,0.8119066778825514,9.0,0.34684740978172524,0.5772675847259152,politics,"age, education, politics",3.0,0.0,4.0,0.75,1.0,0.75,False
0,min,C_deep,60,1620,0.5422177009155646,True,17.0,3.0,2.7058823529411766,95.29411764705883,0.5422177009155646,0.25958202079921894,0.17006808315798036,0.686347231248978,8.0,0.4482042829325871,0.34553523646058837,age,"age, education, gender, politics",4.0,1.0,4.0,1.0,1.0,1.0,True
0,min,C_deep,61,1620,0.6560509554140127,True,19.0,3.0,2.789473684210526,85.26315789473684,0.6560509554140127,0.042974518978030896,0.035514637160955875,0.9458660385022323,9.0,0.5258929667355678,0.49640572259804816,politics,"education, gender, politics",3.0,0.0,3.0,1.0,1.0,1.0,True
0,min,C_deep,62,1620,0.0,False,,,,,,,,,,,,,,,,,,,,
0,min,C_deep,63,1620,0.49336057201225747,True,3.0,1.0,1.0,540.0,0.49336057201225747,0.04332942776544151,0.04332942776544151,0.9121749279868173,1.0,0.4620453319287502,0.4620453319287502,gender,gender,1.0,0.0,2.0,0.5,1.0,0.5,False
0,min,C_deep,64,1620,0.5971074380165289,True,3.0,1.0,1.0,540.0,0.5971074380165289,0.07159195539733133,0.07159195539733135,0.8801020539366492,1.0,0.5668655025326579,0.5668655025326579,education,education,1.0,0.0,4.0,0.25,1.0,0.25,False
0,min,C_deep,65,1620,0.619198312236287,True,17.0,3.0,2.7058823529411766,95.29411764705883,0.619198312236287,0.2574643371903425,0.16685022823266063,0.7305383026157373,8.0,0.3487154941513511,0.4106675065490832,education,"age, education, gender, politics",4.0,0.0,4.0,1.0,1.0,1.0,True
0,min,C_deep,66,1620,0.7422934648581996,True,8.0,3.0,2.625,202.5,0.7422934648581996,0.16468990175753234,0.08767518009966214,0.8818860945833455,4.0,0.24864623977088446,0.7137627943874435,orientation,"age, gender, orientation, politics",4.0,0.0,2.0,0.5,0.5,1.0,False
0,min,C_deep,67,1620,0.965736040609137,True,12.0,3.0,2.75,135.0,0.965736040609137,0.10318389030362797,0.07687045397024835,0.9204022106063657,7.0,0.47855175587522825,0.7918229971308761,age,"age, gender, orientation",3.0,0.0,4.0,0.75,1.0,0.75,False
0,min,C_deep,68,1620,0.44900497512437815,True,3.0,1.0,1.0,540.0,0.44900497512437815,0.02997349078202193,0.029973490782021935,0.9332446354882392,1.0,0.43608507848355127,0.43608507848355127,politics,politics,1.0,0.0,1.0,1.0,1.0,1.0,True
0,min,C_deep,69,1620,0.0,False,,,,,,,,,,,,,,,,,,,,
0,min,C_deep,70,1620,0.5200823892893923,True,12.0,3.0,2.75,135.0,0.5200823892893923,0.13493847645810556,0.09397732096068102,0.8193030125686707,6.0,0.4274261482940052,0.37000581961098494,orientation,"gender, orientation, politics",3.0,0.0,3.0,1.0,1.0,1.0,True
0,min,C_deep,71,1620,0.6590389016018307,True,14.0,3.0,2.7142857142857144,115.71428571428571,0.6590389016018307,0.19779925422076824,0.12951297202375595,0.8034820528667315,7.0,0.16430957546915428,0.6076470386467986,gender,"age, education, gender, orientation, politics",5.0,0.0,2.0,0.4,0.4,1.0,False
0,min,C_deep,72,1620,0.6403508771929824,True,17.0,3.0,2.823529411764706,95.29411764705883,0.6403508771929824,0.28528119491585163,0.2520471291321872,0.6063921545058995,10.0,0.4156254389686095,0.4346771183277342,politics,"age, gender, orientation, politics",4.0,0.0,4.0,1.0,1.0,1.0,True
0,min,C_deep,73,1620,0.5150631681243927,True,12.0,3.0,2.75,135.0,0.5150631681243927,0.13981792516660588,0.10210020334223208,0.8017714920015909,6.0,0.4419589386351444,0.4097260894727073,orientation,"age, orientation, politics",3.0,0.0,4.0,0.75,1.0,0.75,False
0,min,C_deep,74,1620,0.6209424083769634,True,21.0,3.0,2.857142857142857,77.14285714285714,0.6209424083769634,0.11041917535103504,0.0946244952958154,0.8476114789080882,10.0,0.44363482964158985,0.4877546354511991,age,"age, education, gender, politics",4.0,0.0,4.0,1.0,1.0,1.0,True
0,min,C_deep,75,1620,0.5691382765531062,True,12.0,3.0,2.75,135.0,0.5691382765531062,0.1825048913640289,0.12465504507609108,0.7809758186867273,7.0,0.14553220151914906,0.46913827655310625,age,"age, education, gender, orientation, politics",5.0,0.0,2.0,0.4,0.4,1.0,False
0,min,C_deep,76,1620,0.9390088945362135,True,12.0,3.0,2.75,135.0,0.9390088945362135,0.20226719333354018,0.1456920243192125,0.8448448942635721,7.0,0.4170643511440959,0.7548597103870294,politics,"education, orientation, politics",3.0,0.0,4.0,0.75,1.0,0.75,False
0,min,C_deep,77,1620,0.5403543307086613,True,3.0,1.0,1.0,540.0,0.5403543307086613,0.037896201696958794,0.0378962016969588,0.9298678671691982,1.0,0.5110001232722621,0.5110001232722621,age,age,1.0,0.0,2.0,0.5,1.0,0.5,False
0,min,C_deep,78,1620,0.5721925133689839,True,19.0,3.0,2.789473684210526,85.26315789473684,0.5721925133689839,0.3136731253845601,0.22662103520898594,0.6039426767842956,9.0,0.23420851721371422,0.4445823045522786,politics,"age, gender, politics",3.0,2.0,3.0,1.0,1.0,1.0,True
0,min,C_deep,79,1620,0.4577259475218659,True,13.0,3.0,2.6153846153846154,124.61538461538461,0.4577259475218659,0.25603990199637167,0.14585838818632466,0.6813412283572653,6.0,0.15963853494595895,0.39927083269931896,education,"age, education, gender, politics",4.0,0.0,2.0,0.5,0.5,1.0,False
0,min,C_deep,80,1620,0.6841530054644809,True,11.0,3.0,2.4545454545454546,147.27272727272728,0.6841530054644809,0.23592129846788606,0.13310568155503438,0.8054445708900057,5.0,0.46542298139083194,0.5866953783458368,politics,"education, gender, politics",3.0,0.0,4.0,0.75,1.0,0.75,False
0,min,C_deep,81,1620,0.4246068455134135,True,13.0,3.0,2.6153846153846154,124.61538461538461,0.4246068455134135,0.2739946936810821,0.1630997585162688,0.6158805251501382,6.0,0.41667333407474727,0.3309898242368178,politics,"age, gender, politics",3.0,0.0,3.0,1.0,1.0,1.0,True
0,min,C_deep,82,1620,0.7381489841986455,True,16.0,3.0,2.75,101.25,0.7381489841986455,0.33486509012077226,0.2548540056930173,0.6547390687400407,9.0,0.38727771441395253,0.5283587744084357,age,"age, gender, orientation, politics",4.0,1.0,4.0,1.0,1.0,1.0,True
0,min,C_deep,83,1620,0.47058823529411764,True,9.0,3.0,2.4444444444444446,180.0,0.47058823529411764,0.15110730318601767,0.08075744743847066,0.8283904241932498,4.0,0.18444679224078445,0.4305038471084636,age,"age, education, gender, politics",4.0,0.0,2.0,0.5,0.5,1.0,False
0,min,C_deep,84,1620,0.7011884550084889,True,2.0,1.0,1.0,810.0,0.7011884550084889,0.0009999999999999979,0.0009999999999999979,0.9985738498789346,1.0,0.7011884550084889,0.7011884550084889,orientation,orientation,1.0,0.0,1.0,1.0,1.0,1.0,True
0,min,C_deep,85,1620,0.7403726708074534,True,19.0,3.0,2.789473684210526,85.26315789473684,0.7403726708074534,0.39371577557314996,0.2823733531777786,0.6186064608924299,9.0,0.22300837600979267,0.6214915519263345,education,"age, education, gender, politics",4.0,0.0,2.0,0.5,0.5,1.0,False
0,min,C_deep,86,1620,0.50390625,True,12.0,3.0,2.75,135.0,0.50390625,0.29746096682333917,0.20044740114190887,0.6022129093617932,7.0,0.2465101623832414,0.3985299059139785,gender,"age, gender, orientation",3.0,1.0,3.0,1.0,1.0,1.0,True
0,min,C_deep,87,1620,0.7853736089030205,True,2.0,1.0,1.0,810.0,0.7853736089030205,0.017059697635353414,0.017059697635353414,0.9782782392456735,1.0,0.7688598474351306,0.7688598474351306,orientation,orientation,1.0,0.0,1.0,1.0,1.0,1.0,True
0,min,C_deep,88,1620,0.5674846625766872,True,8.0,3.0,2.625,202.5,0.5674846625766872,0.3288119554436567,0.18483586481059447,0.6742892328202498,4.0,0.5240619550622125,0.4824079540690163,orientation,"education, gender, orientation",3.0,0.0,4.0,0.75,1.0,0.75,False
0,min,C_deep,89,1620,0.5982905982905984,True,13.0,3.0,2.6153846153846154,124.61538461538461,0.5982905982905984,0.199718747374826,0.16312915828655603,0.7273412640067565,8.0,0.4421639144695844,0.32602596724734134,politics,"age, orientation, politics",3.0,0.0,4.0,0.75,1.0,0.75,False
0,min,C_deep,90,1620,0.0,False,,,,,,,,,,,,,,,,,,,,
0,min,C_deep,91,1620,0.0,False,,,,,,,,,,,,,,,,,,,,
0,min,C_deep,92,1620,0.6681127982646422,True,12.0,3.0,2.75,135.0,0.6681127982646422,0.28691177309271865,0.20110149264313215,0.6990006879594679,6.0,0.5009914130731191,0.4298632034510279,orientation,"age, education, gender, orientation",4.0,0.0,4.0,1.0,1.0,1.0,True
0,min,C_deep,93,1620,0.46788990825688076,True,3.0,1.0,1.0,540.0,0.46788990825688076,0.005522457663756604,0.005522457663756605,0.9881971002872653,1.0,0.46788990825688076,0.46788990825688076,age,age,1.0,0.0,1.0,1.0,1.0,1.0,True
0,min,C_deep,94,1620,0.638477801268499,True,13.0,3.0,2.6923076923076925,124.61538461538461,0.638477801268499,0.2970135325095952,0.21611759442013737,0.6615111848982617,8.0,0.2933287540331042,0.5055801977826602,age,"age, gender, orientation",3.0,0.0,3.0,1.0,1.0,1.0,True
0,min,C_deep,95,1620,0.5441906653426017,True,3.0,1.0,1.0,540.0,0.5441906653426017,0.03345625075912994,0.033456250759129946,0.9385210866524747,1.0,0.5265089364624446,0.5265089364624446,education,education,1.0,0.0,4.0,0.25,1.0,0.25,False
0,min,C_deep,96,1620,0.0,False,,,,,,,,,,,,,,,,,,,,
0,min,C_deep,97,1620,0.6500553709856035,True,22.0,3.0,2.909090909090909,73.63636363636364,0.6500553709856035,0.2556287979368809,0.2337963920095955,0.6403438807756989,11.0,0.39741019472276307,0.3975553709856035,age,"age, education, orientation, politics",4.0,0.0,4.0,1.0,1.0,1.0,True
0,min,C_deep,98,1620,0.7615112160566706,True,14.0,3.0,2.7142857142857144,115.71428571428571,0.7615112160566706,0.2917171114122034,0.23185668261629563,0.6955308369364304,9.0,0.33231561508419083,0.648679357649591,gender,"age, gender, orientation",3.0,1.0,3.0,1.0,1.0,1.0,True
0,min,C_deep,99,1620,0.37154696132596676,True,3.0,1.0,1.0,540.0,0.37154696132596676,0.024555938212774395,0.024555938212774395,0.9339089246615291,1.0,0.36855294934991883,0.36855294934991883,politics,politics,1.0,0.0,1.0,1.0,1.0,1.0,True
0,mean,A_default,0,1620,0.8257756563245824,True,6.0,3.0,2.3333333333333335,270.0,0.8257756563245824,0.17677381251278443,0.12701474802911317,0.8461873427046289,3.0,0.29836426078539147,0.7089361747482065,orientation,"education, orientation, politics",3.0,0.0,2.0,0.6666666666666666,0.6666666666666666,1.0,False
0,mean,A_default,1,1620,0.0,False,,,,,,,,,,,,,,,,,,,,
0,mean,A_default,2,1620,0.46395939086294413,True,11.0,3.0,2.272727272727273,147.27272727272728,0.46395939086294413,0.3566475380101722,0.2824861990750125,0.39114024925845225,5.0,0.23547269806088317,0.2585509738457179,age,"age, education, gender",3.0,1.0,2.0,0.6666666666666666,0.6666666666666666,1.0,False
0,mean,A_default,3,1620,0.0,False,,,,,,,,,,,,,,,,,,,,
0,mean,A_default,4,1620,0.4791666666666667,True,12.0,3.0,2.5833333333333335,135.0,0.4791666666666667,0.25349709403439286,0.1798944537467406,0.6245680965285414,7.0,0.22488514644406324,0.2932393664536522,gender,"age, gender, orientation",3.0,0.0,3.0,1.0,1.0,1.0,True
0,mean,A_default,5,1620,0.9515923566878982,True,14.0,3.0,2.7142857142857144,115.71428571428571,0.9515923566878982,0.11197525862395792,0.0914178552215444,0.9039317050215363,9.0,0.5682977717251746,0.6037950326664742,education,"education, gender, orientation",3.0,0.0,3.0,1.0,1.0,1.0,True
0,mean,A_default,6,1620,0.6577540106951871,True,11.0,3.0,2.4545454545454546,147.27272727272728,0.6577540106951871,0.23783414856618268,0.1303381714084115,0.8018435930620085,5.0,0.3547891476682639,0.517934308849401,gender,"age, education, gender, politics",4.0,0.0,4.0,1.0,1.0,1.0,True
0,mean,A_default,7,1620,0.7102085620197586,True,19.0,3.0,2.789473684210526,85.26315789473684,0.7102085620197586,0.06675718459532358,0.04960055662715441,0.9301605763719665,9.0,0.3934735768054398,0.3776817803498749,education,"education, gender, politics",3.0,0.0,3.0,1.0,1.0,1.0,True
0,mean,A_default,8,1620,0.41862652869238004,True,9.0,3.0,2.4444444444444446,180.0,0.41862652869238004,0.2684998008584306,0.11984804480992928,0.7137112997012252,4.0,0.21703047869133896,0.302088191137235,age,"age, education, gender",3.0,0.0,3.0,1.0,1.0,1.0,True
0,mean,A_default,9,1620,0.7864583333333333,True,11.0,3.0,2.4545454545454546,147.27272727272728,0.7864583333333333,0.4229372417969342,0.30497996475234296,0.6122109057453652,5.0,0.2833266009428965,0.5624734887072169,age,"age, education, gender, politics",4.0,0.0,2.0,0.5,0.5,1.0,False
0,mean,A_default,10,1620,0.48866995073891617,True,9.0,3.0,2.2222222222222223,180.0,0.48866995073891617,0.29314396876020854,0.20450925561569144,0.5814981966735346,4.0,0.20807560788456833,0.3163222454946381,politics,"education, gender, politics",3.0,0.0,2.0,0.6666666666666666,0.6666666666666666,1.0,False
0,mean,A_default,11,1620,0.8140643623361143,True,21.0,3.0,2.9047619047619047,77.14285714285714,0.8140643623361143,0.2684644565858362,0.2344685652995223,0.7119778531679367,11.0,0.3619711117092873,0.410506036243053,education,"age, education, orientation, politics",4.0,0.0,4.0,1.0,1.0,1.0,True
0,mean,A_default,12,1620,0.7925925925925926,True,13.0,3.0,2.6923076923076925,124.61538461538461,0.7925925925925926,0.44795347694668447,0.2893366958222324,0.6349490286355012,7.0,0.22689128096330027,0.5816277754640934,age,"age, education, gender, orientation, politics",5.0,0.0,2.0,0.4,0.4,1.0,False
0,mean,A_default,13,1620,0.4820717131474103,True,3.0,1.0,1.0,540.0,0.4820717131474103,0.00539415261004839,0.00539415261004839,0.9888104768171724,1.0,0.4755502004788817,0.4755502004788817,gender,gender,1.0,0.0,1.0,1.0,1.0,1.0,True
0,mean,A_default,14,1620,0.4281437125748503,True,3.0,1.0,1.0,540.0,0.4281437125748503,0.050212652844231785,0.05021265284423179,0.8827200975526335,1.0,0.38312333334394477,0.38312333334394477,education,education,1.0,0.0,1.0,1.0,1.0,1.0,True
0,mean,A_default,15,1620,0.5488418932527694,True,3.0,1.0,1.0,540.0,0.5488418932527694,0.06539891669608651,0.06539891669608651,0.8808419737996075,1.0,0.4845600043246541,0.4845600043246541,age,age,1.0,0.0,3.0,0.3333333333333333,1.0,0.3333333333333333,False
0,mean,A_default,16,1620,0.4559426229508196,True,7.0,3.0,2.142857142857143,231.42857142857142,0.4559426229508196,0.1086894432914409,0.0656987759053693,0.8559056061041788,3.0,0.16225776217958873,0.3922484392710497,age,"age, education, politics",3.0,0.0,2.0,0.6666666666666666,0.6666666666666666,1.0,False
0,mean,A_default,17,1620,0.9471649484536082,True,14.0,3.0,2.857142857142857,115.71428571428571,0.9471649484536082,0.06756402015317507,0.057950776043054354,0.9388165956334555,7.0,0.42457170711580716,0.6181996392344355,orientation,"age, orientation, politics",3.0,0.0,3.0,1.0,1.0,1.0,True
0,mean,A_default,18,1620,0.012552301255230125,False,,,,,,,,,,,,,,,,,,,,
0,mean,A_default,19,1620,0.5195195195195196,True,3.0,1.0,1.0,540.0,0.5195195195195196,0.0396185784222594,0.03961857842225941,0.9237399617652463,1.0,0.48058363717872926,0.48058363717872926,age,age,1.0,0.0,2.0,0.5,1.0,0.5,False
0,mean,A_default,20,1620,0.6688632619439868,True,2.0,1.0,1.0,810.0,0.6688632619439868,0.018433750599091824,0.018433750599091824,0.9724401807545597,1.0,0.6504295113448951,0.6504295113448951,orientation,orientation,1.0,0.0,1.0,1.0,1.0,1.0,True
0,mean,A_default,21,1620,0.0,False,,,,,,,,,,,,,,,,,,,,
0,mean,A_default,22,1620,0.632183908045977,True,10.0,3.0,2.6,162.0,0.632183908045977,0.36735274316725475,0.2797129187948364,0.5575450193608952,6.0,0.27022183812276507,0.3796090937350001,politics,"education, gender, orientation, politics",4.0,0.0,2.0,0.5,0.5,1.0,False
0,mean,A_default,23,1620,0.9327521793275219,True,14.0,3.0,2.7857142857142856,115.71428571428571,0.9327521793275219,0.2551248102197619,0.21219554602037016,0.7725059766964523,8.0,0.34774840955648456,0.6622086872830155,politics,"education, gender, orientation, politics",4.0,0.0,4.0,1.0,1.0,1.0,True
0,mean,A_default,24,1620,0.6654991243432574,True,2.0,1.0,1.0,810.0,0.6654991243432574,0.02423561547272888,0.02423561547272888,0.9635827988554522,1.0,0.6412635088705285,0.6412635088705285,orientation,orientation,1.0,0.0,1.0,1.0,1.0,1.0,True
0,mean,A_default,25,1620,0.6518847006651886,True,6.0,2.0,2.0,270.0,0.6518847006651886,0.3628380239948734,0.3628380239948734,0.44340153462010923,4.0,0.30989937128231826,0.4032919892295843,politics,"orientation, politics",2.0,0.0,2.0,1.0,1.0,1.0,True
0,mean,A_default,26,1620,0.5483119906868452,True,12.0,3.0,2.75,135.0,0.5483119906868452,0.2811263953266076,0.19442189899858547,0.6454173859027921,7.0,0.1687513111531244,0.421005622377554,education,"age, education, gender, orientation",4.0,1.0,2.0,0.5,0.5,1.0,False
0,mean,A_default,27,1620,0.46264367816091956,True,3.0,1.0,1.0,540.0,0.46264367816091956,0.014224523420259145,0.014224523420259145,0.9692538251537256,1.0,0.44563843124763286,0.44563843124763286,gender,gender,1.0,0.0,2.0,0.5,1.0,0.5,False
0,mean,A_default,28,1620,0.4380630630630631,True,13.0,3.0,2.6153846153846154,124.61538461538461,0.4380630630630631,0.3093397781855502,0.17236852522814747,0.6065212071912727,6.0,0.18877840128665235,0.3034953856932673,politics,"age, gender, politics",3.0,0.0,2.0,0.6666666666666666,0.6666666666666666,1.0,False
0,mean,A_default,29,1620,0.5747508305647839,True,6.0,3.0,2.1666666666666665,270.0,0.5747508305647839,0.14383436049195242,0.09183263782403994,0.8402218266760924,3.0,0.20992218753408512,0.49004888939276,age,"age, gender, orientation",3.0,0.0,2.0,0.6666666666666666,0.6666666666666666,1.0,False
0,mean,A_default,30,1620,0.0,False,,,,,,,,,,,,,,,,,,,,
0,mean,A_default,31,1620,0.7924970691676436,True,19.0,3.0,2.8947368421052633,85.26315789473684,0.7924970691676436,0.24147511376077974,0.21368637789315484,0.7303631947590812,11.0,0.3342222795371236,0.46212963242396926,education,"age, education, orientation, politics",4.0,0.0,4.0,1.0,1.0,1.0,True
0,mean,A_default,32,1620,0.0,False,,,,,,,,,,,,,,,,,,,,
0,mean,A_default,33,1620,0.0,False,,,,,,,,,,,,,,,,,,,,
0,mean,A_default,34,1620,0.4519774011299435,True,14.0,3.0,2.857142857142857,115.71428571428571,0.4519774011299435,0.26127589441505306,0.21542117289485657,0.5233806549701299,7.0,0.28394309322996664,0.256189139684186,orientation,"age, gender, orientation, politics",4.0,0.0,4.0,1.0,1.0,1.0,True
0,mean,A_default,35,1620,0.7803203661327232,True,12.0,3.0,2.6666666666666665,135.0,0.7803203661327232,0.19686511001940987,0.1399323038880011,0.820673264518896,7.0,0.48393685508303375,0.5091085274331998,education,"education, orientation, politics",3.0,0.0,4.0,0.75,1.0,0.75,False
0,mean,A_default,36,1620,0.0,False,,,,,,,,,,,,,,,,,,,,
0,mean,A_default,37,1620,0.525172754195459,True,12.0,3.0,2.75,135.0,0.525172754195459,0.06523398944699005,0.0486896738021499,0.9072882715007935,6.0,0.37811854612395795,0.22895972335011547,orientation,"education, gender, orientation",3.0,0.0,3.0,1.0,1.0,1.0,True
0,mean,A_default,38,1620,0.8562783661119516,True,2.0,1.0,1.0,810.0,0.8562783661119516,0.02001716872171063,0.02001716872171063,0.97662305914302,1.0,0.836261197390241,0.836261197390241,orientation,orientation,1.0,0.0,1.0,1.0,1.0,1.0,True
0,mean,A_default,39,1620,0.34873323397913575,True,3.0,1.0,1.0,540.0,0.34873323397913575,0.04481805612949388,0.04481805612949389,0.8714832663979043,1.0,0.3036154654461169,0.3036154654461169,education,education,1.0,0.0,1.0,1.0,1.0,1.0,True
0,mean,A_default,40,1620,0.4756335282651073,True,12.0,3.0,2.5833333333333335,135.0,0.4756335282651073,0.20167792034920193,0.1399972863149624,0.705661443116493,7.0,0.2649951257484696,0.2829886859186914,age,"age, gender, orientation",3.0,0.0,3.0,1.0,1.0,1.0,True
0,mean,A_default,41,1620,0.30535455861070915,True,3.0,1.0,1.0,540.0,0.30535455861070915,0.01905804818260363,0.01905804818260363,0.937587150264554,1.0,0.2852014512547245,0.2852014512547245,age,age,1.0,0.0,1.0,1.0,1.0,1.0,True
0,mean,A_default,42,1620,0.6031088082901555,True,15.0,3.0,2.6,108.0,0.6031088082901555,0.21168314938404498,0.1232320250750199,0.7956719859151302,7.0,0.413974589248897,0.42059671831119494,education,"age, education, gender",3.0,0.0,3.0,1.0,1.0,1.0,True
0,mean,A_default,43,1620,0.836283185840708,True,16.0,3.0,2.6875,101.25,0.836283185840708,0.4385169511968923,0.3372151629939955,0.5967691701764921,8.0,0.27226165307204714,0.5605851511699155,education,"age, education, gender, orientation, politics",5.0,0.0,2.0,0.4,0.4,1.0,False
0,mean,A_default,44,1620,0.4815983175604627,True,3.0,1.0,1.0,540.0,0.4815983175604627,0.0164078707499615,0.016407870749961497,0.9659303819143813,1.0,0.4654313635555176,0.4654313635555176,age,age,1.0,0.0,1.0,1.0,1.0,1.0,True
0,mean,A_default,45,1620,0.9045287637698899,True,13.0,3.0,2.6923076923076925,124.61538461538461,0.9045287637698899,0.23538552462490292,0.14731305564491445,0.837138340376326,7.0,0.4177351195739775,0.6316751961061459,gender,"age, gender, orientation, politics",4.0,1.0,4.0,1.0,1.0,1.0,True
0,mean,A_default,46,1620,0.6495535714285715,True,8.0,3.0,2.375,202.5,0.6495535714285715,0.4779453739913663,0.4050597179635282,0.3764029084272832,5.0,0.3141176034645509,0.3692598702291772,politics,"age, orientation, politics",3.0,0.0,2.0,0.6666666666666666,0.6666666666666666,1.0,False
0,mean,A_default,47,1620,0.8123425692695213,True,8.0,3.0,2.625,202.5,0.8123425692695213,0.15929545183950428,0.08910991318981624,0.8903050060888154,4.0,0.2245093552323825,0.7356683918319953,orientation,"age, education, orientation, politics",4.0,0.0,2.0,0.5,0.5,1.0,False
0,mean,A_default,48,1620,0.4053691275167786,True,3.0,1.0,1.0,540.0,0.4053691275167786,0.01709864726413061,0.01709864726413061,0.957819562212658,1.0,0.3874018490390006,0.3874018490390006,education,education,1.0,0.0,1.0,1.0,1.0,1.0,True
0,mean,A_default,49,1620,0.0,False,,,,,,,,,,,,,,,,,,,,
0,mean,A_default,50,1620,0.0,False,,,,,,,,,,,,,,,,,,,,
0,mean,A_default,51,1620,0.4403778040141677,True,3.0,1.0,1.0,540.0,0.4403778040141677,0.0163718878036853,0.016371887803685304,0.9628230858720604,1.0,0.4243385292916361,0.4243385292916361,education,education,1.0,0.0,1.0,1.0,1.0,1.0,True
0,mean,A_default,52,1620,0.46135831381733033,True,3.0,1.0,1.0,540.0,0.46135831381733033,0.023113586479668945,0.023113586479668945,0.9499010079856922,1.0,0.43879102359361327,0.43879102359361327,education,education,1.0,0.0,1.0,1.0,1.0,1.0,True
0,mean,A_default,53,1620,0.5161923454367027,True,6.0,3.0,2.1666666666666665,270.0,0.5161923454367027,0.2620891818576135,0.13901705795738137,0.7306874865806623,3.0,0.26751677907153265,0.39667085066787094,gender,"education, gender, orientation",3.0,0.0,3.0,1.0,1.0,1.0,True
0,mean,A_default,54,1620,0.3864864864864865,True,3.0,1.0,1.0,540.0,0.3864864864864865,0.06040493814275976,0.06040493814275977,0.8437075027075447,1.0,0.32590664880312614,0.32590664880312614,politics,politics,1.0,0.0,1.0,1.0,1.0,1.0,True
0,mean,A_default,55,1620,0.7036585365853658,True,11.0,3.0,2.4545454545454546,147.27272727272728,0.7036585365853658,0.2396680475208086,0.1778644988087735,0.7472289618315524,5.0,0.19673394644699344,0.5582352497827686,gender,"age, education, gender",3.0,0.0,2.0,0.6666666666666666,0.6666666666666666,1.0,False
0,mean,A_default,56,1620,0.7815126050420168,True,19.0,3.0,2.789473684210526,85.26315789473684,0.7815126050420168,0.1523012564145534,0.11587969853806263,0.8517238266018339,9.0,0.40354159100487025,0.40990353028714654,age,"age, education, gender",3.0,0.0,3.0,1.0,1.0,1.0,True
0,mean,A_default,57,1620,0.5473041709053916,True,3.0,1.0,1.0,540.0,0.5473041709053916,0.03286299098719657,0.032862990987196576,0.9399547952780405,1.0,0.5164649916656323,0.5164649916656323,age,age,1.0,0.0,2.0,0.5,1.0,0.5,False
0,mean,A_default,58,1620,0.3402061855670103,True,3.0,1.0,1.0,540.0,0.3402061855670103,0.04924019532966583,0.04924019532966583,0.8552636682734065,1.0,0.29202571007369243,0.29202571007369243,gender,gender,1.0,0.0,1.0,1.0,1.0,1.0,True
0,mean,A_default,59,1620,0.9553903345724907,True,15.0,3.0,2.7333333333333334,108.0,0.9553903345724907,0.2927639502181324,0.18958266594610051,0.8015652251381282,7.0,0.4815139295168803,0.6745569234805563,education,"age, education, gender",3.0,0.0,4.0,0.75,1.0,0.75,False
0,mean,A_default,60,1620,0.9558080808080809,True,15.0,3.0,2.8,108.0,0.9558080808080809,0.16764894893856003,0.14749212000293957,0.8456885613707686,10.0,0.4471408577817414,0.5934953288020176,education,"education, orientation, politics",3.0,0.0,4.0,0.75,1.0,0.75,False
0,mean,A_default,61,1620,0.43383947939262474,True,9.0,3.0,2.4444444444444446,180.0,0.43383947939262474,0.2803434061723436,0.14679403958398463,0.6616397387589155,4.0,0.15928983887375614,0.2984450658996425,age,"age, education, politics",3.0,0.0,2.0,0.6666666666666666,0.6666666666666666,1.0,False
0,mean,A_default,62,1620,0.0,False,,,,,,,,,,,,,,,,,,,,
0,mean,A_default,63,1620,0.6780575539568344,True,2.0,1.0,1.0,810.0,0.6780575539568344,0.04882773539489958,0.04882773539489958,0.9279888040329862,1.0,0.6292298185619348,0.6292298185619348,orientation,orientation,1.0,0.0,1.0,1.0,1.0,1.0,True
0,mean,A_default,64,1620,0.7222222222222222,True,17.0,3.0,2.7058823529411766,95.29411764705883,0.7222222222222222,0.0446985848508072,0.03379882286637531,0.9532016298773265,8.0,0.3876945610247368,0.436895467096234,politics,"age, gender, politics",3.0,0.0,3.0,1.0,1.0,1.0,True
0,mean,A_default,65,1620,0.5117707267144319,True,3.0,1.0,1.0,540.0,0.5117707267144319,0.027947564364069487,0.027947564364069487,0.9453904592326082,1.0,0.4834790121862178,0.4834790121862178,gender,gender,1.0,0.0,2.0,0.5,1.0,0.5,False
0,mean,A_default,66,1620,0.4890738813735692,True,9.0,3.0,2.4444444444444446,180.0,0.4890738813735692,0.30927490019757126,0.1869145943200398,0.6178193082094505,5.0,0.24887721681103797,0.35392118481736384,age,"age, education, orientation",3.0,1.0,3.0,1.0,1.0,1.0,True
0,mean,A_default,67,1620,0.6488222698072805,True,15.0,3.0,2.6,108.0,0.6488222698072805,0.16735722847677828,0.10047749014673946,0.8451386538002399,7.0,0.4561996417593767,0.45650758216802095,education,"age, education, politics",3.0,0.0,4.0,0.75,1.0,0.75,False
0,mean,A_default,68,1620,0.9654731457800512,True,10.0,3.0,2.6,162.0,0.9654731457800512,0.2120482629681099,0.12805687035589605,0.8673636124260785,5.0,0.46366559211311903,0.7765062140256346,orientation,"gender, orientation, politics",3.0,0.0,3.0,1.0,1.0,1.0,True
0,mean,A_default,69,1620,0.7877237851662404,True,17.0,3.0,2.7058823529411766,95.29411764705883,0.7877237851662404,0.4415784734944277,0.32498900088365984,0.5874327943327565,8.0,0.23643138595947938,0.5736070555729016,education,"age, education, gender, politics",4.0,1.0,2.0,0.5,0.5,1.0,False
0,mean,A_default,70,1620,0.8309859154929577,True,14.0,3.0,2.857142857142857,115.71428571428571,0.8309859154929577,0.15546965870173796,0.12607020464641946,0.8482883977983766,7.0,0.38330232612181464,0.5711866594961428,orientation,"education, gender, orientation",3.0,0.0,3.0,1.0,1.0,1.0,True
0,mean,A_default,71,1620,0.8105882352941177,True,12.0,3.0,2.75,135.0,0.8105882352941177,0.16861841004408432,0.12264866014509963,0.848691783565552,6.0,0.43610487034769757,0.5007282707053711,orientation,"education, orientation, politics",3.0,0.0,4.0,0.75,1.0,0.75,False
0,mean,A_default,72,1620,0.8315068493150686,True,15.0,3.0,2.6,108.0,0.8315068493150686,0.45165006688114884,0.3540698999531209,0.5741828221321611,7.0,0.2630295082594886,0.5763551765962541,education,"age, education, gender, politics",4.0,2.0,2.0,0.5,0.5,1.0,False
0,mean,A_default,73,1620,0.5791855203619909,True,8.0,3.0,2.375,202.5,0.5791855203619909,0.35521621336008413,0.2731955900159942,0.52831073911301,5.0,0.22834678991453985,0.3963077080048038,gender,"gender, orientation, politics",3.0,0.0,2.0,0.6666666666666666,0.6666666666666666,1.0,False
0,mean,A_default,74,1620,0.48653846153846153,True,3.0,1.0,1.0,540.0,0.48653846153846153,0.007101235384735965,0.007101235384735966,0.9854045754938233,1.0,0.47966923801053546,0.47966923801053546,politics,politics,1.0,0.0,1.0,1.0,1.0,1.0,True
0,mean,A_default,75,1620,0.0,False,,,,,,,,,,,,,,,,,,,,
0,mean,A_default,76,1620,0.6506172839506172,True,15.0,3.0,2.7333333333333334,108.0,0.6506172839506172,0.19713408035403177,0.11955382329523292,0.8162455467378773,7.0,0.15934991337419177,0.5635866322527926,politics,"age, education, gender, politics",4.0,0.0,2.0,0.5,0.5,1.0,False
0,mean,A_default,77,1620,0.34790209790209786,True,19.0,3.0,2.789473684210526,85.26315789473684,0.34790209790209786,0.09393951517261971,0.07312373279489183,0.7898152002076476,9.0,0.3580397516833067,0.2673833672935939,gender,"education, gender, politics",3.0,0.0,3.0,1.0,1.0,1.0,True
0,mean,A_default,78,1620,0.834793491864831,True,12.0,3.0,2.75,135.0,0.834793491864831,0.1419180604113838,0.10762611908644192,0.8710745589954016,6.0,0.3768138622314691,0.5542860777277026,orientation,"age, orientation, politics",3.0,0.0,3.0,1.0,1.0,1.0,True
0,mean,A_default,79,1620,0.0,False,,,,,,,,,,,,,,,,,,,,
0,mean,A_default,80,1620,0.48233046800382046,True,3.0,1.0,1.0,540.0,0.48233046800382046,0.0070877971622576195,0.007087797162257619,0.9853051017249828,1.0,0.47542946630627875,0.47542946630627875,education,education,1.0,0.0,2.0,0.5,1.0,0.5,False
0,mean,A_default,81,1620,0.7101669195751139,True,14.0,3.0,2.5714285714285716,115.71428571428571,0.7101669195751139,0.35196247597634456,0.29364371432787434,0.5865145133716472,7.0,0.21488240785727059,0.5021437816211801,gender,"age, education, gender, orientation, politics",5.0,1.0,2.0,0.4,0.4,1.0,False
0,mean,A_default,82,1620,0.459,True,6.0,3.0,2.0,270.0,0.459,0.21069484148760356,0.14082785669494832,0.6931854973966267,3.0,0.1773290746063926,0.3186233886396177,age,"age, education, orientation",3.0,0.0,2.0,0.6666666666666666,0.6666666666666666,1.0,False
0,mean,A_default,83,1620,0.6483632523759238,True,13.0,3.0,2.769230769230769,124.61538461538461,0.6483632523759238,0.29861963871458547,0.21987269310233384,0.6608803902802766,8.0,0.27991293230320524,0.4200038837960214,politics,"gender, orientation, politics",3.0,0.0,4.0,0.75,1.0,0.75,False
0,mean,A_default,84,1620,0.594559585492228,True,10.0,3.0,2.6,162.0,0.594559585492228,0.4015922395793461,0.30019792615256924,0.4950919411987289,6.0,0.24606455633824886,0.3789981271618088,politics,"education, gender, orientation, politics",4.0,0.0,2.0,0.5,0.5,1.0,False
0,mean,A_default,85,1620,0.8639760837070255,True,2.0,1.0,1.0,810.0,0.8639760837070255,0.01533462367621835,0.01533462367621835,0.9822511016619548,1.0,0.8486414600308071,0.8486414600308071,orientation,orientation,1.0,0.0,1.0,1.0,1.0,1.0,True
0,mean,A_default,86,1620,0.9471698113207546,True,10.0,3.0,2.6,162.0,0.9471698113207546,0.1248195379381472,0.08607708240379669,0.9091218054302544,5.0,0.49300884446826687,0.7029401985406674,orientation,"age, gender, orientation",3.0,0.0,4.0,0.75,1.0,0.75,False
0,mean,A_default,87,1620,0.537590113285273,True,9.0,3.0,2.5555555555555554,180.0,0.537590113285273,0.19017929413596382,0.1186557797387513,0.7792820648920928,5.0,0.15323674358424788,0.4396516742291234,education,"education, orientation, politics",3.0,0.0,2.0,0.6666666666666666,0.6666666666666666,1.0,False
0,mean,A_default,88,1620,0.0008230452674897101,False,,,,,,,,,,,,,,,,,,,,
0,mean,A_default,89,1620,0.0,False,,,,,,,,,,,,,,,,,,,,
0,mean,A_default,90,1620,0.8673218673218673,True,11.0,3.0,2.272727272727273,147.27272727272728,0.8673218673218673,0.41574949237379816,0.37528319115734277,0.5673080487222706,5.0,0.31083341856760155,0.6047530220538351,age,"age, gender, politics",3.0,0.0,2.0,0.6666666666666666,0.6666666666666666,1.0,False
0,mean,A_default,91,1620,0.503582395087001,True,3.0,1.0,1.0,540.0,0.503582395087001,0.018046911018902722,0.018046911018902722,0.964162942956366,1.0,0.4857698470617973,0.4857698470617973,politics,politics,1.0,0.0,2.0,0.5,1.0,0.5,False
0,mean,A_default,92,1620,0.7125171939477304,True,8.0,3.0,2.625,202.5,0.7125171939477304,0.19064824885773135,0.10344053247278796,0.8548238086723613,4.0,0.2231071546849406,0.6276374937467781,orientation,"education, gender, orientation, politics",4.0,0.0,2.0,0.5,0.5,1.0,False
0,mean,A_default,93,1620,0.667079207920792,True,8.0,3.0,2.375,202.5,0.667079207920792,0.4196260797255408,0.3552972354298501,0.46738373612742323,5.0,0.2881554124336381,0.4063365023505003,politics,"gender, orientation, politics",3.0,0.0,2.0,0.6666666666666666,0.6666666666666666,1.0,False
0,mean,A_default,94,1620,0.8477611940298508,True,2.0,1.0,1.0,810.0,0.8477611940298508,0.00794912559618442,0.00794912559618442,0.9906233905819656,1.0,0.8398120684336664,0.8398120684336664,orientation,orientation,1.0,0.0,1.0,1.0,1.0,1.0,True
0,mean,A_default,95,1620,0.5858050847457628,True,12.0,3.0,2.75,135.0,0.5858050847457628,0.16053680252614352,0.11603881435700955,0.801915658674472,6.0,0.3792226075615659,0.24805277547446605,orientation,"education, orientation, politics",3.0,0.0,3.0,1.0,1.0,1.0,True
0,mean,A_default,96,1620,0.4912641315519013,True,3.0,1.0,1.0,540.0,0.4912641315519013,0.01179793735068077,0.011797937350680772,0.9759845333844929,1.0,0.4789558619015753,0.4789558619015753,gender,gender,1.0,0.0,1.0,1.0,1.0,1.0,True
0,mean,A_default,97,1620,0.5987590486039297,True,14.0,3.0,2.5714285714285716,115.71428571428571,0.5987590486039297,0.3139273906537835,0.1851040972051922,0.6908537789336427,7.0,0.3134812012935225,0.436878791195217,age,"age, gender, orientation, politics",4.0,1.0,4.0,1.0,1.0,1.0,True
0,mean,A_default,98,1620,0.0,False,,,,,,,,,,,,,,,,,,,,
0,mean,A_default,99,1620,0.40616246498599434,True,17.0,3.0,2.7058823529411766,95.29411764705883,0.40616246498599434,0.2221436605166771,0.1464255999107599,0.6394900747024739,8.0,0.30525153972864577,0.25741451340585053,politics,"education, gender, politics",3.0,0.0,3.0,1.0,1.0,1.0,True
0,mean,B_weak_signal,0,1620,0.3908948194662481,True,3.0,1.0,1.0,540.0,0.3908948194662481,0.04524978259683487,0.045249782596834875,0.8842405160072939,1.0,0.34520141564344126,0.34520141564344126,gender,gender,1.0,0.0,1.0,1.0,1.0,1.0,True
0,mean,B_weak_signal,1,1620,0.7264150943396226,True,21.0,3.0,2.857142857142857,77.14285714285714,0.7264150943396226,0.17015674462471603,0.14362606954101328,0.8022809951773063,10.0,0.3363120165572225,0.4587006256439656,age,"age, education, gender",3.0,0.0,3.0,1.0,1.0,1.0,True
0,mean,B_weak_signal,2,1620,0.47159090909090917,True,14.0,3.0,2.857142857142857,115.71428571428571,0.47159090909090917,0.16229993606073287,0.14476293344690913,0.6930328158234216,7.0,0.29667456113469737,0.20792036300849634,orientation,"education, gender, orientation",3.0,0.0,3.0,1.0,1.0,1.0,True
0,mean,B_weak_signal,3,1620,0.5266272189349114,True,2.0,1.0,1.0,810.0,0.5266272189349114,0.01715772912204823,0.01715772912204823,0.9674195930154366,1.0,0.5094694898128632,0.5094694898128632,orientation,orientation,1.0,0.0,1.0,1.0,1.0,1.0,True
0,mean,B_weak_signal,4,1620,0.2639593908629442,False,,,,,,,,,,,,,,,,,,,,
0,mean,B_weak_signal,5,1620,0.41245136186770426,True,16.0,3.0,2.75,101.25,0.41245136186770426,0.30966860323389445,0.2365323020883392,0.4265207392763851,9.0,0.3094781425585105,0.24377122573049534,gender,"age, gender, orientation, politics",4.0,1.0,4.0,1.0,1.0,1.0,True
0,mean,B_weak_signal,6,1620,0.36030534351145044,True,3.0,1.0,1.0,540.0,0.36030534351145044,0.06330342828986267,0.06330342828986266,0.8243061630090677,1.0,0.3054515998814681,0.3054515998814681,education,education,1.0,0.0,1.0,1.0,1.0,1.0,True
0,mean,B_weak_signal,7,1620,0.12400000000000004,False,,,,,,,,,,,,,,,,,,,,
0,mean,B_weak_signal,8,1620,0.7045790251107829,True,14.0,3.0,2.857142857142857,115.71428571428571,0.7045790251107829,0.22137826998448087,0.18352233666533155,0.7395290945022444,7.0,0.261529953750613,0.44002669964191493,orientation,"education, orientation, politics",3.0,0.0,3.0,1.0,1.0,1.0,True
0,mean,B_weak_signal,9,1620,0.5682281059063137,True,2.0,1.0,1.0,810.0,0.5682281059063137,0.0431362467866324,0.0431362467866324,0.9240863900636684,1.0,0.5250918591196813,0.5250918591196813,orientation,orientation,1.0,0.0,1.0,1.0,1.0,1.0,True
0,mean,B_weak_signal,10,1620,0.48106448311156597,True,12.0,3.0,2.75,135.0,0.48106448311156597,0.2041979001083428,0.153179565839764,0.681582051435214,6.0,0.2888730122919834,0.21172563786661855,orientation,"age, gender, orientation",3.0,0.0,4.0,0.75,1.0,0.75,False
0,mean,B_weak_signal,11,1620,0.753309265944645,True,12.0,3.0,2.75,135.0,0.753309265944645,0.24396838722642755,0.19206095668456635,0.7450436821008393,7.0,0.41838532529310857,0.3870688634584005,gender,"age, gender, orientation",3.0,0.0,4.0,0.75,1.0,0.75,False
0,mean,B_weak_signal,12,1620,0.8739376770538244,True,11.0,3.0,2.3636363636363638,147.27272727272728,0.8739376770538244,0.40484265050162116,0.38508804604696345,0.5593644076026643,6.0,0.3274335762958897,0.5905345744874603,gender,"gender, orientation, politics",3.0,0.0,2.0,0.6666666666666666,0.6666666666666666,1.0,False
0,mean,B_weak_signal,13,1620,0.22417582417582407,False,,,,,,,,,,,,,,,,,,,,
0,mean,B_weak_signal,14,1620,0.3355176933158584,True,9.0,3.0,2.4444444444444446,180.0,0.3355176933158584,0.3030718851995242,0.13346437798023753,0.6022135921917139,4.0,0.19653976644710044,0.2082010220716947,gender,"age, gender, politics",3.0,0.0,2.0,0.6666666666666666,0.6666666666666666,1.0,False
0,mean,B_weak_signal,15,1620,0.8323863636363636,True,13.0,3.0,2.6923076923076925,124.61538461538461,0.8323863636363636,0.4622643634087255,0.3014812916876761,0.6378108714195836,7.0,0.2771232198061949,0.6023578070423865,gender,"age, education, gender, orientation, politics",5.0,0.0,2.0,0.4,0.4,1.0,False
0,mean,B_weak_signal,16,1620,0.8171500630517025,True,16.0,3.0,2.9375,101.25,0.8171500630517025,0.1952302147213213,0.18101181019573354,0.7784840038808385,8.0,0.3181314593902926,0.48563532810883797,orientation,"education, gender, orientation, politics",4.0,0.0,4.0,1.0,1.0,1.0,True
0,mean,B_weak_signal,17,1620,0.36407766990291257,True,3.0,1.0,1.0,540.0,0.36407766990291257,0.0357488158336856,0.035748815833685596,0.9018099191768102,1.0,0.3299928290382453,0.3299928290382453,politics,politics,1.0,0.0,1.0,1.0,1.0,1.0,True
0,mean,B_weak_signal,18,1620,0.30959302325581395,True,3.0,1.0,1.0,540.0,0.30959302325581395,0.04452225334578277,0.04452225334578276,0.8561910314464858,1.0,0.2622125896008705,0.2622125896008705,politics,politics,1.0,0.0,1.0,1.0,1.0,1.0,True
0,mean,B_weak_signal,19,1620,0.6397694524495677,True,19.0,3.0,2.789473684210526,85.26315789473684,0.6397694524495677,0.2601370792131824,0.20298652781785975,0.6827192560684805,9.0,0.27994506245798667,0.3569973606555541,education,"age, education, gender",3.0,0.0,3.0,1.0,1.0,1.0,True
0,mean,B_weak_signal,20,1620,0.0,False,,,,,,,,,,,,,,,,,,,,
0,mean,B_weak_signal,21,1620,0.0,False,,,,,,,,,,,,,,,,,,,,
0,mean,B_weak_signal,22,1620,0.6306027820710974,True,19.0,3.0,2.789473684210526,85.26315789473684,0.6306027820710974,0.3822618215957075,0.27767729294534665,0.5596637045695116,9.0,0.20490704346608438,0.4573025503530515,age,"age, education, gender, politics",4.0,0.0,2.0,0.5,0.5,1.0,False
0,mean,B_weak_signal,23,1620,0.7621483375959079,True,19.0,3.0,2.8421052631578947,85.26315789473684,0.7621483375959079,0.24996346261953784,0.20920557445583204,0.7255054375428512,10.0,0.32315837895335164,0.37463276837875203,education,"age, education, orientation, politics",4.0,0.0,4.0,1.0,1.0,1.0,True
0,mean,B_weak_signal,24,1620,0.0,False,,,,,,,,,,,,,,,,,,,,
0,mean,B_weak_signal,25,1620,0.45482388973966315,True,12.0,3.0,2.75,135.0,0.45482388973966315,0.34316788122324143,0.24677261447438145,0.45743260184588863,7.0,0.16552726796508926,0.2771514477651617,politics,"education, gender, orientation, politics",4.0,0.0,2.0,0.5,0.5,1.0,False
0,mean,B_weak_signal,26,1620,0.5364963503649635,True,14.0,3.0,2.857142857142857,115.71428571428571,0.5364963503649635,0.2368239351731905,0.19329200125873475,0.6397142289463039,7.0,0.25752038282615286,0.2264217107530211,orientation,"age, education, orientation",3.0,0.0,3.0,1.0,1.0,1.0,True
0,mean,B_weak_signal,27,1620,0.4024390243902439,True,16.0,3.0,2.6875,101.25,0.4024390243902439,0.3887130366226383,0.2593660160372333,0.3555147480286931,8.0,0.22108368668007555,0.15424317917697242,politics,"age, education, orientation, politics",4.0,1.0,2.0,0.5,0.5,1.0,False
0,mean,B_weak_signal,28,1620,0.0,False,,,,,,,,,,,,,,,,,,,,
0,mean,B_weak_signal,29,1620,0.30115830115830117,True,3.0,1.0,1.0,540.0,0.30115830115830117,0.052754081970247474,0.05275408197024748,0.824829394483409,1.0,0.2488001614358689,0.2488001614358689,education,education,1.0,0.0,1.0,1.0,1.0,1.0,True
0,mean,B_weak_signal,30,1620,0.6605293440736479,True,16.0,3.0,2.6875,101.25,0.6605293440736479,0.1698809753949038,0.12961259665712033,0.8037746576741506,8.0,0.3506777303348868,0.37535831558774185,education,"education, gender, orientation, politics",4.0,0.0,3.0,0.75,0.75,1.0,False
0,mean,B_weak_signal,31,1620,0.005020920502092049,False,,,,,,,,,,,,,,,,,,,,
0,mean,B_weak_signal,32,1620,0.49474789915966383,True,14.0,3.0,2.857142857142857,115.71428571428571,0.49474789915966383,0.1301438130785302,0.10955644373951678,0.7785610733757538,7.0,0.30602365164625006,0.2112843111312596,orientation,"age, education, orientation",3.0,0.0,3.0,1.0,1.0,1.0,True
0,mean,B_weak_signal,33,1620,0.3646112600536193,True,10.0,3.0,2.4,162.0,0.3646112600536193,0.1911749059851475,0.13371664592598193,0.6332624343353583,5.0,0.13571498944238228,0.27563093891615914,age,"age, education, orientation, politics",4.0,0.0,2.0,0.5,0.5,1.0,False
0,mean,B_weak_signal,34,1620,0.5058139534883721,True,15.0,3.0,2.8,108.0,0.5058139534883721,0.20558576873013074,0.1773875022062966,0.6493028692013447,9.0,0.23106891585483147,0.26571478596859177,politics,"education, gender, orientation, politics",4.0,0.0,3.0,0.75,0.75,1.0,False
0,mean,B_weak_signal,35,1620,0.7473560517038778,True,19.0,3.0,2.9473684210526314,85.26315789473684,0.7473560517038778,0.2805434213435975,0.254721822199345,0.6591693857049644,10.0,0.319393761407132,0.37097608355725753,politics,"age, gender, orientation, politics",4.0,0.0,4.0,1.0,1.0,1.0,True
0,mean,B_weak_signal,36,1620,0.0,False,,,,,,,,,,,,,,,,,,,,
0,mean,B_weak_signal,37,1620,0.47414741474147415,True,12.0,3.0,2.75,135.0,0.47414741474147415,0.19965977896334455,0.14925416794067606,0.6852156875682726,6.0,0.28654603661891404,0.19539547534473897,orientation,"age, orientation, politics",3.0,0.0,3.0,1.0,1.0,1.0,True
0,mean,B_weak_signal,38,1620,0.3377110694183866,True,3.0,1.0,1.0,540.0,0.3377110694183866,0.035461912846097225,0.035461912846097225,0.8949933358501677,1.0,0.3008918971333063,0.3008918971333063,politics,politics,1.0,0.0,1.0,1.0,1.0,1.0,True
0,mean,B_weak_signal,39,1620,0.0,False,,,,,,,,,,,,,,,,,,,,
0,mean,B_weak_signal,40,1620,0.5386138613861386,True,2.0,1.0,1.0,810.0,0.5386138613861386,0.06753009390559023,0.06753009390559023,0.8746224359473417,1.0,0.4710837674805484,0.4710837674805484,orientation,orientation,1.0,0.0,1.0,1.0,1.0,1.0,True
0,mean,B_weak_signal,41,1620,0.5382619974059663,True,6.0,3.0,2.1666666666666665,270.0,0.5382619974059663,0.1653287370851728,0.10993450232293596,0.7957602378530515,3.0,0.18921064792479178,0.43009205505928844,age,"age, education, orientation",3.0,0.0,2.0,0.6666666666666666,0.6666666666666666,1.0,False
0,mean,B_weak_signal,42,1620,0.374,True,9.0,3.0,2.4444444444444446,180.0,0.374,0.24543795195863513,0.101403736051603,0.7288670159048048,4.0,0.20451961964859647,0.29043705700309475,gender,"age, education, gender, politics",4.0,0.0,1.0,0.25,0.25,1.0,False
0,mean,B_weak_signal,43,1620,0.5441919191919192,True,21.0,3.0,2.857142857142857,77.14285714285714,0.5441919191919192,0.2420162586872622,0.1978012692611202,0.636522957645459,10.0,0.25998630358006075,0.2877251873370917,gender,"age, education, gender",3.0,0.0,3.0,1.0,1.0,1.0,True
0,mean,B_weak_signal,44,1620,0.5681159420289855,True,8.0,3.0,2.625,202.5,0.5681159420289855,0.2771790411888412,0.15461203190324183,0.7278512703743958,4.0,0.22924839258482446,0.45729923965742914,orientation,"education, gender, orientation",3.0,0.0,2.0,0.6666666666666666,0.6666666666666666,1.0,False
0,mean,B_weak_signal,45,1620,0.0,False,,,,,,,,,,,,,,,,,,,,
0,mean,B_weak_signal,46,1620,0.42535211267605627,True,3.0,1.0,1.0,540.0,0.42535211267605627,0.04359329742703038,0.04359329742703038,0.8975124464463855,1.0,0.3829602628126805,0.3829602628126805,education,education,1.0,0.0,1.0,1.0,1.0,1.0,True
0,mean,B_weak_signal,47,1620,0.34173669467787116,True,3.0,1.0,1.0,540.0,0.34173669467787116,0.04615241976481568,0.04615241976481568,0.8649474274095148,1.0,0.2957280853020092,0.2957280853020092,gender,gender,1.0,0.0,1.0,1.0,1.0,1.0,True
0,mean,B_weak_signal,48,1620,0.49373433583959897,True,16.0,3.0,2.9375,101.25,0.49373433583959897,0.2092183782878611,0.19288035467844422,0.6093438501690394,8.0,0.26921365632474237,0.1935392646893622,orientation,"education, gender, orientation",3.0,0.0,3.0,1.0,1.0,1.0,True
0,mean,B_weak_signal,49,1620,0.8392370572207084,True,12.0,3.0,2.75,135.0,0.8392370572207084,0.268133656715311,0.18706741612185232,0.7770982411794811,6.0,0.2590545982013651,0.7093293747079751,orientation,"age, orientation, politics",3.0,1.0,3.0,1.0,1.0,1.0,True
0,mean,B_weak_signal,50,1620,0.31542461005199307,True,3.0,1.0,1.0,540.0,0.31542461005199307,0.06930544259788339,0.06930544259788339,0.7802788990166005,1.0,0.24672725562580547,0.24672725562580547,gender,gender,1.0,0.0,1.0,1.0,1.0,1.0,True
0,mean,B_weak_signal,51,1620,0.7747183979974969,True,23.0,3.0,2.9130434782608696,70.43478260869566,0.7747183979974969,0.27107008684672484,0.23504608398679724,0.6966044893288352,11.0,0.3119720332705608,0.40575685237442555,politics,"education, gender, politics",3.0,0.0,4.0,0.75,1.0,0.75,False
0,mean,B_weak_signal,52,1620,0.798076923076923,True,12.0,3.0,2.75,135.0,0.798076923076923,0.19601906212504586,0.15435257200615324,0.8065943676067477,6.0,0.44932131244469126,0.4274978117340426,orientation,"education, orientation, politics",3.0,0.0,4.0,0.75,1.0,0.75,False
0,mean,B_weak_signal,53,1620,0.6171171171171171,True,12.0,3.0,2.5833333333333335,135.0,0.6171171171171171,0.287874880072408,0.18850259506450434,0.6945432401144529,6.0,0.18753533031779382,0.4860802142266225,politics,"age, education, gender, orientation, politics",5.0,0.0,2.0,0.4,0.4,1.0,False
0,mean,B_weak_signal,54,1620,0.536819637139808,True,13.0,3.0,2.769230769230769,124.61538461538461,0.536819637139808,0.18839321623187197,0.14211809379951765,0.7352591373953319,8.0,0.29524620111950856,0.21313515720532802,education,"age, education, orientation",3.0,0.0,3.0,1.0,1.0,1.0,True
0,mean,B_weak_signal,55,1620,0.4327086882453152,True,8.0,3.0,2.625,202.5,0.4327086882453152,0.31526996797585044,0.1883740532428655,0.5646631131749527,4.0,0.195222894256846,0.2671107520006128,orientation,"age, gender, orientation, politics",4.0,1.0,2.0,0.5,0.5,1.0,False
0,mean,B_weak_signal,56,1620,0.0,False,,,,,,,,,,,,,,,,,,,,
0,mean,B_weak_signal,57,1620,0.5249343832020997,True,6.0,3.0,2.1666666666666665,270.0,0.5249343832020997,0.24641865073189959,0.12878370281636298,0.7546670461348285,3.0,0.24627054580065377,0.4205477530890909,education,"age, education, orientation",3.0,0.0,2.0,0.6666666666666666,0.6666666666666666,1.0,False
0,mean,B_weak_signal,58,1620,0.36324786324786323,True,2.0,1.0,1.0,810.0,0.36324786324786323,0.0383333333333333,0.0383333333333333,0.8944705882352942,1.0,0.32491452991452996,0.32491452991452996,orientation,orientation,1.0,0.0,1.0,1.0,1.0,1.0,True
0,mean,B_weak_signal,59,1620,0.5126315789473684,True,13.0,3.0,2.6153846153846154,124.61538461538461,0.5126315789473684,0.1473918904549808,0.12155007584466121,0.7628899957855685,8.0,0.40940588297885716,0.2181230724562047,age,"age, gender, orientation",3.0,0.0,3.0,1.0,1.0,1.0,True
0,mean,B_weak_signal,60,1620,0.7033678756476683,True,9.0,3.0,2.5555555555555554,180.0,0.7033678756476683,0.3418700664400433,0.20915481903430921,0.702638084172216,5.0,0.25058284854517826,0.5286609772947641,age,"age, gender, orientation",3.0,0.0,3.0,1.0,1.0,1.0,True
0,mean,B_weak_signal,61,1620,0.7775947281713345,True,2.0,1.0,1.0,810.0,0.7775947281713345,0.01752686518715938,0.017526865187159384,0.9774601543038014,1.0,0.7600678629841751,0.7600678629841751,orientation,orientation,1.0,0.0,1.0,1.0,1.0,1.0,True
0,mean,B_weak_signal,62,1620,0.3580357142857143,True,19.0,3.0,2.789473684210526,85.26315789473684,0.3580357142857143,0.20630235943403621,0.15968199485845272,0.5540054008940971,9.0,0.2792199804278972,0.2866487260243665,politics,"age, education, gender, politics",4.0,0.0,4.0,1.0,1.0,1.0,True
0,mean,B_weak_signal,63,1620,0.8243045387994143,True,17.0,3.0,2.7058823529411766,95.29411764705883,0.8243045387994143,0.4530793262798145,0.33925362210683485,0.5884365472487243,8.0,0.22955477535028473,0.5290175387231985,education,"age, education, gender, politics",4.0,1.0,2.0,0.5,0.5,1.0,False
0,mean,B_weak_signal,64,1620,0.0,False,,,,,,,,,,,,,,,,,,,,
0,mean,B_weak_signal,65,1620,0.35654596100278546,True,17.0,3.0,2.7058823529411766,95.29411764705883,0.35654596100278546,0.09640517667417044,0.07280158625234068,0.7958143010578882,8.0,0.3404604174079258,0.20996446987269393,age,"age, education, politics",3.0,0.0,3.0,1.0,1.0,1.0,True
0,mean,B_weak_signal,66,1620,0.3973856209150327,True,3.0,1.0,1.0,540.0,0.3973856209150327,0.03823354248145335,0.03823354248145335,0.9037873026371321,1.0,0.3577712006367313,0.3577712006367313,age,age,1.0,0.0,1.0,1.0,1.0,1.0,True
0,mean,B_weak_signal,67,1620,0.0,False,,,,,,,,,,,,,,,,,,,,
0,mean,B_weak_signal,68,1620,0.5378440366972477,True,15.0,3.0,2.8666666666666667,108.0,0.5378440366972477,0.19701043735762747,0.17104035302304194,0.681988938515794,10.0,0.32399771480377504,0.20291205148491068,gender,"age, gender, orientation",3.0,0.0,3.0,1.0,1.0,1.0,True
0,mean,B_weak_signal,69,1620,0.35910878112712985,True,3.0,1.0,1.0,540.0,0.35910878112712985,0.037349287759770367,0.037349287759770367,0.8959945016032672,1.0,0.32077104883234525,0.32077104883234525,education,education,1.0,0.0,1.0,1.0,1.0,1.0,True
0,mean,B_weak_signal,70,1620,0.6728110599078342,True,12.0,3.0,2.75,135.0,0.6728110599078342,0.3563850988947712,0.2550964504154362,0.6208497963003449,7.0,0.27084726042464874,0.392638796610224,age,"age, education, orientation, politics",4.0,0.0,4.0,1.0,1.0,1.0,True
0,mean,B_weak_signal,71,1620,0.9143646408839778,True,14.0,3.0,2.857142857142857,115.71428571428571,0.9143646408839778,0.23278319105023257,0.19438323650569958,0.7874116869635551,7.0,0.26639955025543144,0.6423316589969813,orientation,"age, orientation, politics",3.0,0.0,3.0,1.0,1.0,1.0,True
0,mean,B_weak_signal,72,1620,0.38569424964936894,True,3.0,1.0,1.0,540.0,0.38569424964936894,0.013052208835341361,0.013052208835341363,0.9661591821832786,1.0,0.36829130453558045,0.36829130453558045,gender,gender,1.0,0.0,1.0,1.0,1.0,1.0,True
0,mean,B_weak_signal,73,1620,0.4353876739562625,True,8.0,3.0,2.625,202.5,0.4353876739562625,0.17849818867343042,0.11193226821611552,0.7429135574762279,4.0,0.1519872270903321,0.33980617212476066,orientation,"age, education, gender, orientation",4.0,0.0,1.0,0.25,0.25,1.0,False
0,mean,B_weak_signal,74,1620,0.8146279949558639,True,12.0,3.0,2.75,135.0,0.8146279949558639,0.2273584786248897,0.1583699375952797,0.8055923211872186,6.0,0.33522441300776046,0.5170627339116872,orientation,"gender, orientation, politics",3.0,0.0,3.0,1.0,1.0,1.0,True
0,mean,B_weak_signal,75,1620,0.2835408022130014,False,,,,,,,,,,,,,,,,,,,,
0,mean,B_weak_signal,76,1620,0.0,False,,,,,,,,,,,,,,,,,,,,
0,mean,B_weak_signal,77,1620,0.686842105263158,True,20.0,3.0,2.85,81.0,0.686842105263158,0.20628580317378895,0.1677929913812371,0.75570369070931,10.0,0.3218348885830712,0.38155332799797953,gender,"education, gender, orientation, politics",4.0,0.0,3.0,0.75,0.75,1.0,False
0,mean,B_weak_signal,78,1620,0.33710407239819,True,2.0,1.0,1.0,810.0,0.33710407239819,0.04050838719911172,0.04050838719911172,0.879834180254984,1.0,0.2965956851990783,0.2965956851990783,orientation,orientation,1.0,0.0,1.0,1.0,1.0,1.0,True
0,mean,B_weak_signal,79,1620,0.7138103161397671,True,2.0,1.0,1.0,810.0,0.7138103161397671,0.03461213274149228,0.03461213274149228,0.9515107417770703,1.0,0.6791981833982748,0.6791981833982748,orientation,orientation,1.0,0.0,1.0,1.0,1.0,1.0,True
0,mean,B_weak_signal,80,1620,0.0017361111111111095,False,,,,,,,,,,,,,,,,,,,,
0,mean,B_weak_signal,81,1620,0.35437589670014347,True,3.0,1.0,1.0,540.0,0.35437589670014347,0.03446923257294074,0.03446923257294074,0.9027325704318231,1.0,0.3198395575270843,0.3198395575270843,education,education,1.0,0.0,1.0,1.0,1.0,1.0,True
0,mean,B_weak_signal,82,1620,0.8079470198675497,True,14.0,3.0,2.7142857142857144,115.71428571428571,0.8079470198675497,0.14630155599857222,0.12917285669337683,0.8401221199942631,9.0,0.45715517998126526,0.46334496037172346,politics,"education, orientation, politics",3.0,0.0,3.0,1.0,1.0,1.0,True
0,mean,B_weak_signal,83,1620,0.3186619718309858,True,3.0,1.0,1.0,540.0,0.3186619718309858,0.01713274298765786,0.01713274298765786,0.9462353700718803,1.0,0.302733943836377,0.302733943836377,education,education,1.0,0.0,1.0,1.0,1.0,1.0,True
0,mean,B_weak_signal,84,1620,0.5868005738880917,True,23.0,3.0,2.9130434782608696,70.43478260869566,0.5868005738880917,0.24870788428170784,0.22435492317706915,0.6176641040234297,11.0,0.20388607091461147,0.3015617712443225,age,"age, education, gender, politics",4.0,1.0,3.0,0.75,0.75,1.0,False
0,mean,B_weak_signal,85,1620,0.4364364364364364,True,14.0,3.0,2.857142857142857,115.71428571428571,0.4364364364364364,0.2990227690224242,0.24042319561520212,0.44912208160645206,7.0,0.3087127217305362,0.22416562743813495,orientation,"age, gender, orientation, politics",4.0,1.0,4.0,1.0,1.0,1.0,True
0,mean,B_weak_signal,86,1620,0.378096479791395,True,13.0,3.0,2.6153846153846154,124.61538461538461,0.378096479791395,0.35286226271064264,0.19356396807785156,0.488056677532027,6.0,0.17960008406879666,0.22711570528266986,politics,"age, education, gender, politics",4.0,0.0,2.0,0.5,0.5,1.0,False
0,mean,B_weak_signal,87,1620,0.5307950727883538,True,12.0,3.0,2.5833333333333335,135.0,0.5307950727883538,0.16399242946533157,0.1303358621811317,0.754451635173522,7.0,0.34868914878595086,0.28641439620347237,politics,"age, orientation, politics",3.0,0.0,3.0,1.0,1.0,1.0,True
0,mean,B_weak_signal,88,1620,0.0,False,,,,,,,,,,,,,,,,,,,,
0,mean,B_weak_signal,89,1620,0.7122940430925221,True,21.0,3.0,2.857142857142857,77.14285714285714,0.7122940430925221,0.1760167663745144,0.14623064224473314,0.7947046677382661,10.0,0.314274524794141,0.36945492866595614,gender,"education, gender, politics",3.0,0.0,3.0,1.0,1.0,1.0,True
0,mean,B_weak_signal,90,1620,0.5980769230769231,True,2.0,1.0,1.0,810.0,0.5980769230769231,0.057797808025885244,0.05779780802588525,0.9033605782203848,1.0,0.5402791150510379,0.5402791150510379,orientation,orientation,1.0,0.0,1.0,1.0,1.0,1.0,True
0,mean,B_weak_signal,91,1620,0.5861214374225527,True,12.0,3.0,2.75,135.0,0.5861214374225527,0.3751109066955072,0.26149340536818366,0.5538579743506888,7.0,0.19589599035054164,0.4234201897557878,age,"age, education, orientation, politics",4.0,1.0,2.0,0.5,0.5,1.0,False
0,mean,B_weak_signal,92,1620,0.7974481658692185,True,19.0,3.0,2.789473684210526,85.26315789473684,0.7974481658692185,0.41720084227546916,0.30096256056455056,0.6225929490520536,9.0,0.24119905025432967,0.5578691221446529,education,"age, education, gender, politics",4.0,0.0,2.0,0.5,0.5,1.0,False
0,mean,B_weak_signal,93,1620,0.0,False,,,,,,,,,,,,,,,,,,,,
0,mean,B_weak_signal,94,1620,0.35742444152431013,True,3.0,1.0,1.0,540.0,0.35742444152431013,0.022822661209757993,0.02282266120975799,0.9361468927182874,1.0,0.3299267778976142,0.3299267778976142,politics,politics,1.0,0.0,1.0,1.0,1.0,1.0,True
0,mean,B_weak_signal,95,1620,0.5831932773109243,True,15.0,3.0,2.7333333333333334,108.0,0.5831932773109243,0.34753715304865673,0.22228569791186398,0.6188472903240372,7.0,0.20773719672279362,0.4389057457619809,age,"age, education, gender, politics",4.0,2.0,2.0,0.5,0.5,1.0,False
0,mean,B_weak_signal,96,1620,0.36637390213299875,True,8.0,3.0,2.375,202.5,0.36637390213299875,0.11063144470258654,0.062809890025174,0.8285634166093709,4.0,0.11339808166617474,0.31079676322252653,age,"age, gender, orientation, politics",4.0,0.0,1.0,0.25,0.25,1.0,False
0,mean,B_weak_signal,97,1620,0.8840782122905028,True,14.0,3.0,2.857142857142857,115.71428571428571,0.8840782122905028,0.18843978910667936,0.16174049528977302,0.817051825233053,7.0,0.30634214230152657,0.5734569812061928,orientation,"age, education, orientation",3.0,0.0,3.0,1.0,1.0,1.0,True
0,mean,B_weak_signal,98,1620,0.40484429065743943,True,3.0,1.0,1.0,540.0,0.40484429065743943,0.07135984460329807,0.07135984460329806,0.8237350846978364,1.0,0.33418762710474265,0.33418762710474265,education,education,1.0,0.0,1.0,1.0,1.0,1.0,True
0,mean,B_weak_signal,99,1620,0.8689248895434463,True,12.0,3.0,2.75,135.0,0.8689248895434463,0.1695430166572864,0.1394480983316265,0.8395165105641111,6.0,0.3562333671120532,0.5989511704895604,orientation,"education, gender, orientation, politics",4.0,0.0,3.0,0.75,0.75,1.0,False
0,mean,C_deep,0,1620,0.4701583434835567,True,3.0,1.0,1.0,540.0,0.4701583434835567,0.029469916170853826,0.029469916170853823,0.9373191679371218,1.0,0.4393902711125291,0.4393902711125291,gender,gender,1.0,0.0,1.0,1.0,1.0,1.0,True
0,mean,C_deep,1,1620,0.8238770685579195,True,12.0,3.0,2.6666666666666665,135.0,0.8238770685579195,0.18479828313320534,0.1461352584162391,0.8226249230701029,7.0,0.4472668332136967,0.4828333647139886,age,"age, education, orientation",3.0,0.0,4.0,0.75,1.0,0.75,False
0,mean,C_deep,2,1620,0.41911764705882354,True,15.0,3.0,2.6666666666666665,108.0,0.41911764705882354,0.23545134531787945,0.16137741963863098,0.6149591391078278,8.0,0.3739638501412379,0.19612296724239645,politics,"age, education, orientation, politics",4.0,0.0,4.0,1.0,1.0,1.0,True
0,mean,C_deep,3,1620,0.8462643678160918,True,16.0,3.0,2.6875,101.25,0.8462643678160918,0.4386055057763581,0.3408551599396182,0.597223783840451,8.0,0.2718019003535177,0.5711860763289983,gender,"age, education, gender, orientation, politics",5.0,0.0,2.0,0.4,0.4,1.0,False
0,mean,C_deep,4,1620,0.6721311475409836,True,17.0,3.0,2.8823529411764706,95.29411764705883,0.6721311475409836,0.21185701147540822,0.1909065401989149,0.7159683182406388,11.0,0.29148932344052,0.38266486712154063,gender,"age, gender, orientation, politics",4.0,0.0,4.0,1.0,1.0,1.0,True
0,mean,C_deep,5,1620,0.6420824295010846,True,17.0,3.0,2.7058823529411766,95.29411764705883,0.6420824295010846,0.08877274387599149,0.07179734312079784,0.8881804892611899,8.0,0.3929012384093911,0.35377651969946244,politics,"age, gender, politics",3.0,0.0,3.0,1.0,1.0,1.0,True
0,mean,C_deep,6,1620,0.6567164179104477,True,9.0,3.0,2.5555555555555554,180.0,0.6567164179104477,0.2700356620153664,0.14775913049597064,0.7750031421993174,5.0,0.25260551186421343,0.5617050643930533,age,"age, gender, orientation",3.0,0.0,4.0,0.75,1.0,0.75,False
0,mean,C_deep,7,1620,0.36520376175548597,True,3.0,1.0,1.0,540.0,0.36520376175548597,0.03767395158922091,0.03767395158922091,0.8968412827728629,1.0,0.32521073415302076,0.32521073415302076,politics,politics,1.0,0.0,1.0,1.0,1.0,1.0,True
0,mean,C_deep,8,1620,0.7986030267753201,True,14.0,3.0,2.857142857142857,115.71428571428571,0.7986030267753201,0.1908223195621981,0.15506991697871142,0.8058235296141208,7.0,0.3329495339294084,0.546924799565178,orientation,"age, gender, orientation, politics",4.0,0.0,4.0,1.0,1.0,1.0,True
0,mean,C_deep,9,1620,0.43259085580304807,True,3.0,1.0,1.0,540.0,0.43259085580304807,0.015778986171734583,0.015778986171734587,0.9635244574404076,1.0,0.414064770388139,0.414064770388139,education,education,1.0,0.0,1.0,1.0,1.0,1.0,True
0,mean,C_deep,10,1620,0.6011173184357542,True,17.0,3.0,2.7058823529411766,95.29411764705883,0.6011173184357542,0.14539770048126657,0.10611012932179795,0.8234785023364142,8.0,0.3620160676393216,0.3060542848950584,politics,"age, education, politics",3.0,0.0,3.0,1.0,1.0,1.0,True
0,mean,C_deep,11,1620,0.0,False,,,,,,,,,,,,,,,,,,,,
0,mean,C_deep,12,1620,0.46409989594172746,True,3.0,1.0,1.0,540.0,0.46409989594172746,0.009201922931707199,0.0092019229317072,0.9801725382570166,1.0,0.45464955190593465,0.45464955190593465,education,education,1.0,0.0,1.0,1.0,1.0,1.0,True
0,mean,C_deep,13,1620,0.8562728380024361,True,2.0,1.0,1.0,810.0,0.8562728380024361,0.04918213969938108,0.04918213969938109,0.9425625367095422,1.0,0.807090698303055,0.807090698303055,orientation,orientation,1.0,0.0,3.0,0.3333333333333333,1.0,0.3333333333333333,False
0,mean,C_deep,14,1620,0.0,False,,,,,,,,,,,,,,,,,,,,
0,mean,C_deep,15,1620,0.5420841683366734,True,3.0,1.0,1.0,540.0,0.5420841683366734,0.06561834962313949,0.06561834962313949,0.8789517321184969,1.0,0.47640625977303275,0.47640625977303275,education,education,1.0,0.0,4.0,0.25,1.0,0.25,False
0,mean,C_deep,16,1620,0.3630769230769231,True,3.0,1.0,1.0,540.0,0.3630769230769231,0.04099295860355097,0.04099295860355096,0.8870956648631012,1.0,0.32142200900504897,0.32142200900504897,education,education,1.0,0.0,1.0,1.0,1.0,1.0,True
0,mean,C_deep,17,1620,0.7477064220183487,True,19.0,3.0,2.8947368421052633,85.26315789473684,0.7477064220183487,0.24911055079858158,0.218332097871347,0.7079975623561126,10.0,0.3057607402704102,0.3694128743651059,politics,"education, gender, orientation, politics",4.0,0.0,4.0,1.0,1.0,1.0,True
0,mean,C_deep,18,1620,0.4662867996201329,True,12.0,3.0,2.75,135.0,0.4662867996201329,0.1969834039327466,0.14357092182173523,0.6920973916939162,6.0,0.38337119775053025,0.2672562519784742,orientation,"age, education, gender, orientation",4.0,0.0,4.0,1.0,1.0,1.0,True
0,mean,C_deep,19,1620,0.6586059743954481,True,8.0,3.0,2.375,202.5,0.6586059743954481,0.3082380394489692,0.2772373237329981,0.5790543443103722,4.0,0.274002518437213,0.48107713677344277,orientation,"age, education, orientation",3.0,0.0,2.0,0.6666666666666666,0.6666666666666666,1.0,False
0,mean,C_deep,20,1620,0.34061930783242256,True,19.0,3.0,2.789473684210526,85.26315789473684,0.34061930783242256,0.21011897070115096,0.16223955294169232,0.5236924354813417,9.0,0.2526191026618985,0.27557450659572147,age,"age, education, gender, politics",4.0,0.0,4.0,1.0,1.0,1.0,True
0,mean,C_deep,21,1620,0.3317972350230414,True,3.0,1.0,1.0,540.0,0.3317972350230414,0.01819258576044365,0.018192585760443646,0.9451695679164407,1.0,0.314162970565408,0.314162970565408,education,education,1.0,0.0,1.0,1.0,1.0,1.0,True
0,mean,C_deep,22,1620,0.36017699115044255,True,17.0,3.0,2.7058823529411766,95.29411764705883,0.36017699115044255,0.07527399299195502,0.06286227515872296,0.8254683760949462,8.0,0.40013443560209616,0.284130865801368,education,"age, education, gender",3.0,0.0,3.0,1.0,1.0,1.0,True
0,mean,C_deep,23,1620,0.43179680150517397,True,12.0,3.0,2.75,135.0,0.43179680150517397,0.24868673255677445,0.17064522808770397,0.6048020098971039,6.0,0.3758381102136077,0.2694588386589541,orientation,"education, gender, orientation, politics",4.0,0.0,4.0,1.0,1.0,1.0,True
0,mean,C_deep,24,1620,0.5872340425531914,True,15.0,3.0,2.6,108.0,0.5872340425531914,0.19439331692682257,0.1252212239480505,0.7867609592188995,7.0,0.35820582387817684,0.3397754811084304,education,"education, gender, politics",3.0,0.0,3.0,1.0,1.0,1.0,True
0,mean,C_deep,25,1620,0.5069582504970179,True,12.0,3.0,2.75,135.0,0.5069582504970179,0.07433560553830143,0.05669117182111708,0.8881738846038357,6.0,0.3599351556416062,0.22730780251061575,orientation,"age, gender, orientation",3.0,0.0,3.0,1.0,1.0,1.0,True
0,mean,C_deep,26,1620,0.7847309136420526,True,15.0,3.0,2.6,108.0,0.7847309136420526,0.44536819445485076,0.32815267503025514,0.5818277713729285,7.0,0.24354195791577213,0.5630858268208141,education,"age, education, gender, politics",4.0,0.0,2.0,0.5,0.5,1.0,False
0,mean,C_deep,27,1620,0.465832531280077,True,14.0,3.0,2.857142857142857,115.71428571428571,0.465832531280077,0.27868703770510905,0.22770914254010818,0.5111781010347678,7.0,0.3067216661797102,0.25136410825083627,orientation,"age, education, gender, orientation",4.0,0.0,4.0,1.0,1.0,1.0,True
0,mean,C_deep,28,1620,0.5948453608247422,True,14.0,3.0,2.5714285714285716,115.71428571428571,0.5948453608247422,0.18343411186887007,0.11852460137990838,0.8007472039193915,7.0,0.45861093331637687,0.3787315806494666,education,"age, education, orientation, politics",4.0,0.0,4.0,1.0,1.0,1.0,True
0,mean,C_deep,29,1620,0.4791666666666667,True,3.0,1.0,1.0,540.0,0.4791666666666667,0.018988476674673304,0.018988476674673304,0.9603718747658991,1.0,0.46016448724078646,0.46016448724078646,politics,politics,1.0,0.0,1.0,1.0,1.0,1.0,True
0,mean,C_deep,30,1620,0.7308558558558559,True,11.0,3.0,2.6363636363636362,147.27272727272728,0.7308558558558559,0.32232275554244577,0.18964018241760663,0.740523140236002,6.0,0.2713805644076441,0.6064582184652331,gender,"education, gender, orientation, politics",4.0,0.0,4.0,1.0,1.0,1.0,True
0,mean,C_deep,31,1620,0.5407035175879398,True,12.0,3.0,2.75,135.0,0.5407035175879398,0.27311766425408696,0.20156672187878297,0.6272139623245557,6.0,0.3315350265206681,0.22104351763940033,orientation,"education, gender, orientation, politics",4.0,0.0,4.0,1.0,1.0,1.0,True
0,mean,C_deep,32,1620,0.6559485530546624,True,12.0,3.0,2.6666666666666665,135.0,0.6559485530546624,0.3392545341525917,0.23192601603739538,0.6464265147665198,7.0,0.2678622882454605,0.5025166659610347,education,"education, gender, orientation",3.0,1.0,3.0,1.0,1.0,1.0,True
0,mean,C_deep,33,1620,0.8836363636363636,True,12.0,3.0,2.6666666666666665,135.0,0.8836363636363636,0.14483322186739675,0.10065058441124175,0.8860950176415988,7.0,0.40839813880291004,0.6140097846631422,politics,"education, orientation, politics",3.0,0.0,4.0,0.75,1.0,0.75,False
0,mean,C_deep,34,1620,0.4629981024667932,True,12.0,3.0,2.75,135.0,0.4629981024667932,0.2689970888778098,0.18633962734768175,0.5975369524089005,6.0,0.41360288531039796,0.2608994485675357,orientation,"age, gender, orientation, politics",4.0,0.0,4.0,1.0,1.0,1.0,True
0,mean,C_deep,35,1620,0.0,False,,,,,,,,,,,,,,,,,,,,
0,mean,C_deep,36,1620,0.44205607476635517,True,12.0,3.0,2.75,135.0,0.44205607476635517,0.09012068023238112,0.0732265058955924,0.8343501875089137,6.0,0.36431207669071775,0.2835310596549961,orientation,"age, gender, orientation",3.0,0.0,4.0,0.75,1.0,0.75,False
0,mean,C_deep,37,1620,0.6198704103671706,True,14.0,3.0,2.7142857142857144,115.71428571428571,0.6198704103671706,0.15417906987659832,0.10507035159387873,0.8304962620628368,7.0,0.13891330556543938,0.529326295554779,education,"age, education, gender, orientation, politics",5.0,0.0,2.0,0.4,0.4,1.0,False
0,mean,C_deep,38,1620,0.9115815691158157,True,6.0,3.0,2.3333333333333335,270.0,0.9115815691158157,0.2611217364230258,0.13469880291931313,0.8522361492565458,3.0,0.40306370201658526,0.8056529761200221,orientation,"age, gender, orientation",3.0,0.0,3.0,1.0,1.0,1.0,True
0,mean,C_deep,39,1620,0.46292372881355925,True,3.0,1.0,1.0,540.0,0.46292372881355925,0.021579345525766777,0.021579345525766777,0.9533846632120736,1.0,0.4412890268562913,0.4412890268562913,gender,gender,1.0,0.0,1.0,1.0,1.0,1.0,True
0,mean,C_deep,40,1620,0.5103857566765578,True,12.0,3.0,2.75,135.0,0.5103857566765578,0.143180221373895,0.10572728314044702,0.7928482882655195,6.0,0.3042719569107132,0.22361821987353772,orientation,"education, gender, orientation",3.0,0.0,4.0,0.75,1.0,0.75,False
0,mean,C_deep,41,1620,0.9079754601226994,True,13.0,3.0,2.6923076923076925,124.61538461538461,0.9079754601226994,0.23621549485255444,0.16309264271689858,0.8203776975482806,7.0,0.5080879849260908,0.597145572857409,education,"age, education, orientation, politics",4.0,0.0,4.0,1.0,1.0,1.0,True
0,mean,C_deep,42,1620,0.41696969696969693,True,3.0,1.0,1.0,540.0,0.41696969696969693,0.02491727169457204,0.024917271694572037,0.9402420082906339,1.0,0.3921429736691257,0.3921429736691257,politics,politics,1.0,0.0,1.0,1.0,1.0,1.0,True
0,mean,C_deep,43,1620,0.4357405140758873,True,3.0,1.0,1.0,540.0,0.4357405140758873,0.04092386847995647,0.04092386847995647,0.9060820209322347,1.0,0.39770428172244676,0.39770428172244676,age,age,1.0,0.0,1.0,1.0,1.0,1.0,True
0,mean,C_deep,44,1620,0.8824242424242423,True,13.0,3.0,2.6923076923076925,124.61538461538461,0.8824242424242423,0.11767032323013674,0.08900887338815162,0.899131427822493,8.0,0.42673266465918064,0.6042883371761677,age,"age, gender, orientation",3.0,0.0,4.0,0.75,1.0,0.75,False
0,mean,C_deep,45,1620,0.49560975609756097,True,3.0,1.0,1.0,540.0,0.49560975609756097,0.04989876078118773,0.04989876078118773,0.8993184452741783,1.0,0.44404406145053515,0.44404406145053515,politics,politics,1.0,0.0,2.0,0.5,1.0,0.5,False
0,mean,C_deep,46,1620,0.7821782178217821,True,12.0,3.0,2.6666666666666665,135.0,0.7821782178217821,0.2669577289175544,0.18901244518070803,0.7583511776803606,7.0,0.3455551517072388,0.5465240002085904,gender,"age, gender, orientation",3.0,0.0,3.0,1.0,1.0,1.0,True
0,mean,C_deep,47,1620,0.9327521793275219,True,14.0,3.0,2.857142857142857,115.71428571428571,0.9327521793275219,0.20156003950818266,0.16776055641556384,0.8201445570070791,7.0,0.3251162979521513,0.5892283182865313,orientation,"education, gender, orientation, politics",4.0,1.0,4.0,1.0,1.0,1.0,True
0,mean,C_deep,48,1620,0.5345717234262126,True,3.0,1.0,1.0,540.0,0.5345717234262126,0.026377093489535066,0.026377093489535066,0.9506575220244026,1.0,0.5085059068967485,0.5085059068967485,age,age,1.0,0.0,2.0,0.5,1.0,0.5,False
0,mean,C_deep,49,1620,0.8974358974358975,True,14.0,3.0,2.7142857142857144,115.71428571428571,0.8974358974358975,0.04725020263754402,0.038688142103102716,0.956890355942257,9.0,0.5985064685325682,0.5668115311309742,politics,"education, orientation, politics",3.0,0.0,4.0,0.75,1.0,0.75,False
0,mean,C_deep,50,1620,0.42427616926503336,True,3.0,1.0,1.0,540.0,0.42427616926503336,0.00624105192129025,0.00624105192129025,0.9852901190936518,1.0,0.4175496630350515,0.4175496630350515,gender,gender,1.0,0.0,1.0,1.0,1.0,1.0,True
0,mean,C_deep,51,1620,0.7605956471935854,True,19.0,3.0,2.789473684210526,85.26315789473684,0.7605956471935854,0.15543420473297975,0.11827717440140838,0.8444940161861001,9.0,0.33660810429631977,0.4258717063315942,gender,"age, education, gender",3.0,0.0,3.0,1.0,1.0,1.0,True
0,mean,C_deep,52,1620,0.64,True,15.0,3.0,2.6,108.0,0.64,0.15429913848978707,0.1017301861497376,0.8410465841410351,7.0,0.44139128649605164,0.39788279808262184,gender,"age, education, gender",3.0,0.0,4.0,0.75,1.0,0.75,False
0,mean,C_deep,53,1620,0.5147058823529411,True,3.0,1.0,1.0,540.0,0.5147058823529411,0.016479006065419896,0.016479006065419896,0.9679836453586128,1.0,0.49599545286975893,0.49599545286975893,gender,gender,1.0,0.0,3.0,0.3333333333333333,1.0,0.3333333333333333,False
0,mean,C_deep,54,1620,0.8374384236453202,True,6.0,3.0,2.3333333333333335,270.0,0.8374384236453202,0.17946985652965788,0.11885229287329103,0.8580763796865996,3.0,0.2948151432288261,0.7299557180173286,orientation,"gender, orientation, politics",3.0,0.0,2.0,0.6666666666666666,0.6666666666666666,1.0,False
0,mean,C_deep,55,1620,0.6138002059732235,True,14.0,3.0,2.5714285714285716,115.71428571428571,0.6138002059732235,0.26564420910625136,0.16454473489240526,0.7319246013749572,7.0,0.30312334126974283,0.43147764915930037,age,"age, education, orientation, politics",4.0,0.0,4.0,1.0,1.0,1.0,True
0,mean,C_deep,56,1620,0.5167984189723319,True,3.0,1.0,1.0,540.0,0.5167984189723319,0.06599154780694977,0.06599154780694977,0.8723069858878907,1.0,0.45217738615756725,0.45217738615756725,education,education,1.0,0.0,3.0,0.3333333333333333,1.0,0.3333333333333333,False
0,mean,C_deep,57,1620,0.45749440715883677,True,3.0,1.0,1.0,540.0,0.45749440715883677,0.012177516631492214,0.012177516631492215,0.9733821519106258,1.0,0.4458766559611889,0.4458766559611889,politics,politics,1.0,0.0,1.0,1.0,1.0,1.0,True
0,mean,C_deep,58,1620,0.904642409033877,True,16.0,3.0,2.9375,101.25,0.904642409033877,0.15507644851167157,0.14388943261474477,0.8409433040305804,8.0,0.3510930958660553,0.5340064846573164,orientation,"age, gender, orientation, politics",4.0,0.0,4.0,1.0,1.0,1.0,True
0,mean,C_deep,59,1620,0.7210584343991179,True,15.0,3.0,2.6,108.0,0.7210584343991179,0.21326140806451105,0.13319255059398175,0.8152818908429029,7.0,0.45386241373540853,0.5226353062845046,politics,"age, education, politics",3.0,0.0,4.0,0.75,1.0,0.75,False
0,mean,C_deep,60,1620,0.5422177009155646,True,19.0,3.0,2.789473684210526,85.26315789473684,0.5422177009155646,0.19078200186275773,0.13911788442415166,0.743427991765589,9.0,0.35458194265136495,0.2695011190602519,age,"age, education, gender, politics",4.0,0.0,4.0,1.0,1.0,1.0,True
0,mean,C_deep,61,1620,0.6560509554140127,True,15.0,3.0,2.6,108.0,0.6560509554140127,0.047849962617576534,0.03357254855787494,0.948826309479744,7.0,0.3891148018024572,0.3934824226971407,education,"education, gender, politics",3.0,0.0,3.0,1.0,1.0,1.0,True
0,mean,C_deep,62,1620,0.0,False,,,,,,,,,,,,,,,,,,,,
0,mean,C_deep,63,1620,0.49336057201225747,True,3.0,1.0,1.0,540.0,0.49336057201225747,0.04332942776544151,0.04332942776544151,0.9121749279868173,1.0,0.44715705444213877,0.44715705444213877,gender,gender,1.0,0.0,2.0,0.5,1.0,0.5,False
0,mean,C_deep,64,1620,0.5971074380165289,True,3.0,1.0,1.0,540.0,0.5971074380165289,0.07159195539733133,0.07159195539733135,0.8801020539366492,1.0,0.5318905973461068,0.5318905973461068,education,education,1.0,0.0,4.0,0.25,1.0,0.25,False
0,mean,C_deep,65,1620,0.619198312236287,True,17.0,3.0,2.7058823529411766,95.29411764705883,0.619198312236287,0.24745317091018654,0.16644645411910297,0.7311903943698304,8.0,0.32275475724540703,0.4029023287768965,education,"age, education, gender, politics",4.0,0.0,4.0,1.0,1.0,1.0,True
0,mean,C_deep,66,1620,0.7422934648581996,True,8.0,3.0,2.625,202.5,0.7422934648581996,0.1645614440627271,0.08761808779085982,0.8819630079761007,4.0,0.20989350294543224,0.6612528853231473,orientation,"education, gender, orientation, politics",4.0,0.0,2.0,0.5,0.5,1.0,False
0,mean,C_deep,67,1620,0.965736040609137,True,14.0,3.0,2.7142857142857144,115.71428571428571,0.965736040609137,0.09304639642961067,0.08029657064163472,0.9168545365760734,9.0,0.5568171707680378,0.6252848287075209,age,"age, gender, orientation",3.0,0.0,4.0,0.75,1.0,0.75,False
0,mean,C_deep,68,1620,0.44900497512437815,True,3.0,1.0,1.0,540.0,0.44900497512437815,0.02997349078202193,0.029973490782021935,0.9332446354882392,1.0,0.41829958000760814,0.41829958000760814,politics,politics,1.0,0.0,1.0,1.0,1.0,1.0,True
0,mean,C_deep,69,1620,0.0,False,,,,,,,,,,,,,,,,,,,,
0,mean,C_deep,70,1620,0.5200823892893923,True,13.0,3.0,2.6153846153846154,124.61538461538461,0.5200823892893923,0.09750586611925784,0.08915306105101875,0.8285789657811105,8.0,0.4068832494206548,0.22237916258147014,gender,"gender, orientation, politics",3.0,0.0,3.0,1.0,1.0,1.0,True
0,mean,C_deep,71,1620,0.6590389016018307,True,11.0,3.0,2.4545454545454546,147.27272727272728,0.6590389016018307,0.18684275104962172,0.12908610778319235,0.8041297600650866,5.0,0.17175156454691692,0.5590949846274574,gender,"age, education, gender",3.0,0.0,2.0,0.6666666666666666,0.6666666666666666,1.0,False
0,mean,C_deep,72,1620,0.6403508771929824,True,14.0,3.0,2.7857142857142856,115.71428571428571,0.6403508771929824,0.2554228072549788,0.21114710694625016,0.6702634220291436,9.0,0.2513155410303742,0.36998309086702946,gender,"age, gender, orientation, politics",4.0,0.0,4.0,1.0,1.0,1.0,True
0,mean,C_deep,73,1620,0.5150631681243927,True,12.0,3.0,2.75,135.0,0.5150631681243927,0.13981792516660588,0.10210020334223208,0.8017714920015909,6.0,0.32429990402336456,0.22916411091852007,orientation,"age, orientation, politics",3.0,0.0,4.0,0.75,1.0,0.75,False
0,mean,C_deep,74,1620,0.6209424083769634,True,17.0,3.0,2.7058823529411766,95.29411764705883,0.6209424083769634,0.11491690715289306,0.09125474259054234,0.8530383150523306,8.0,0.39951284525960457,0.289569037772683,politics,"age, gender, politics",3.0,0.0,4.0,0.75,1.0,0.75,False
0,mean,C_deep,75,1620,0.5691382765531062,True,10.0,3.0,2.6,162.0,0.5691382765531062,0.1656596702272626,0.1243986095066707,0.7814263868175046,6.0,0.13857793307314747,0.45974291843163345,age,"age, education, gender, orientation",4.0,0.0,2.0,0.5,0.5,1.0,False
0,mean,C_deep,76,1620,0.9390088945362135,True,12.0,3.0,2.75,135.0,0.9390088945362135,0.2133795894454659,0.16301406526795895,0.8263977410475187,6.0,0.36640211210269596,0.6294127427482694,orientation,"age, education, orientation, politics",4.0,0.0,4.0,1.0,1.0,1.0,True
0,mean,C_deep,77,1620,0.5403543307086613,True,3.0,1.0,1.0,540.0,0.5403543307086613,0.037896201696958794,0.0378962016969588,0.9298678671691982,1.0,0.5004291101557912,0.5004291101557912,age,age,1.0,0.0,2.0,0.5,1.0,0.5,False
0,mean,C_deep,78,1620,0.5721925133689839,True,15.0,3.0,2.6,108.0,0.5721925133689839,0.36900800263520644,0.22229985231082963,0.6114946506343444,7.0,0.27261055614003643,0.4165137819513207,politics,"age, gender, politics",3.0,2.0,3.0,1.0,1.0,1.0,True
0,mean,C_deep,79,1620,0.4577259475218659,True,11.0,3.0,2.4545454545454546,147.27272727272728,0.4577259475218659,0.243114093566661,0.14548076225634726,0.6821662327775344,5.0,0.15857591134184762,0.32898467452653507,education,"age, education, gender, politics",4.0,0.0,2.0,0.5,0.5,1.0,False
0,mean,C_deep,80,1620,0.6841530054644809,True,11.0,3.0,2.4545454545454546,147.27272727272728,0.6841530054644809,0.23592129846788606,0.13310568155503438,0.8054445708900057,5.0,0.37213293709061934,0.5289307701432168,politics,"education, gender, politics",3.0,0.0,4.0,0.75,1.0,0.75,False
0,mean,C_deep,81,1620,0.4246068455134135,True,17.0,3.0,2.7058823529411766,95.29411764705883,0.4246068455134135,0.24929838606001636,0.1625882051435328,0.6170852946401766,8.0,0.3054327415262718,0.2175661211238786,age,"age, gender, politics",3.0,0.0,3.0,1.0,1.0,1.0,True
0,mean,C_deep,82,1620,0.7381489841986455,True,20.0,3.0,2.9,81.0,0.7381489841986455,0.23685047761610387,0.2018104363282671,0.7265993171454974,11.0,0.28823107592967234,0.473537432982178,age,"age, gender, orientation, politics",4.0,0.0,4.0,1.0,1.0,1.0,True
0,mean,C_deep,83,1620,0.47058823529411764,True,9.0,3.0,2.4444444444444446,180.0,0.47058823529411764,0.15110730318601767,0.08075744743847066,0.8283904241932498,4.0,0.14954071590363,0.3920226962188867,age,"age, education, gender, politics",4.0,0.0,2.0,0.5,0.5,1.0,False
0,mean,C_deep,84,1620,0.7011884550084889,True,2.0,1.0,1.0,810.0,0.7011884550084889,0.0009999999999999979,0.0009999999999999979,0.9985738498789346,1.0,0.7001884550084889,0.7001884550084889,orientation,orientation,1.0,0.0,1.0,1.0,1.0,1.0,True
0,mean,C_deep,85,1620,0.7403726708074534,True,17.0,3.0,2.7058823529411766,95.29411764705883,0.7403726708074534,0.383934952794523,0.2822174054411857,0.6188170949997408,8.0,0.20518920859116083,0.5431234247477069,education,"age, education, gender, politics",4.0,0.0,2.0,0.5,0.5,1.0,False
0,mean,C_deep,86,1620,0.50390625,True,12.0,3.0,2.5833333333333335,135.0,0.50390625,0.2902915618918117,0.19994698374581005,0.603205985744749,7.0,0.24748700907435603,0.35119561296102003,gender,"age, gender, orientation",3.0,1.0,3.0,1.0,1.0,1.0,True
0,mean,C_deep,87,1620,0.7853736089030205,True,2.0,1.0,1.0,810.0,0.7853736089030205,0.017059697635353414,0.017059697635353414,0.9782782392456735,1.0,0.7683139112676671,0.7683139112676671,orientation,orientation,1.0,0.0,1.0,1.0,1.0,1.0,True
0,mean,C_deep,88,1620,0.5674846625766872,True,8.0,3.0,2.625,202.5,0.5674846625766872,0.3288119554436567,0.18483586481059447,0.6742892328202498,4.0,0.34004925662022095,0.2783979848514513,orientation,"education, gender, orientation",3.0,0.0,4.0,0.75,1.0,0.75,False
0,mean,C_deep,89,1620,0.5982905982905984,True,14.0,3.0,2.7142857142857144,115.71428571428571,0.5982905982905984,0.19187363819964712,0.16505540800855278,0.7241216751857047,8.0,0.36852817531168364,0.25504302668616735,age,"age, gender, orientation, politics",4.0,0.0,4.0,1.0,1.0,1.0,True
0,mean,C_deep,90,1620,0.0,False,,,,,,,,,,,,,,,,,,,,
0,mean,C_deep,91,1620,0.0,False,,,,,,,,,,,,,,,,,,,,
0,mean,C_deep,92,1620,0.6681127982646422,True,12.0,3.0,2.6666666666666665,135.0,0.6681127982646422,0.24074123141802692,0.17462920361947126,0.7386231725046226,7.0,0.4219199813108722,0.37158016882702977,gender,"age, gender, orientation",3.0,0.0,4.0,0.75,1.0,0.75,False
0,mean,C_deep,93,1620,0.46788990825688076,True,3.0,1.0,1.0,540.0,0.46788990825688076,0.005522457663756604,0.005522457663756605,0.9881971002872653,1.0,0.4625550289377949,0.4625550289377949,age,age,1.0,0.0,1.0,1.0,1.0,1.0,True
0,mean,C_deep,94,1620,0.638477801268499,True,12.0,3.0,2.6666666666666665,135.0,0.638477801268499,0.3203221916547467,0.21610291840778603,0.6615341708381364,7.0,0.2551901325208376,0.4788381815405666,age,"age, gender, orientation",3.0,0.0,3.0,1.0,1.0,1.0,True
0,mean,C_deep,95,1620,0.5441906653426017,True,3.0,1.0,1.0,540.0,0.5441906653426017,0.03345625075912994,0.033456250759129946,0.9385210866524747,1.0,0.5122998678110174,0.5122998678110174,education,education,1.0,0.0,4.0,0.25,1.0,0.25,False
0,mean,C_deep,96,1620,0.0,False,,,,,,,,,,,,,,,,,,,,
0,mean,C_deep,97,1620,0.6500553709856035,True,20.0,3.0,2.95,81.0,0.6500553709856035,0.20692953818585824,0.19948594950655718,0.6931246807420424,12.0,0.2724633547498519,0.3659986656095822,education,"age, education, gender, orientation, politics",5.0,0.0,4.0,0.8,0.8,1.0,False
0,mean,C_deep,98,1620,0.7615112160566706,True,12.0,3.0,2.6666666666666665,135.0,0.7615112160566706,0.3267345708746347,0.23075606809967852,0.6969761400303447,7.0,0.27411449045502023,0.5662801433267525,gender,"age, gender, orientation",3.0,1.0,3.0,1.0,1.0,1.0,True
0,mean,C_deep,99,1620,0.37154696132596676,True,3.0,1.0,1.0,540.0,0.37154696132596676,0.024555938212774395,0.024555938212774395,0.9339089246615291,1.0,0.3464906287233434,0.3464906287233434,politics,politics,1.0,0.0,1.0,1.0,1.0,1.0,True
0,harmonic,A_default,0,1620,0.8257756563245824,True,4.0,2.0,1.75,405.0,0.8257756563245824,0.1557648615990775,0.126096370412366,0.8472994820728863,2.0,0.3760602393364569,0.7065737669380366,orientation,"education, orientation",2.0,0.0,2.0,1.0,1.0,1.0,True
0,harmonic,A_default,1,1620,0.0,False,,,,,,,,,,,,,,,,,,,,
0,harmonic,A_default,2,1620,0.46395939086294413,True,9.0,2.0,2.0,180.0,0.46395939086294413,0.28108666735938886,0.2810866673593888,0.3941567454070066,4.0,0.17245626529357563,0.23671654478811444,age,"age, gender",2.0,0.0,2.0,1.0,1.0,1.0,True
0,harmonic,A_default,3,1620,0.0,False,,,,,,,,,,,,,,,,,,,,
0,harmonic,A_default,4,1620,0.4791666666666667,True,11.0,3.0,2.4545454545454546,147.27272727272728,0.4791666666666667,0.23833487777269655,0.17847530759075234,0.6275297928540822,6.0,0.1562222066817005,0.28010024666257705,gender,"age, gender, orientation",3.0,0.0,3.0,1.0,1.0,1.0,True
0,harmonic,A_default,5,1620,0.9515923566878982,True,14.0,3.0,2.7142857142857144,115.71428571428571,0.9515923566878982,0.11197525862395792,0.0914178552215444,0.9039317050215363,9.0,0.5281290209906421,0.5815172123193086,education,"education, gender, orientation",3.0,0.0,3.0,1.0,1.0,1.0,True
0,harmonic,A_default,6,1620,0.6577540106951871,True,11.0,3.0,2.4545454545454546,147.27272727272728,0.6577540106951871,0.23783414856618268,0.1303381714084115,0.8018435930620085,5.0,0.24319629116566754,0.5161788052742091,gender,"age, education, gender, politics",4.0,0.0,4.0,1.0,1.0,1.0,True
0,harmonic,A_default,7,1620,0.7102085620197586,True,15.0,3.0,2.6,108.0,0.7102085620197586,0.04581979450117311,0.0462416818164455,0.9348899967004918,7.0,0.32412934504280144,0.3773674506675495,education,"education, gender, politics",3.0,0.0,3.0,1.0,1.0,1.0,True
0,harmonic,A_default,8,1620,0.41862652869238004,True,9.0,3.0,2.4444444444444446,180.0,0.41862652869238004,0.2684998008584306,0.11984804480992928,0.7137112997012252,4.0,0.14254767850115646,0.2868656021460289,age,"age, education, gender",3.0,0.0,3.0,1.0,1.0,1.0,True
0,harmonic,A_default,9,1620,0.7864583333333333,True,9.0,3.0,2.2222222222222223,180.0,0.7864583333333333,0.4148825231724257,0.30380333463863496,0.6137070182078284,4.0,0.25233380501653035,0.546661881459559,age,"age, gender, politics",3.0,0.0,2.0,0.6666666666666666,0.6666666666666666,1.0,False
0,harmonic,A_default,10,1620,0.48866995073891617,True,7.0,2.0,1.8571428571428572,231.42857142857142,0.48866995073891617,0.2346427887964416,0.2033181506664166,0.5839356392612643,3.0,0.17400641944957992,0.3011660259177404,politics,"gender, politics",2.0,0.0,2.0,1.0,1.0,1.0,True
0,harmonic,A_default,11,1620,0.8140643623361143,True,18.0,3.0,2.8333333333333335,90.0,0.8140643623361143,0.2522735476816311,0.21756464786164104,0.7327426946472667,10.0,0.32856211833919124,0.4043587422269523,age,"age, education, orientation, politics",4.0,0.0,4.0,1.0,1.0,1.0,True
0,harmonic,A_default,12,1620,0.7925925925925926,True,7.0,2.0,1.8571428571428572,231.42857142857142,0.7925925925925926,0.3361726330454902,0.28161873698108514,0.6446866402575094,3.0,0.3022011266925121,0.5656091326247282,age,"age, politics",2.0,0.0,2.0,1.0,1.0,1.0,True
0,harmonic,A_default,13,1620,0.4820717131474103,True,3.0,1.0,1.0,540.0,0.4820717131474103,0.00539415261004839,0.00539415261004839,0.9888104768171724,1.0,0.4755124837764832,0.4755124837764832,gender,gender,1.0,0.0,1.0,1.0,1.0,1.0,True
0,harmonic,A_default,14,1620,0.4281437125748503,True,3.0,1.0,1.0,540.0,0.4281437125748503,0.050212652844231785,0.05021265284423179,0.8827200975526335,1.0,0.38195510259385523,0.38195510259385523,education,education,1.0,0.0,1.0,1.0,1.0,1.0,True
0,harmonic,A_default,15,1620,0.5488418932527694,True,3.0,1.0,1.0,540.0,0.5488418932527694,0.06539891669608651,0.06539891669608651,0.8808419737996075,1.0,0.48436943962646595,0.48436943962646595,age,age,1.0,0.0,3.0,0.3333333333333333,1.0,0.3333333333333333,False
0,harmonic,A_default,16,1620,0.4559426229508196,True,5.0,2.0,1.6,324.0,0.4559426229508196,0.08320441279137417,0.06573805822281079,0.8558194498304195,2.0,0.20568647355735808,0.3899591706248803,age,"age, education",2.0,0.0,2.0,1.0,1.0,1.0,True
0,harmonic,A_default,17,1620,0.9471649484536082,True,10.0,3.0,2.6,162.0,0.9471649484536082,0.05359339389354371,0.05614873128748935,0.9407191626134807,5.0,0.36579882663994423,0.6180868538462838,orientation,"age, orientation, politics",3.0,0.0,3.0,1.0,1.0,1.0,True
0,harmonic,A_default,18,1620,0.012552301255230125,False,,,,,,,,,,,,,,,,,,,,
0,harmonic,A_default,19,1620,0.5195195195195196,True,3.0,1.0,1.0,540.0,0.5195195195195196,0.0396185784222594,0.03961857842225941,0.9237399617652463,1.0,0.4805628492042336,0.4805628492042336,age,age,1.0,0.0,2.0,0.5,1.0,0.5,False
0,harmonic,A_default,20,1620,0.6688632619439868,True,2.0,1.0,1.0,810.0,0.6688632619439868,0.018433750599091824,0.018433750599091824,0.9724401807545597,1.0,0.6503518179406172,0.6503518179406172,orientation,orientation,1.0,0.0,1.0,1.0,1.0,1.0,True
0,harmonic,A_default,21,1620,0.0,False,,,,,,,,,,,,,,,,,,,,
0,harmonic,A_default,22,1620,0.632183908045977,True,8.0,3.0,2.375,202.5,0.632183908045977,0.3512999998567715,0.3087594454316323,0.5115986954081453,5.0,0.22879718762680712,0.3789468795005216,politics,"education, orientation, politics",3.0,0.0,2.0,0.6666666666666666,0.6666666666666666,1.0,False
0,harmonic,A_default,23,1620,0.9327521793275219,True,12.0,3.0,2.6666666666666665,135.0,0.9327521793275219,0.2744358748002749,0.2106714018875304,0.7741400057200443,7.0,0.3126946812488485,0.6429151535574611,politics,"gender, orientation, politics",3.0,0.0,4.0,0.75,1.0,0.75,False
0,harmonic,A_default,24,1620,0.6654991243432574,True,2.0,1.0,1.0,810.0,0.6654991243432574,0.02423561547272888,0.02423561547272888,0.9635827988554522,1.0,0.6412299803632511,0.6412299803632511,orientation,orientation,1.0,0.0,1.0,1.0,1.0,1.0,True
0,harmonic,A_default,25,1620,0.6518847006651886,True,6.0,2.0,2.0,270.0,0.6518847006651886,0.3628380239948734,0.3628380239948734,0.44340153462010923,4.0,0.25216465357492696,0.40245166089016915,politics,"orientation, politics",2.0,0.0,2.0,1.0,1.0,1.0,True
0,harmonic,A_default,26,1620,0.5483119906868452,True,6.0,2.0,2.0,270.0,0.5483119906868452,0.1895493927141034,0.1895493927141034,0.6543037614831957,4.0,0.1774985290870112,0.4205492392471971,education,"education, orientation",2.0,0.0,2.0,1.0,1.0,1.0,True
0,harmonic,A_default,27,1620,0.46264367816091956,True,3.0,1.0,1.0,540.0,0.46264367816091956,0.014224523420259145,0.014224523420259145,0.9692538251537256,1.0,0.4453140019521809,0.4453140019521809,gender,gender,1.0,0.0,2.0,0.5,1.0,0.5,False
0,harmonic,A_default,28,1620,0.4380630630630631,True,7.0,2.0,1.8571428571428572,231.42857142857142,0.4380630630630631,0.20196434841668717,0.1703589953774811,0.611108514408218,3.0,0.1641541433653851,0.2912135169577906,politics,"age, politics",2.0,0.0,2.0,1.0,1.0,1.0,True
0,harmonic,A_default,29,1620,0.5747508305647839,True,4.0,2.0,1.5,405.0,0.5747508305647839,0.09904985235099502,0.09098853502837727,0.8416904679564071,2.0,0.26046275539489255,0.48912888692439493,age,"age, orientation",2.0,0.0,2.0,1.0,1.0,1.0,True
0,harmonic,A_default,30,1620,0.0,False,,,,,,,,,,,,,,,,,,,,
0,harmonic,A_default,31,1620,0.7924970691676436,True,19.0,3.0,3.0,85.26315789473684,0.7924970691676436,0.21246332771777993,0.20634249276329347,0.7396299610546015,11.0,0.24223989087656908,0.45729793586564604,education,"age, education, orientation, politics",4.0,0.0,4.0,1.0,1.0,1.0,True
0,harmonic,A_default,32,1620,0.0,False,,,,,,,,,,,,,,,,,,,,
0,harmonic,A_default,33,1620,0.0,False,,,,,,,,,,,,,,,,,,,,
0,harmonic,A_default,34,1620,0.4519774011299435,True,14.0,3.0,2.857142857142857,115.71428571428571,0.4519774011299435,0.2090184373506754,0.17519698956548402,0.6123766605863665,7.0,0.23168228722911802,0.15638035679726542,orientation,"age, gender, orientation, politics",4.0,0.0,4.0,1.0,1.0,1.0,True
0,harmonic,A_default,35,1620,0.7803203661327232,True,12.0,3.0,2.6666666666666665,135.0,0.7803203661327232,0.19686511001940987,0.1399323038880011,0.820673264518896,7.0,0.4160919141638266,0.5038688776977862,education,"education, orientation, politics",3.0,0.0,4.0,0.75,1.0,0.75,False
0,harmonic,A_default,36,1620,0.0,False,,,,,,,,,,,,,,,,,,,,
0,harmonic,A_default,37,1620,0.525172754195459,True,12.0,3.0,2.75,135.0,0.525172754195459,0.06523398944699005,0.0486896738021499,0.9072882715007935,6.0,0.32865854870014627,0.1732236443206173,orientation,"education, gender, orientation",3.0,0.0,3.0,1.0,1.0,1.0,True
0,harmonic,A_default,38,1620,0.8562783661119516,True,2.0,1.0,1.0,810.0,0.8562783661119516,0.02001716872171063,0.02001716872171063,0.97662305914302,1.0,0.8362528356683223,0.8362528356683223,orientation,orientation,1.0,0.0,1.0,1.0,1.0,1.0,True
0,harmonic,A_default,39,1620,0.34873323397913575,True,3.0,1.0,1.0,540.0,0.34873323397913575,0.04481805612949388,0.04481805612949389,0.8714832663979043,1.0,0.3024740943327506,0.3024740943327506,education,education,1.0,0.0,1.0,1.0,1.0,1.0,True
0,harmonic,A_default,40,1620,0.4756335282651073,True,11.0,3.0,2.4545454545454546,147.27272727272728,0.4756335282651073,0.21901215487542897,0.16521456076724295,0.6526431570754279,6.0,0.17217493371080875,0.2631834331048203,age,"age, gender, orientation",3.0,0.0,3.0,1.0,1.0,1.0,True
0,harmonic,A_default,41,1620,0.30535455861070915,True,3.0,1.0,1.0,540.0,0.30535455861070915,0.01905804818260363,0.01905804818260363,0.937587150264554,1.0,0.28419013486334693,0.28419013486334693,age,age,1.0,0.0,1.0,1.0,1.0,1.0,True
0,harmonic,A_default,42,1620,0.6031088082901555,True,13.0,3.0,2.4615384615384617,124.61538461538461,0.6031088082901555,0.19828231706636928,0.15369213178250607,0.7451668261681815,6.0,0.33812141117678923,0.41994742310537253,education,"age, education, gender",3.0,0.0,3.0,1.0,1.0,1.0,True
0,harmonic,A_default,43,1620,0.836283185840708,True,12.0,3.0,2.4166666666666665,135.0,0.836283185840708,0.38764189608933197,0.34954169413827535,0.5820295085965597,6.0,0.2632274093991285,0.5411203862126531,education,"education, gender, orientation, politics",4.0,0.0,2.0,0.5,0.5,1.0,False
0,harmonic,A_default,44,1620,0.4815983175604627,True,3.0,1.0,1.0,540.0,0.4815983175604627,0.0164078707499615,0.016407870749961497,0.9659303819143813,1.0,0.46541716000432615,0.46541716000432615,age,age,1.0,0.0,1.0,1.0,1.0,1.0,True
0,harmonic,A_default,45,1620,0.9045287637698899,True,13.0,3.0,2.6923076923076925,124.61538461538461,0.9045287637698899,0.1606211992910252,0.1228749439294121,0.8641558468331128,8.0,0.3513880727341841,0.6148028459905146,gender,"gender, orientation, politics",3.0,0.0,4.0,0.75,1.0,0.75,False
0,harmonic,A_default,46,1620,0.6495535714285715,True,8.0,3.0,2.375,202.5,0.6495535714285715,0.47227505126884173,0.4025395745312951,0.3802827168727829,5.0,0.25957497631639614,0.36925356563942746,politics,"education, orientation, politics",3.0,0.0,2.0,0.6666666666666666,0.6666666666666666,1.0,False
0,harmonic,A_default,47,1620,0.8123425692695213,True,4.0,2.0,1.75,405.0,0.8123425692695213,0.11373768801432706,0.08824155323209196,0.8913739639282465,2.0,0.3904050247481261,0.7342585069160454,orientation,"education, orientation",2.0,0.0,2.0,1.0,1.0,1.0,True
0,harmonic,A_default,48,1620,0.4053691275167786,True,3.0,1.0,1.0,540.0,0.4053691275167786,0.01709864726413061,0.01709864726413061,0.957819562212658,1.0,0.3872306843565357,0.3872306843565357,education,education,1.0,0.0,1.0,1.0,1.0,1.0,True
0,harmonic,A_default,49,1620,0.0,False,,,,,,,,,,,,,,,,,,,,
0,harmonic,A_default,50,1620,0.0,False,,,,,,,,,,,,,,,,,,,,
0,harmonic,A_default,51,1620,0.4403778040141677,True,3.0,1.0,1.0,540.0,0.4403778040141677,0.0163718878036853,0.016371887803685304,0.9628230858720604,1.0,0.4243202140344398,0.4243202140344398,education,education,1.0,0.0,1.0,1.0,1.0,1.0,True
0,harmonic,A_default,52,1620,0.46135831381733033,True,3.0,1.0,1.0,540.0,0.46135831381733033,0.023113586479668945,0.023113586479668945,0.9499010079856922,1.0,0.4387506588270819,0.4387506588270819,education,education,1.0,0.0,1.0,1.0,1.0,1.0,True
0,harmonic,A_default,53,1620,0.5161923454367027,True,6.0,3.0,2.1666666666666665,270.0,0.5161923454367027,0.2620891818576135,0.13901705795738137,0.7306874865806623,3.0,0.2100308965932959,0.3941846142597842,gender,"education, gender, orientation",3.0,0.0,3.0,1.0,1.0,1.0,True
0,harmonic,A_default,54,1620,0.3864864864864865,True,3.0,1.0,1.0,540.0,0.3864864864864865,0.06040493814275976,0.06040493814275977,0.8437075027075447,1.0,0.3258891874735582,0.3258891874735582,politics,politics,1.0,0.0,1.0,1.0,1.0,1.0,True
0,harmonic,A_default,55,1620,0.7036585365853658,True,7.0,2.0,1.8571428571428572,231.42857142857142,0.7036585365853658,0.20512278837126555,0.177216714187752,0.7481495569602138,3.0,0.22844800873941729,0.5539655091510234,gender,"age, gender",2.0,0.0,2.0,1.0,1.0,1.0,True
0,harmonic,A_default,56,1620,0.7815126050420168,True,19.0,3.0,2.789473684210526,85.26315789473684,0.7815126050420168,0.1523012564145534,0.11587969853806263,0.8517238266018339,9.0,0.3591007324933993,0.4060339335184176,age,"age, education, gender",3.0,0.0,3.0,1.0,1.0,1.0,True
0,harmonic,A_default,57,1620,0.5473041709053916,True,3.0,1.0,1.0,540.0,0.5473041709053916,0.03286299098719657,0.032862990987196576,0.9399547952780405,1.0,0.5161360579147225,0.5161360579147225,age,age,1.0,0.0,2.0,0.5,1.0,0.5,False
0,harmonic,A_default,58,1620,0.3402061855670103,True,3.0,1.0,1.0,540.0,0.3402061855670103,0.04924019532966583,0.04924019532966583,0.8552636682734065,1.0,0.2919628646816479,0.2919628646816479,gender,gender,1.0,0.0,1.0,1.0,1.0,1.0,True
0,harmonic,A_default,59,1620,0.9553903345724907,True,13.0,3.0,2.6923076923076925,124.61538461538461,0.9553903345724907,0.28851006277600366,0.1977844012021598,0.7929805294810078,7.0,0.4025800821795277,0.6463169471377899,education,"age, education, gender, orientation",4.0,0.0,4.0,1.0,1.0,1.0,True
0,harmonic,A_default,60,1620,0.9558080808080809,True,15.0,3.0,2.8,108.0,0.9558080808080809,0.16764894893856003,0.14749212000293957,0.8456885613707686,10.0,0.394314528103582,0.5609598350341408,education,"education, orientation, politics",3.0,0.0,4.0,0.75,1.0,0.75,False
0,harmonic,A_default,61,1620,0.43383947939262474,True,5.0,2.0,1.6,324.0,0.43383947939262474,0.19086462158621503,0.145016772441771,0.6657363395217178,2.0,0.19850148085669195,0.2896697453352185,age,"age, politics",2.0,0.0,2.0,1.0,1.0,1.0,True
0,harmonic,A_default,62,1620,0.0,False,,,,,,,,,,,,,,,,,,,,
0,harmonic,A_default,63,1620,0.6780575539568344,True,2.0,1.0,1.0,810.0,0.6780575539568344,0.04882773539489958,0.04882773539489958,0.9279888040329862,1.0,0.6281306232621329,0.6281306232621329,orientation,orientation,1.0,0.0,1.0,1.0,1.0,1.0,True
0,harmonic,A_default,64,1620,0.7222222222222222,True,17.0,3.0,2.7058823529411766,95.29411764705883,0.7222222222222222,0.03732977238193875,0.033695848695099014,0.9533442094990937,8.0,0.32892032509089775,0.43473666998801236,politics,"age, gender, politics",3.0,0.0,3.0,1.0,1.0,1.0,True
0,harmonic,A_default,65,1620,0.5117707267144319,True,3.0,1.0,1.0,540.0,0.5117707267144319,0.027947564364069487,0.027947564364069487,0.9453904592326082,1.0,0.48334757616309926,0.48334757616309926,gender,gender,1.0,0.0,2.0,0.5,1.0,0.5,False
0,harmonic,A_default,66,1620,0.4890738813735692,True,9.0,3.0,2.4444444444444446,180.0,0.4890738813735692,0.30927490019757126,0.1869145943200398,0.6178193082094505,5.0,0.188564391260653,0.3480169326020101,age,"age, education, orientation",3.0,1.0,3.0,1.0,1.0,1.0,True
0,harmonic,A_default,67,1620,0.6488222698072805,True,15.0,3.0,2.6,108.0,0.6488222698072805,0.18603772047428374,0.1108555412564647,0.8291434397136336,7.0,0.3661927182628037,0.4555214256893633,education,"age, education, gender, politics",4.0,0.0,4.0,1.0,1.0,1.0,True
0,harmonic,A_default,68,1620,0.9654731457800512,True,10.0,3.0,2.6,162.0,0.9654731457800512,0.2120482629681099,0.12805687035589605,0.8673636124260785,5.0,0.37945850113785173,0.7764779548631567,orientation,"gender, orientation, politics",3.0,0.0,3.0,1.0,1.0,1.0,True
0,harmonic,A_default,69,1620,0.7877237851662404,True,9.0,2.0,2.0,180.0,0.7877237851662404,0.31425973517086886,0.3142597351708689,0.6010533881434749,4.0,0.2497228580947292,0.5638807612402856,education,"age, education",2.0,0.0,2.0,1.0,1.0,1.0,True
0,harmonic,A_default,70,1620,0.8309859154929577,True,14.0,3.0,2.857142857142857,115.71428571428571,0.8309859154929577,0.15546965870173796,0.12607020464641946,0.8482883977983766,7.0,0.3268857004381176,0.5693317469465317,orientation,"education, gender, orientation",3.0,0.0,3.0,1.0,1.0,1.0,True
0,harmonic,A_default,71,1620,0.8105882352941177,True,12.0,3.0,2.75,135.0,0.8105882352941177,0.16861841004408432,0.12264866014509963,0.848691783565552,6.0,0.38160619467192824,0.4939701918872171,orientation,"education, orientation, politics",3.0,0.0,4.0,0.75,1.0,0.75,False
0,harmonic,A_default,72,1620,0.8315068493150686,True,9.0,2.0,2.0,180.0,0.8315068493150686,0.36964202682914216,0.3696420268291422,0.555455223088511,4.0,0.2715286975753446,0.5620746030266116,education,"education, gender",2.0,0.0,2.0,1.0,1.0,1.0,True
0,harmonic,A_default,73,1620,0.5791855203619909,True,6.0,2.0,2.0,270.0,0.5791855203619909,0.2710913231621857,0.2710913231621857,0.5319438873527886,4.0,0.20686266651141125,0.3949218842746416,gender,"gender, orientation",2.0,0.0,2.0,1.0,1.0,1.0,True
0,harmonic,A_default,74,1620,0.48653846153846153,True,3.0,1.0,1.0,540.0,0.48653846153846153,0.007101235384735965,0.007101235384735966,0.9854045754938233,1.0,0.4796578043867228,0.4796578043867228,politics,politics,1.0,0.0,1.0,1.0,1.0,1.0,True
0,harmonic,A_default,75,1620,0.0,False,,,,,,,,,,,,,,,,,,,,
0,harmonic,A_default,76,1620,0.6506172839506172,True,7.0,2.0,1.8571428571428572,231.42857142857142,0.6506172839506172,0.14305725836292676,0.11632876612231687,0.8212024657323024,3.0,0.22435768320210203,0.5595036586705928,politics,"age, politics",2.0,0.0,2.0,1.0,1.0,1.0,True
0,harmonic,A_default,77,1620,0.34790209790209786,True,19.0,3.0,2.789473684210526,85.26315789473684,0.34790209790209786,0.09393951517261971,0.07312373279489183,0.7898152002076476,9.0,0.3059119234324046,0.14077141335175847,gender,"education, gender, politics",3.0,0.0,3.0,1.0,1.0,1.0,True
0,harmonic,A_default,78,1620,0.834793491864831,True,14.0,3.0,2.857142857142857,115.71428571428571,0.834793491864831,0.13239450240731399,0.10846852224441242,0.8700654433683875,7.0,0.28806196112131727,0.5521829983473076,orientation,"age, orientation, politics",3.0,0.0,3.0,1.0,1.0,1.0,True
0,harmonic,A_default,79,1620,0.0,False,,,,,,,,,,,,,,,,,,,,
0,harmonic,A_default,80,1620,0.48233046800382046,True,3.0,1.0,1.0,540.0,0.48233046800382046,0.0070877971622576195,0.007087797162257619,0.9853051017249828,1.0,0.4754280144301491,0.4754280144301491,education,education,1.0,0.0,2.0,0.5,1.0,0.5,False
0,harmonic,A_default,81,1620,0.7101669195751139,True,11.0,3.0,2.272727272727273,147.27272727272728,0.7101669195751139,0.3172632749488906,0.29232290282754425,0.5883743740099324,5.0,0.19917720963225122,0.49511319750851013,gender,"age, gender, politics",3.0,1.0,2.0,0.6666666666666666,0.6666666666666666,1.0,False
0,harmonic,A_default,82,1620,0.459,True,5.0,2.0,1.6,324.0,0.459,0.17984065676594657,0.13970906897889324,0.6956229434011041,2.0,0.19123993555423133,0.31013120674570593,age,"age, education",2.0,0.0,2.0,1.0,1.0,1.0,True
0,harmonic,A_default,83,1620,0.6483632523759238,True,12.0,3.0,2.75,135.0,0.6483632523759238,0.3012932779513077,0.2021575264297122,0.6882032939268119,7.0,0.21845563043873525,0.4193304509533338,politics,"age, gender, orientation, politics",4.0,0.0,4.0,1.0,1.0,1.0,True
0,harmonic,A_default,84,1620,0.594559585492228,True,6.0,2.0,2.0,270.0,0.594559585492228,0.3407172827450983,0.34071728274509827,0.4269417379537781,4.0,0.24108006785928482,0.3775659605594902,politics,"orientation, politics",2.0,0.0,2.0,1.0,1.0,1.0,True
0,harmonic,A_default,85,1620,0.8639760837070255,True,2.0,1.0,1.0,810.0,0.8639760837070255,0.01533462367621835,0.01533462367621835,0.9822511016619548,1.0,0.8485803469855926,0.8485803469855926,orientation,orientation,1.0,0.0,1.0,1.0,1.0,1.0,True
0,harmonic,A_default,86,1620,0.9471698113207546,True,10.0,3.0,2.6,162.0,0.9471698113207546,0.1248195379381472,0.08607708240379669,0.9091218054302544,5.0,0.42714224773378023,0.7028990094943289,orientation,"age, gender, orientation",3.0,0.0,4.0,0.75,1.0,0.75,False
0,harmonic,A_default,87,1620,0.537590113285273,True,5.0,2.0,1.8,324.0,0.537590113285273,0.12649968562752864,0.11801539677024075,0.7804732753565062,3.0,0.1831183214901141,0.43895983201735156,education,"education, orientation",2.0,0.0,2.0,1.0,1.0,1.0,True
0,harmonic,A_default,88,1620,0.0008230452674897101,False,,,,,,,,,,,,,,,,,,,,
0,harmonic,A_default,89,1620,0.0,False,,,,,,,,,,,,,,,,,,,,
0,harmonic,A_default,90,1620,0.8673218673218673,True,9.0,2.0,2.0,180.0,0.8673218673218673,0.37996676361869297,0.37996676361869297,0.5619080090855296,4.0,0.27909899933778365,0.5896747737354326,age,"age, gender",2.0,0.0,2.0,1.0,1.0,1.0,True
0,harmonic,A_default,91,1620,0.503582395087001,True,3.0,1.0,1.0,540.0,0.503582395087001,0.018046911018902722,0.018046911018902722,0.964162942956366,1.0,0.4855892935690192,0.4855892935690192,politics,politics,1.0,0.0,2.0,0.5,1.0,0.5,False
0,harmonic,A_default,92,1620,0.7125171939477304,True,4.0,2.0,1.75,405.0,0.7125171939477304,0.13456057375507918,0.10233747201464366,0.8563719263423824,2.0,0.34730257782850876,0.6252878938990957,orientation,"orientation, politics",2.0,0.0,2.0,1.0,1.0,1.0,True
0,harmonic,A_default,93,1620,0.667079207920792,True,6.0,2.0,2.0,270.0,0.667079207920792,0.38942701738571905,0.38942701738571905,0.4162207234737272,4.0,0.25885813829747806,0.4037598953542918,politics,"orientation, politics",2.0,0.0,2.0,1.0,1.0,1.0,True
0,harmonic,A_default,94,1620,0.8477611940298508,True,2.0,1.0,1.0,810.0,0.8477611940298508,0.00794912559618442,0.00794912559618442,0.9906233905819656,1.0,0.8397619060324478,0.8397619060324478,orientation,orientation,1.0,0.0,1.0,1.0,1.0,1.0,True
0,harmonic,A_default,95,1620,0.5858050847457628,True,13.0,3.0,2.769230769230769,124.61538461538461,0.5858050847457628,0.14856067147942179,0.11591207621738851,0.8021320073251089,8.0,0.44417065910199366,0.12228948778820854,education,"education, orientation, politics",3.0,0.0,3.0,1.0,1.0,1.0,True
0,harmonic,A_default,96,1620,0.4912641315519013,True,3.0,1.0,1.0,540.0,0.4912641315519013,0.01179793735068077,0.011797937350680772,0.9759845333844929,1.0,0.47892921019785084,0.47892921019785084,gender,gender,1.0,0.0,1.0,1.0,1.0,1.0,True
0,harmonic,A_default,97,1620,0.5987590486039297,True,13.0,3.0,2.5384615384615383,124.61538461538461,0.5987590486039297,0.24208665442817814,0.14849649120203667,0.7519929067489302,7.0,0.22838577004615984,0.43665795242713284,age,"age, gender, orientation, politics",4.0,1.0,4.0,1.0,1.0,1.0,True
0,harmonic,A_default,98,1620,0.0,False,,,,,,,,,,,,,,,,,,,,
0,harmonic,A_default,99,1620,0.40616246498599434,True,9.0,3.0,2.4444444444444446,180.0,0.40616246498599434,0.1849234797956214,0.19862626871151426,0.5109684280688924,4.0,0.2898482191051609,0.12230598444381735,politics,"education, gender, politics",3.0,0.0,3.0,1.0,1.0,1.0,True
0,harmonic,B_weak_signal,0,1620,0.3908948194662481,True,3.0,1.0,1.0,540.0,0.3908948194662481,0.04524978259683487,0.045249782596834875,0.8842405160072939,1.0,0.34494813645571476,0.34494813645571476,gender,gender,1.0,0.0,1.0,1.0,1.0,1.0,True
0,harmonic,B_weak_signal,1,1620,0.7264150943396226,True,19.0,3.0,2.789473684210526,85.26315789473684,0.7264150943396226,0.1904788172599605,0.14141046002866509,0.805331055025474,9.0,0.30836248854692283,0.45320052467957267,age,"age, education, gender",3.0,0.0,3.0,1.0,1.0,1.0,True
0,harmonic,B_weak_signal,2,1620,0.47159090909090917,True,13.0,3.0,2.6153846153846154,124.61538461538461,0.47159090909090917,0.20043351001417087,0.15792254653180446,0.665128094101234,8.0,0.31011901310313855,0.16457359497351848,gender,"education, gender, orientation",3.0,0.0,3.0,1.0,1.0,1.0,True
0,harmonic,B_weak_signal,3,1620,0.5266272189349114,True,2.0,1.0,1.0,810.0,0.5266272189349114,0.01715772912204823,0.01715772912204823,0.9674195930154366,1.0,0.5094651911881463,0.5094651911881463,orientation,orientation,1.0,0.0,1.0,1.0,1.0,1.0,True
0,harmonic,B_weak_signal,4,1620,0.2639593908629442,False,,,,,,,,,,,,,,,,,,,,
0,harmonic,B_weak_signal,5,1620,0.41245136186770426,True,13.0,3.0,2.6153846153846154,124.61538461538461,0.41245136186770426,0.2867744531206488,0.21999669764365376,0.46661178024133,8.0,0.20157227911645706,0.12416192966262324,age,"age, gender, orientation, politics",4.0,0.0,4.0,1.0,1.0,1.0,True
0,harmonic,B_weak_signal,6,1620,0.36030534351145044,True,3.0,1.0,1.0,540.0,0.36030534351145044,0.06330342828986267,0.06330342828986266,0.8243061630090677,1.0,0.3006184991397888,0.3006184991397888,education,education,1.0,0.0,1.0,1.0,1.0,1.0,True
0,harmonic,B_weak_signal,7,1620,0.12400000000000004,False,,,,,,,,,,,,,,,,,,,,
0,harmonic,B_weak_signal,8,1620,0.7045790251107829,True,14.0,3.0,2.857142857142857,115.71428571428571,0.7045790251107829,0.2033434385432313,0.16980332671659834,0.7590003098802158,7.0,0.20403278744202155,0.43814402293278965,orientation,"education, orientation, politics",3.0,0.0,3.0,1.0,1.0,1.0,True
0,harmonic,B_weak_signal,9,1620,0.5682281059063137,True,2.0,1.0,1.0,810.0,0.5682281059063137,0.0431362467866324,0.0431362467866324,0.9240863900636684,1.0,0.5250793709417236,0.5250793709417236,orientation,orientation,1.0,0.0,1.0,1.0,1.0,1.0,True
0,harmonic,B_weak_signal,10,1620,0.48106448311156597,True,1.0,0.0,0.0,1620.0,0.48106448311156597,0.48106448311156597,0.48106448311156597,0.0,0.0,,,,,0.0,0.0,4.0,0.0,0.0,0.0,False
0,harmonic,B_weak_signal,11,1620,0.753309265944645,True,12.0,3.0,2.75,135.0,0.753309265944645,0.24396838722642755,0.19206095668456635,0.7450436821008393,7.0,0.36666933336846785,0.3849295942408509,gender,"age, gender, orientation",3.0,0.0,4.0,0.75,1.0,0.75,False
0,harmonic,B_weak_signal,12,1620,0.8739376770538244,True,10.0,3.0,2.2,162.0,0.8739376770538244,0.38400704158749344,0.3835417746033878,0.5611337230632225,5.0,0.3068540277979378,0.5795183516131113,gender,"gender, orientation, politics",3.0,0.0,2.0,0.6666666666666666,0.6666666666666666,1.0,False
0,harmonic,B_weak_signal,13,1620,0.22417582417582407,False,,,,,,,,,,,,,,,,,,,,
0,harmonic,B_weak_signal,14,1620,0.3355176933158584,True,7.0,3.0,2.142857142857143,231.42857142857142,0.3355176933158584,0.2365031729229193,0.1334769339721138,0.6021761694503014,3.0,0.13574616036182274,0.17369952922533644,gender,"age, gender, politics",3.0,0.0,2.0,0.6666666666666666,0.6666666666666666,1.0,False
0,harmonic,B_weak_signal,15,1620,0.8323863636363636,True,8.0,3.0,2.125,202.5,0.8323863636363636,0.4151931464394471,0.31864746919973647,0.6171880233504873,4.0,0.30743632485806327,0.5862655953595046,gender,"education, gender, orientation",3.0,0.0,2.0,0.6666666666666666,0.6666666666666666,1.0,False
0,harmonic,B_weak_signal,16,1620,0.8171500630517025,True,16.0,3.0,2.9375,101.25,0.8171500630517025,0.19208276954053102,0.18799036643075104,0.7699438879944667,8.0,0.217415720604864,0.4805478071133957,orientation,"education, gender, orientation, politics",4.0,0.0,4.0,1.0,1.0,1.0,True
0,harmonic,B_weak_signal,17,1620,0.36407766990291257,True,3.0,1.0,1.0,540.0,0.36407766990291257,0.0357488158336856,0.035748815833685596,0.9018099191768102,1.0,0.3297518609773755,0.3297518609773755,politics,politics,1.0,0.0,1.0,1.0,1.0,1.0,True
0,harmonic,B_weak_signal,18,1620,0.30959302325581395,True,3.0,1.0,1.0,540.0,0.30959302325581395,0.04452225334578277,0.04452225334578276,0.8561910314464858,1.0,0.2598982251890478,0.2598982251890478,politics,politics,1.0,0.0,1.0,1.0,1.0,1.0,True
0,harmonic,B_weak_signal,19,1620,0.6397694524495677,True,15.0,3.0,2.7333333333333334,108.0,0.6397694524495677,0.2690613597940477,0.2267854286487882,0.6455200732381554,7.0,0.253185222638714,0.3535722900983791,education,"age, education, gender",3.0,0.0,3.0,1.0,1.0,1.0,True
0,harmonic,B_weak_signal,20,1620,0.0,False,,,,,,,,,,,,,,,,,,,,
0,harmonic,B_weak_signal,21,1620,0.0,False,,,,,,,,,,,,,,,,,,,,
0,harmonic,B_weak_signal,22,1620,0.6306027820710974,True,13.0,3.0,2.4615384615384617,124.61538461538461,0.6306027820710974,0.3282955599018446,0.2801400612525207,0.5557582852196548,6.0,0.18998467436629543,0.4521124120326302,age,"age, education, gender, politics",4.0,0.0,2.0,0.5,0.5,1.0,False
0,harmonic,B_weak_signal,23,1620,0.7621483375959079,True,18.0,3.0,2.888888888888889,90.0,0.7621483375959079,0.25178548661235456,0.22907326036382752,0.6994374335494746,10.0,0.2786657204453319,0.36467832185773447,education,"age, education, orientation, politics",4.0,0.0,4.0,1.0,1.0,1.0,True
0,harmonic,B_weak_signal,24,1620,0.0,False,,,,,,,,,,,,,,,,,,,,
0,harmonic,B_weak_signal,25,1620,0.45482388973966315,True,8.0,3.0,2.375,202.5,0.45482388973966315,0.341765547362628,0.278864432304218,0.3868738239237228,5.0,0.15085814356654123,0.2729531806298656,politics,"gender, orientation, politics",3.0,0.0,2.0,0.6666666666666666,0.6666666666666666,1.0,False
0,harmonic,B_weak_signal,26,1620,0.5364963503649635,True,14.0,3.0,2.857142857142857,115.71428571428571,0.5364963503649635,0.2368239351731905,0.1932920012587347,0.639714228946304,9.0,0.25758294580132707,0.15665404136795938,age,"age, education, orientation",3.0,0.0,3.0,1.0,1.0,1.0,True
0,harmonic,B_weak_signal,27,1620,0.4024390243902439,True,1.0,0.0,0.0,1620.0,0.4024390243902439,0.4024390243902439,0.4024390243902439,0.0,0.0,,,,,0.0,0.0,2.0,0.0,0.0,0.0,False
0,harmonic,B_weak_signal,28,1620,0.0,False,,,,,,,,,,,,,,,,,,,,
0,harmonic,B_weak_signal,29,1620,0.30115830115830117,True,3.0,1.0,1.0,540.0,0.30115830115830117,0.052754081970247474,0.05275408197024748,0.824829394483409,1.0,0.24715524565570599,0.24715524565570599,education,education,1.0,0.0,1.0,1.0,1.0,1.0,True
0,harmonic,B_weak_signal,30,1620,0.6605293440736479,True,20.0,3.0,2.85,81.0,0.6605293440736479,0.15723683090539775,0.13355957547509884,0.797799179289441,10.0,0.22547212787175197,0.3751973690819749,education,"education, gender, orientation, politics",4.0,0.0,3.0,0.75,0.75,1.0,False
0,harmonic,B_weak_signal,31,1620,0.005020920502092049,False,,,,,,,,,,,,,,,,,,,,
0,harmonic,B_weak_signal,32,1620,0.49474789915966383,True,9.0,3.0,2.3333333333333335,180.0,0.49474789915966383,0.1579063452448959,0.2458333214553687,0.5031139659755605,5.0,0.3701456236555858,0.12446563397270209,education,"age, education, orientation",3.0,0.0,3.0,1.0,1.0,1.0,True
0,harmonic,B_weak_signal,33,1620,0.3646112600536193,True,7.0,2.0,1.8571428571428572,231.42857142857142,0.3646112600536193,0.15275705967928135,0.13160565921183162,0.6390521258381383,3.0,0.14738920822866933,0.2736808648249743,age,"age, education",2.0,0.0,2.0,1.0,1.0,1.0,True
0,harmonic,B_weak_signal,34,1620,0.5058139534883721,True,13.0,3.0,2.6923076923076925,124.61538461538461,0.5058139534883721,0.2185912164031913,0.17665126163265765,0.6507584252779641,8.0,0.19151272499907382,0.25217984323130826,politics,"education, orientation, politics",3.0,0.0,3.0,1.0,1.0,1.0,True
0,harmonic,B_weak_signal,35,1620,0.7473560517038778,True,16.0,3.0,2.9375,101.25,0.7473560517038778,0.2755307855851512,0.25542676436397826,0.658226137619897,9.0,0.24623880108562737,0.3684414346924209,politics,"age, gender, orientation, politics",4.0,0.0,4.0,1.0,1.0,1.0,True
0,harmonic,B_weak_signal,36,1620,0.0,False,,,,,,,,,,,,,,,,,,,,
0,harmonic,B_weak_signal,37,1620,0.47414741474147415,True,16.0,3.0,2.9375,101.25,0.47414741474147415,0.16271523538492413,0.1514583768723692,0.6805669035336808,9.0,0.21780570945675612,0.10526388004049518,politics,"age, orientation, politics",3.0,0.0,3.0,1.0,1.0,1.0,True
0,harmonic,B_weak_signal,38,1620,0.3377110694183866,True,3.0,1.0,1.0,540.0,0.3377110694183866,0.035461912846097225,0.035461912846097225,0.8949933358501677,1.0,0.30030132848920715,0.30030132848920715,politics,politics,1.0,0.0,1.0,1.0,1.0,1.0,True
0,harmonic,B_weak_signal,39,1620,0.0,False,,,,,,,,,,,,,,,,,,,,
0,harmonic,B_weak_signal,40,1620,0.5386138613861386,True,2.0,1.0,1.0,810.0,0.5386138613861386,0.06753009390559023,0.06753009390559023,0.8746224359473417,1.0,0.47107161311017737,0.47107161311017737,orientation,orientation,1.0,0.0,1.0,1.0,1.0,1.0,True
0,harmonic,B_weak_signal,41,1620,0.5382619974059663,True,4.0,2.0,1.5,405.0,0.5382619974059663,0.11958333790887891,0.1103183286746003,0.7950471532334534,2.0,0.23546786159286792,0.42951940806051014,age,"age, orientation",2.0,0.0,2.0,1.0,1.0,1.0,True
0,harmonic,B_weak_signal,42,1620,0.374,True,7.0,3.0,2.142857142857143,231.42857142857142,0.374,0.2123289060637311,0.1010046687033831,0.7299340409000452,3.0,0.14289736295325065,0.2772064417315468,gender,"age, gender, politics",3.0,0.0,1.0,0.3333333333333333,0.3333333333333333,1.0,False
0,harmonic,B_weak_signal,43,1620,0.5441919191919192,True,19.0,3.0,2.789473684210526,85.26315789473684,0.5441919191919192,0.26463485472045223,0.20204144391657064,0.6287312677913598,9.0,0.19569404555785228,0.2742599491380345,gender,"age, education, gender, politics",4.0,0.0,3.0,0.75,0.75,1.0,False
0,harmonic,B_weak_signal,44,1620,0.5681159420289855,True,6.0,3.0,2.3333333333333335,270.0,0.5681159420289855,0.26028791382095223,0.15296659356639306,0.7307475776509917,3.0,0.20779261571736163,0.45215238968893795,orientation,"education, gender, orientation",3.0,0.0,2.0,0.6666666666666666,0.6666666666666666,1.0,False
0,harmonic,B_weak_signal,45,1620,0.0,False,,,,,,,,,,,,,,,,,,,,
0,harmonic,B_weak_signal,46,1620,0.42535211267605627,True,3.0,1.0,1.0,540.0,0.42535211267605627,0.04359329742703038,0.04359329742703038,0.8975124464463855,1.0,0.38262214478221807,0.38262214478221807,education,education,1.0,0.0,1.0,1.0,1.0,1.0,True
0,harmonic,B_weak_signal,47,1620,0.34173669467787116,True,3.0,1.0,1.0,540.0,0.34173669467787116,0.04615241976481568,0.04615241976481568,0.8649474274095148,1.0,0.29555455982801676,0.29555455982801676,gender,gender,1.0,0.0,1.0,1.0,1.0,1.0,True
0,harmonic,B_weak_signal,48,1620,0.49373433583959897,True,15.0,3.0,2.7333333333333334,108.0,0.49373433583959897,0.2275728384087442,0.19456881395173553,0.6059240773261803,9.0,0.27067682983439967,0.1458629715283582,gender,"age, education, gender, orientation",4.0,0.0,3.0,0.75,0.75,1.0,False
0,harmonic,B_weak_signal,49,1620,0.8392370572207084,True,12.0,3.0,2.75,135.0,0.8392370572207084,0.268133656715311,0.18706741612185232,0.7770982411794811,6.0,0.19461645190909363,0.7086795197121751,orientation,"age, orientation, politics",3.0,1.0,3.0,1.0,1.0,1.0,True
0,harmonic,B_weak_signal,50,1620,0.31542461005199307,True,3.0,1.0,1.0,540.0,0.31542461005199307,0.06930544259788339,0.06930544259788339,0.7802788990166005,1.0,0.24661587446016972,0.24661587446016972,gender,gender,1.0,0.0,1.0,1.0,1.0,1.0,True
0,harmonic,B_weak_signal,51,1620,0.7747183979974969,True,23.0,3.0,2.9130434782608696,70.43478260869566,0.7747183979974969,0.2843188142250964,0.24633203693874337,0.682036676067761,11.0,0.27821417839052937,0.3295526715091196,education,"age, education, gender, politics",4.0,0.0,4.0,1.0,1.0,1.0,True
0,harmonic,B_weak_signal,52,1620,0.798076923076923,True,12.0,3.0,2.75,135.0,0.798076923076923,0.19601906212504586,0.15435257200615324,0.8065943676067477,6.0,0.3972333613306487,0.4145287119630733,orientation,"education, orientation, politics",3.0,0.0,4.0,0.75,1.0,0.75,False
0,harmonic,B_weak_signal,53,1620,0.6171171171171171,True,10.0,3.0,2.4,162.0,0.6171171171171171,0.2586377403274054,0.18515654396016862,0.6999653083273181,5.0,0.1626510101676943,0.4835011688273614,politics,"education, gender, orientation, politics",4.0,0.0,2.0,0.5,0.5,1.0,False
0,harmonic,B_weak_signal,54,1620,0.536819637139808,True,12.0,3.0,2.75,135.0,0.536819637139808,0.20260017294822344,0.1396773880734759,0.7398057403084555,7.0,0.25335466136541984,0.169141236267287,education,"age, education, orientation",3.0,0.0,3.0,1.0,1.0,1.0,True
0,harmonic,B_weak_signal,55,1620,0.4327086882453152,True,18.0,3.0,2.888888888888889,90.0,0.4327086882453152,0.2567971307456294,0.2582373917119513,0.40320728765781333,10.0,0.11947360426715685,0.25268160282321833,gender,"age, education, gender, orientation, politics",5.0,0.0,2.0,0.4,0.4,1.0,False
0,harmonic,B_weak_signal,56,1620,0.0,False,,,,,,,,,,,,,,,,,,,,
0,harmonic,B_weak_signal,57,1620,0.5249343832020997,True,6.0,3.0,2.1666666666666665,270.0,0.5249343832020997,0.24641865073189959,0.12878370281636298,0.7546670461348285,3.0,0.20429387662456958,0.4187723618599531,education,"age, education, orientation",3.0,0.0,2.0,0.6666666666666666,0.6666666666666666,1.0,False
0,harmonic,B_weak_signal,58,1620,0.36324786324786323,True,2.0,1.0,1.0,810.0,0.36324786324786323,0.0383333333333333,0.0383333333333333,0.8944705882352942,1.0,0.3218854377908195,0.3218854377908195,orientation,orientation,1.0,0.0,1.0,1.0,1.0,1.0,True
0,harmonic,B_weak_signal,59,1620,0.5126315789473684,True,13.0,3.0,2.6153846153846154,124.61538461538461,0.5126315789473684,0.1473918904549808,0.12155007584466121,0.7628899957855685,8.0,0.35791143130428416,0.17753080375436175,age,"age, gender, orientation",3.0,0.0,3.0,1.0,1.0,1.0,True
0,harmonic,B_weak_signal,60,1620,0.7033678756476683,True,7.0,3.0,2.2857142857142856,231.42857142857142,0.7033678756476683,0.3022465297658398,0.21091597824520766,0.7001341893088392,4.0,0.20646347326555411,0.5202323484600686,age,"age, gender, orientation",3.0,0.0,3.0,1.0,1.0,1.0,True
0,harmonic,B_weak_signal,61,1620,0.7775947281713345,True,2.0,1.0,1.0,810.0,0.7775947281713345,0.01752686518715938,0.017526865187159384,0.9774601543038014,1.0,0.76005016837271,0.76005016837271,orientation,orientation,1.0,0.0,1.0,1.0,1.0,1.0,True
0,harmonic,B_weak_signal,62,1620,0.3580357142857143,True,19.0,3.0,2.789473684210526,85.26315789473684,0.3580357142857143,0.22410343956078038,0.172208680873569,0.519018148183548,9.0,0.22050612097025296,0.15372476295249107,politics,"age, education, gender, politics",4.0,0.0,4.0,1.0,1.0,1.0,True
0,harmonic,B_weak_signal,63,1620,0.8243045387994143,True,7.0,2.0,1.8571428571428572,231.42857142857142,0.8243045387994143,0.37126456419668685,0.3834405139370162,0.5348314901971899,3.0,0.2962053720561793,0.5055030223824724,education,"age, education",2.0,0.0,2.0,1.0,1.0,1.0,True
0,harmonic,B_weak_signal,64,1620,0.0,False,,,,,,,,,,,,,,,,,,,,
0,harmonic,B_weak_signal,65,1620,0.35654596100278546,True,1.0,0.0,0.0,1620.0,0.35654596100278546,0.35654596100278546,0.35654596100278546,0.0,0.0,,,,,0.0,0.0,3.0,0.0,0.0,0.0,False
0,harmonic,B_weak_signal,66,1620,0.3973856209150327,True,3.0,1.0,1.0,540.0,0.3973856209150327,0.03823354248145335,0.03823354248145335,0.9037873026371321,1.0,0.3569562880155688,0.3569562880155688,age,age,1.0,0.0,1.0,1.0,1.0,1.0,True
0,harmonic,B_weak_signal,67,1620,0.0,False,,,,,,,,,,,,,,,,,,,,
0,harmonic,B_weak_signal,68,1620,0.5378440366972477,True,13.0,3.0,2.769230769230769,124.61538461538461,0.5378440366972477,0.21279691502054446,0.16446745948973432,0.6942097554903021,8.0,0.3091433475207954,0.16672201390725122,gender,"age, gender, orientation",3.0,0.0,3.0,1.0,1.0,1.0,True
0,harmonic,B_weak_signal,69,1620,0.35910878112712985,True,3.0,1.0,1.0,540.0,0.35910878112712985,0.037349287759770367,0.037349287759770367,0.8959945016032672,1.0,0.3207147019719418,0.3207147019719418,education,education,1.0,0.0,1.0,1.0,1.0,1.0,True
0,harmonic,B_weak_signal,70,1620,0.6728110599078342,True,12.0,3.0,2.75,135.0,0.6728110599078342,0.31871179419188334,0.22998091394684422,0.6581790525584577,7.0,0.2161562170606837,0.392113399403364,age,"age, education, orientation, politics",4.0,0.0,4.0,1.0,1.0,1.0,True
0,harmonic,B_weak_signal,71,1620,0.9143646408839778,True,16.0,3.0,2.9375,101.25,0.9143646408839778,0.20478520769643105,0.19137249533684728,0.7907044008702757,8.0,0.17613814807793218,0.6423188394762563,orientation,"age, orientation, politics",3.0,0.0,3.0,1.0,1.0,1.0,True
0,harmonic,B_weak_signal,72,1620,0.38569424964936894,True,3.0,1.0,1.0,540.0,0.38569424964936894,0.013052208835341361,0.013052208835341363,0.9661591821832786,1.0,0.3675588939566603,0.3675588939566603,gender,gender,1.0,0.0,1.0,1.0,1.0,1.0,True
0,harmonic,B_weak_signal,73,1620,0.4353876739562625,True,2.0,1.0,1.0,810.0,0.4353876739562625,0.09558150183150185,0.09558150183150185,0.7804680574372355,1.0,0.3377410641263164,0.3377410641263164,orientation,orientation,1.0,0.0,1.0,1.0,1.0,1.0,True
0,harmonic,B_weak_signal,74,1620,0.8146279949558639,True,12.0,3.0,2.75,135.0,0.8146279949558639,0.2273584786248897,0.1583699375952797,0.8055923211872186,6.0,0.2978444570784066,0.5129155037722679,orientation,"gender, orientation, politics",3.0,0.0,3.0,1.0,1.0,1.0,True
0,harmonic,B_weak_signal,75,1620,0.2835408022130014,False,,,,,,,,,,,,,,,,,,,,
0,harmonic,B_weak_signal,76,1620,0.0,False,,,,,,,,,,,,,,,,,,,,
0,harmonic,B_weak_signal,77,1620,0.686842105263158,True,19.0,3.0,2.789473684210526,85.26315789473684,0.686842105263158,0.2218987819644239,0.17049795035131077,0.7517654362701223,9.0,0.2968299124956946,0.37646239339821325,gender,"education, gender, politics",3.0,0.0,3.0,1.0,1.0,1.0,True
0,harmonic,B_weak_signal,78,1620,0.33710407239819,True,2.0,1.0,1.0,810.0,0.33710407239819,0.04050838719911172,0.04050838719911172,0.879834180254984,1.0,0.2964727136143663,0.2964727136143663,orientation,orientation,1.0,0.0,1.0,1.0,1.0,1.0,True
0,harmonic,B_weak_signal,79,1620,0.7138103161397671,True,2.0,1.0,1.0,810.0,0.7138103161397671,0.03461213274149228,0.03461213274149228,0.9515107417770703,1.0,0.6791979613888375,0.6791979613888375,orientation,orientation,1.0,0.0,1.0,1.0,1.0,1.0,True
0,harmonic,B_weak_signal,80,1620,0.0017361111111111095,False,,,,,,,,,,,,,,,,,,,,
0,harmonic,B_weak_signal,81,1620,0.35437589670014347,True,3.0,1.0,1.0,540.0,0.35437589670014347,0.03446923257294074,0.03446923257294074,0.9027325704318231,1.0,0.31967938414928093,0.31967938414928093,education,education,1.0,0.0,1.0,1.0,1.0,1.0,True
0,harmonic,B_weak_signal,82,1620,0.8079470198675497,True,16.0,3.0,2.9375,101.25,0.8079470198675497,0.1483018999813882,0.13807691734757357,0.8291015203321016,8.0,0.2063275497531782,0.45636516574063823,orientation,"education, orientation, politics",3.0,0.0,3.0,1.0,1.0,1.0,True
0,harmonic,B_weak_signal,83,1620,0.3186619718309858,True,3.0,1.0,1.0,540.0,0.3186619718309858,0.01713274298765786,0.01713274298765786,0.9462353700718803,1.0,0.30221695234066026,0.30221695234066026,education,education,1.0,0.0,1.0,1.0,1.0,1.0,True
0,harmonic,B_weak_signal,84,1620,0.5868005738880917,True,15.0,3.0,2.6,108.0,0.5868005738880917,0.23170700520480217,0.23177721162564893,0.6050153630731605,7.0,0.2010813233539865,0.3007310589315515,age,"age, education, politics",3.0,0.0,3.0,1.0,1.0,1.0,True
0,harmonic,B_weak_signal,85,1620,0.4364364364364364,True,12.0,3.0,2.75,135.0,0.4364364364364364,0.2752224868834589,0.21773422900631564,0.5011089569327767,6.0,0.2667044402402606,0.13575373972433363,orientation,"age, gender, orientation, politics",4.0,0.0,4.0,1.0,1.0,1.0,True
0,harmonic,B_weak_signal,86,1620,0.378096479791395,True,7.0,2.0,1.8571428571428572,231.42857142857142,0.378096479791395,0.23226240087593175,0.19322715036681487,0.48894750230569994,3.0,0.15013029233124245,0.19224071610666804,politics,"education, politics",2.0,0.0,2.0,1.0,1.0,1.0,True
0,harmonic,B_weak_signal,87,1620,0.5307950727883538,True,12.0,3.0,2.6666666666666665,135.0,0.5307950727883538,0.17721155695560545,0.13670920081795968,0.7424444803155317,7.0,0.27980104975399567,0.27690369329646447,politics,"age, orientation, politics",3.0,0.0,3.0,1.0,1.0,1.0,True
0,harmonic,B_weak_signal,88,1620,0.0,False,,,,,,,,,,,,,,,,,,,,
0,harmonic,B_weak_signal,89,1620,0.7122940430925221,True,19.0,3.0,2.789473684210526,85.26315789473684,0.7122940430925221,0.17639606962301987,0.16858719177139975,0.7633179816590134,9.0,0.2985220673661284,0.3691386892656513,gender,"education, gender, politics",3.0,0.0,3.0,1.0,1.0,1.0,True
0,harmonic,B_weak_signal,90,1620,0.5980769230769231,True,2.0,1.0,1.0,810.0,0.5980769230769231,0.057797808025885244,0.05779780802588525,0.9033605782203848,1.0,0.5398793153861883,0.5398793153861883,orientation,orientation,1.0,0.0,1.0,1.0,1.0,1.0,True
0,harmonic,B_weak_signal,91,1620,0.5861214374225527,True,8.0,3.0,2.375,202.5,0.5861214374225527,0.29213451574813554,0.2561749747048674,0.5629319141927527,5.0,0.17691200546200123,0.42157970830396346,age,"age, education, orientation",3.0,0.0,2.0,0.6666666666666666,0.6666666666666666,1.0,False
0,harmonic,B_weak_signal,92,1620,0.7974481658692185,True,11.0,3.0,2.4545454545454546,147.27272727272728,0.7974481658692185,0.3503772304300171,0.2823751388128215,0.6459015759287219,5.0,0.2154094346203478,0.5391026421768286,education,"age, education, politics",3.0,0.0,2.0,0.6666666666666666,0.6666666666666666,1.0,False
0,harmonic,B_weak_signal,93,1620,0.0,False,,,,,,,,,,,,,,,,,,,,
0,harmonic,B_weak_signal,94,1620,0.35742444152431013,True,3.0,1.0,1.0,540.0,0.35742444152431013,0.022822661209757993,0.02282266120975799,0.9361468927182874,1.0,0.32893021268216416,0.32893021268216416,politics,politics,1.0,0.0,1.0,1.0,1.0,1.0,True
0,harmonic,B_weak_signal,95,1620,0.5831932773109243,True,13.0,3.0,2.6153846153846154,124.61538461538461,0.5831932773109243,0.3536448292901632,0.2439273825430591,0.5817383498180975,6.0,0.17669190431215998,0.4327343016314504,age,"age, education, gender, politics",4.0,1.0,2.0,0.5,0.5,1.0,False
0,harmonic,B_weak_signal,96,1620,0.36637390213299875,True,3.0,1.0,1.0,540.0,0.36637390213299875,0.05877687127687126,0.05877687127687127,0.8395713479189507,1.0,0.30456426427708305,0.30456426427708305,age,age,1.0,0.0,1.0,1.0,1.0,1.0,True
0,harmonic,B_weak_signal,97,1620,0.8840782122905028,True,14.0,3.0,2.857142857142857,115.71428571428571,0.8840782122905028,0.18843978910667936,0.16174049528977302,0.817051825233053,7.0,0.2678886462783576,0.5734554611429162,orientation,"age, education, orientation",3.0,0.0,3.0,1.0,1.0,1.0,True
0,harmonic,B_weak_signal,98,1620,0.40484429065743943,True,3.0,1.0,1.0,540.0,0.40484429065743943,0.07135984460329807,0.07135984460329806,0.8237350846978364,1.0,0.33398176366303906,0.33398176366303906,education,education,1.0,0.0,1.0,1.0,1.0,1.0,True
0,harmonic,B_weak_signal,99,1620,0.8689248895434463,True,12.0,3.0,2.75,135.0,0.8689248895434463,0.1695430166572864,0.1394480983316265,0.8395165105641111,6.0,0.2947520686721709,0.5989298152446751,orientation,"education, gender, orientation, politics",4.0,0.0,3.0,0.75,0.75,1.0,False
0,harmonic,C_deep,0,1620,0.4701583434835567,True,3.0,1.0,1.0,540.0,0.4701583434835567,0.029469916170853826,0.029469916170853823,0.9373191679371218,1.0,0.43910240937764006,0.43910240937764006,gender,gender,1.0,0.0,1.0,1.0,1.0,1.0,True
0,harmonic,C_deep,1,1620,0.8238770685579195,True,12.0,3.0,2.75,135.0,0.8238770685579195,0.17115092101023346,0.14318781065171818,0.8262024565116878,7.0,0.3670282875981397,0.4737535254600623,age,"age, education, orientation",3.0,0.0,4.0,0.75,1.0,0.75,False
0,harmonic,C_deep,2,1620,0.41911764705882354,True,14.0,3.0,2.642857142857143,115.71428571428571,0.41911764705882354,0.21884685220689254,0.15941894601349066,0.6196319884590398,8.0,0.2663156905162978,0.15704411348612712,education,"age, education, orientation, politics",4.0,0.0,4.0,1.0,1.0,1.0,True
0,harmonic,C_deep,3,1620,0.8462643678160918,True,12.0,3.0,2.4166666666666665,135.0,0.8462643678160918,0.412029115022662,0.3817056946342887,0.5489521842691596,6.0,0.24938315400604585,0.5557471621623565,gender,"age, gender, orientation, politics",4.0,0.0,2.0,0.5,0.5,1.0,False
0,harmonic,C_deep,4,1620,0.6721311475409836,True,19.0,3.0,2.8947368421052633,85.26315789473684,0.6721311475409836,0.20743802683955045,0.19315237114895636,0.7126269599978942,11.0,0.23639099879199216,0.3825182277650131,gender,"age, gender, orientation, politics",4.0,0.0,4.0,1.0,1.0,1.0,True
0,harmonic,C_deep,5,1620,0.6420824295010846,True,15.0,3.0,2.6,108.0,0.6420824295010846,0.09233806601151721,0.07101469757149229,0.8893994068227772,7.0,0.3376850795837273,0.3515023320288088,politics,"age, gender, politics",3.0,0.0,3.0,1.0,1.0,1.0,True
0,harmonic,C_deep,6,1620,0.6567164179104477,True,9.0,3.0,2.5555555555555554,180.0,0.6567164179104477,0.2700356620153664,0.14775913049597064,0.7750031421993174,5.0,0.19611863449469663,0.5584137068640123,age,"age, gender, orientation",3.0,0.0,4.0,0.75,1.0,0.75,False
0,harmonic,C_deep,7,1620,0.36520376175548597,True,3.0,1.0,1.0,540.0,0.36520376175548597,0.03767395158922091,0.03767395158922091,0.8968412827728629,1.0,0.3241011070924618,0.3241011070924618,politics,politics,1.0,0.0,1.0,1.0,1.0,1.0,True
0,harmonic,C_deep,8,1620,0.7986030267753201,True,14.0,3.0,2.857142857142857,115.71428571428571,0.7986030267753201,0.1908223195621981,0.15506991697871142,0.8058235296141208,7.0,0.2729085203909294,0.5390783066207558,orientation,"age, gender, orientation, politics",4.0,0.0,4.0,1.0,1.0,1.0,True
0,harmonic,C_deep,9,1620,0.43259085580304807,True,3.0,1.0,1.0,540.0,0.43259085580304807,0.015778986171734583,0.015778986171734587,0.9635244574404076,1.0,0.4137974314683166,0.4137974314683166,education,education,1.0,0.0,1.0,1.0,1.0,1.0,True
0,harmonic,C_deep,10,1620,0.6011173184357542,True,19.0,3.0,2.789473684210526,85.26315789473684,0.6011173184357542,0.14739032260695742,0.1342158582032104,0.7767226894203099,9.0,0.26796748610777726,0.3014356491910848,politics,"age, education, politics",3.0,0.0,3.0,1.0,1.0,1.0,True
0,harmonic,C_deep,11,1620,0.0,False,,,,,,,,,,,,,,,,,,,,
0,harmonic,C_deep,12,1620,0.46409989594172746,True,3.0,1.0,1.0,540.0,0.46409989594172746,0.009201922931707199,0.0092019229317072,0.9801725382570166,1.0,0.4546342808506817,0.4546342808506817,education,education,1.0,0.0,1.0,1.0,1.0,1.0,True
0,harmonic,C_deep,13,1620,0.8562728380024361,True,2.0,1.0,1.0,810.0,0.8562728380024361,0.04918213969938108,0.04918213969938109,0.9425625367095422,1.0,0.8066665643550671,0.8066665643550671,orientation,orientation,1.0,0.0,3.0,0.3333333333333333,1.0,0.3333333333333333,False
0,harmonic,C_deep,14,1620,0.0,False,,,,,,,,,,,,,,,,,,,,
0,harmonic,C_deep,15,1620,0.5420841683366734,True,3.0,1.0,1.0,540.0,0.5420841683366734,0.06561834962313949,0.06561834962313949,0.8789517321184969,1.0,0.4762684325275866,0.4762684325275866,education,education,1.0,0.0,4.0,0.25,1.0,0.25,False
0,harmonic,C_deep,16,1620,0.3630769230769231,True,3.0,1.0,1.0,540.0,0.3630769230769231,0.04099295860355097,0.04099295860355096,0.8870956648631012,1.0,0.32105812264006206,0.32105812264006206,education,education,1.0,0.0,1.0,1.0,1.0,1.0,True
0,harmonic,C_deep,17,1620,0.7477064220183487,True,19.0,3.0,2.8947368421052633,85.26315789473684,0.7477064220183487,0.24911055079858158,0.218332097871347,0.7079975623561126,10.0,0.25802706868782127,0.3690445955026921,politics,"education, gender, orientation, politics",4.0,0.0,4.0,1.0,1.0,1.0,True
0,harmonic,C_deep,18,1620,0.4662867996201329,True,12.0,3.0,2.75,135.0,0.4662867996201329,0.13048971305354373,0.09924179456893331,0.787165764396972,6.0,0.3162649692548934,0.1672771672771673,orientation,"education, gender, orientation",3.0,0.0,4.0,0.75,1.0,0.75,False
0,harmonic,C_deep,19,1620,0.6586059743954481,True,6.0,2.0,2.0,270.0,0.6586059743954481,0.27436395930018437,0.27436395930018437,0.5834171417105192,3.0,0.2570208988312767,0.4768545219345973,orientation,"age, orientation",2.0,0.0,2.0,1.0,1.0,1.0,True
0,harmonic,C_deep,20,1620,0.34061930783242256,True,19.0,3.0,2.789473684210526,85.26315789473684,0.34061930783242256,0.21033785836871824,0.16239358500405446,0.5232402237046743,9.0,0.19943081775003643,0.1478448808529655,age,"age, education, gender, politics",4.0,0.0,4.0,1.0,1.0,1.0,True
0,harmonic,C_deep,21,1620,0.3317972350230414,True,3.0,1.0,1.0,540.0,0.3317972350230414,0.01819258576044365,0.018192585760443646,0.9451695679164407,1.0,0.31375360042635086,0.31375360042635086,education,education,1.0,0.0,1.0,1.0,1.0,1.0,True
0,harmonic,C_deep,22,1620,0.36017699115044255,True,17.0,3.0,2.7058823529411766,95.29411764705883,0.36017699115044255,0.07527399299195502,0.06286227515872296,0.8254683760949462,8.0,0.3440505771373307,0.15126468402621504,education,"age, education, gender",3.0,0.0,3.0,1.0,1.0,1.0,True
0,harmonic,C_deep,23,1620,0.43179680150517397,True,12.0,3.0,2.75,135.0,0.43179680150517397,0.252049542029302,0.172887101069389,0.5996100469787352,6.0,0.28878393107205547,0.16854315402746275,orientation,"education, gender, orientation, politics",4.0,0.0,4.0,1.0,1.0,1.0,True
0,harmonic,C_deep,24,1620,0.5872340425531914,True,11.0,3.0,2.4545454545454546,147.27272727272728,0.5872340425531914,0.20870655049118864,0.16759552994171656,0.7146018149543232,5.0,0.3047081916246676,0.33855399057783336,education,"education, gender, politics",3.0,0.0,3.0,1.0,1.0,1.0,True
0,harmonic,C_deep,25,1620,0.5069582504970179,True,12.0,3.0,2.75,135.0,0.5069582504970179,0.07433560553830143,0.05669117182111708,0.8881738846038357,6.0,0.30960163494310033,0.1336456417306626,orientation,"age, gender, orientation",3.0,0.0,3.0,1.0,1.0,1.0,True
0,harmonic,C_deep,26,1620,0.7847309136420526,True,9.0,2.0,2.0,180.0,0.7847309136420526,0.3215719422871134,0.32157194228711333,0.5902137449961666,4.0,0.2524099382324195,0.5560017930323953,education,"age, education",2.0,0.0,2.0,1.0,1.0,1.0,True
0,harmonic,C_deep,27,1620,0.465832531280077,True,14.0,3.0,2.857142857142857,115.71428571428571,0.465832531280077,0.2369800923143079,0.19527040723615174,0.580814146449666,7.0,0.2448940425899164,0.15492368976404783,orientation,"age, education, gender, orientation",4.0,0.0,4.0,1.0,1.0,1.0,True
0,harmonic,C_deep,28,1620,0.5948453608247422,True,14.0,3.0,2.5714285714285716,115.71428571428571,0.5948453608247422,0.18343411186887007,0.11852460137990838,0.8007472039193915,7.0,0.3806395048842642,0.377280652017002,education,"age, education, orientation, politics",4.0,0.0,4.0,1.0,1.0,1.0,True
0,harmonic,C_deep,29,1620,0.4791666666666667,True,3.0,1.0,1.0,540.0,0.4791666666666667,0.018988476674673304,0.018988476674673304,0.9603718747658991,1.0,0.46014070139128177,0.46014070139128177,politics,politics,1.0,0.0,1.0,1.0,1.0,1.0,True
0,harmonic,C_deep,30,1620,0.7308558558558559,True,12.0,3.0,2.6666666666666665,135.0,0.7308558558558559,0.3041104016628404,0.1917290395638137,0.7376650429388805,7.0,0.19493471523614897,0.5992119645678379,gender,"education, gender, orientation, politics",4.0,0.0,4.0,1.0,1.0,1.0,True
0,harmonic,C_deep,31,1620,0.5407035175879398,True,6.0,3.0,2.3333333333333335,270.0,0.5407035175879398,0.32087447056738333,0.3944064092415569,0.27056807212760403,3.0,0.10533318945873184,0.14812111398850292,orientation,"education, orientation, politics",3.0,1.0,4.0,0.75,1.0,0.75,False
0,harmonic,C_deep,32,1620,0.6559485530546624,True,11.0,3.0,2.5454545454545454,147.27272727272728,0.6559485530546624,0.33784822952529137,0.23462056722621302,0.6423186450619988,6.0,0.1950128223031872,0.5001487033100197,education,"education, gender, orientation",3.0,1.0,3.0,1.0,1.0,1.0,True
0,harmonic,C_deep,33,1620,0.8836363636363636,True,14.0,3.0,2.7142857142857144,115.71428571428571,0.8836363636363636,0.12294731438208752,0.10026622942258172,0.8865299872789713,9.0,0.3344794467817446,0.5999764867349335,politics,"education, orientation, politics",3.0,0.0,4.0,0.75,1.0,0.75,False
0,harmonic,C_deep,34,1620,0.4629981024667932,True,12.0,3.0,2.5833333333333335,135.0,0.4629981024667932,0.22862330594886857,0.1655306186203491,0.6424809999470329,7.0,0.19365852671063938,0.17469583189991494,age,"age, gender, orientation, politics",4.0,0.0,4.0,1.0,1.0,1.0,True
0,harmonic,C_deep,35,1620,0.0,False,,,,,,,,,,,,,,,,,,,,
0,harmonic,C_deep,36,1620,0.44205607476635517,True,12.0,3.0,2.75,135.0,0.44205607476635517,0.09012068023238112,0.0732265058955924,0.8343501875089137,6.0,0.30186034391696903,0.18576049433349612,orientation,"age, gender, orientation",3.0,0.0,4.0,0.75,1.0,0.75,False
0,harmonic,C_deep,37,1620,0.6198704103671706,True,7.0,2.0,1.8571428571428572,231.42857142857142,0.6198704103671706,0.1167692070110676,0.10280758516720655,0.8341466483191058,3.0,0.19631971338536044,0.5278111763259767,education,"age, education",2.0,0.0,2.0,1.0,1.0,1.0,True
0,harmonic,C_deep,38,1620,0.9115815691158157,True,6.0,3.0,2.3333333333333335,270.0,0.9115815691158157,0.2611217364230258,0.13469880291931313,0.8522361492565458,3.0,0.34913842665403655,0.805516546193016,orientation,"age, gender, orientation",3.0,0.0,3.0,1.0,1.0,1.0,True
0,harmonic,C_deep,39,1620,0.46292372881355925,True,3.0,1.0,1.0,540.0,0.46292372881355925,0.021579345525766777,0.021579345525766777,0.9533846632120736,1.0,0.44127947762580055,0.44127947762580055,gender,gender,1.0,0.0,1.0,1.0,1.0,1.0,True
0,harmonic,C_deep,40,1620,0.5103857566765578,True,12.0,3.0,2.75,135.0,0.5103857566765578,0.14122611621796755,0.10518089619041553,0.7939188254873835,6.0,0.27544440700556855,0.173619099619236,orientation,"education, gender, orientation",3.0,0.0,4.0,0.75,1.0,0.75,False
0,harmonic,C_deep,41,1620,0.9079754601226994,True,13.0,3.0,2.6923076923076925,124.61538461538461,0.9079754601226994,0.23621549485255444,0.16309264271689858,0.8203776975482806,7.0,0.44963258407466383,0.549719454743712,education,"age, education, orientation, politics",4.0,0.0,4.0,1.0,1.0,1.0,True
0,harmonic,C_deep,42,1620,0.41696969696969693,True,3.0,1.0,1.0,540.0,0.41696969696969693,0.02491727169457204,0.024917271694572037,0.9402420082906339,1.0,0.3921065251545779,0.3921065251545779,politics,politics,1.0,0.0,1.0,1.0,1.0,1.0,True
0,harmonic,C_deep,43,1620,0.4357405140758873,True,3.0,1.0,1.0,540.0,0.4357405140758873,0.04092386847995647,0.04092386847995647,0.9060820209322347,1.0,0.39740139692391735,0.39740139692391735,age,age,1.0,0.0,1.0,1.0,1.0,1.0,True
0,harmonic,C_deep,44,1620,0.8824242424242423,True,14.0,3.0,2.7142857142857144,115.71428571428571,0.8824242424242423,0.10665423663289661,0.0882073971572861,0.9000396941555481,9.0,0.3613857239557957,0.5879754684308953,age,"age, gender, orientation",3.0,0.0,4.0,0.75,1.0,0.75,False
0,harmonic,C_deep,45,1620,0.49560975609756097,True,3.0,1.0,1.0,540.0,0.49560975609756097,0.04989876078118773,0.04989876078118773,0.8993184452741783,1.0,0.4438117531703917,0.4438117531703917,politics,politics,1.0,0.0,2.0,0.5,1.0,0.5,False
0,harmonic,C_deep,46,1620,0.7821782178217821,True,12.0,3.0,2.6666666666666665,135.0,0.7821782178217821,0.2669577289175544,0.18901244518070803,0.7583511776803606,7.0,0.2643422446726629,0.5381543224899755,gender,"age, gender, orientation",3.0,0.0,3.0,1.0,1.0,1.0,True
0,harmonic,C_deep,47,1620,0.9327521793275219,True,16.0,3.0,2.9375,101.25,0.9327521793275219,0.13194203129000737,0.11941037093807377,0.8719806036538408,8.0,0.3171709793197418,0.5889237383307744,orientation,"education, gender, orientation",3.0,0.0,4.0,0.75,1.0,0.75,False
0,harmonic,C_deep,48,1620,0.5345717234262126,True,3.0,1.0,1.0,540.0,0.5345717234262126,0.026377093489535066,0.026377093489535066,0.9506575220244026,1.0,0.5083226038840045,0.5083226038840045,age,age,1.0,0.0,2.0,0.5,1.0,0.5,False
0,harmonic,C_deep,49,1620,0.8974358974358975,True,12.0,3.0,2.75,135.0,0.8974358974358975,0.04927608186227641,0.037235739137564915,0.958508747818142,6.0,0.41936842125817364,0.5545628275818025,orientation,"education, orientation, politics",3.0,0.0,4.0,0.75,1.0,0.75,False
0,harmonic,C_deep,50,1620,0.42427616926503336,True,3.0,1.0,1.0,540.0,0.42427616926503336,0.00624105192129025,0.00624105192129025,0.9852901190936518,1.0,0.4175396646967121,0.4175396646967121,gender,gender,1.0,0.0,1.0,1.0,1.0,1.0,True
0,harmonic,C_deep,51,1620,0.7605956471935854,True,19.0,3.0,2.789473684210526,85.26315789473684,0.7605956471935854,0.16341661354607337,0.12144686698837237,0.8403266342155887,9.0,0.32639389611532593,0.4220591071813934,gender,"age, education, gender",3.0,0.0,3.0,1.0,1.0,1.0,True
0,harmonic,C_deep,52,1620,0.64,True,17.0,3.0,2.7058823529411766,95.29411764705883,0.64,0.13897889113059173,0.10140092345435507,0.8415610571025702,8.0,0.30191617947529864,0.3967713898815846,gender,"age, education, gender",3.0,0.0,4.0,0.75,1.0,0.75,False
0,harmonic,C_deep,53,1620,0.5147058823529411,True,3.0,1.0,1.0,540.0,0.5147058823529411,0.016479006065419896,0.016479006065419896,0.9679836453586128,1.0,0.4957961001886366,0.4957961001886366,gender,gender,1.0,0.0,3.0,0.3333333333333333,1.0,0.3333333333333333,False
0,harmonic,C_deep,54,1620,0.8374384236453202,True,4.0,2.0,1.75,405.0,0.8374384236453202,0.1428679657395316,0.11898700090137812,0.8579155224530602,2.0,0.38942040826974317,0.7287540943626548,orientation,"orientation, politics",2.0,0.0,2.0,1.0,1.0,1.0,True
0,harmonic,C_deep,55,1620,0.6138002059732235,True,13.0,3.0,2.5384615384615383,124.61538461538461,0.6138002059732235,0.23871832691824904,0.155679243871076,0.746368211746955,7.0,0.22485868154215205,0.43117758189802774,age,"age, education, orientation, politics",4.0,0.0,4.0,1.0,1.0,1.0,True
0,harmonic,C_deep,56,1620,0.5167984189723319,True,3.0,1.0,1.0,540.0,0.5167984189723319,0.06599154780694977,0.06599154780694977,0.8723069858878907,1.0,0.4520220830903938,0.4520220830903938,education,education,1.0,0.0,3.0,0.3333333333333333,1.0,0.3333333333333333,False
0,harmonic,C_deep,57,1620,0.45749440715883677,True,3.0,1.0,1.0,540.0,0.45749440715883677,0.012177516631492214,0.012177516631492215,0.9733821519106258,1.0,0.44568442327497787,0.44568442327497787,politics,politics,1.0,0.0,1.0,1.0,1.0,1.0,True
0,harmonic,C_deep,58,1620,0.904642409033877,True,16.0,3.0,2.9375,101.25,0.904642409033877,0.15681903661221597,0.14290809402860127,0.8420280846868304,8.0,0.26069317083603977,0.5331106524665881,orientation,"age, gender, orientation, politics",4.0,0.0,4.0,1.0,1.0,1.0,True
0,harmonic,C_deep,59,1620,0.7210584343991179,True,15.0,3.0,2.6,108.0,0.7210584343991179,0.18033052714784553,0.11489761675138979,0.8406542226398921,7.0,0.37065578091926643,0.5193937154800192,politics,"age, education, gender, politics",4.0,0.0,4.0,1.0,1.0,1.0,True
0,harmonic,C_deep,60,1620,0.5422177009155646,True,17.0,3.0,2.7058823529411766,95.29411764705883,0.5422177009155646,0.20609119357402,0.13638867342359579,0.7484614146803102,8.0,0.3387245133811476,0.2491942441992598,age,"age, gender, politics",3.0,0.0,4.0,0.75,1.0,0.75,False
0,harmonic,C_deep,61,1620,0.6560509554140127,True,17.0,3.0,2.7058823529411766,95.29411764705883,0.6560509554140127,0.049043400966660954,0.036961846303060424,0.9436600983535876,8.0,0.31812860215691774,0.3934792690793817,education,"education, gender, politics",3.0,0.0,3.0,1.0,1.0,1.0,True
0,harmonic,C_deep,62,1620,0.0,False,,,,,,,,,,,,,,,,,,,,
0,harmonic,C_deep,63,1620,0.49336057201225747,True,3.0,1.0,1.0,540.0,0.49336057201225747,0.04332942776544151,0.04332942776544151,0.9121749279868173,1.0,0.44674648091557845,0.44674648091557845,gender,gender,1.0,0.0,2.0,0.5,1.0,0.5,False
0,harmonic,C_deep,64,1620,0.5971074380165289,True,3.0,1.0,1.0,540.0,0.5971074380165289,0.07159195539733133,0.07159195539733135,0.8801020539366492,1.0,0.5306068877726544,0.5306068877726544,education,education,1.0,0.0,4.0,0.25,1.0,0.25,False
0,harmonic,C_deep,65,1620,0.619198312236287,True,15.0,3.0,2.6,108.0,0.619198312236287,0.26394593384302284,0.1657180542464361,0.7323667539597591,7.0,0.27132460213263,0.4028087695880322,education,"age, education, gender, politics",4.0,0.0,4.0,1.0,1.0,1.0,True
0,harmonic,C_deep,66,1620,0.7422934648581996,True,4.0,2.0,1.75,405.0,0.7422934648581996,0.11758903202142183,0.08790291150453323,0.8815793002820989,2.0,0.34586744366005984,0.6584671649065271,orientation,"orientation, politics",2.0,0.0,2.0,1.0,1.0,1.0,True
0,harmonic,C_deep,67,1620,0.965736040609137,True,12.0,3.0,2.75,135.0,0.965736040609137,0.09459504070856879,0.07991223100788566,0.917252512438615,6.0,0.2578644492171015,0.603018497469497,orientation,"age, gender, orientation, politics",4.0,0.0,4.0,1.0,1.0,1.0,True
0,harmonic,C_deep,68,1620,0.44900497512437815,True,3.0,1.0,1.0,540.0,0.44900497512437815,0.02997349078202193,0.029973490782021935,0.9332446354882392,1.0,0.4177721282381218,0.4177721282381218,politics,politics,1.0,0.0,1.0,1.0,1.0,1.0,True
0,harmonic,C_deep,69,1620,0.0,False,,,,,,,,,,,,,,,,,,,,
0,harmonic,C_deep,70,1620,0.5200823892893923,True,12.0,3.0,2.6666666666666665,135.0,0.5200823892893923,0.12318913523621348,0.09158200118210574,0.8239086670340106,7.0,0.29831208815966487,0.1834091781251978,gender,"gender, orientation, politics",3.0,0.0,3.0,1.0,1.0,1.0,True
0,harmonic,C_deep,71,1620,0.6590389016018307,True,7.0,2.0,1.8571428571428572,231.42857142857142,0.6590389016018307,0.1492046943132395,0.12746850956697117,0.8065842406917834,3.0,0.22174317407360045,0.5567643124041398,gender,"education, gender",2.0,0.0,2.0,1.0,1.0,1.0,True
0,harmonic,C_deep,72,1620,0.6403508771929824,True,15.0,3.0,2.8666666666666667,108.0,0.6403508771929824,0.21505560148983435,0.18758269842979117,0.7070626353288192,9.0,0.18716990450855728,0.36728829825651055,gender,"age, gender, orientation, politics",4.0,0.0,4.0,1.0,1.0,1.0,True
0,harmonic,C_deep,73,1620,0.5150631681243927,True,12.0,3.0,2.75,135.0,0.5150631681243927,0.13981792516660588,0.10210020334223208,0.8017714920015909,6.0,0.27485978499968183,0.17775536888582108,orientation,"age, orientation, politics",3.0,0.0,4.0,0.75,1.0,0.75,False
0,harmonic,C_deep,74,1620,0.6209424083769634,True,19.0,3.0,2.789473684210526,85.26315789473684,0.6209424083769634,0.11273591974779507,0.09367502157454576,0.8491405639060856,9.0,0.2992570876900688,0.2773104164199356,politics,"age, gender, politics",3.0,0.0,4.0,0.75,1.0,0.75,False
0,harmonic,C_deep,75,1620,0.5691382765531062,True,6.0,2.0,2.0,270.0,0.5691382765531062,0.12278339698415781,0.12278339698415781,0.7842643834679762,4.0,0.1393175333736277,0.4596134026892479,age,"age, orientation",2.0,0.0,2.0,1.0,1.0,1.0,True
0,harmonic,C_deep,76,1620,0.9390088945362135,True,12.0,3.0,2.75,135.0,0.9390088945362135,0.21446440986186763,0.16373727887889344,0.8256275528042095,6.0,0.3094993214826069,0.6292854673760189,orientation,"age, education, orientation, politics",4.0,0.0,4.0,1.0,1.0,1.0,True
0,harmonic,C_deep,77,1620,0.5403543307086613,True,3.0,1.0,1.0,540.0,0.5403543307086613,0.037896201696958794,0.0378962016969588,0.9298678671691982,1.0,0.5002450716471044,0.5002450716471044,age,age,1.0,0.0,2.0,0.5,1.0,0.5,False
0,harmonic,C_deep,78,1620,0.5721925133689839,True,15.0,3.0,2.6,108.0,0.5721925133689839,0.36900800263520644,0.22229985231082963,0.6114946506343444,7.0,0.19163306396750748,0.415282296138244,politics,"age, gender, politics",3.0,2.0,3.0,1.0,1.0,1.0,True
0,harmonic,C_deep,79,1620,0.4577259475218659,True,7.0,2.0,1.8571428571428572,231.42857142857142,0.4577259475218659,0.16667018976978423,0.14262239533706486,0.6884109452190239,3.0,0.14816008548073967,0.3173630598629401,education,"education, politics",2.0,0.0,2.0,1.0,1.0,1.0,True
0,harmonic,C_deep,80,1620,0.6841530054644809,True,11.0,3.0,2.4545454545454546,147.27272727272728,0.6841530054644809,0.26460041708468807,0.14478976691743514,0.7883663950008736,5.0,0.2766803512636359,0.5247989624132042,politics,"age, education, gender, politics",4.0,0.0,4.0,1.0,1.0,1.0,True
0,harmonic,C_deep,81,1620,0.4246068455134135,True,25.0,3.0,2.96,64.8,0.4246068455134135,0.17656865239312247,0.1676047192940434,0.605270802708364,12.0,0.23591418819590285,0.09391226596537483,gender,"age, gender, politics",3.0,0.0,3.0,1.0,1.0,1.0,True
0,harmonic,C_deep,82,1620,0.7381489841986455,True,13.0,3.0,2.6923076923076925,124.61538461538461,0.7381489841986455,0.23704309034351242,0.22361585631398279,0.6970586411403841,8.0,0.25961929139688267,0.46933754819523654,age,"age, gender, orientation, politics",4.0,0.0,4.0,1.0,1.0,1.0,True
0,harmonic,C_deep,83,1620,0.47058823529411764,True,5.0,2.0,1.6,324.0,0.47058823529411764,0.10403741023525723,0.07960942886729541,0.8308299636569972,2.0,0.2142689803892576,0.3890574836807611,age,"age, politics",2.0,0.0,2.0,1.0,1.0,1.0,True
0,harmonic,C_deep,84,1620,0.7011884550084889,True,2.0,1.0,1.0,810.0,0.7011884550084889,0.0009999999999999979,0.0009999999999999979,0.9985738498789346,1.0,0.7001875028832215,0.7001875028832215,orientation,orientation,1.0,0.0,1.0,1.0,1.0,1.0,True
0,harmonic,C_deep,85,1620,0.7403726708074534,True,9.0,2.0,2.0,180.0,0.7403726708074534,0.27756854970936284,0.27756854970936284,0.6250961702751056,4.0,0.22849106158272037,0.5365039780362396,education,"age, education",2.0,0.0,2.0,1.0,1.0,1.0,True
0,harmonic,C_deep,86,1620,0.50390625,True,10.0,3.0,2.5,162.0,0.50390625,0.2564554738120515,0.20722514976066342,0.5887624934982183,6.0,0.1628293762416207,0.345316448948907,gender,"age, gender, orientation",3.0,1.0,3.0,1.0,1.0,1.0,True
0,harmonic,C_deep,87,1620,0.7853736089030205,True,2.0,1.0,1.0,810.0,0.7853736089030205,0.017059697635353414,0.017059697635353414,0.9782782392456735,1.0,0.768313652652584,0.768313652652584,orientation,orientation,1.0,0.0,1.0,1.0,1.0,1.0,True
0,harmonic,C_deep,88,1620,0.5674846625766872,True,10.0,3.0,2.8,162.0,0.5674846625766872,0.26704368002548196,0.18616947046201038,0.671939203402079,5.0,0.17470220355142035,0.1570027960720006,orientation,"education, gender, orientation",3.0,0.0,4.0,0.75,1.0,0.75,False
0,harmonic,C_deep,89,1620,0.5982905982905984,True,14.0,3.0,2.7857142857142856,115.71428571428571,0.5982905982905984,0.1824292762691944,0.16226922644089994,0.7287785786630673,8.0,0.2877338550852472,0.23975813535399584,age,"age, gender, orientation, politics",4.0,0.0,4.0,1.0,1.0,1.0,True
0,harmonic,C_deep,90,1620,0.0,False,,,,,,,,,,,,,,,,,,,,
0,harmonic,C_deep,91,1620,0.0,False,,,,,,,,,,,,,,,,,,,,
0,harmonic,C_deep,92,1620,0.6681127982646422,True,12.0,3.0,2.6666666666666665,135.0,0.6681127982646422,0.24074123141802692,0.17462920361947126,0.7386231725046226,7.0,0.3632217973724502,0.3690932069137538,gender,"age, gender, orientation",3.0,0.0,4.0,0.75,1.0,0.75,False
0,harmonic,C_deep,93,1620,0.46788990825688076,True,3.0,1.0,1.0,540.0,0.46788990825688076,0.005522457663756604,0.005522457663756605,0.9881971002872653,1.0,0.4625154230000606,0.4625154230000606,age,age,1.0,0.0,1.0,1.0,1.0,1.0,True
0,harmonic,C_deep,94,1620,0.638477801268499,True,10.0,3.0,2.5,162.0,0.638477801268499,0.27617342652249255,0.21058764664251423,0.6701723282718237,6.0,0.19464221909389767,0.47782480541883904,age,"age, gender, orientation",3.0,0.0,3.0,1.0,1.0,1.0,True
0,harmonic,C_deep,95,1620,0.5441906653426017,True,3.0,1.0,1.0,540.0,0.5441906653426017,0.03345625075912994,0.033456250759129946,0.9385210866524747,1.0,0.5120639081974999,0.5120639081974999,education,education,1.0,0.0,4.0,0.25,1.0,0.25,False
0,harmonic,C_deep,96,1620,0.0,False,,,,,,,,,,,,,,,,,,,,
0,harmonic,C_deep,97,1620,0.6500553709856035,True,18.0,3.0,2.888888888888889,90.0,0.6500553709856035,0.20713682117413348,0.20198901132762279,0.6892741444142361,11.0,0.23669224017399443,0.3656736143512641,education,"age, education, orientation, politics",4.0,0.0,4.0,1.0,1.0,1.0,True
0,harmonic,C_deep,98,1620,0.7615112160566706,True,12.0,3.0,2.6666666666666665,135.0,0.7615112160566706,0.3267345708746347,0.23075606809967852,0.6969761400303447,7.0,0.1896570303876117,0.5594261509073941,gender,"age, gender, orientation",3.0,1.0,3.0,1.0,1.0,1.0,True
0,harmonic,C_deep,99,1620,0.37154696132596676,True,3.0,1.0,1.0,540.0,0.37154696132596676,0.024555938212774395,0.024555938212774395,0.9339089246615291,1.0,0.3455289755631229,0.3455289755631229,politics,politics,1.0,0.0,1.0,1.0,1.0,1.0,True
