rank,configuration_id,theta_filter,min_size_frac,max_depth,variant,h,relative_h,theta_stop,corpus,n_texts_evaluated,jaccard,jaccard_median,jaccard_std,jaccard_q1,jaccard_q3,jaccard_min,jaccard_max,precision,precision_median,precision_std,precision_q1,precision_q3,precision_min,precision_max,recall,recall_median,recall_std,recall_q1,recall_q3,recall_min,recall_max,exact_match
1,719,0.3,0.02,4,harmonic,0.2,True,0.1,A_default,84,0.9166666666666666,1.0,0.17112510591425015,1.0,1.0,0.3333333333333333,1.0,0.978174603174603,1.0,0.08879590901050906,1.0,1.0,0.5,1.0,0.9384920634920635,1.0,0.1552942577683559,1.0,1.0,0.3333333333333333,1.0,0.7857142857142857
1,719,0.3,0.02,4,harmonic,0.2,True,0.1,B_weak_signal,81,0.8773662551440329,1.0,0.23979604531153315,0.75,1.0,0.0,1.0,0.8835390946502057,1.0,0.2396538856577058,1.0,1.0,0.0,1.0,0.9567901234567902,1.0,0.1928005910292667,1.0,1.0,0.0,1.0,0.7283950617283951
1,719,0.3,0.02,4,harmonic,0.2,True,0.1,C_deep,92,0.8831521739130435,1.0,0.21004236105711063,0.75,1.0,0.25,1.0,0.9945652173913043,1.0,0.052128603514268596,1.0,1.0,0.5,1.0,0.8885869565217391,1.0,0.20645755324811826,0.75,1.0,0.25,1.0,0.7065217391304348
2,238,0.3,0.03,6,harmonic,0.2,True,0.1,A_default,84,0.9166666666666666,1.0,0.17112510591425015,1.0,1.0,0.3333333333333333,1.0,0.978174603174603,1.0,0.08879590901050906,1.0,1.0,0.5,1.0,0.9384920634920635,1.0,0.1552942577683559,1.0,1.0,0.3333333333333333,1.0,0.7857142857142857
2,238,0.3,0.03,6,harmonic,0.2,True,0.1,B_weak_signal,81,0.8773662551440329,1.0,0.23979604531153315,0.75,1.0,0.0,1.0,0.8835390946502057,1.0,0.2396538856577058,1.0,1.0,0.0,1.0,0.9567901234567902,1.0,0.1928005910292667,1.0,1.0,0.0,1.0,0.7283950617283951
2,238,0.3,0.03,6,harmonic,0.2,True,0.1,C_deep,92,0.8831521739130435,1.0,0.21004236105711063,0.75,1.0,0.25,1.0,0.9945652173913043,1.0,0.052128603514268596,1.0,1.0,0.5,1.0,0.8885869565217391,1.0,0.20645755324811826,0.75,1.0,0.25,1.0,0.7065217391304348
3,515,0.3,0.02,6,harmonic,0.2,True,0.1,A_default,84,0.9166666666666666,1.0,0.17112510591425015,1.0,1.0,0.3333333333333333,1.0,0.978174603174603,1.0,0.08879590901050906,1.0,1.0,0.5,1.0,0.9384920634920635,1.0,0.1552942577683559,1.0,1.0,0.3333333333333333,1.0,0.7857142857142857
3,515,0.3,0.02,6,harmonic,0.2,True,0.1,B_weak_signal,81,0.8773662551440329,1.0,0.23979604531153315,0.75,1.0,0.0,1.0,0.8835390946502057,1.0,0.2396538856577058,1.0,1.0,0.0,1.0,0.9567901234567902,1.0,0.1928005910292667,1.0,1.0,0.0,1.0,0.7283950617283951
3,515,0.3,0.02,6,harmonic,0.2,True,0.1,C_deep,92,0.8831521739130435,1.0,0.21004236105711063,0.75,1.0,0.25,1.0,0.9945652173913043,1.0,0.052128603514268596,1.0,1.0,0.5,1.0,0.8885869565217391,1.0,0.20645755324811826,0.75,1.0,0.25,1.0,0.7065217391304348
4,80,0.3,0.02,4,harmonic,0.15,True,0.1,A_default,84,0.8986111111111109,1.0,0.18756896693835629,0.9375,1.0,0.3333333333333333,1.0,0.9571428571428572,1.0,0.1285873643467741,1.0,1.0,0.4,1.0,0.941468253968254,1.0,0.15402876275711072,1.0,1.0,0.3333333333333333,1.0,0.75
4,80,0.3,0.02,4,harmonic,0.15,True,0.1,B_weak_signal,81,0.8792181069958848,1.0,0.21939833864770195,0.75,1.0,0.0,1.0,0.8884773662551441,1.0,0.21901994415952925,1.0,1.0,0.0,1.0,0.9783950617283951,1.0,0.11987969792800071,1.0,1.0,0.0,1.0,0.7160493827160493
4,80,0.3,0.02,4,harmonic,0.15,True,0.1,C_deep,92,0.8847826086956523,1.0,0.212184581306078,0.75,1.0,0.25,1.0,0.9934782608695653,1.0,0.06255432421712236,1.0,1.0,0.4,1.0,0.8913043478260869,1.0,0.20625858121593627,0.75,1.0,0.25,1.0,0.717391304347826
5,522,0.3,0.03,4,harmonic,0.15,True,0.1,A_default,84,0.8986111111111109,1.0,0.18756896693835629,0.9375,1.0,0.3333333333333333,1.0,0.9571428571428572,1.0,0.1285873643467741,1.0,1.0,0.4,1.0,0.941468253968254,1.0,0.15402876275711072,1.0,1.0,0.3333333333333333,1.0,0.75
5,522,0.3,0.03,4,harmonic,0.15,True,0.1,B_weak_signal,81,0.8792181069958848,1.0,0.21939833864770195,0.75,1.0,0.0,1.0,0.8884773662551441,1.0,0.21901994415952925,1.0,1.0,0.0,1.0,0.9783950617283951,1.0,0.11987969792800071,1.0,1.0,0.0,1.0,0.7160493827160493
5,522,0.3,0.03,4,harmonic,0.15,True,0.1,C_deep,92,0.8847826086956523,1.0,0.212184581306078,0.75,1.0,0.25,1.0,0.9934782608695653,1.0,0.06255432421712236,1.0,1.0,0.4,1.0,0.8913043478260869,1.0,0.20625858121593627,0.75,1.0,0.25,1.0,0.717391304347826
6,139,0.2,0.03,4,harmonic,0.15,True,0.1,A_default,84,0.8986111111111109,1.0,0.18756896693835629,0.9375,1.0,0.3333333333333333,1.0,0.9571428571428572,1.0,0.1285873643467741,1.0,1.0,0.4,1.0,0.941468253968254,1.0,0.15402876275711072,1.0,1.0,0.3333333333333333,1.0,0.75
6,139,0.2,0.03,4,harmonic,0.15,True,0.1,B_weak_signal,84,0.8700396825396824,1.0,0.22932267069614495,0.75,1.0,0.0,1.0,0.878968253968254,1.0,0.22934221531230958,0.75,1.0,0.0,1.0,0.9791666666666666,1.0,0.117762353439247,1.0,1.0,0.0,1.0,0.7023809523809523
6,139,0.2,0.03,4,harmonic,0.15,True,0.1,C_deep,92,0.8847826086956523,1.0,0.212184581306078,0.75,1.0,0.25,1.0,0.9934782608695653,1.0,0.06255432421712236,1.0,1.0,0.4,1.0,0.8913043478260869,1.0,0.20625858121593627,0.75,1.0,0.25,1.0,0.717391304347826
7,377,0.4,0.03,4,harmonic,0.2,True,0.1,A_default,79,0.9113924050632911,1.0,0.17517887284554304,1.0,1.0,0.3333333333333333,1.0,0.9767932489451475,1.0,0.09142032640061548,1.0,1.0,0.5,1.0,0.9345991561181434,1.0,0.1593874526311868,1.0,1.0,0.3333333333333333,1.0,0.7721518987341772
7,377,0.4,0.03,4,harmonic,0.2,True,0.1,B_weak_signal,58,0.8632183908045976,1.0,0.23611042904661686,0.75,1.0,0.0,1.0,0.8718390804597701,1.0,0.2363878370772235,0.75,1.0,0.0,1.0,0.9568965517241379,1.0,0.18812283124869128,1.0,1.0,0.0,1.0,0.6724137931034483
7,377,0.4,0.03,4,harmonic,0.2,True,0.1,C_deep,86,0.875,1.0,0.2149441331885029,0.75,1.0,0.25,1.0,0.9941860465116279,1.0,0.05391638660171922,1.0,1.0,0.5,1.0,0.8808139534883721,1.0,0.21141474033392416,0.75,1.0,0.25,1.0,0.686046511627907
8,263,0.4,0.03,6,harmonic,0.2,True,0.1,A_default,79,0.9113924050632911,1.0,0.17517887284554304,1.0,1.0,0.3333333333333333,1.0,0.9767932489451475,1.0,0.09142032640061548,1.0,1.0,0.5,1.0,0.9345991561181434,1.0,0.1593874526311868,1.0,1.0,0.3333333333333333,1.0,0.7721518987341772
8,263,0.4,0.03,6,harmonic,0.2,True,0.1,B_weak_signal,58,0.8632183908045976,1.0,0.23611042904661686,0.75,1.0,0.0,1.0,0.8718390804597701,1.0,0.2363878370772235,0.75,1.0,0.0,1.0,0.9568965517241379,1.0,0.18812283124869128,1.0,1.0,0.0,1.0,0.6724137931034483
8,263,0.4,0.03,6,harmonic,0.2,True,0.1,C_deep,86,0.875,1.0,0.2149441331885029,0.75,1.0,0.25,1.0,0.9941860465116279,1.0,0.05391638660171922,1.0,1.0,0.5,1.0,0.8808139534883721,1.0,0.21141474033392416,0.75,1.0,0.25,1.0,0.686046511627907
9,78,0.3,0.02,6,weighted,0.1,True,0.1,A_default,84,0.8817460317460317,1.0,0.19970894229014777,0.75,1.0,0.3333333333333333,1.0,0.949206349206349,1.0,0.1430660803945841,1.0,1.0,0.4,1.0,0.9325396825396824,1.0,0.16233125853025301,1.0,1.0,0.3333333333333333,1.0,0.7142857142857143
9,78,0.3,0.02,6,weighted,0.1,True,0.1,B_weak_signal,81,0.8833333333333333,1.0,0.22203290546923682,0.75,1.0,0.0,1.0,0.8956790123456789,1.0,0.22121473004780554,1.0,1.0,0.0,1.0,0.9753086419753086,1.0,0.12250598372888853,1.0,1.0,0.0,1.0,0.7407407407407407
9,78,0.3,0.02,6,weighted,0.1,True,0.1,C_deep,92,0.8730072463768116,1.0,0.21312034914384945,0.75,1.0,0.25,1.0,0.989855072463768,1.0,0.07122495797269417,1.0,1.0,0.4,1.0,0.8831521739130435,1.0,0.20674662528036403,0.75,1.0,0.25,1.0,0.6739130434782609
10,537,0.3,0.02,8,weighted,0.1,True,0.1,A_default,84,0.8817460317460317,1.0,0.19970894229014777,0.75,1.0,0.3333333333333333,1.0,0.949206349206349,1.0,0.1430660803945841,1.0,1.0,0.4,1.0,0.9325396825396824,1.0,0.16233125853025301,1.0,1.0,0.3333333333333333,1.0,0.7142857142857143
10,537,0.3,0.02,8,weighted,0.1,True,0.1,B_weak_signal,81,0.8833333333333333,1.0,0.22203290546923682,0.75,1.0,0.0,1.0,0.8956790123456789,1.0,0.22121473004780554,1.0,1.0,0.0,1.0,0.9753086419753086,1.0,0.12250598372888853,1.0,1.0,0.0,1.0,0.7407407407407407
10,537,0.3,0.02,8,weighted,0.1,True,0.1,C_deep,92,0.8730072463768116,1.0,0.21312034914384945,0.75,1.0,0.25,1.0,0.989855072463768,1.0,0.07122495797269417,1.0,1.0,0.4,1.0,0.8831521739130435,1.0,0.20674662528036403,0.75,1.0,0.25,1.0,0.6739130434782609
11,435,0.2,0.02,6,weighted,0.1,True,0.1,A_default,84,0.8817460317460317,1.0,0.19970894229014777,0.75,1.0,0.3333333333333333,1.0,0.949206349206349,1.0,0.1430660803945841,1.0,1.0,0.4,1.0,0.9325396825396824,1.0,0.16233125853025301,1.0,1.0,0.3333333333333333,1.0,0.7142857142857143
11,435,0.2,0.02,6,weighted,0.1,True,0.1,B_weak_signal,84,0.8720238095238093,1.0,0.23440889106019516,0.75,1.0,0.0,1.0,0.8839285714285713,1.0,0.23425587031045592,1.0,1.0,0.0,1.0,0.9761904761904762,1.0,0.12035994972816216,1.0,1.0,0.0,1.0,0.7261904761904762
11,435,0.2,0.02,6,weighted,0.1,True,0.1,C_deep,92,0.8730072463768116,1.0,0.21312034914384945,0.75,1.0,0.25,1.0,0.989855072463768,1.0,0.07122495797269417,1.0,1.0,0.4,1.0,0.8831521739130435,1.0,0.20674662528036403,0.75,1.0,0.25,1.0,0.6739130434782609
12,768,0.2,0.02,4,weighted,0.1,True,0.1,A_default,84,0.8817460317460317,1.0,0.19970894229014777,0.75,1.0,0.3333333333333333,1.0,0.949206349206349,1.0,0.1430660803945841,1.0,1.0,0.4,1.0,0.9325396825396824,1.0,0.16233125853025301,1.0,1.0,0.3333333333333333,1.0,0.7142857142857143
12,768,0.2,0.02,4,weighted,0.1,True,0.1,B_weak_signal,84,0.8720238095238093,1.0,0.23440889106019516,0.75,1.0,0.0,1.0,0.8839285714285713,1.0,0.23425587031045592,1.0,1.0,0.0,1.0,0.9761904761904762,1.0,0.12035994972816216,1.0,1.0,0.0,1.0,0.7261904761904762
12,768,0.2,0.02,4,weighted,0.1,True,0.1,C_deep,92,0.8730072463768116,1.0,0.21312034914384945,0.75,1.0,0.25,1.0,0.989855072463768,1.0,0.07122495797269417,1.0,1.0,0.4,1.0,0.8831521739130435,1.0,0.20674662528036403,0.75,1.0,0.25,1.0,0.6739130434782609
13,658,0.3,0.03,8,weighted,0.15,True,0.1,A_default,84,0.8777777777777778,1.0,0.20720511107219353,0.75,1.0,0.3333333333333333,1.0,0.965079365079365,1.0,0.12034141101444164,1.0,1.0,0.4,1.0,0.9126984126984126,1.0,0.18607153853811928,1.0,1.0,0.3333333333333333,1.0,0.7142857142857143
13,658,0.3,0.03,8,weighted,0.15,True,0.1,B_weak_signal,81,0.9061728395061729,1.0,0.19165660199017334,1.0,1.0,0.0,1.0,0.9318930041152261,1.0,0.18035839187542754,1.0,1.0,0.0,1.0,0.9619341563786009,1.0,0.139474075844393,1.0,1.0,0.0,1.0,0.7654320987654321
13,658,0.3,0.03,8,weighted,0.15,True,0.1,C_deep,92,0.842391304347826,1.0,0.2355262344263202,0.75,1.0,0.25,1.0,0.9945652173913043,1.0,0.052128603514268596,1.0,1.0,0.5,1.0,0.8478260869565217,1.0,0.23329692797242235,0.75,1.0,0.25,1.0,0.6195652173913043
14,575,0.3,0.02,6,weighted,0.15,True,0.1,A_default,84,0.8777777777777778,1.0,0.20720511107219353,0.75,1.0,0.3333333333333333,1.0,0.965079365079365,1.0,0.12034141101444164,1.0,1.0,0.4,1.0,0.9126984126984126,1.0,0.18607153853811928,1.0,1.0,0.3333333333333333,1.0,0.7142857142857143
14,575,0.3,0.02,6,weighted,0.15,True,0.1,B_weak_signal,81,0.9061728395061729,1.0,0.19165660199017334,1.0,1.0,0.0,1.0,0.9318930041152261,1.0,0.18035839187542754,1.0,1.0,0.0,1.0,0.9619341563786009,1.0,0.139474075844393,1.0,1.0,0.0,1.0,0.7654320987654321
14,575,0.3,0.02,6,weighted,0.15,True,0.1,C_deep,92,0.842391304347826,1.0,0.2355262344263202,0.75,1.0,0.25,1.0,0.9945652173913043,1.0,0.052128603514268596,1.0,1.0,0.5,1.0,0.8478260869565217,1.0,0.23329692797242235,0.75,1.0,0.25,1.0,0.6195652173913043
15,314,0.3,0.05,4,harmonic,0.15,True,0.1,A_default,84,0.8928571428571429,1.0,0.18228590372826486,0.75,1.0,0.3333333333333333,1.0,0.978174603174603,1.0,0.08879590901050917,1.0,1.0,0.5,1.0,0.9146825396825397,1.0,0.17062380160083954,1.0,1.0,0.3333333333333333,1.0,0.7142857142857143
15,314,0.3,0.05,4,harmonic,0.15,True,0.1,B_weak_signal,81,0.87880658436214,1.0,0.2055482564603309,0.75,1.0,0.0,1.0,0.9156378600823044,1.0,0.1920710530964668,1.0,1.0,0.0,1.0,0.9495884773662551,1.0,0.15004571777003423,1.0,1.0,0.0,1.0,0.691358024691358
15,314,0.3,0.05,4,harmonic,0.15,True,0.1,C_deep,92,0.8532608695652174,1.0,0.21764696703953076,0.75,1.0,0.25,1.0,0.9963768115942028,1.0,0.03475240234284574,1.0,1.0,0.6666666666666666,1.0,0.8568840579710146,1.0,0.2172807889176592,0.75,1.0,0.25,1.0,0.6195652173913043
16,433,0.3,0.05,6,harmonic,0.2,True,0.1,A_default,84,0.8958333333333335,1.0,0.17777960800597392,0.75,1.0,0.3333333333333333,1.0,0.9880952380952381,1.0,0.06223048602337678,1.0,1.0,0.6666666666666666,1.0,0.9077380952380952,1.0,0.17307840437226626,0.9375,1.0,0.3333333333333333,1.0,0.7142857142857143
16,433,0.3,0.05,6,harmonic,0.2,True,0.1,B_weak_signal,81,0.8746913580246913,1.0,0.2314073955517613,0.75,1.0,0.0,1.0,0.9084362139917697,1.0,0.22071731947583578,1.0,1.0,0.0,1.0,0.92798353909465,1.0,0.20989129396239206,1.0,1.0,0.0,1.0,0.7037037037037037
16,433,0.3,0.05,6,harmonic,0.2,True,0.1,C_deep,92,0.8505434782608695,1.0,0.21735521877599512,0.75,1.0,0.25,1.0,0.9963768115942028,1.0,0.03475240234284574,1.0,1.0,0.6666666666666666,1.0,0.8541666666666667,1.0,0.2170344160010982,0.75,1.0,0.25,1.0,0.6086956521739131
17,86,0.2,0.05,4,harmonic,0.15,True,0.1,A_default,84,0.8928571428571429,1.0,0.18228590372826486,0.75,1.0,0.3333333333333333,1.0,0.978174603174603,1.0,0.08879590901050917,1.0,1.0,0.5,1.0,0.9146825396825397,1.0,0.17062380160083954,1.0,1.0,0.3333333333333333,1.0,0.7142857142857143
17,86,0.2,0.05,4,harmonic,0.15,True,0.1,B_weak_signal,84,0.8702380952380951,1.0,0.214782842739554,0.7291666666666666,1.0,0.0,1.0,0.9057539682539681,1.0,0.20403385234417162,1.0,1.0,0.0,1.0,0.9513888888888887,1.0,0.14760942741279603,1.0,1.0,0.0,1.0,0.6785714285714286
17,86,0.2,0.05,4,harmonic,0.15,True,0.1,C_deep,92,0.8532608695652174,1.0,0.21764696703953076,0.75,1.0,0.25,1.0,0.9963768115942028,1.0,0.03475240234284574,1.0,1.0,0.6666666666666666,1.0,0.8568840579710146,1.0,0.2172807889176592,0.75,1.0,0.25,1.0,0.6195652173913043
18,334,0.2,0.03,4,weighted,0.15,True,0.1,A_default,84,0.8777777777777778,1.0,0.20720511107219353,0.75,1.0,0.3333333333333333,1.0,0.965079365079365,1.0,0.12034141101444164,1.0,1.0,0.4,1.0,0.9126984126984126,1.0,0.18607153853811928,1.0,1.0,0.3333333333333333,1.0,0.7142857142857143
18,334,0.2,0.03,4,weighted,0.15,True,0.1,B_weak_signal,84,0.8960317460317462,1.0,0.20519718285803001,0.9375,1.0,0.0,1.0,0.9208333333333333,1.0,0.19643535167977833,1.0,1.0,0.0,1.0,0.9632936507936508,1.0,0.13711455069666903,1.0,1.0,0.0,1.0,0.75
18,334,0.2,0.03,4,weighted,0.15,True,0.1,C_deep,92,0.842391304347826,1.0,0.2355262344263202,0.75,1.0,0.25,1.0,0.9945652173913043,1.0,0.052128603514268596,1.0,1.0,0.5,1.0,0.8478260869565217,1.0,0.23329692797242235,0.75,1.0,0.25,1.0,0.6195652173913043
19,730,0.2,0.03,8,weighted,0.15,True,0.1,A_default,84,0.8777777777777778,1.0,0.20720511107219353,0.75,1.0,0.3333333333333333,1.0,0.965079365079365,1.0,0.12034141101444164,1.0,1.0,0.4,1.0,0.9126984126984126,1.0,0.18607153853811928,1.0,1.0,0.3333333333333333,1.0,0.7142857142857143
19,730,0.2,0.03,8,weighted,0.15,True,0.1,B_weak_signal,84,0.8960317460317462,1.0,0.20519718285803001,0.9375,1.0,0.0,1.0,0.9208333333333333,1.0,0.19643535167977833,1.0,1.0,0.0,1.0,0.9632936507936508,1.0,0.13711455069666903,1.0,1.0,0.0,1.0,0.75
19,730,0.2,0.03,8,weighted,0.15,True,0.1,C_deep,92,0.842391304347826,1.0,0.2355262344263202,0.75,1.0,0.25,1.0,0.9945652173913043,1.0,0.052128603514268596,1.0,1.0,0.5,1.0,0.8478260869565217,1.0,0.23329692797242235,0.75,1.0,0.25,1.0,0.6195652173913043
20,690,0.2,0.02,4,weighted,0.15,True,0.1,A_default,84,0.8777777777777778,1.0,0.20720511107219353,0.75,1.0,0.3333333333333333,1.0,0.965079365079365,1.0,0.12034141101444164,1.0,1.0,0.4,1.0,0.9126984126984126,1.0,0.18607153853811928,1.0,1.0,0.3333333333333333,1.0,0.7142857142857143
20,690,0.2,0.02,4,weighted,0.15,True,0.1,B_weak_signal,84,0.8960317460317462,1.0,0.20519718285803001,0.9375,1.0,0.0,1.0,0.9208333333333333,1.0,0.19643535167977833,1.0,1.0,0.0,1.0,0.9632936507936508,1.0,0.13711455069666903,1.0,1.0,0.0,1.0,0.75
20,690,0.2,0.02,4,weighted,0.15,True,0.1,C_deep,92,0.842391304347826,1.0,0.2355262344263202,0.75,1.0,0.25,1.0,0.9945652173913043,1.0,0.052128603514268596,1.0,1.0,0.5,1.0,0.8478260869565217,1.0,0.23329692797242235,0.75,1.0,0.25,1.0,0.6195652173913043
21,629,0.2,0.03,6,weighted,0.15,True,0.1,A_default,84,0.8777777777777778,1.0,0.20720511107219353,0.75,1.0,0.3333333333333333,1.0,0.965079365079365,1.0,0.12034141101444164,1.0,1.0,0.4,1.0,0.9126984126984126,1.0,0.18607153853811928,1.0,1.0,0.3333333333333333,1.0,0.7142857142857143
21,629,0.2,0.03,6,weighted,0.15,True,0.1,B_weak_signal,84,0.8960317460317462,1.0,0.20519718285803001,0.9375,1.0,0.0,1.0,0.9208333333333333,1.0,0.19643535167977833,1.0,1.0,0.0,1.0,0.9632936507936508,1.0,0.13711455069666903,1.0,1.0,0.0,1.0,0.75
21,629,0.2,0.03,6,weighted,0.15,True,0.1,C_deep,92,0.842391304347826,1.0,0.2355262344263202,0.75,1.0,0.25,1.0,0.9945652173913043,1.0,0.052128603514268596,1.0,1.0,0.5,1.0,0.8478260869565217,1.0,0.23329692797242235,0.75,1.0,0.25,1.0,0.6195652173913043
22,527,0.4,0.03,8,weighted,0.1,True,0.1,A_default,79,0.8742616033755274,1.0,0.203683974469068,0.75,1.0,0.3333333333333333,1.0,0.9459915611814346,1.0,0.14698332148230364,1.0,1.0,0.4,1.0,0.9282700421940928,1.0,0.16652460677276631,1.0,1.0,0.3333333333333333,1.0,0.6962025316455697
22,527,0.4,0.03,8,weighted,0.1,True,0.1,B_weak_signal,58,0.8744252873563219,1.0,0.20678584370864958,0.75,1.0,0.25,1.0,0.8916666666666667,1.0,0.20610208678089267,1.0,1.0,0.25,1.0,0.9827586206896551,1.0,0.06390214842634577,1.0,1.0,0.75,1.0,0.6896551724137931
22,527,0.4,0.03,8,weighted,0.1,True,0.1,C_deep,86,0.8641472868217054,1.0,0.21773518487170185,0.75,1.0,0.25,1.0,0.9891472868217054,1.0,0.07364317085424223,1.0,1.0,0.4,1.0,0.875,1.0,0.2114956078902414,0.75,1.0,0.25,1.0,0.6511627906976745
23,698,0.2,0.05,4,harmonic,0.2,True,0.1,A_default,84,0.8958333333333335,1.0,0.17777960800597392,0.75,1.0,0.3333333333333333,1.0,0.9880952380952381,1.0,0.06223048602337678,1.0,1.0,0.6666666666666666,1.0,0.9077380952380952,1.0,0.17307840437226626,0.9375,1.0,0.3333333333333333,1.0,0.7142857142857143
23,698,0.2,0.05,4,harmonic,0.2,True,0.1,B_weak_signal,84,0.8662698412698411,1.0,0.23865105329216052,0.7291666666666666,1.0,0.0,1.0,0.8988095238095238,1.0,0.22997854673077028,1.0,1.0,0.0,1.0,0.9305555555555555,1.0,0.20650131572415065,1.0,1.0,0.0,1.0,0.6904761904761905
23,698,0.2,0.05,4,harmonic,0.2,True,0.1,C_deep,92,0.8505434782608695,1.0,0.21735521877599512,0.75,1.0,0.25,1.0,0.9963768115942028,1.0,0.03475240234284574,1.0,1.0,0.6666666666666666,1.0,0.8541666666666667,1.0,0.2170344160010982,0.75,1.0,0.25,1.0,0.6086956521739131
24,215,0.3,0.03,4,weighted,0.05,True,0.1,A_default,84,0.864484126984127,1.0,0.21536960792578003,0.7291666666666666,1.0,0.3333333333333333,1.0,0.923015873015873,1.0,0.17826894761408146,1.0,1.0,0.4,1.0,0.941468253968254,1.0,0.15402876275711072,1.0,1.0,0.3333333333333333,1.0,0.6904761904761905
24,215,0.3,0.03,4,weighted,0.05,True,0.1,B_weak_signal,81,0.8689300411522632,1.0,0.21935437282606204,0.75,1.0,0.25,1.0,0.8781893004115225,1.0,0.21941592250963565,0.75,1.0,0.25,1.0,0.9907407407407407,1.0,0.04750730937913072,1.0,1.0,0.75,1.0,0.7037037037037037
24,215,0.3,0.03,4,weighted,0.05,True,0.1,C_deep,92,0.8711956521739131,1.0,0.2145231139709079,0.75,1.0,0.25,1.0,0.982608695652174,1.0,0.08551763820231013,1.0,1.0,0.4,1.0,0.8885869565217391,1.0,0.20645755324811826,0.75,1.0,0.25,1.0,0.6739130434782609
25,676,0.3,0.03,8,weighted,0.05,True,0.1,A_default,84,0.864484126984127,1.0,0.21536960792578003,0.7291666666666666,1.0,0.3333333333333333,1.0,0.923015873015873,1.0,0.17826894761408146,1.0,1.0,0.4,1.0,0.941468253968254,1.0,0.15402876275711072,1.0,1.0,0.3333333333333333,1.0,0.6904761904761905
25,676,0.3,0.03,8,weighted,0.05,True,0.1,B_weak_signal,81,0.8689300411522632,1.0,0.21935437282606204,0.75,1.0,0.25,1.0,0.8781893004115225,1.0,0.21941592250963565,0.75,1.0,0.25,1.0,0.9907407407407407,1.0,0.04750730937913072,1.0,1.0,0.75,1.0,0.7037037037037037
25,676,0.3,0.03,8,weighted,0.05,True,0.1,C_deep,92,0.8711956521739131,1.0,0.2145231139709079,0.75,1.0,0.25,1.0,0.982608695652174,1.0,0.08551763820231013,1.0,1.0,0.4,1.0,0.8885869565217391,1.0,0.20645755324811826,0.75,1.0,0.25,1.0,0.6739130434782609
26,71,0.3,0.05,4,weighted,0.1,True,0.1,A_default,84,0.8720238095238096,1.0,0.1950896665824901,0.75,1.0,0.3333333333333333,1.0,0.9632936507936507,1.0,0.11738960640305551,1.0,1.0,0.5,1.0,0.9087301587301587,1.0,0.1762406052539226,1.0,1.0,0.3333333333333333,1.0,0.6666666666666666
26,71,0.3,0.05,4,weighted,0.1,True,0.1,B_weak_signal,81,0.8932098765432098,1.0,0.20306296536107865,0.75,1.0,0.0,1.0,0.9166666666666666,1.0,0.18957188610128892,1.0,1.0,0.0,1.0,0.9609053497942386,1.0,0.14135162258401235,1.0,1.0,0.0,1.0,0.7407407407407407
26,71,0.3,0.05,4,weighted,0.1,True,0.1,C_deep,92,0.8358695652173914,1.0,0.21943059266567885,0.75,1.0,0.25,1.0,0.9891304347826086,1.0,0.059527790916377686,1.0,1.0,0.6666666666666666,1.0,0.8442028985507247,1.0,0.21724260986781033,0.75,1.0,0.25,1.0,0.5652173913043478
27,203,0.3,0.03,8,harmonic,0.1,True,0.1,A_default,84,0.8666666666666666,1.0,0.2075063909275321,0.7291666666666666,1.0,0.3333333333333333,1.0,0.9251984126984127,1.0,0.16791687813511846,1.0,1.0,0.4,1.0,0.941468253968254,1.0,0.15402876275711072,1.0,1.0,0.3333333333333333,1.0,0.6785714285714286
27,203,0.3,0.03,8,harmonic,0.1,True,0.1,B_weak_signal,81,0.8617283950617284,1.0,0.21462895056294976,0.75,1.0,0.25,1.0,0.8709876543209876,1.0,0.21500610097574016,0.75,1.0,0.25,1.0,0.9907407407407407,1.0,0.04750730937913072,1.0,1.0,0.75,1.0,0.6666666666666666
27,203,0.3,0.03,8,harmonic,0.1,True,0.1,C_deep,92,0.8702898550724637,1.0,0.2152152865818067,0.75,1.0,0.25,1.0,0.9789855072463768,1.0,0.0916165219228458,1.0,1.0,0.4,1.0,0.8913043478260869,1.0,0.20625858121593627,0.75,1.0,0.25,1.0,0.6739130434782609
28,555,0.3,0.02,4,harmonic,0.1,True,0.1,A_default,84,0.8666666666666666,1.0,0.2075063909275321,0.7291666666666666,1.0,0.3333333333333333,1.0,0.9251984126984127,1.0,0.16791687813511846,1.0,1.0,0.4,1.0,0.941468253968254,1.0,0.15402876275711072,1.0,1.0,0.3333333333333333,1.0,0.6785714285714286
28,555,0.3,0.02,4,harmonic,0.1,True,0.1,B_weak_signal,81,0.8617283950617284,1.0,0.21462895056294976,0.75,1.0,0.25,1.0,0.8709876543209876,1.0,0.21500610097574016,0.75,1.0,0.25,1.0,0.9907407407407407,1.0,0.04750730937913072,1.0,1.0,0.75,1.0,0.6666666666666666
28,555,0.3,0.02,4,harmonic,0.1,True,0.1,C_deep,92,0.8702898550724637,1.0,0.2152152865818067,0.75,1.0,0.25,1.0,0.9789855072463768,1.0,0.0916165219228458,1.0,1.0,0.4,1.0,0.8913043478260869,1.0,0.20625858121593627,0.75,1.0,0.25,1.0,0.6739130434782609
29,20,0.2,0.03,4,weighted,0.05,True,0.1,A_default,84,0.864484126984127,1.0,0.21536960792578003,0.7291666666666666,1.0,0.3333333333333333,1.0,0.923015873015873,1.0,0.17826894761408146,1.0,1.0,0.4,1.0,0.941468253968254,1.0,0.15402876275711072,1.0,1.0,0.3333333333333333,1.0,0.6904761904761905
29,20,0.2,0.03,4,weighted,0.05,True,0.1,B_weak_signal,84,0.8581349206349206,1.0,0.2312947962707363,0.75,1.0,0.2,1.0,0.867063492063492,1.0,0.2317787598347832,0.75,1.0,0.2,1.0,0.9910714285714286,1.0,0.046672864517532546,1.0,1.0,0.75,1.0,0.6904761904761905
29,20,0.2,0.03,4,weighted,0.05,True,0.1,C_deep,92,0.8711956521739131,1.0,0.2145231139709079,0.75,1.0,0.25,1.0,0.982608695652174,1.0,0.08551763820231013,1.0,1.0,0.4,1.0,0.8885869565217391,1.0,0.20645755324811826,0.75,1.0,0.25,1.0,0.6739130434782609
30,572,0.2,0.02,8,weighted,0.05,True,0.1,A_default,84,0.864484126984127,1.0,0.21536960792578003,0.7291666666666666,1.0,0.3333333333333333,1.0,0.923015873015873,1.0,0.17826894761408146,1.0,1.0,0.4,1.0,0.941468253968254,1.0,0.15402876275711072,1.0,1.0,0.3333333333333333,1.0,0.6904761904761905
30,572,0.2,0.02,8,weighted,0.05,True,0.1,B_weak_signal,84,0.8581349206349206,1.0,0.2312947962707363,0.75,1.0,0.2,1.0,0.867063492063492,1.0,0.2317787598347832,0.75,1.0,0.2,1.0,0.9910714285714286,1.0,0.046672864517532546,1.0,1.0,0.75,1.0,0.6904761904761905
30,572,0.2,0.02,8,weighted,0.05,True,0.1,C_deep,92,0.8711956521739131,1.0,0.2145231139709079,0.75,1.0,0.25,1.0,0.982608695652174,1.0,0.08551763820231013,1.0,1.0,0.4,1.0,0.8885869565217391,1.0,0.20645755324811826,0.75,1.0,0.25,1.0,0.6739130434782609
31,247,0.2,0.03,8,weighted,0.05,True,0.1,A_default,84,0.864484126984127,1.0,0.21536960792578003,0.7291666666666666,1.0,0.3333333333333333,1.0,0.923015873015873,1.0,0.17826894761408146,1.0,1.0,0.4,1.0,0.941468253968254,1.0,0.15402876275711072,1.0,1.0,0.3333333333333333,1.0,0.6904761904761905
31,247,0.2,0.03,8,weighted,0.05,True,0.1,B_weak_signal,84,0.8581349206349206,1.0,0.2312947962707363,0.75,1.0,0.2,1.0,0.867063492063492,1.0,0.2317787598347832,0.75,1.0,0.2,1.0,0.9910714285714286,1.0,0.046672864517532546,1.0,1.0,0.75,1.0,0.6904761904761905
31,247,0.2,0.03,8,weighted,0.05,True,0.1,C_deep,92,0.8711956521739131,1.0,0.2145231139709079,0.75,1.0,0.25,1.0,0.982608695652174,1.0,0.08551763820231013,1.0,1.0,0.4,1.0,0.8885869565217391,1.0,0.20645755324811826,0.75,1.0,0.25,1.0,0.6739130434782609
32,328,0.2,0.05,6,weighted,0.1,True,0.1,A_default,84,0.8720238095238096,1.0,0.1950896665824901,0.75,1.0,0.3333333333333333,1.0,0.9632936507936507,1.0,0.11738960640305551,1.0,1.0,0.5,1.0,0.9087301587301587,1.0,0.1762406052539226,1.0,1.0,0.3333333333333333,1.0,0.6666666666666666
32,328,0.2,0.05,6,weighted,0.1,True,0.1,B_weak_signal,84,0.8841269841269841,1.0,0.2130750312804996,0.75,1.0,0.0,1.0,0.9067460317460319,1.0,0.20181769457815063,1.0,1.0,0.0,1.0,0.9623015873015872,1.0,0.13896536429637082,1.0,1.0,0.0,1.0,0.7261904761904762
32,328,0.2,0.05,6,weighted,0.1,True,0.1,C_deep,92,0.8358695652173914,1.0,0.21943059266567885,0.75,1.0,0.25,1.0,0.9891304347826086,1.0,0.059527790916377686,1.0,1.0,0.6666666666666666,1.0,0.8442028985507247,1.0,0.21724260986781033,0.75,1.0,0.25,1.0,0.5652173913043478
33,737,0.2,0.05,8,weighted,0.1,True,0.1,A_default,84,0.8720238095238096,1.0,0.1950896665824901,0.75,1.0,0.3333333333333333,1.0,0.9632936507936507,1.0,0.11738960640305551,1.0,1.0,0.5,1.0,0.9087301587301587,1.0,0.1762406052539226,1.0,1.0,0.3333333333333333,1.0,0.6666666666666666
33,737,0.2,0.05,8,weighted,0.1,True,0.1,B_weak_signal,84,0.8841269841269841,1.0,0.2130750312804996,0.75,1.0,0.0,1.0,0.9067460317460319,1.0,0.20181769457815063,1.0,1.0,0.0,1.0,0.9623015873015872,1.0,0.13896536429637082,1.0,1.0,0.0,1.0,0.7261904761904762
33,737,0.2,0.05,8,weighted,0.1,True,0.1,C_deep,92,0.8358695652173914,1.0,0.21943059266567885,0.75,1.0,0.25,1.0,0.9891304347826086,1.0,0.059527790916377686,1.0,1.0,0.6666666666666666,1.0,0.8442028985507247,1.0,0.21724260986781033,0.75,1.0,0.25,1.0,0.5652173913043478
34,697,0.4,0.05,4,weighted,0.1,True,0.05,A_default,79,0.879746835443038,1.0,0.19279528146740638,0.75,1.0,0.25,1.0,0.9514767932489452,1.0,0.14471186307604875,1.0,1.0,0.25,1.0,0.9282700421940929,1.0,0.15257417117342462,1.0,1.0,0.5,1.0,0.6835443037974683
34,697,0.4,0.05,4,weighted,0.1,True,0.05,B_weak_signal,58,0.8146551724137931,1.0,0.2430731924001801,0.6666666666666666,1.0,0.25,1.0,0.8316091954022987,1.0,0.23750837997265695,0.6666666666666666,1.0,0.25,1.0,0.9755747126436781,1.0,0.08112365824054796,1.0,1.0,0.6666666666666666,1.0,0.5689655172413793
34,697,0.4,0.05,4,weighted,0.1,True,0.05,C_deep,86,0.8951550387596899,1.0,0.174499588535758,0.75,1.0,0.25,1.0,0.9883720930232558,1.0,0.06152048213271927,1.0,1.0,0.6666666666666666,1.0,0.9040697674418605,1.0,0.1683820749955725,0.75,1.0,0.25,1.0,0.686046511627907
35,622,0.4,0.05,6,weighted,0.1,True,0.05,A_default,79,0.879746835443038,1.0,0.19279528146740638,0.75,1.0,0.25,1.0,0.9514767932489452,1.0,0.14471186307604875,1.0,1.0,0.25,1.0,0.9282700421940929,1.0,0.15257417117342462,1.0,1.0,0.5,1.0,0.6835443037974683
35,622,0.4,0.05,6,weighted,0.1,True,0.05,B_weak_signal,58,0.8146551724137931,1.0,0.2430731924001801,0.6666666666666666,1.0,0.25,1.0,0.8316091954022987,1.0,0.23750837997265695,0.6666666666666666,1.0,0.25,1.0,0.9755747126436781,1.0,0.08112365824054796,1.0,1.0,0.6666666666666666,1.0,0.5689655172413793
35,622,0.4,0.05,6,weighted,0.1,True,0.05,C_deep,86,0.8951550387596899,1.0,0.174499588535758,0.75,1.0,0.25,1.0,0.9883720930232558,1.0,0.06152048213271927,1.0,1.0,0.6666666666666666,1.0,0.9040697674418605,1.0,0.1683820749955725,0.75,1.0,0.25,1.0,0.686046511627907
36,695,0.2,0.03,6,harmonic,0.1,True,0.1,A_default,84,0.8666666666666666,1.0,0.2075063909275321,0.7291666666666666,1.0,0.3333333333333333,1.0,0.9251984126984127,1.0,0.16791687813511846,1.0,1.0,0.4,1.0,0.941468253968254,1.0,0.15402876275711072,1.0,1.0,0.3333333333333333,1.0,0.6785714285714286
36,695,0.2,0.03,6,harmonic,0.1,True,0.1,B_weak_signal,84,0.8511904761904762,1.0,0.2266510996645608,0.75,1.0,0.2,1.0,0.8601190476190477,1.0,0.22742104941235242,0.75,1.0,0.2,1.0,0.9910714285714286,1.0,0.046672864517532546,1.0,1.0,0.75,1.0,0.6547619047619048
36,695,0.2,0.03,6,harmonic,0.1,True,0.1,C_deep,92,0.8702898550724637,1.0,0.2152152865818067,0.75,1.0,0.25,1.0,0.9789855072463768,1.0,0.0916165219228458,1.0,1.0,0.4,1.0,0.8913043478260869,1.0,0.20625858121593627,0.75,1.0,0.25,1.0,0.6739130434782609
37,446,0.2,0.02,8,harmonic,0.1,True,0.1,A_default,84,0.8666666666666666,1.0,0.2075063909275321,0.7291666666666666,1.0,0.3333333333333333,1.0,0.9251984126984127,1.0,0.16791687813511846,1.0,1.0,0.4,1.0,0.941468253968254,1.0,0.15402876275711072,1.0,1.0,0.3333333333333333,1.0,0.6785714285714286
37,446,0.2,0.02,8,harmonic,0.1,True,0.1,B_weak_signal,84,0.8511904761904762,1.0,0.2266510996645608,0.75,1.0,0.2,1.0,0.8601190476190477,1.0,0.22742104941235242,0.75,1.0,0.2,1.0,0.9910714285714286,1.0,0.046672864517532546,1.0,1.0,0.75,1.0,0.6547619047619048
37,446,0.2,0.02,8,harmonic,0.1,True,0.1,C_deep,92,0.8702898550724637,1.0,0.2152152865818067,0.75,1.0,0.25,1.0,0.9789855072463768,1.0,0.0916165219228458,1.0,1.0,0.4,1.0,0.8913043478260869,1.0,0.20625858121593627,0.75,1.0,0.25,1.0,0.6739130434782609
38,345,0.3,0.05,6,weighted,0.05,True,0.1,A_default,84,0.8688492063492064,1.0,0.19991262753334899,0.7291666666666666,1.0,0.3333333333333333,1.0,0.9500000000000002,1.0,0.1367288525383939,1.0,1.0,0.4,1.0,0.9176587301587301,1.0,0.16989545550045404,1.0,1.0,0.3333333333333333,1.0,0.6666666666666666
38,345,0.3,0.05,6,weighted,0.05,True,0.1,B_weak_signal,81,0.8839506172839505,1.0,0.19363920567723017,0.75,1.0,0.25,1.0,0.9032921810699587,1.0,0.18231573180364913,1.0,1.0,0.25,1.0,0.9773662551440329,1.0,0.08438127104166138,1.0,1.0,0.5,1.0,0.7037037037037037
38,345,0.3,0.05,6,weighted,0.05,True,0.1,C_deep,92,0.8347826086956521,1.0,0.22135188166897204,0.75,1.0,0.25,1.0,0.9791666666666666,1.0,0.07970584657364847,1.0,1.0,0.6666666666666666,1.0,0.8505434782608695,1.0,0.21735521877599512,0.75,1.0,0.25,1.0,0.5652173913043478
39,543,0.3,0.05,8,weighted,0.05,True,0.1,A_default,84,0.8688492063492064,1.0,0.19991262753334899,0.7291666666666666,1.0,0.3333333333333333,1.0,0.9500000000000002,1.0,0.1367288525383939,1.0,1.0,0.4,1.0,0.9176587301587301,1.0,0.16989545550045404,1.0,1.0,0.3333333333333333,1.0,0.6666666666666666
39,543,0.3,0.05,8,weighted,0.05,True,0.1,B_weak_signal,81,0.8839506172839505,1.0,0.19363920567723017,0.75,1.0,0.25,1.0,0.9032921810699587,1.0,0.18231573180364913,1.0,1.0,0.25,1.0,0.9773662551440329,1.0,0.08438127104166138,1.0,1.0,0.5,1.0,0.7037037037037037
39,543,0.3,0.05,8,weighted,0.05,True,0.1,C_deep,92,0.8347826086956521,1.0,0.22135188166897204,0.75,1.0,0.25,1.0,0.9791666666666666,1.0,0.07970584657364847,1.0,1.0,0.6666666666666666,1.0,0.8505434782608695,1.0,0.21735521877599512,0.75,1.0,0.25,1.0,0.5652173913043478
40,304,0.3,0.05,4,weighted,0.05,True,0.1,A_default,84,0.8688492063492064,1.0,0.19991262753334899,0.7291666666666666,1.0,0.3333333333333333,1.0,0.9500000000000002,1.0,0.1367288525383939,1.0,1.0,0.4,1.0,0.9176587301587301,1.0,0.16989545550045404,1.0,1.0,0.3333333333333333,1.0,0.6666666666666666
40,304,0.3,0.05,4,weighted,0.05,True,0.1,B_weak_signal,81,0.8839506172839505,1.0,0.19363920567723017,0.75,1.0,0.25,1.0,0.9032921810699587,1.0,0.18231573180364913,1.0,1.0,0.25,1.0,0.9773662551440329,1.0,0.08438127104166138,1.0,1.0,0.5,1.0,0.7037037037037037
40,304,0.3,0.05,4,weighted,0.05,True,0.1,C_deep,92,0.8347826086956521,1.0,0.22135188166897204,0.75,1.0,0.25,1.0,0.9791666666666666,1.0,0.07970584657364847,1.0,1.0,0.6666666666666666,1.0,0.8505434782608695,1.0,0.21735521877599512,0.75,1.0,0.25,1.0,0.5652173913043478
41,476,0.2,0.05,4,harmonic,0.1,True,0.1,A_default,84,0.8767857142857144,1.0,0.19386538507705967,0.75,1.0,0.3333333333333333,1.0,0.9621031746031745,1.0,0.12253871858881235,1.0,1.0,0.4,1.0,0.9146825396825397,1.0,0.17062380160083954,1.0,1.0,0.3333333333333333,1.0,0.6785714285714286
41,476,0.2,0.05,4,harmonic,0.1,True,0.1,B_weak_signal,84,0.865079365079365,1.0,0.2050829826433027,0.6666666666666666,1.0,0.25,1.0,0.8946428571428572,1.0,0.19416109863753497,0.75,1.0,0.25,1.0,0.9672619047619048,1.0,0.09853160287034633,1.0,1.0,0.5,1.0,0.6547619047619048
41,476,0.2,0.05,4,harmonic,0.1,True,0.1,C_deep,92,0.8449275362318841,1.0,0.2201777937703193,0.75,1.0,0.25,1.0,0.9855072463768115,1.0,0.06834951971718527,1.0,1.0,0.6666666666666666,1.0,0.8568840579710146,1.0,0.2172807889176592,0.75,1.0,0.25,1.0,0.5978260869565217
42,46,0.2,0.05,8,harmonic,0.1,True,0.1,A_default,84,0.8767857142857144,1.0,0.19386538507705967,0.75,1.0,0.3333333333333333,1.0,0.9621031746031745,1.0,0.12253871858881235,1.0,1.0,0.4,1.0,0.9146825396825397,1.0,0.17062380160083954,1.0,1.0,0.3333333333333333,1.0,0.6785714285714286
42,46,0.2,0.05,8,harmonic,0.1,True,0.1,B_weak_signal,84,0.865079365079365,1.0,0.2050829826433027,0.6666666666666666,1.0,0.25,1.0,0.8946428571428572,1.0,0.19416109863753497,0.75,1.0,0.25,1.0,0.9672619047619048,1.0,0.09853160287034633,1.0,1.0,0.5,1.0,0.6547619047619048
42,46,0.2,0.05,8,harmonic,0.1,True,0.1,C_deep,92,0.8449275362318841,1.0,0.2201777937703193,0.75,1.0,0.25,1.0,0.9855072463768115,1.0,0.06834951971718527,1.0,1.0,0.6666666666666666,1.0,0.8568840579710146,1.0,0.2172807889176592,0.75,1.0,0.25,1.0,0.5978260869565217
43,770,0.3,0.02,6,harmonic,0.15,True,0.15,A_default,84,0.865079365079365,1.0,0.2081443970200424,0.7291666666666666,1.0,0.3333333333333333,1.0,0.9682539682539681,1.0,0.10815536966207734,1.0,1.0,0.5,1.0,0.8968253968253967,1.0,0.19559192059177116,1.0,1.0,0.3333333333333333,1.0,0.6785714285714286
43,770,0.3,0.02,6,harmonic,0.15,True,0.15,B_weak_signal,81,0.8897119341563785,1.0,0.20749109588048492,0.75,1.0,0.0,1.0,0.9236625514403292,1.0,0.19022764501327807,1.0,1.0,0.0,1.0,0.9537037037037037,1.0,0.15365907428821457,1.0,1.0,0.0,1.0,0.7407407407407407
43,770,0.3,0.02,6,harmonic,0.15,True,0.15,C_deep,92,0.8259057971014492,1.0,0.2410341492688649,0.75,1.0,0.25,1.0,0.9934782608695653,1.0,0.06255432421712236,1.0,1.0,0.4,1.0,0.832427536231884,1.0,0.23747455529060096,0.75,1.0,0.25,1.0,0.5869565217391305
44,767,0.3,0.03,6,harmonic,0.15,True,0.15,A_default,84,0.865079365079365,1.0,0.2081443970200424,0.7291666666666666,1.0,0.3333333333333333,1.0,0.9682539682539681,1.0,0.10815536966207734,1.0,1.0,0.5,1.0,0.8968253968253967,1.0,0.19559192059177116,1.0,1.0,0.3333333333333333,1.0,0.6785714285714286
44,767,0.3,0.03,6,harmonic,0.15,True,0.15,B_weak_signal,81,0.8897119341563785,1.0,0.20749109588048492,0.75,1.0,0.0,1.0,0.9236625514403292,1.0,0.19022764501327807,1.0,1.0,0.0,1.0,0.9537037037037037,1.0,0.15365907428821457,1.0,1.0,0.0,1.0,0.7407407407407407
44,767,0.3,0.03,6,harmonic,0.15,True,0.15,C_deep,92,0.8259057971014492,1.0,0.2410341492688649,0.75,1.0,0.25,1.0,0.9934782608695653,1.0,0.06255432421712236,1.0,1.0,0.4,1.0,0.832427536231884,1.0,0.23747455529060096,0.75,1.0,0.25,1.0,0.5869565217391305
45,473,0.2,0.02,4,harmonic,0.15,True,0.15,A_default,84,0.865079365079365,1.0,0.2081443970200424,0.7291666666666666,1.0,0.3333333333333333,1.0,0.9682539682539681,1.0,0.10815536966207734,1.0,1.0,0.5,1.0,0.8968253968253967,1.0,0.19559192059177116,1.0,1.0,0.3333333333333333,1.0,0.6785714285714286
45,473,0.2,0.02,4,harmonic,0.15,True,0.15,B_weak_signal,84,0.8896825396825395,1.0,0.20588569829498765,0.75,1.0,0.0,1.0,0.922420634920635,1.0,0.18924379295010144,1.0,1.0,0.0,1.0,0.9553571428571429,1.0,0.1511039411554253,1.0,1.0,0.0,1.0,0.7380952380952381
45,473,0.2,0.02,4,harmonic,0.15,True,0.15,C_deep,92,0.8259057971014492,1.0,0.2410341492688649,0.75,1.0,0.25,1.0,0.9934782608695653,1.0,0.06255432421712236,1.0,1.0,0.4,1.0,0.832427536231884,1.0,0.23747455529060096,0.75,1.0,0.25,1.0,0.5869565217391305
46,164,0.4,0.02,4,weighted,0.05,True,0.1,A_default,79,0.8559071729957807,1.0,0.21933007905977503,0.6666666666666666,1.0,0.3333333333333333,1.0,0.918143459915612,1.0,0.18279232283236346,1.0,1.0,0.4,1.0,0.9377637130801687,1.0,0.15815236758560047,1.0,1.0,0.3333333333333333,1.0,0.6708860759493671
46,164,0.4,0.02,4,weighted,0.05,True,0.1,B_weak_signal,58,0.8543103448275862,1.0,0.22003810463973333,0.75,1.0,0.25,1.0,0.8672413793103447,1.0,0.22088704559725547,0.75,1.0,0.25,1.0,0.9870689655172413,1.0,0.0558509489055281,1.0,1.0,0.75,1.0,0.6551724137931034
46,164,0.4,0.02,4,weighted,0.05,True,0.1,C_deep,86,0.8622093023255814,1.0,0.21912518311055199,0.75,1.0,0.25,1.0,0.9813953488372094,1.0,0.0883552915604926,1.0,1.0,0.4,1.0,0.8808139534883721,1.0,0.21141474033392416,0.75,1.0,0.25,1.0,0.6511627906976745
47,75,0.3,0.05,8,weighted,0.15,True,0.1,A_default,84,0.8660714285714287,1.0,0.20535740269550434,0.75,1.0,0.3333333333333333,1.0,0.9732142857142857,1.0,0.10033470949778907,1.0,1.0,0.5,1.0,0.8928571428571429,1.0,0.1947140441722075,0.75,1.0,0.3333333333333333,1.0,0.6666666666666666
47,75,0.3,0.05,8,weighted,0.15,True,0.1,B_weak_signal,81,0.8981481481481481,1.0,0.19139473463093076,0.75,1.0,0.0,1.0,0.9506172839506173,1.0,0.15688912496047713,1.0,1.0,0.0,1.0,0.9351851851851852,1.0,0.16822191031821943,1.0,1.0,0.0,1.0,0.7407407407407407
47,75,0.3,0.05,8,weighted,0.15,True,0.1,C_deep,92,0.8079710144927535,1.0,0.23723167170821607,0.7291666666666666,1.0,0.25,1.0,0.9963768115942028,1.0,0.03475240234284574,1.0,1.0,0.6666666666666666,1.0,0.8115942028985508,1.0,0.2375950311826894,0.75,1.0,0.25,1.0,0.5217391304347826
48,158,0.2,0.03,6,harmonic,0.2,True,0.15,A_default,84,0.8769841269841269,1.0,0.20101657244021998,0.75,1.0,0.3333333333333333,1.0,0.9801587301587302,1.0,0.07934117061943516,1.0,1.0,0.6666666666666666,1.0,0.8968253968253967,1.0,0.19559192059177116,1.0,1.0,0.3333333333333333,1.0,0.7023809523809523
48,158,0.2,0.03,6,harmonic,0.2,True,0.15,B_weak_signal,84,0.8779761904761905,1.0,0.23868168596991549,0.75,1.0,0.0,1.0,0.9077380952380952,1.0,0.2266608555328119,1.0,1.0,0.0,1.0,0.9345238095238095,1.0,0.20941343647933314,1.0,1.0,0.0,1.0,0.7380952380952381
48,158,0.2,0.03,6,harmonic,0.2,True,0.15,C_deep,92,0.8152173913043478,1.0,0.24579059570039707,0.75,1.0,0.25,1.0,0.9945652173913043,1.0,0.052128603514268596,1.0,1.0,0.5,1.0,0.8206521739130435,1.0,0.24426723247732815,0.75,1.0,0.25,1.0,0.5652173913043478
49,149,0.2,0.03,4,harmonic,0.2,True,0.15,A_default,84,0.8769841269841269,1.0,0.20101657244021998,0.75,1.0,0.3333333333333333,1.0,0.9801587301587302,1.0,0.07934117061943516,1.0,1.0,0.6666666666666666,1.0,0.8968253968253967,1.0,0.19559192059177116,1.0,1.0,0.3333333333333333,1.0,0.7023809523809523
49,149,0.2,0.03,4,harmonic,0.2,True,0.15,B_weak_signal,84,0.8779761904761905,1.0,0.23868168596991549,0.75,1.0,0.0,1.0,0.9077380952380952,1.0,0.2266608555328119,1.0,1.0,0.0,1.0,0.9345238095238095,1.0,0.20941343647933314,1.0,1.0,0.0,1.0,0.7380952380952381
49,149,0.2,0.03,4,harmonic,0.2,True,0.15,C_deep,92,0.8152173913043478,1.0,0.24579059570039707,0.75,1.0,0.25,1.0,0.9945652173913043,1.0,0.052128603514268596,1.0,1.0,0.5,1.0,0.8206521739130435,1.0,0.24426723247732815,0.75,1.0,0.25,1.0,0.5652173913043478
50,485,0.4,0.03,4,weighted,0.1,True,0.05,A_default,79,0.8746835443037976,1.0,0.20572055215859994,0.75,1.0,0.2,1.0,0.9284810126582279,1.0,0.17265217695560167,1.0,1.0,0.2,1.0,0.9462025316455697,1.0,0.14249879709315363,1.0,1.0,0.5,1.0,0.6962025316455697
50,485,0.4,0.03,4,weighted,0.1,True,0.05,B_weak_signal,58,0.7735632183908046,0.75,0.2510025605586606,0.6166666666666667,1.0,0.25,1.0,0.7864942528735632,1.0,0.2559326653754013,0.6166666666666667,1.0,0.25,1.0,0.9870689655172413,1.0,0.0558509489055281,1.0,1.0,0.75,1.0,0.46551724137931033
50,485,0.4,0.03,4,weighted,0.1,True,0.05,C_deep,86,0.9199612403100776,1.0,0.16550220201607305,1.0,1.0,0.25,1.0,0.9800387596899225,1.0,0.08747809314717474,1.0,1.0,0.4,1.0,0.9399224806201549,1.0,0.14887989346523112,1.0,1.0,0.25,1.0,0.7674418604651163
51,556,0.4,0.02,4,weighted,0.1,True,0.05,A_default,79,0.8746835443037976,1.0,0.20572055215859994,0.75,1.0,0.2,1.0,0.9284810126582279,1.0,0.17265217695560167,1.0,1.0,0.2,1.0,0.9462025316455697,1.0,0.14249879709315363,1.0,1.0,0.5,1.0,0.6962025316455697
51,556,0.4,0.02,4,weighted,0.1,True,0.05,B_weak_signal,58,0.7735632183908046,0.75,0.2510025605586606,0.6166666666666667,1.0,0.25,1.0,0.7864942528735632,1.0,0.2559326653754013,0.6166666666666667,1.0,0.25,1.0,0.9870689655172413,1.0,0.0558509489055281,1.0,1.0,0.75,1.0,0.46551724137931033
51,556,0.4,0.02,4,weighted,0.1,True,0.05,C_deep,86,0.9199612403100776,1.0,0.16550220201607305,1.0,1.0,0.25,1.0,0.9800387596899225,1.0,0.08747809314717474,1.0,1.0,0.4,1.0,0.9399224806201549,1.0,0.14887989346523112,1.0,1.0,0.25,1.0,0.7674418604651163
52,117,0.4,0.03,8,weighted,0.15,True,0.05,A_default,79,0.8921940928270042,1.0,0.19397688797913806,0.75,1.0,0.25,1.0,0.9459915611814346,1.0,0.15233732601215735,1.0,1.0,0.25,1.0,0.9462025316455697,1.0,0.14249879709315363,1.0,1.0,0.5,1.0,0.7341772151898734
52,117,0.4,0.03,8,weighted,0.15,True,0.05,B_weak_signal,58,0.7879310344827587,0.75,0.2374694625581235,0.6666666666666666,1.0,0.25,1.0,0.8051724137931034,1.0,0.2431960458776492,0.6666666666666666,1.0,0.25,1.0,0.9827586206896551,1.0,0.06390214842634577,1.0,1.0,0.75,1.0,0.46551724137931033
52,117,0.4,0.03,8,weighted,0.15,True,0.05,C_deep,86,0.8866279069767442,1.0,0.19591948071709614,0.75,1.0,0.25,1.0,0.9912790697674418,1.0,0.05999600989924546,1.0,1.0,0.5,1.0,0.8953488372093024,1.0,0.19139411418939814,0.75,1.0,0.25,1.0,0.6976744186046512
53,739,0.4,0.02,8,harmonic,0.2,True,0.05,A_default,79,0.8917721518987343,1.0,0.1901018136589472,0.75,1.0,0.2,1.0,0.9455696202531646,1.0,0.14752731314935408,1.0,1.0,0.2,1.0,0.9462025316455697,1.0,0.14249879709315363,1.0,1.0,0.5,1.0,0.7215189873417721
53,739,0.4,0.02,8,harmonic,0.2,True,0.05,B_weak_signal,58,0.7583333333333335,0.775,0.28906736502149083,0.525,1.0,0.0,1.0,0.7626436781609197,0.9,0.2907996360248061,0.525,1.0,0.0,1.0,0.9612068965517241,1.0,0.18615290438575544,1.0,1.0,0.0,1.0,0.4827586206896552
53,739,0.4,0.02,8,harmonic,0.2,True,0.05,C_deep,86,0.9153100775193799,1.0,0.16368340069156279,0.8500000000000001,1.0,0.25,1.0,0.9812015503875968,1.0,0.08002436359515676,1.0,1.0,0.5,1.0,0.9341085271317829,1.0,0.15131033289721246,1.0,1.0,0.25,1.0,0.7441860465116279
54,466,0.4,0.02,6,harmonic,0.2,True,0.05,A_default,79,0.8917721518987343,1.0,0.1901018136589472,0.75,1.0,0.2,1.0,0.9455696202531646,1.0,0.14752731314935408,1.0,1.0,0.2,1.0,0.9462025316455697,1.0,0.14249879709315363,1.0,1.0,0.5,1.0,0.7215189873417721
54,466,0.4,0.02,6,harmonic,0.2,True,0.05,B_weak_signal,58,0.7583333333333335,0.775,0.28906736502149083,0.525,1.0,0.0,1.0,0.7626436781609197,0.9,0.2907996360248061,0.525,1.0,0.0,1.0,0.9612068965517241,1.0,0.18615290438575544,1.0,1.0,0.0,1.0,0.4827586206896552
54,466,0.4,0.02,6,harmonic,0.2,True,0.05,C_deep,86,0.9153100775193799,1.0,0.16368340069156279,0.8500000000000001,1.0,0.25,1.0,0.9812015503875968,1.0,0.08002436359515676,1.0,1.0,0.5,1.0,0.9341085271317829,1.0,0.15131033289721246,1.0,1.0,0.25,1.0,0.7441860465116279
55,532,0.4,0.05,4,weighted,0.15,True,0.05,A_default,79,0.8913502109704642,1.0,0.18362177696681473,0.75,1.0,0.3333333333333333,1.0,0.9630801687763715,1.0,0.12570799174505637,1.0,1.0,0.3333333333333333,1.0,0.9282700421940929,1.0,0.15257417117342462,1.0,1.0,0.5,1.0,0.7088607594936709
55,532,0.4,0.05,4,weighted,0.15,True,0.05,B_weak_signal,58,0.8143678160919541,1.0,0.23415578268314832,0.6666666666666666,1.0,0.25,1.0,0.8603448275862069,1.0,0.23177902501038586,0.6666666666666666,1.0,0.25,1.0,0.9540229885057472,1.0,0.11905698116616871,1.0,1.0,0.5,1.0,0.5517241379310345
55,532,0.4,0.05,4,weighted,0.15,True,0.05,C_deep,86,0.8585271317829457,1.0,0.19970147960030832,0.75,1.0,0.25,1.0,0.9961240310077518,1.0,0.03594425773447951,1.0,1.0,0.6666666666666666,1.0,0.8624031007751937,1.0,0.19916797598243244,0.75,1.0,0.25,1.0,0.6046511627906976
56,136,0.2,0.02,8,harmonic,0.05,False,0.1,A_default,84,0.8374999999999999,1.0,0.22756606055017067,0.6666666666666666,1.0,0.3333333333333333,1.0,0.9228174603174603,1.0,0.180245625990721,1.0,1.0,0.4,1.0,0.9146825396825397,1.0,0.18062817581324966,1.0,1.0,0.3333333333333333,1.0,0.6309523809523809
56,136,0.2,0.02,8,harmonic,0.05,False,0.1,B_weak_signal,84,0.8753968253968254,1.0,0.21052424190313598,0.75,1.0,0.3333333333333333,1.0,0.8932539682539682,1.0,0.2061003876673864,1.0,1.0,0.3333333333333333,1.0,0.9821428571428571,1.0,0.07550746278558622,1.0,1.0,0.5,1.0,0.7142857142857143
56,136,0.2,0.02,8,harmonic,0.05,False,0.1,C_deep,92,0.8476449275362318,1.0,0.2246497955880398,0.75,1.0,0.25,1.0,0.986231884057971,1.0,0.07878072285374664,1.0,1.0,0.4,1.0,0.8614130434782609,1.0,0.21936095091812724,0.75,1.0,0.25,1.0,0.6195652173913043
57,590,0.2,0.03,6,harmonic,0.05,False,0.1,A_default,84,0.8374999999999999,1.0,0.22756606055017067,0.6666666666666666,1.0,0.3333333333333333,1.0,0.9228174603174603,1.0,0.180245625990721,1.0,1.0,0.4,1.0,0.9146825396825397,1.0,0.18062817581324966,1.0,1.0,0.3333333333333333,1.0,0.6309523809523809
57,590,0.2,0.03,6,harmonic,0.05,False,0.1,B_weak_signal,84,0.8753968253968254,1.0,0.21052424190313598,0.75,1.0,0.3333333333333333,1.0,0.8932539682539682,1.0,0.2061003876673864,1.0,1.0,0.3333333333333333,1.0,0.9821428571428571,1.0,0.07550746278558622,1.0,1.0,0.5,1.0,0.7142857142857143
57,590,0.2,0.03,6,harmonic,0.05,False,0.1,C_deep,92,0.8476449275362318,1.0,0.2246497955880398,0.75,1.0,0.25,1.0,0.986231884057971,1.0,0.07878072285374664,1.0,1.0,0.4,1.0,0.8614130434782609,1.0,0.21936095091812724,0.75,1.0,0.25,1.0,0.6195652173913043
58,57,0.4,0.02,8,harmonic,0.1,True,0.1,A_default,79,0.8582278481012656,1.0,0.21120454664869792,0.6666666666666666,1.0,0.3333333333333333,1.0,0.920464135021097,1.0,0.17211085523358227,1.0,1.0,0.4,1.0,0.9377637130801687,1.0,0.15815236758560047,1.0,1.0,0.3333333333333333,1.0,0.6582278481012658
58,57,0.4,0.02,8,harmonic,0.1,True,0.1,B_weak_signal,58,0.8385057471264369,1.0,0.22181703330151933,0.75,1.0,0.25,1.0,0.8514367816091956,1.0,0.2235912031984819,0.75,1.0,0.25,1.0,0.9870689655172413,1.0,0.0558509489055281,1.0,1.0,0.75,1.0,0.603448275862069
58,57,0.4,0.02,8,harmonic,0.1,True,0.1,C_deep,86,0.8612403100775193,1.0,0.2198104034550965,0.75,1.0,0.25,1.0,0.9775193798449612,1.0,0.09461885847003748,1.0,1.0,0.4,1.0,0.8837209302325582,1.0,0.21131361236905175,0.75,1.0,0.25,1.0,0.6511627906976745
59,667,0.4,0.03,6,harmonic,0.1,True,0.1,A_default,79,0.8582278481012656,1.0,0.21120454664869792,0.6666666666666666,1.0,0.3333333333333333,1.0,0.920464135021097,1.0,0.17211085523358227,1.0,1.0,0.4,1.0,0.9377637130801687,1.0,0.15815236758560047,1.0,1.0,0.3333333333333333,1.0,0.6582278481012658
59,667,0.4,0.03,6,harmonic,0.1,True,0.1,B_weak_signal,58,0.8385057471264369,1.0,0.22181703330151933,0.75,1.0,0.25,1.0,0.8514367816091956,1.0,0.2235912031984819,0.75,1.0,0.25,1.0,0.9870689655172413,1.0,0.0558509489055281,1.0,1.0,0.75,1.0,0.603448275862069
59,667,0.4,0.03,6,harmonic,0.1,True,0.1,C_deep,86,0.8612403100775193,1.0,0.2198104034550965,0.75,1.0,0.25,1.0,0.9775193798449612,1.0,0.09461885847003748,1.0,1.0,0.4,1.0,0.8837209302325582,1.0,0.21131361236905175,0.75,1.0,0.25,1.0,0.6511627906976745
60,561,0.4,0.03,8,harmonic,0.1,True,0.1,A_default,79,0.8582278481012656,1.0,0.21120454664869792,0.6666666666666666,1.0,0.3333333333333333,1.0,0.920464135021097,1.0,0.17211085523358227,1.0,1.0,0.4,1.0,0.9377637130801687,1.0,0.15815236758560047,1.0,1.0,0.3333333333333333,1.0,0.6582278481012658
60,561,0.4,0.03,8,harmonic,0.1,True,0.1,B_weak_signal,58,0.8385057471264369,1.0,0.22181703330151933,0.75,1.0,0.25,1.0,0.8514367816091956,1.0,0.2235912031984819,0.75,1.0,0.25,1.0,0.9870689655172413,1.0,0.0558509489055281,1.0,1.0,0.75,1.0,0.603448275862069
60,561,0.4,0.03,8,harmonic,0.1,True,0.1,C_deep,86,0.8612403100775193,1.0,0.2198104034550965,0.75,1.0,0.25,1.0,0.9775193798449612,1.0,0.09461885847003748,1.0,1.0,0.4,1.0,0.8837209302325582,1.0,0.21131361236905175,0.75,1.0,0.25,1.0,0.6511627906976745
61,133,0.4,0.03,4,harmonic,0.1,True,0.1,A_default,79,0.8582278481012656,1.0,0.21120454664869792,0.6666666666666666,1.0,0.3333333333333333,1.0,0.920464135021097,1.0,0.17211085523358227,1.0,1.0,0.4,1.0,0.9377637130801687,1.0,0.15815236758560047,1.0,1.0,0.3333333333333333,1.0,0.6582278481012658
61,133,0.4,0.03,4,harmonic,0.1,True,0.1,B_weak_signal,58,0.8385057471264369,1.0,0.22181703330151933,0.75,1.0,0.25,1.0,0.8514367816091956,1.0,0.2235912031984819,0.75,1.0,0.25,1.0,0.9870689655172413,1.0,0.0558509489055281,1.0,1.0,0.75,1.0,0.603448275862069
61,133,0.4,0.03,4,harmonic,0.1,True,0.1,C_deep,86,0.8612403100775193,1.0,0.2198104034550965,0.75,1.0,0.25,1.0,0.9775193798449612,1.0,0.09461885847003748,1.0,1.0,0.4,1.0,0.8837209302325582,1.0,0.21131361236905175,0.75,1.0,0.25,1.0,0.6511627906976745
62,61,0.4,0.05,4,harmonic,0.15,True,0.05,A_default,79,0.8850210970464135,1.0,0.18504628928686465,0.75,1.0,0.25,1.0,0.9641350210970463,1.0,0.12495265791795573,1.0,1.0,0.25,1.0,0.9208860759493671,1.0,0.1561299306058438,1.0,1.0,0.5,1.0,0.6835443037974683
62,61,0.4,0.05,4,harmonic,0.15,True,0.05,B_weak_signal,58,0.7749999999999999,0.75,0.2553568385803416,0.6666666666666666,1.0,0.0,1.0,0.8135057471264368,1.0,0.2617875441841682,0.6666666666666666,1.0,0.0,1.0,0.942528735632184,1.0,0.16237673128709212,1.0,1.0,0.0,1.0,0.46551724137931033
62,61,0.4,0.05,4,harmonic,0.15,True,0.05,C_deep,86,0.8965116279069767,1.0,0.17159605018287719,0.75,1.0,0.25,1.0,0.9864341085271318,1.0,0.062440121795601225,1.0,1.0,0.6666666666666666,1.0,0.9089147286821706,1.0,0.1654997911737443,0.75,1.0,0.25,1.0,0.686046511627907
63,495,0.4,0.05,8,weighted,0.05,True,0.05,A_default,79,0.8637130801687762,1.0,0.20180382235838265,0.75,1.0,0.25,1.0,0.9341772151898734,1.0,0.16189535183037873,1.0,1.0,0.25,1.0,0.9282700421940929,1.0,0.15257417117342462,1.0,1.0,0.5,1.0,0.6455696202531646
63,495,0.4,0.05,8,weighted,0.05,True,0.05,B_weak_signal,58,0.8011494252873563,1.0,0.24639431125250771,0.6666666666666666,1.0,0.25,1.0,0.810919540229885,1.0,0.24356337208141116,0.6666666666666666,1.0,0.25,1.0,0.985632183908046,1.0,0.06270761041623049,1.0,1.0,0.6666666666666666,1.0,0.5344827586206896
63,495,0.4,0.05,8,weighted,0.05,True,0.05,C_deep,86,0.8866279069767442,1.0,0.1782049156001721,0.75,1.0,0.25,1.0,0.9718992248062015,1.0,0.0891228728043949,1.0,1.0,0.6666666666666666,1.0,0.9108527131782946,1.0,0.16607281342400723,0.75,1.0,0.25,1.0,0.6627906976744186
64,715,0.2,0.05,6,max,0.15,False,0.05,A_default,84,0.8551587301587302,1.0,0.20782832270099305,0.6666666666666666,1.0,0.0,1.0,0.947420634920635,1.0,0.15402876275711067,1.0,1.0,0.0,1.0,0.8958333333333334,1.0,0.1974040868218687,0.75,1.0,0.0,1.0,0.6190476190476191
64,715,0.2,0.05,6,max,0.15,False,0.05,B_weak_signal,84,0.8371031746031745,1.0,0.2754496286587092,0.7291666666666666,1.0,0.0,1.0,0.8567460317460316,1.0,0.2706544085847097,0.75,1.0,0.0,1.0,0.9196428571428571,1.0,0.24897595775240303,1.0,1.0,0.0,1.0,0.6547619047619048
64,715,0.2,0.05,6,max,0.15,False,0.05,C_deep,92,0.8586956521739131,1.0,0.21722916924557034,0.75,1.0,0.25,1.0,0.9710144927536232,1.0,0.09198229262414773,1.0,1.0,0.5,1.0,0.8840579710144927,1.0,0.21000484097388802,0.75,1.0,0.25,1.0,0.6413043478260869
65,302,0.4,0.03,8,harmonic,0.15,True,0.15,A_default,79,0.8565400843881855,1.0,0.2118030336941471,0.6666666666666666,1.0,0.3333333333333333,1.0,0.9662447257383966,1.0,0.11125977288436895,1.0,1.0,0.5,1.0,0.8902953586497889,1.0,0.1999573956569168,0.875,1.0,0.3333333333333333,1.0,0.6582278481012658
65,302,0.4,0.03,8,harmonic,0.15,True,0.15,B_weak_signal,58,0.8718390804597701,1.0,0.2187196238235914,0.75,1.0,0.0,1.0,0.9106321839080459,1.0,0.20535468949522684,1.0,1.0,0.0,1.0,0.9439655172413793,1.0,0.1691250928623328,1.0,1.0,0.0,1.0,0.6896551724137931
65,302,0.4,0.03,8,harmonic,0.15,True,0.15,C_deep,86,0.8137596899224805,1.0,0.24476468438480706,0.75,1.0,0.25,1.0,0.9930232558139536,1.0,0.06469966392206322,1.0,1.0,0.4,1.0,0.820736434108527,1.0,0.24135965686942856,0.75,1.0,0.25,1.0,0.5581395348837209
66,387,0.4,0.05,8,weighted,0.15,True,0.1,A_default,79,0.8575949367088606,1.0,0.20893157640901963,0.75,1.0,0.3333333333333333,1.0,0.9715189873417723,1.0,0.10326410345424612,1.0,1.0,0.5,1.0,0.8860759493670888,1.0,0.19890065344592703,0.75,1.0,0.3333333333333333,1.0,0.6455696202531646
66,387,0.4,0.05,8,weighted,0.15,True,0.1,B_weak_signal,58,0.8836206896551724,1.0,0.17448033059132692,0.6666666666666666,1.0,0.5,1.0,0.9482758620689655,1.0,0.13321228625133685,1.0,1.0,0.5,1.0,0.9353448275862069,1.0,0.1396555769651006,1.0,1.0,0.5,1.0,0.6724137931034483
66,387,0.4,0.05,8,weighted,0.15,True,0.1,C_deep,86,0.8003875968992249,0.875,0.23855469966706191,0.6875,1.0,0.25,1.0,0.9961240310077518,1.0,0.03594425773447951,1.0,1.0,0.6666666666666666,1.0,0.804263565891473,1.0,0.23906388850610144,0.75,1.0,0.25,1.0,0.5
67,287,0.4,0.03,6,harmonic,0.2,True,0.15,A_default,79,0.8691983122362869,1.0,0.20485712844330817,0.75,1.0,0.3333333333333333,1.0,0.9789029535864978,1.0,0.0816805701037586,1.0,1.0,0.6666666666666666,1.0,0.8902953586497889,1.0,0.1999573956569168,0.875,1.0,0.3333333333333333,1.0,0.6835443037974683
67,287,0.4,0.03,6,harmonic,0.2,True,0.15,B_weak_signal,58,0.8692528735632185,1.0,0.23935019496504376,0.75,1.0,0.0,1.0,0.9037356321839082,1.0,0.22824534317436246,1.0,1.0,0.0,1.0,0.9310344827586207,1.0,0.20834089520456645,1.0,1.0,0.0,1.0,0.7068965517241379
67,287,0.4,0.03,6,harmonic,0.2,True,0.15,C_deep,86,0.8023255813953488,1.0,0.24919691652822346,0.75,1.0,0.25,1.0,0.9941860465116279,1.0,0.05391638660171922,1.0,1.0,0.5,1.0,0.8081395348837209,1.0,0.24788971016468755,0.75,1.0,0.25,1.0,0.5348837209302325
68,454,0.4,0.02,4,harmonic,0.2,True,0.15,A_default,79,0.8691983122362869,1.0,0.20485712844330817,0.75,1.0,0.3333333333333333,1.0,0.9789029535864978,1.0,0.0816805701037586,1.0,1.0,0.6666666666666666,1.0,0.8902953586497889,1.0,0.1999573956569168,0.875,1.0,0.3333333333333333,1.0,0.6835443037974683
68,454,0.4,0.02,4,harmonic,0.2,True,0.15,B_weak_signal,58,0.8692528735632185,1.0,0.23935019496504376,0.75,1.0,0.0,1.0,0.9037356321839082,1.0,0.22824534317436246,1.0,1.0,0.0,1.0,0.9310344827586207,1.0,0.20834089520456645,1.0,1.0,0.0,1.0,0.7068965517241379
68,454,0.4,0.02,4,harmonic,0.2,True,0.15,C_deep,86,0.8023255813953488,1.0,0.24919691652822346,0.75,1.0,0.25,1.0,0.9941860465116279,1.0,0.05391638660171922,1.0,1.0,0.5,1.0,0.8081395348837209,1.0,0.24788971016468755,0.75,1.0,0.25,1.0,0.5348837209302325
69,33,0.3,0.05,6,max,0.15,False,0.1,A_default,84,0.8462301587301588,1.0,0.220097203645841,0.6666666666666666,1.0,0.0,1.0,0.951388888888889,1.0,0.15097204749684776,1.0,1.0,0.0,1.0,0.882936507936508,1.0,0.21299760528215242,0.75,1.0,0.0,1.0,0.6190476190476191
69,33,0.3,0.05,6,max,0.15,False,0.1,B_weak_signal,81,0.8681069958847736,1.0,0.23879322661132135,0.75,1.0,0.0,1.0,0.8884773662551441,1.0,0.2302420522109504,0.8,1.0,0.0,1.0,0.941358024691358,1.0,0.20642645837210263,1.0,1.0,0.0,1.0,0.691358024691358
69,33,0.3,0.05,6,max,0.15,False,0.1,C_deep,92,0.8242753623188407,1.0,0.23404409073307353,0.75,1.0,0.25,1.0,0.9710144927536232,1.0,0.09198229262414773,1.0,1.0,0.5,1.0,0.8496376811594202,1.0,0.23120402405215487,0.75,1.0,0.25,1.0,0.5760869565217391
70,44,0.3,0.05,4,max,0.15,False,0.1,A_default,84,0.8462301587301588,1.0,0.220097203645841,0.6666666666666666,1.0,0.0,1.0,0.951388888888889,1.0,0.15097204749684776,1.0,1.0,0.0,1.0,0.882936507936508,1.0,0.21299760528215242,0.75,1.0,0.0,1.0,0.6190476190476191
70,44,0.3,0.05,4,max,0.15,False,0.1,B_weak_signal,81,0.8681069958847736,1.0,0.23879322661132135,0.75,1.0,0.0,1.0,0.8884773662551441,1.0,0.2302420522109504,0.8,1.0,0.0,1.0,0.941358024691358,1.0,0.20642645837210263,1.0,1.0,0.0,1.0,0.691358024691358
70,44,0.3,0.05,4,max,0.15,False,0.1,C_deep,92,0.8242753623188407,1.0,0.23404409073307353,0.75,1.0,0.25,1.0,0.9710144927536232,1.0,0.09198229262414773,1.0,1.0,0.5,1.0,0.8496376811594202,1.0,0.23120402405215487,0.75,1.0,0.25,1.0,0.5760869565217391
71,365,0.2,0.02,6,weighted,0.2,True,0.1,A_default,84,0.8670634920634922,1.0,0.2118158913391606,0.75,1.0,0.3333333333333333,1.0,0.9761904761904762,1.0,0.09729561746183917,1.0,1.0,0.5,1.0,0.890873015873016,1.0,0.20163994250068226,0.9375,1.0,0.3333333333333333,1.0,0.6904761904761905
71,365,0.2,0.02,6,weighted,0.2,True,0.1,B_weak_signal,84,0.8652777777777777,1.0,0.23702202425544938,0.75,1.0,0.0,1.0,0.9327380952380951,1.0,0.18527533742995028,1.0,1.0,0.0,1.0,0.9206349206349204,1.0,0.2032635183261448,1.0,1.0,0.0,1.0,0.7023809523809523
71,365,0.2,0.02,6,weighted,0.2,True,0.1,C_deep,92,0.8034420289855071,1.0,0.25032991715035213,0.75,1.0,0.25,1.0,0.9945652173913043,1.0,0.052128603514268596,1.0,1.0,0.5,1.0,0.8088768115942028,1.0,0.24909422099639444,0.75,1.0,0.25,1.0,0.532608695652174
72,197,0.2,0.02,8,weighted,0.2,True,0.1,A_default,84,0.8670634920634922,1.0,0.2118158913391606,0.75,1.0,0.3333333333333333,1.0,0.9761904761904762,1.0,0.09729561746183917,1.0,1.0,0.5,1.0,0.890873015873016,1.0,0.20163994250068226,0.9375,1.0,0.3333333333333333,1.0,0.6904761904761905
72,197,0.2,0.02,8,weighted,0.2,True,0.1,B_weak_signal,84,0.8652777777777777,1.0,0.23702202425544938,0.75,1.0,0.0,1.0,0.9327380952380951,1.0,0.18527533742995028,1.0,1.0,0.0,1.0,0.9206349206349204,1.0,0.2032635183261448,1.0,1.0,0.0,1.0,0.7023809523809523
72,197,0.2,0.02,8,weighted,0.2,True,0.1,C_deep,92,0.8034420289855071,1.0,0.25032991715035213,0.75,1.0,0.25,1.0,0.9945652173913043,1.0,0.052128603514268596,1.0,1.0,0.5,1.0,0.8088768115942028,1.0,0.24909422099639444,0.75,1.0,0.25,1.0,0.532608695652174
73,670,0.2,0.03,4,weighted,0.2,True,0.1,A_default,84,0.8670634920634922,1.0,0.2118158913391606,0.75,1.0,0.3333333333333333,1.0,0.9761904761904762,1.0,0.09729561746183917,1.0,1.0,0.5,1.0,0.890873015873016,1.0,0.20163994250068226,0.9375,1.0,0.3333333333333333,1.0,0.6904761904761905
73,670,0.2,0.03,4,weighted,0.2,True,0.1,B_weak_signal,84,0.8652777777777777,1.0,0.23702202425544938,0.75,1.0,0.0,1.0,0.9327380952380951,1.0,0.18527533742995028,1.0,1.0,0.0,1.0,0.9206349206349204,1.0,0.2032635183261448,1.0,1.0,0.0,1.0,0.7023809523809523
73,670,0.2,0.03,4,weighted,0.2,True,0.1,C_deep,92,0.8034420289855071,1.0,0.25032991715035213,0.75,1.0,0.25,1.0,0.9945652173913043,1.0,0.052128603514268596,1.0,1.0,0.5,1.0,0.8088768115942028,1.0,0.24909422099639444,0.75,1.0,0.25,1.0,0.532608695652174
74,456,0.3,0.02,4,harmonic,0.1,True,0.15,A_default,84,0.8390873015873016,1.0,0.21907823887778727,0.6666666666666666,1.0,0.3333333333333333,1.0,0.9422619047619049,1.0,0.14763749583982488,1.0,1.0,0.4,1.0,0.8968253968253967,1.0,0.19559192059177116,1.0,1.0,0.3333333333333333,1.0,0.6190476190476191
74,456,0.3,0.02,4,harmonic,0.1,True,0.15,B_weak_signal,81,0.8771604938271604,1.0,0.20213177159076123,0.75,1.0,0.4,1.0,0.9111111111111111,1.0,0.18669270651706407,1.0,1.0,0.4,1.0,0.9660493827160493,1.0,0.11006451531199403,1.0,1.0,0.5,1.0,0.7037037037037037
74,456,0.3,0.02,4,harmonic,0.1,True,0.15,C_deep,92,0.818659420289855,1.0,0.24069803849316848,0.75,1.0,0.25,1.0,0.986231884057971,1.0,0.07878072285374664,1.0,1.0,0.4,1.0,0.832427536231884,1.0,0.23747455529060096,0.75,1.0,0.25,1.0,0.5652173913043478
75,122,0.3,0.05,8,harmonic,0.05,False,0.1,A_default,84,0.8351190476190476,1.0,0.2162417498042087,0.6666666666666666,1.0,0.3333333333333333,1.0,0.9480158730158731,1.0,0.14199771765763816,1.0,1.0,0.4,1.0,0.8839285714285714,1.0,0.19231288700929255,0.75,1.0,0.3333333333333333,1.0,0.5952380952380952
75,122,0.3,0.05,8,harmonic,0.05,False,0.1,B_weak_signal,81,0.8837448559670781,1.0,0.1840511573781483,0.75,1.0,0.4,1.0,0.9257201646090535,1.0,0.1560370634104293,1.0,1.0,0.4,1.0,0.9526748971193415,1.0,0.1192702577169067,1.0,1.0,0.5,1.0,0.691358024691358
75,122,0.3,0.05,8,harmonic,0.05,False,0.1,C_deep,92,0.8148550724637681,1.0,0.22772507311213303,0.75,1.0,0.25,1.0,0.9827898550724636,1.0,0.07260422960987697,1.0,1.0,0.6666666666666666,1.0,0.8269927536231885,1.0,0.22518263366905444,0.75,1.0,0.25,1.0,0.5217391304347826
76,131,0.3,0.05,6,harmonic,0.05,False,0.1,A_default,84,0.8351190476190476,1.0,0.2162417498042087,0.6666666666666666,1.0,0.3333333333333333,1.0,0.9480158730158731,1.0,0.14199771765763816,1.0,1.0,0.4,1.0,0.8839285714285714,1.0,0.19231288700929255,0.75,1.0,0.3333333333333333,1.0,0.5952380952380952
76,131,0.3,0.05,6,harmonic,0.05,False,0.1,B_weak_signal,81,0.8837448559670781,1.0,0.1840511573781483,0.75,1.0,0.4,1.0,0.9257201646090535,1.0,0.1560370634104293,1.0,1.0,0.4,1.0,0.9526748971193415,1.0,0.1192702577169067,1.0,1.0,0.5,1.0,0.691358024691358
76,131,0.3,0.05,6,harmonic,0.05,False,0.1,C_deep,92,0.8148550724637681,1.0,0.22772507311213303,0.75,1.0,0.25,1.0,0.9827898550724636,1.0,0.07260422960987697,1.0,1.0,0.6666666666666666,1.0,0.8269927536231885,1.0,0.22518263366905444,0.75,1.0,0.25,1.0,0.5217391304347826
77,586,0.2,0.02,6,harmonic,0.1,True,0.15,A_default,84,0.8390873015873016,1.0,0.21907823887778727,0.6666666666666666,1.0,0.3333333333333333,1.0,0.9422619047619049,1.0,0.14763749583982488,1.0,1.0,0.4,1.0,0.8968253968253967,1.0,0.19559192059177116,1.0,1.0,0.3333333333333333,1.0,0.6190476190476191
77,586,0.2,0.02,6,harmonic,0.1,True,0.15,B_weak_signal,84,0.8755952380952381,1.0,0.20360615097783005,0.75,1.0,0.4,1.0,0.9083333333333333,1.0,0.18924389821615983,1.0,1.0,0.4,1.0,0.9672619047619048,1.0,0.10824282374695192,1.0,1.0,0.5,1.0,0.7023809523809523
77,586,0.2,0.02,6,harmonic,0.1,True,0.15,C_deep,92,0.818659420289855,1.0,0.24069803849316848,0.75,1.0,0.25,1.0,0.986231884057971,1.0,0.07878072285374664,1.0,1.0,0.4,1.0,0.832427536231884,1.0,0.23747455529060096,0.75,1.0,0.25,1.0,0.5652173913043478
78,313,0.3,0.02,6,mean,0.1,False,0.05,A_default,84,0.8087301587301587,1.0,0.23227638107506599,0.5,1.0,0.3333333333333333,1.0,0.894047619047619,1.0,0.20280236911327612,1.0,1.0,0.4,1.0,0.9146825396825397,1.0,0.17641007284516586,1.0,1.0,0.3333333333333333,1.0,0.5595238095238095
78,313,0.3,0.02,6,mean,0.1,False,0.05,B_weak_signal,81,0.87880658436214,1.0,0.20701268656908126,0.75,1.0,0.2,1.0,0.8973251028806585,1.0,0.20199451295702628,1.0,1.0,0.2,1.0,0.9814814814814815,1.0,0.07682953714410735,1.0,1.0,0.5,1.0,0.7160493827160493
78,313,0.3,0.02,6,mean,0.1,False,0.05,C_deep,92,0.841304347826087,1.0,0.23734744809333796,0.75,1.0,0.25,1.0,0.9717391304347827,1.0,0.11890164645161931,1.0,1.0,0.4,1.0,0.8695652173913043,1.0,0.22282195972700322,0.75,1.0,0.25,1.0,0.6413043478260869
79,712,0.2,0.05,8,harmonic,0.05,False,0.1,A_default,84,0.8351190476190476,1.0,0.2162417498042087,0.6666666666666666,1.0,0.3333333333333333,1.0,0.9480158730158731,1.0,0.14199771765763816,1.0,1.0,0.4,1.0,0.8839285714285714,1.0,0.19231288700929255,0.75,1.0,0.3333333333333333,1.0,0.5952380952380952
79,712,0.2,0.05,8,harmonic,0.05,False,0.1,B_weak_signal,84,0.8779761904761905,1.0,0.1874074642569188,0.6666666666666666,1.0,0.4,1.0,0.9184523809523808,1.0,0.16270426060790655,1.0,1.0,0.4,1.0,0.9543650793650793,1.0,0.11742778257554486,1.0,1.0,0.5,1.0,0.6785714285714286
79,712,0.2,0.05,8,harmonic,0.05,False,0.1,C_deep,92,0.8148550724637681,1.0,0.22772507311213303,0.75,1.0,0.25,1.0,0.9827898550724636,1.0,0.07260422960987697,1.0,1.0,0.6666666666666666,1.0,0.8269927536231885,1.0,0.22518263366905444,0.75,1.0,0.25,1.0,0.5217391304347826
80,298,0.2,0.03,8,mean,0.1,False,0.05,A_default,84,0.8087301587301587,1.0,0.23227638107506599,0.5,1.0,0.3333333333333333,1.0,0.894047619047619,1.0,0.20280236911327612,1.0,1.0,0.4,1.0,0.9146825396825397,1.0,0.17641007284516586,1.0,1.0,0.3333333333333333,1.0,0.5595238095238095
80,298,0.2,0.03,8,mean,0.1,False,0.05,B_weak_signal,84,0.8771825396825397,1.0,0.20829163858923833,0.75,1.0,0.2,1.0,0.8950396825396826,1.0,0.2036609343592962,1.0,1.0,0.2,1.0,0.9821428571428571,1.0,0.07550746278558619,1.0,1.0,0.5,1.0,0.7142857142857143
80,298,0.2,0.03,8,mean,0.1,False,0.05,C_deep,92,0.841304347826087,1.0,0.23734744809333796,0.75,1.0,0.25,1.0,0.9717391304347827,1.0,0.11890164645161931,1.0,1.0,0.4,1.0,0.8695652173913043,1.0,0.22282195972700322,0.75,1.0,0.25,1.0,0.6413043478260869
81,271,0.3,0.03,6,weighted,0.05,True,0.15,A_default,84,0.8319444444444444,1.0,0.22795300505207497,0.5,1.0,0.3333333333333333,1.0,0.9380952380952381,1.0,0.16396548900142596,1.0,1.0,0.4,1.0,0.8938492063492063,1.0,0.19590485768801522,0.9375,1.0,0.3333333333333333,1.0,0.6190476190476191
81,271,0.3,0.03,6,weighted,0.05,True,0.15,B_weak_signal,81,0.8771604938271604,1.0,0.19691094371082168,0.75,1.0,0.4,1.0,0.917283950617284,1.0,0.17966876244225335,1.0,1.0,0.4,1.0,0.9598765432098766,1.0,0.11495100942532528,1.0,1.0,0.5,1.0,0.691358024691358
81,271,0.3,0.03,6,weighted,0.05,True,0.15,C_deep,92,0.8150362318840578,1.0,0.2385351585654576,0.75,1.0,0.25,1.0,0.9934782608695653,1.0,0.06255432421712236,1.0,1.0,0.4,1.0,0.8215579710144927,1.0,0.23524255587477128,0.75,1.0,0.25,1.0,0.5434782608695652
82,700,0.2,0.02,4,weighted,0.05,True,0.15,A_default,84,0.8319444444444444,1.0,0.22795300505207497,0.5,1.0,0.3333333333333333,1.0,0.9380952380952381,1.0,0.16396548900142596,1.0,1.0,0.4,1.0,0.8938492063492063,1.0,0.19590485768801522,0.9375,1.0,0.3333333333333333,1.0,0.6190476190476191
82,700,0.2,0.02,4,weighted,0.05,True,0.15,B_weak_signal,84,0.8755952380952381,1.0,0.19861377743624145,0.75,1.0,0.4,1.0,0.9142857142857143,1.0,0.18266843389390167,1.0,1.0,0.4,1.0,0.9613095238095238,1.0,0.11310278683627548,1.0,1.0,0.5,1.0,0.6904761904761905
82,700,0.2,0.02,4,weighted,0.05,True,0.15,C_deep,92,0.8150362318840578,1.0,0.2385351585654576,0.75,1.0,0.25,1.0,0.9934782608695653,1.0,0.06255432421712236,1.0,1.0,0.4,1.0,0.8215579710144927,1.0,0.23524255587477128,0.75,1.0,0.25,1.0,0.5434782608695652
83,169,0.2,0.03,6,weighted,0.05,True,0.15,A_default,84,0.8319444444444444,1.0,0.22795300505207497,0.5,1.0,0.3333333333333333,1.0,0.9380952380952381,1.0,0.16396548900142596,1.0,1.0,0.4,1.0,0.8938492063492063,1.0,0.19590485768801522,0.9375,1.0,0.3333333333333333,1.0,0.6190476190476191
83,169,0.2,0.03,6,weighted,0.05,True,0.15,B_weak_signal,84,0.8755952380952381,1.0,0.19861377743624145,0.75,1.0,0.4,1.0,0.9142857142857143,1.0,0.18266843389390167,1.0,1.0,0.4,1.0,0.9613095238095238,1.0,0.11310278683627548,1.0,1.0,0.5,1.0,0.6904761904761905
83,169,0.2,0.03,6,weighted,0.05,True,0.15,C_deep,92,0.8150362318840578,1.0,0.2385351585654576,0.75,1.0,0.25,1.0,0.9934782608695653,1.0,0.06255432421712236,1.0,1.0,0.4,1.0,0.8215579710144927,1.0,0.23524255587477128,0.75,1.0,0.25,1.0,0.5434782608695652
84,445,0.2,0.02,8,weighted,0.05,True,0.15,A_default,84,0.8319444444444444,1.0,0.22795300505207497,0.5,1.0,0.3333333333333333,1.0,0.9380952380952381,1.0,0.16396548900142596,1.0,1.0,0.4,1.0,0.8938492063492063,1.0,0.19590485768801522,0.9375,1.0,0.3333333333333333,1.0,0.6190476190476191
84,445,0.2,0.02,8,weighted,0.05,True,0.15,B_weak_signal,84,0.8755952380952381,1.0,0.19861377743624145,0.75,1.0,0.4,1.0,0.9142857142857143,1.0,0.18266843389390167,1.0,1.0,0.4,1.0,0.9613095238095238,1.0,0.11310278683627548,1.0,1.0,0.5,1.0,0.6904761904761905
84,445,0.2,0.02,8,weighted,0.05,True,0.15,C_deep,92,0.8150362318840578,1.0,0.2385351585654576,0.75,1.0,0.25,1.0,0.9934782608695653,1.0,0.06255432421712236,1.0,1.0,0.4,1.0,0.8215579710144927,1.0,0.23524255587477128,0.75,1.0,0.25,1.0,0.5434782608695652
85,179,0.2,0.02,6,weighted,0.05,True,0.15,A_default,84,0.8319444444444444,1.0,0.22795300505207497,0.5,1.0,0.3333333333333333,1.0,0.9380952380952381,1.0,0.16396548900142596,1.0,1.0,0.4,1.0,0.8938492063492063,1.0,0.19590485768801522,0.9375,1.0,0.3333333333333333,1.0,0.6190476190476191
85,179,0.2,0.02,6,weighted,0.05,True,0.15,B_weak_signal,84,0.8755952380952381,1.0,0.19861377743624145,0.75,1.0,0.4,1.0,0.9142857142857143,1.0,0.18266843389390167,1.0,1.0,0.4,1.0,0.9613095238095238,1.0,0.11310278683627548,1.0,1.0,0.5,1.0,0.6904761904761905
85,179,0.2,0.02,6,weighted,0.05,True,0.15,C_deep,92,0.8150362318840578,1.0,0.2385351585654576,0.75,1.0,0.25,1.0,0.9934782608695653,1.0,0.06255432421712236,1.0,1.0,0.4,1.0,0.8215579710144927,1.0,0.23524255587477128,0.75,1.0,0.25,1.0,0.5434782608695652
86,222,0.2,0.05,4,harmonic,0.15,True,0.15,A_default,84,0.8521825396825398,1.0,0.2079217583042649,0.6666666666666666,1.0,0.3333333333333333,1.0,0.9821428571428571,1.0,0.08188646408640272,1.0,1.0,0.5,1.0,0.8700396825396824,1.0,0.20303552755077878,0.75,1.0,0.3333333333333333,1.0,0.6309523809523809
86,222,0.2,0.05,4,harmonic,0.15,True,0.15,B_weak_signal,84,0.8781746031746032,1.0,0.19735493529454745,0.7291666666666666,1.0,0.0,1.0,0.941468253968254,1.0,0.16145452581584488,1.0,1.0,0.0,1.0,0.9236111111111113,1.0,0.17365294007476154,1.0,1.0,0.0,1.0,0.6785714285714286
86,222,0.2,0.05,4,harmonic,0.15,True,0.15,C_deep,92,0.7916666666666667,0.75,0.2400333208452424,0.6666666666666666,1.0,0.25,1.0,0.9963768115942028,1.0,0.03475240234284574,1.0,1.0,0.6666666666666666,1.0,0.7952898550724636,0.875,0.2406407564583423,0.6666666666666666,1.0,0.25,1.0,0.4891304347826087
87,574,0.2,0.05,8,harmonic,0.15,True,0.15,A_default,84,0.8521825396825398,1.0,0.2079217583042649,0.6666666666666666,1.0,0.3333333333333333,1.0,0.9821428571428571,1.0,0.08188646408640272,1.0,1.0,0.5,1.0,0.8700396825396824,1.0,0.20303552755077878,0.75,1.0,0.3333333333333333,1.0,0.6309523809523809
87,574,0.2,0.05,8,harmonic,0.15,True,0.15,B_weak_signal,84,0.8781746031746032,1.0,0.19735493529454745,0.7291666666666666,1.0,0.0,1.0,0.941468253968254,1.0,0.16145452581584488,1.0,1.0,0.0,1.0,0.9236111111111113,1.0,0.17365294007476154,1.0,1.0,0.0,1.0,0.6785714285714286
87,574,0.2,0.05,8,harmonic,0.15,True,0.15,C_deep,92,0.7916666666666667,0.75,0.2400333208452424,0.6666666666666666,1.0,0.25,1.0,0.9963768115942028,1.0,0.03475240234284574,1.0,1.0,0.6666666666666666,1.0,0.7952898550724636,0.875,0.2406407564583423,0.6666666666666666,1.0,0.25,1.0,0.4891304347826087
88,705,0.2,0.05,6,harmonic,0.15,True,0.15,A_default,84,0.8521825396825398,1.0,0.2079217583042649,0.6666666666666666,1.0,0.3333333333333333,1.0,0.9821428571428571,1.0,0.08188646408640272,1.0,1.0,0.5,1.0,0.8700396825396824,1.0,0.20303552755077878,0.75,1.0,0.3333333333333333,1.0,0.6309523809523809
88,705,0.2,0.05,6,harmonic,0.15,True,0.15,B_weak_signal,84,0.8781746031746032,1.0,0.19735493529454745,0.7291666666666666,1.0,0.0,1.0,0.941468253968254,1.0,0.16145452581584488,1.0,1.0,0.0,1.0,0.9236111111111113,1.0,0.17365294007476154,1.0,1.0,0.0,1.0,0.6785714285714286
88,705,0.2,0.05,6,harmonic,0.15,True,0.15,C_deep,92,0.7916666666666667,0.75,0.2400333208452424,0.6666666666666666,1.0,0.25,1.0,0.9963768115942028,1.0,0.03475240234284574,1.0,1.0,0.6666666666666666,1.0,0.7952898550724636,0.875,0.2406407564583423,0.6666666666666666,1.0,0.25,1.0,0.4891304347826087
89,474,0.3,0.05,8,harmonic,0.15,True,0.15,A_default,84,0.8521825396825398,1.0,0.2079217583042649,0.6666666666666666,1.0,0.3333333333333333,1.0,0.9821428571428571,1.0,0.08188646408640272,1.0,1.0,0.5,1.0,0.8700396825396824,1.0,0.20303552755077878,0.75,1.0,0.3333333333333333,1.0,0.6309523809523809
89,474,0.3,0.05,8,harmonic,0.15,True,0.15,B_weak_signal,81,0.8777777777777777,1.0,0.19869365029277283,0.75,1.0,0.0,1.0,0.9434156378600822,1.0,0.16128130644298505,1.0,1.0,0.0,1.0,0.9207818930041152,1.0,0.1762363246112529,1.0,1.0,0.0,1.0,0.6790123456790124
89,474,0.3,0.05,8,harmonic,0.15,True,0.15,C_deep,92,0.7916666666666667,0.75,0.2400333208452424,0.6666666666666666,1.0,0.25,1.0,0.9963768115942028,1.0,0.03475240234284574,1.0,1.0,0.6666666666666666,1.0,0.7952898550724636,0.875,0.2406407564583423,0.6666666666666666,1.0,0.25,1.0,0.4891304347826087
90,207,0.3,0.05,4,harmonic,0.15,True,0.15,A_default,84,0.8521825396825398,1.0,0.2079217583042649,0.6666666666666666,1.0,0.3333333333333333,1.0,0.9821428571428571,1.0,0.08188646408640272,1.0,1.0,0.5,1.0,0.8700396825396824,1.0,0.20303552755077878,0.75,1.0,0.3333333333333333,1.0,0.6309523809523809
90,207,0.3,0.05,4,harmonic,0.15,True,0.15,B_weak_signal,81,0.8777777777777777,1.0,0.19869365029277283,0.75,1.0,0.0,1.0,0.9434156378600822,1.0,0.16128130644298505,1.0,1.0,0.0,1.0,0.9207818930041152,1.0,0.1762363246112529,1.0,1.0,0.0,1.0,0.6790123456790124
90,207,0.3,0.05,4,harmonic,0.15,True,0.15,C_deep,92,0.7916666666666667,0.75,0.2400333208452424,0.6666666666666666,1.0,0.25,1.0,0.9963768115942028,1.0,0.03475240234284574,1.0,1.0,0.6666666666666666,1.0,0.7952898550724636,0.875,0.2406407564583423,0.6666666666666666,1.0,0.25,1.0,0.4891304347826087
91,748,0.2,0.02,8,mean,0.1,False,0.1,A_default,84,0.8119047619047619,1.0,0.22841300208590817,0.5,1.0,0.3333333333333333,1.0,0.9031746031746033,1.0,0.19233080658026128,1.0,1.0,0.4,1.0,0.9087301587301587,1.0,0.18184824186332693,1.0,1.0,0.3333333333333333,1.0,0.5595238095238095
91,748,0.2,0.02,8,mean,0.1,False,0.1,B_weak_signal,84,0.8817460317460317,1.0,0.2054905491271621,0.75,1.0,0.25,1.0,0.8996031746031745,1.0,0.2003841055628501,1.0,1.0,0.25,1.0,0.9821428571428571,1.0,0.07550746278558619,1.0,1.0,0.5,1.0,0.7261904761904762
91,748,0.2,0.02,8,mean,0.1,False,0.1,C_deep,92,0.8277173913043478,1.0,0.23789724408205723,0.75,1.0,0.25,1.0,0.9717391304347827,1.0,0.11890164645161931,1.0,1.0,0.4,1.0,0.8559782608695652,1.0,0.22513842603502468,0.75,1.0,0.25,1.0,0.5978260869565217
92,759,0.3,0.03,4,max,0.15,False,0.05,A_default,84,0.8317460317460318,1.0,0.23554060760042078,0.6666666666666666,1.0,0.0,1.0,0.9041666666666667,1.0,0.20645336511636583,1.0,1.0,0.0,1.0,0.9156746031746033,1.0,0.19251994786118257,1.0,1.0,0.0,1.0,0.6190476190476191
92,759,0.3,0.03,4,max,0.15,False,0.05,B_weak_signal,81,0.8310699588477366,1.0,0.26724875384830216,0.6666666666666666,1.0,0.0,1.0,0.8403292181069958,1.0,0.26569960321671504,0.6666666666666666,1.0,0.0,1.0,0.9537037037037037,1.0,0.19808107206674538,1.0,1.0,0.0,1.0,0.6419753086419753
92,759,0.3,0.03,4,max,0.15,False,0.05,C_deep,92,0.8585144927536232,1.0,0.21840657504316152,0.75,1.0,0.25,1.0,0.9545289855072463,1.0,0.1219525533969419,1.0,1.0,0.5,1.0,0.9039855072463767,1.0,0.2040997620095745,1.0,1.0,0.25,1.0,0.6413043478260869
93,62,0.3,0.02,8,max,0.15,False,0.05,A_default,84,0.8317460317460318,1.0,0.23554060760042078,0.6666666666666666,1.0,0.0,1.0,0.9041666666666667,1.0,0.20645336511636583,1.0,1.0,0.0,1.0,0.9156746031746033,1.0,0.19251994786118257,1.0,1.0,0.0,1.0,0.6190476190476191
93,62,0.3,0.02,8,max,0.15,False,0.05,B_weak_signal,81,0.8310699588477366,1.0,0.26724875384830216,0.6666666666666666,1.0,0.0,1.0,0.8403292181069958,1.0,0.26569960321671504,0.6666666666666666,1.0,0.0,1.0,0.9537037037037037,1.0,0.19808107206674538,1.0,1.0,0.0,1.0,0.6419753086419753
93,62,0.3,0.02,8,max,0.15,False,0.05,C_deep,92,0.8585144927536232,1.0,0.21840657504316152,0.75,1.0,0.25,1.0,0.9545289855072463,1.0,0.1219525533969419,1.0,1.0,0.5,1.0,0.9039855072463767,1.0,0.2040997620095745,1.0,1.0,0.25,1.0,0.6413043478260869
94,153,0.2,0.03,8,harmonic,0.05,False,0.15,A_default,84,0.8248015873015873,1.0,0.23198829264099424,0.5,1.0,0.3333333333333333,1.0,0.9339285714285713,1.0,0.1685922186874313,1.0,1.0,0.4,1.0,0.8908730158730158,1.0,0.19997330414042883,0.9375,1.0,0.3333333333333333,1.0,0.6071428571428571
94,153,0.2,0.03,8,harmonic,0.05,False,0.15,B_weak_signal,84,0.8734126984126983,1.0,0.20852190738841783,0.75,1.0,0.3333333333333333,1.0,0.9140873015873016,1.0,0.18458851171934293,1.0,1.0,0.4,1.0,0.9593253968253967,1.0,0.12838068782805087,1.0,1.0,0.3333333333333333,1.0,0.7023809523809523
94,153,0.2,0.03,8,harmonic,0.05,False,0.15,C_deep,92,0.8222826086956523,1.0,0.2408937009896986,0.75,1.0,0.25,1.0,0.989855072463768,1.0,0.07122495797269417,1.0,1.0,0.4,1.0,0.832427536231884,1.0,0.23747455529060096,0.75,1.0,0.25,1.0,0.5760869565217391
95,95,0.3,0.02,6,harmonic,0.05,False,0.15,A_default,84,0.8248015873015873,1.0,0.23198829264099424,0.5,1.0,0.3333333333333333,1.0,0.9339285714285713,1.0,0.1685922186874313,1.0,1.0,0.4,1.0,0.8908730158730158,1.0,0.19997330414042883,0.9375,1.0,0.3333333333333333,1.0,0.6071428571428571
95,95,0.3,0.02,6,harmonic,0.05,False,0.15,B_weak_signal,81,0.8728395061728393,1.0,0.21018253383871865,0.75,1.0,0.3333333333333333,1.0,0.9150205761316872,1.0,0.18547246235911372,1.0,1.0,0.4,1.0,0.9578189300411522,1.0,0.1305194328803048,1.0,1.0,0.3333333333333333,1.0,0.7037037037037037
95,95,0.3,0.02,6,harmonic,0.05,False,0.15,C_deep,92,0.8222826086956523,1.0,0.2408937009896986,0.75,1.0,0.25,1.0,0.989855072463768,1.0,0.07122495797269417,1.0,1.0,0.4,1.0,0.832427536231884,1.0,0.23747455529060096,0.75,1.0,0.25,1.0,0.5760869565217391
96,37,0.3,0.03,8,harmonic,0.05,False,0.15,A_default,84,0.8248015873015873,1.0,0.23198829264099424,0.5,1.0,0.3333333333333333,1.0,0.9339285714285713,1.0,0.1685922186874313,1.0,1.0,0.4,1.0,0.8908730158730158,1.0,0.19997330414042883,0.9375,1.0,0.3333333333333333,1.0,0.6071428571428571
96,37,0.3,0.03,8,harmonic,0.05,False,0.15,B_weak_signal,81,0.8728395061728393,1.0,0.21018253383871865,0.75,1.0,0.3333333333333333,1.0,0.9150205761316872,1.0,0.18547246235911372,1.0,1.0,0.4,1.0,0.9578189300411522,1.0,0.1305194328803048,1.0,1.0,0.3333333333333333,1.0,0.7037037037037037
96,37,0.3,0.03,8,harmonic,0.05,False,0.15,C_deep,92,0.8222826086956523,1.0,0.2408937009896986,0.75,1.0,0.25,1.0,0.989855072463768,1.0,0.07122495797269417,1.0,1.0,0.4,1.0,0.832427536231884,1.0,0.23747455529060096,0.75,1.0,0.25,1.0,0.5760869565217391
97,8,0.3,0.03,6,harmonic,0.05,False,0.15,A_default,84,0.8248015873015873,1.0,0.23198829264099424,0.5,1.0,0.3333333333333333,1.0,0.9339285714285713,1.0,0.1685922186874313,1.0,1.0,0.4,1.0,0.8908730158730158,1.0,0.19997330414042883,0.9375,1.0,0.3333333333333333,1.0,0.6071428571428571
97,8,0.3,0.03,6,harmonic,0.05,False,0.15,B_weak_signal,81,0.8728395061728393,1.0,0.21018253383871865,0.75,1.0,0.3333333333333333,1.0,0.9150205761316872,1.0,0.18547246235911372,1.0,1.0,0.4,1.0,0.9578189300411522,1.0,0.1305194328803048,1.0,1.0,0.3333333333333333,1.0,0.7037037037037037
97,8,0.3,0.03,6,harmonic,0.05,False,0.15,C_deep,92,0.8222826086956523,1.0,0.2408937009896986,0.75,1.0,0.25,1.0,0.989855072463768,1.0,0.07122495797269417,1.0,1.0,0.4,1.0,0.832427536231884,1.0,0.23747455529060096,0.75,1.0,0.25,1.0,0.5760869565217391
98,90,0.3,0.02,4,harmonic,0.05,False,0.15,A_default,84,0.8248015873015873,1.0,0.23198829264099424,0.5,1.0,0.3333333333333333,1.0,0.9339285714285713,1.0,0.1685922186874313,1.0,1.0,0.4,1.0,0.8908730158730158,1.0,0.19997330414042883,0.9375,1.0,0.3333333333333333,1.0,0.6071428571428571
98,90,0.3,0.02,4,harmonic,0.05,False,0.15,B_weak_signal,81,0.8728395061728393,1.0,0.21018253383871865,0.75,1.0,0.3333333333333333,1.0,0.9150205761316872,1.0,0.18547246235911372,1.0,1.0,0.4,1.0,0.9578189300411522,1.0,0.1305194328803048,1.0,1.0,0.3333333333333333,1.0,0.7037037037037037
98,90,0.3,0.02,4,harmonic,0.05,False,0.15,C_deep,92,0.8222826086956523,1.0,0.2408937009896986,0.75,1.0,0.25,1.0,0.989855072463768,1.0,0.07122495797269417,1.0,1.0,0.4,1.0,0.832427536231884,1.0,0.23747455529060096,0.75,1.0,0.25,1.0,0.5760869565217391
99,385,0.3,0.03,4,harmonic,0.05,False,0.15,A_default,84,0.8248015873015873,1.0,0.23198829264099424,0.5,1.0,0.3333333333333333,1.0,0.9339285714285713,1.0,0.1685922186874313,1.0,1.0,0.4,1.0,0.8908730158730158,1.0,0.19997330414042883,0.9375,1.0,0.3333333333333333,1.0,0.6071428571428571
99,385,0.3,0.03,4,harmonic,0.05,False,0.15,B_weak_signal,81,0.8728395061728393,1.0,0.21018253383871865,0.75,1.0,0.3333333333333333,1.0,0.9150205761316872,1.0,0.18547246235911372,1.0,1.0,0.4,1.0,0.9578189300411522,1.0,0.1305194328803048,1.0,1.0,0.3333333333333333,1.0,0.7037037037037037
99,385,0.3,0.03,4,harmonic,0.05,False,0.15,C_deep,92,0.8222826086956523,1.0,0.2408937009896986,0.75,1.0,0.25,1.0,0.989855072463768,1.0,0.07122495797269417,1.0,1.0,0.4,1.0,0.832427536231884,1.0,0.23747455529060096,0.75,1.0,0.25,1.0,0.5760869565217391
100,159,0.4,0.03,8,harmonic,0.05,False,0.1,A_default,79,0.8272151898734177,1.0,0.2308811502078404,0.5833333333333333,1.0,0.3333333333333333,1.0,0.9179324894514768,1.0,0.1848378852317418,1.0,1.0,0.4,1.0,0.9092827004219408,1.0,0.18499146887704457,1.0,1.0,0.3333333333333333,1.0,0.6075949367088608
100,159,0.4,0.03,8,harmonic,0.05,False,0.1,B_weak_signal,58,0.8540229885057472,1.0,0.21729128016769583,0.75,1.0,0.4,1.0,0.8798850574712644,1.0,0.21318065215930085,0.8125,1.0,0.4,1.0,0.9741379310344828,1.0,0.08995192639577512,1.0,1.0,0.5,1.0,0.6551724137931034
100,159,0.4,0.03,8,harmonic,0.05,False,0.1,C_deep,86,0.837015503875969,1.0,0.228641929188296,0.75,1.0,0.25,1.0,0.9852713178294572,1.0,0.08142595997901622,1.0,1.0,0.4,1.0,0.8517441860465116,1.0,0.22375332282583918,0.75,1.0,0.25,1.0,0.5930232558139535
101,79,0.4,0.02,4,harmonic,0.05,False,0.1,A_default,79,0.8272151898734177,1.0,0.2308811502078404,0.5833333333333333,1.0,0.3333333333333333,1.0,0.9179324894514768,1.0,0.1848378852317418,1.0,1.0,0.4,1.0,0.9092827004219408,1.0,0.18499146887704457,1.0,1.0,0.3333333333333333,1.0,0.6075949367088608
101,79,0.4,0.02,4,harmonic,0.05,False,0.1,B_weak_signal,58,0.8540229885057472,1.0,0.21729128016769583,0.75,1.0,0.4,1.0,0.8798850574712644,1.0,0.21318065215930085,0.8125,1.0,0.4,1.0,0.9741379310344828,1.0,0.08995192639577512,1.0,1.0,0.5,1.0,0.6551724137931034
101,79,0.4,0.02,4,harmonic,0.05,False,0.1,C_deep,86,0.837015503875969,1.0,0.228641929188296,0.75,1.0,0.25,1.0,0.9852713178294572,1.0,0.08142595997901622,1.0,1.0,0.4,1.0,0.8517441860465116,1.0,0.22375332282583918,0.75,1.0,0.25,1.0,0.5930232558139535
102,510,0.4,0.02,8,harmonic,0.05,False,0.1,A_default,79,0.8272151898734177,1.0,0.2308811502078404,0.5833333333333333,1.0,0.3333333333333333,1.0,0.9179324894514768,1.0,0.1848378852317418,1.0,1.0,0.4,1.0,0.9092827004219408,1.0,0.18499146887704457,1.0,1.0,0.3333333333333333,1.0,0.6075949367088608
102,510,0.4,0.02,8,harmonic,0.05,False,0.1,B_weak_signal,58,0.8540229885057472,1.0,0.21729128016769583,0.75,1.0,0.4,1.0,0.8798850574712644,1.0,0.21318065215930085,0.8125,1.0,0.4,1.0,0.9741379310344828,1.0,0.08995192639577512,1.0,1.0,0.5,1.0,0.6551724137931034
102,510,0.4,0.02,8,harmonic,0.05,False,0.1,C_deep,86,0.837015503875969,1.0,0.228641929188296,0.75,1.0,0.25,1.0,0.9852713178294572,1.0,0.08142595997901622,1.0,1.0,0.4,1.0,0.8517441860465116,1.0,0.22375332282583918,0.75,1.0,0.25,1.0,0.5930232558139535
103,616,0.2,0.05,4,mean,0.1,False,0.05,A_default,84,0.8291666666666667,1.0,0.20490757703700305,0.6666666666666666,1.0,0.3333333333333333,1.0,0.9343253968253968,1.0,0.14654319351909548,1.0,1.0,0.4,1.0,0.8928571428571429,1.0,0.18365772167311337,0.75,1.0,0.3333333333333333,1.0,0.5476190476190477
103,616,0.2,0.05,4,mean,0.1,False,0.05,B_weak_signal,84,0.8702380952380951,1.0,0.18642108466329035,0.6666666666666666,1.0,0.3333333333333333,1.0,0.9067460317460316,1.0,0.16535870399854774,0.75,1.0,0.3333333333333333,1.0,0.9583333333333334,1.0,0.11314240946381289,1.0,1.0,0.5,1.0,0.6428571428571429
103,616,0.2,0.05,4,mean,0.1,False,0.05,C_deep,92,0.8179347826086957,1.0,0.23321862297613066,0.7291666666666666,1.0,0.25,1.0,0.9755434782608695,1.0,0.08869048287088831,1.0,1.0,0.5,1.0,0.8369565217391305,1.0,0.2277702354131234,0.75,1.0,0.25,1.0,0.5543478260869565
104,496,0.3,0.05,6,mean,0.1,False,0.05,A_default,84,0.8291666666666667,1.0,0.20490757703700305,0.6666666666666666,1.0,0.3333333333333333,1.0,0.9343253968253968,1.0,0.14654319351909548,1.0,1.0,0.4,1.0,0.8928571428571429,1.0,0.18365772167311337,0.75,1.0,0.3333333333333333,1.0,0.5476190476190477
104,496,0.3,0.05,6,mean,0.1,False,0.05,B_weak_signal,81,0.8695473251028807,1.0,0.18739423171368186,0.6666666666666666,1.0,0.3333333333333333,1.0,0.9074074074074074,1.0,0.16562172428626504,0.75,1.0,0.3333333333333333,1.0,0.9567901234567902,1.0,0.11495100942532537,1.0,1.0,0.5,1.0,0.6419753086419753
104,496,0.3,0.05,6,mean,0.1,False,0.05,C_deep,92,0.8179347826086957,1.0,0.23321862297613066,0.7291666666666666,1.0,0.25,1.0,0.9755434782608695,1.0,0.08869048287088831,1.0,1.0,0.5,1.0,0.8369565217391305,1.0,0.2277702354131234,0.75,1.0,0.25,1.0,0.5543478260869565
105,378,0.3,0.05,4,mean,0.1,False,0.05,A_default,84,0.8291666666666667,1.0,0.20490757703700305,0.6666666666666666,1.0,0.3333333333333333,1.0,0.9343253968253968,1.0,0.14654319351909548,1.0,1.0,0.4,1.0,0.8928571428571429,1.0,0.18365772167311337,0.75,1.0,0.3333333333333333,1.0,0.5476190476190477
105,378,0.3,0.05,4,mean,0.1,False,0.05,B_weak_signal,81,0.8695473251028807,1.0,0.18739423171368186,0.6666666666666666,1.0,0.3333333333333333,1.0,0.9074074074074074,1.0,0.16562172428626504,0.75,1.0,0.3333333333333333,1.0,0.9567901234567902,1.0,0.11495100942532537,1.0,1.0,0.5,1.0,0.6419753086419753
105,378,0.3,0.05,4,mean,0.1,False,0.05,C_deep,92,0.8179347826086957,1.0,0.23321862297613066,0.7291666666666666,1.0,0.25,1.0,0.9755434782608695,1.0,0.08869048287088831,1.0,1.0,0.5,1.0,0.8369565217391305,1.0,0.2277702354131234,0.75,1.0,0.25,1.0,0.5543478260869565
106,718,0.3,0.05,6,max,0.2,False,0.05,A_default,84,0.8194444444444445,1.0,0.2534346834538075,0.6666666666666666,1.0,0.0,1.0,0.9375,1.0,0.20242629676623042,1.0,1.0,0.0,1.0,0.8462301587301587,1.0,0.25398235387686147,0.75,1.0,0.0,1.0,0.5833333333333334
106,718,0.3,0.05,6,max,0.2,False,0.05,B_weak_signal,81,0.8617283950617284,1.0,0.2802459788149963,0.75,1.0,0.0,1.0,0.8874485596707818,1.0,0.2740201085509249,1.0,1.0,0.0,1.0,0.9002057613168724,1.0,0.27367729662618073,1.0,1.0,0.0,1.0,0.7283950617283951
106,718,0.3,0.05,6,max,0.2,False,0.05,C_deep,92,0.828623188405797,1.0,0.25057109479495654,0.75,1.0,0.0,1.0,0.9791666666666666,1.0,0.11695738242637475,1.0,1.0,0.0,1.0,0.836050724637681,1.0,0.2493737843760316,0.75,1.0,0.0,1.0,0.6086956521739131
107,166,0.4,0.03,8,weighted,0.05,True,0.05,A_default,79,0.8394514767932489,1.0,0.22357776544685082,0.6666666666666666,1.0,0.2,1.0,0.8932489451476795,1.0,0.2032590411312117,1.0,1.0,0.2,1.0,0.9462025316455697,1.0,0.14249879709315363,1.0,1.0,0.5,1.0,0.620253164556962
107,166,0.4,0.03,8,weighted,0.05,True,0.05,B_weak_signal,58,0.7586206896551724,0.775,0.2677471054351695,0.5,1.0,0.25,1.0,0.7629310344827587,0.9,0.2696117182006632,0.5,1.0,0.25,1.0,0.9956896551724138,1.0,0.03282660821493064,1.0,1.0,0.75,1.0,0.4827586206896552
107,166,0.4,0.03,8,weighted,0.05,True,0.05,C_deep,86,0.9112403100775195,1.0,0.1705516206230759,0.8500000000000001,1.0,0.25,1.0,0.9655038759689922,1.0,0.10727737847520588,1.0,1.0,0.4,1.0,0.945736434108527,1.0,0.14617533670960872,1.0,1.0,0.25,1.0,0.7441860465116279
108,627,0.4,0.03,4,weighted,0.05,True,0.05,A_default,79,0.8394514767932489,1.0,0.22357776544685082,0.6666666666666666,1.0,0.2,1.0,0.8932489451476795,1.0,0.2032590411312117,1.0,1.0,0.2,1.0,0.9462025316455697,1.0,0.14249879709315363,1.0,1.0,0.5,1.0,0.620253164556962
108,627,0.4,0.03,4,weighted,0.05,True,0.05,B_weak_signal,58,0.7586206896551724,0.775,0.2677471054351695,0.5,1.0,0.25,1.0,0.7629310344827587,0.9,0.2696117182006632,0.5,1.0,0.25,1.0,0.9956896551724138,1.0,0.03282660821493064,1.0,1.0,0.75,1.0,0.4827586206896552
108,627,0.4,0.03,4,weighted,0.05,True,0.05,C_deep,86,0.9112403100775195,1.0,0.1705516206230759,0.8500000000000001,1.0,0.25,1.0,0.9655038759689922,1.0,0.10727737847520588,1.0,1.0,0.4,1.0,0.945736434108527,1.0,0.14617533670960872,1.0,1.0,0.25,1.0,0.7441860465116279
109,508,0.2,0.05,4,harmonic,0.1,True,0.15,A_default,84,0.840079365079365,1.0,0.21500161961375983,0.6666666666666666,1.0,0.3333333333333333,1.0,0.9700396825396825,1.0,0.11350506012535887,1.0,1.0,0.4,1.0,0.8700396825396824,1.0,0.20303552755077878,0.75,1.0,0.3333333333333333,1.0,0.6071428571428571
109,508,0.2,0.05,4,harmonic,0.1,True,0.15,B_weak_signal,84,0.8821428571428571,1.0,0.18041276699432793,0.7291666666666666,1.0,0.5,1.0,0.9394841269841271,1.0,0.13953402472367588,1.0,1.0,0.5,1.0,0.9394841269841271,1.0,0.1377234040512319,1.0,1.0,0.5,1.0,0.6785714285714286
109,508,0.2,0.05,4,harmonic,0.1,True,0.15,C_deep,92,0.7869565217391304,0.75,0.2409133273609015,0.6666666666666666,1.0,0.25,1.0,0.9891304347826086,1.0,0.0595277909163778,1.0,1.0,0.6666666666666666,1.0,0.7952898550724636,0.875,0.2406407564583423,0.6666666666666666,1.0,0.25,1.0,0.4782608695652174
110,43,0.3,0.05,6,weighted,0.1,True,0.05,A_default,84,0.8650793650793651,1.0,0.20974611808964422,0.75,1.0,0.25,1.0,0.9325396825396827,1.0,0.17617277257250044,1.0,1.0,0.25,1.0,0.9325396825396824,1.0,0.14888934558348427,1.0,1.0,0.5,1.0,0.6666666666666666
110,43,0.3,0.05,6,weighted,0.1,True,0.05,B_weak_signal,81,0.7582304526748972,1.0,0.28687883932059455,0.5,1.0,0.0,1.0,0.7765432098765432,1.0,0.2855644724072561,0.6666666666666666,1.0,0.0,1.0,0.963991769547325,1.0,0.13940490561379354,1.0,1.0,0.0,1.0,0.5185185185185185
110,43,0.3,0.05,6,weighted,0.1,True,0.05,C_deep,92,0.8838768115942028,1.0,0.18861766741876032,0.75,1.0,0.25,1.0,0.9764492753623187,1.0,0.10360274974762447,1.0,1.0,0.3333333333333333,1.0,0.904891304347826,1.0,0.1696534218273192,0.75,1.0,0.25,1.0,0.6739130434782609
111,696,0.4,0.03,8,harmonic,0.05,False,0.05,A_default,79,0.8293248945147679,1.0,0.22860307838968572,0.6666666666666666,1.0,0.3333333333333333,1.0,0.9073839662447258,1.0,0.19216762543113058,1.0,1.0,0.4,1.0,0.9219409282700421,1.0,0.17313401392904929,1.0,1.0,0.3333333333333333,1.0,0.6075949367088608
111,696,0.4,0.03,8,harmonic,0.05,False,0.05,B_weak_signal,58,0.8379310344827586,1.0,0.233099153651872,0.6875,1.0,0.3333333333333333,1.0,0.8637931034482759,1.0,0.23111177036219116,0.75,1.0,0.3333333333333333,1.0,0.9741379310344828,1.0,0.08995192639577512,1.0,1.0,0.5,1.0,0.6379310344827587
111,696,0.4,0.03,8,harmonic,0.05,False,0.05,C_deep,86,0.8399224806201551,1.0,0.22911137043769675,0.75,1.0,0.25,1.0,0.9852713178294572,1.0,0.08142595997901622,1.0,1.0,0.4,1.0,0.8546511627906976,1.0,0.22403972515965204,0.75,1.0,0.25,1.0,0.6046511627906976
112,443,0.4,0.03,4,harmonic,0.05,False,0.05,A_default,79,0.8293248945147679,1.0,0.22860307838968572,0.6666666666666666,1.0,0.3333333333333333,1.0,0.9073839662447258,1.0,0.19216762543113058,1.0,1.0,0.4,1.0,0.9219409282700421,1.0,0.17313401392904929,1.0,1.0,0.3333333333333333,1.0,0.6075949367088608
112,443,0.4,0.03,4,harmonic,0.05,False,0.05,B_weak_signal,58,0.8379310344827586,1.0,0.233099153651872,0.6875,1.0,0.3333333333333333,1.0,0.8637931034482759,1.0,0.23111177036219116,0.75,1.0,0.3333333333333333,1.0,0.9741379310344828,1.0,0.08995192639577512,1.0,1.0,0.5,1.0,0.6379310344827587
112,443,0.4,0.03,4,harmonic,0.05,False,0.05,C_deep,86,0.8399224806201551,1.0,0.22911137043769675,0.75,1.0,0.25,1.0,0.9852713178294572,1.0,0.08142595997901622,1.0,1.0,0.4,1.0,0.8546511627906976,1.0,0.22403972515965204,0.75,1.0,0.25,1.0,0.6046511627906976
113,54,0.4,0.03,6,harmonic,0.05,False,0.05,A_default,79,0.8293248945147679,1.0,0.22860307838968572,0.6666666666666666,1.0,0.3333333333333333,1.0,0.9073839662447258,1.0,0.19216762543113058,1.0,1.0,0.4,1.0,0.9219409282700421,1.0,0.17313401392904929,1.0,1.0,0.3333333333333333,1.0,0.6075949367088608
113,54,0.4,0.03,6,harmonic,0.05,False,0.05,B_weak_signal,58,0.8379310344827586,1.0,0.233099153651872,0.6875,1.0,0.3333333333333333,1.0,0.8637931034482759,1.0,0.23111177036219116,0.75,1.0,0.3333333333333333,1.0,0.9741379310344828,1.0,0.08995192639577512,1.0,1.0,0.5,1.0,0.6379310344827587
113,54,0.4,0.03,6,harmonic,0.05,False,0.05,C_deep,86,0.8399224806201551,1.0,0.22911137043769675,0.75,1.0,0.25,1.0,0.9852713178294572,1.0,0.08142595997901622,1.0,1.0,0.4,1.0,0.8546511627906976,1.0,0.22403972515965204,0.75,1.0,0.25,1.0,0.6046511627906976
114,776,0.2,0.03,4,max,0.15,False,0.05,A_default,84,0.8317460317460318,1.0,0.23554060760042078,0.6666666666666666,1.0,0.0,1.0,0.9041666666666667,1.0,0.20645336511636583,1.0,1.0,0.0,1.0,0.9156746031746033,1.0,0.19251994786118257,1.0,1.0,0.0,1.0,0.6190476190476191
114,776,0.2,0.03,4,max,0.15,False,0.05,B_weak_signal,84,0.8132936507936508,1.0,0.29241618854295054,0.6666666666666666,1.0,0.0,1.0,0.8222222222222222,1.0,0.2916088104789556,0.6666666666666666,1.0,0.0,1.0,0.9315476190476191,1.0,0.24344165846995044,1.0,1.0,0.0,1.0,0.6309523809523809
114,776,0.2,0.03,4,max,0.15,False,0.05,C_deep,92,0.8585144927536232,1.0,0.21840657504316152,0.75,1.0,0.25,1.0,0.9545289855072463,1.0,0.1219525533969419,1.0,1.0,0.5,1.0,0.9039855072463767,1.0,0.2040997620095745,1.0,1.0,0.25,1.0,0.6413043478260869
115,607,0.2,0.02,6,max,0.15,False,0.05,A_default,84,0.8317460317460318,1.0,0.23554060760042078,0.6666666666666666,1.0,0.0,1.0,0.9041666666666667,1.0,0.20645336511636583,1.0,1.0,0.0,1.0,0.9156746031746033,1.0,0.19251994786118257,1.0,1.0,0.0,1.0,0.6190476190476191
115,607,0.2,0.02,6,max,0.15,False,0.05,B_weak_signal,84,0.8132936507936508,1.0,0.29241618854295054,0.6666666666666666,1.0,0.0,1.0,0.8222222222222222,1.0,0.2916088104789556,0.6666666666666666,1.0,0.0,1.0,0.9315476190476191,1.0,0.24344165846995044,1.0,1.0,0.0,1.0,0.6309523809523809
115,607,0.2,0.02,6,max,0.15,False,0.05,C_deep,92,0.8585144927536232,1.0,0.21840657504316152,0.75,1.0,0.25,1.0,0.9545289855072463,1.0,0.1219525533969419,1.0,1.0,0.5,1.0,0.9039855072463767,1.0,0.2040997620095745,1.0,1.0,0.25,1.0,0.6413043478260869
116,112,0.2,0.03,8,max,0.15,False,0.05,A_default,84,0.8317460317460318,1.0,0.23554060760042078,0.6666666666666666,1.0,0.0,1.0,0.9041666666666667,1.0,0.20645336511636583,1.0,1.0,0.0,1.0,0.9156746031746033,1.0,0.19251994786118257,1.0,1.0,0.0,1.0,0.6190476190476191
116,112,0.2,0.03,8,max,0.15,False,0.05,B_weak_signal,84,0.8132936507936508,1.0,0.29241618854295054,0.6666666666666666,1.0,0.0,1.0,0.8222222222222222,1.0,0.2916088104789556,0.6666666666666666,1.0,0.0,1.0,0.9315476190476191,1.0,0.24344165846995044,1.0,1.0,0.0,1.0,0.6309523809523809
116,112,0.2,0.03,8,max,0.15,False,0.05,C_deep,92,0.8585144927536232,1.0,0.21840657504316152,0.75,1.0,0.25,1.0,0.9545289855072463,1.0,0.1219525533969419,1.0,1.0,0.5,1.0,0.9039855072463767,1.0,0.2040997620095745,1.0,1.0,0.25,1.0,0.6413043478260869
117,601,0.3,0.05,4,mean,0.1,False,0.1,A_default,84,0.8242063492063492,1.0,0.21018900084687214,0.6666666666666666,1.0,0.3333333333333333,1.0,0.9382936507936508,1.0,0.14369338735996998,1.0,1.0,0.4,1.0,0.8839285714285714,1.0,0.19231288700929267,0.75,1.0,0.3333333333333333,1.0,0.5476190476190477
117,601,0.3,0.05,4,mean,0.1,False,0.1,B_weak_signal,81,0.8695473251028807,1.0,0.18739423171368186,0.6666666666666666,1.0,0.3333333333333333,1.0,0.9074074074074074,1.0,0.16562172428626504,0.75,1.0,0.3333333333333333,1.0,0.9567901234567902,1.0,0.11495100942532537,1.0,1.0,0.5,1.0,0.6419753086419753
117,601,0.3,0.05,4,mean,0.1,False,0.1,C_deep,92,0.8070652173913043,1.0,0.2361451936341475,0.6666666666666666,1.0,0.25,1.0,0.9755434782608695,1.0,0.08869048287088831,1.0,1.0,0.5,1.0,0.8260869565217391,1.0,0.23166995211819116,0.75,1.0,0.25,1.0,0.532608695652174
118,276,0.4,0.02,8,weighted,0.1,True,0.15,A_default,79,0.8301687763713079,1.0,0.22623633026603898,0.5833333333333333,1.0,0.3333333333333333,1.0,0.9514767932489452,1.0,0.139064586478287,1.0,1.0,0.5,1.0,0.8786919831223627,1.0,0.2092064900432494,0.75,1.0,0.3333333333333333,1.0,0.6075949367088608
118,276,0.4,0.02,8,weighted,0.1,True,0.15,B_weak_signal,58,0.8801724137931034,1.0,0.18691235128237949,0.75,1.0,0.4,1.0,0.9275862068965517,1.0,0.16662431403800237,1.0,1.0,0.4,1.0,0.9525862068965517,1.0,0.11899521359720382,1.0,1.0,0.5,1.0,0.6724137931034483
118,276,0.4,0.02,8,weighted,0.1,True,0.15,C_deep,86,0.7895348837209303,0.75,0.24708822630644975,0.75,1.0,0.25,1.0,0.9930232558139536,1.0,0.06469966392206322,1.0,1.0,0.4,1.0,0.7965116279069767,0.875,0.24441628850267605,0.75,1.0,0.25,1.0,0.4883720930232558
119,742,0.3,0.03,8,weighted,0.15,True,0.05,A_default,84,0.8728174603174603,1.0,0.22127142287930127,0.75,1.0,0.25,1.0,0.9234126984126984,1.0,0.19379806779683703,1.0,1.0,0.25,1.0,0.9494047619047619,1.0,0.13873222183271428,1.0,1.0,0.5,1.0,0.7142857142857143
119,742,0.3,0.03,8,weighted,0.15,True,0.05,B_weak_signal,81,0.7446502057613169,0.75,0.28914177559169507,0.5,1.0,0.0,1.0,0.7569958847736626,1.0,0.29446118633978063,0.5,1.0,0.0,1.0,0.9753086419753086,1.0,0.12250598372888853,1.0,1.0,0.0,1.0,0.4691358024691358
119,742,0.3,0.03,8,weighted,0.15,True,0.05,C_deep,92,0.8777173913043478,1.0,0.21271081870142733,0.75,1.0,0.25,1.0,0.9755434782608695,1.0,0.12325586833039091,1.0,1.0,0.25,1.0,0.9021739130434783,1.0,0.18679249734759182,0.75,1.0,0.25,1.0,0.6956521739130435
120,418,0.3,0.02,6,weighted,0.15,True,0.05,A_default,84,0.8728174603174603,1.0,0.22127142287930127,0.75,1.0,0.25,1.0,0.9234126984126984,1.0,0.19379806779683703,1.0,1.0,0.25,1.0,0.9494047619047619,1.0,0.13873222183271428,1.0,1.0,0.5,1.0,0.7142857142857143
120,418,0.3,0.02,6,weighted,0.15,True,0.05,B_weak_signal,81,0.7446502057613169,0.75,0.28914177559169507,0.5,1.0,0.0,1.0,0.7569958847736626,1.0,0.29446118633978063,0.5,1.0,0.0,1.0,0.9753086419753086,1.0,0.12250598372888853,1.0,1.0,0.0,1.0,0.4691358024691358
120,418,0.3,0.02,6,weighted,0.15,True,0.05,C_deep,92,0.8777173913043478,1.0,0.21271081870142733,0.75,1.0,0.25,1.0,0.9755434782608695,1.0,0.12325586833039091,1.0,1.0,0.25,1.0,0.9021739130434783,1.0,0.18679249734759182,0.75,1.0,0.25,1.0,0.6956521739130435
121,523,0.4,0.02,6,harmonic,0.1,True,0.15,A_default,79,0.8289029535864977,1.0,0.22205189296153885,0.6666666666666666,1.0,0.3333333333333333,1.0,0.938607594936709,1.0,0.1515481434087441,1.0,1.0,0.4,1.0,0.8902953586497889,1.0,0.1999573956569168,0.875,1.0,0.3333333333333333,1.0,0.5949367088607594
121,523,0.4,0.02,6,harmonic,0.1,True,0.15,B_weak_signal,58,0.8600574712643678,1.0,0.20916942532540272,0.75,1.0,0.4,1.0,0.8988505747126436,1.0,0.19752025259413036,1.0,1.0,0.4,1.0,0.9612068965517241,1.0,0.11279662783012961,1.0,1.0,0.5,1.0,0.6551724137931034
121,523,0.4,0.02,6,harmonic,0.1,True,0.15,C_deep,86,0.8060077519379845,1.0,0.2440121178644426,0.75,1.0,0.25,1.0,0.9852713178294572,1.0,0.08142595997901622,1.0,1.0,0.4,1.0,0.820736434108527,1.0,0.24135965686942856,0.75,1.0,0.25,1.0,0.5348837209302325
122,483,0.4,0.03,8,harmonic,0.1,True,0.15,A_default,79,0.8289029535864977,1.0,0.22205189296153885,0.6666666666666666,1.0,0.3333333333333333,1.0,0.938607594936709,1.0,0.1515481434087441,1.0,1.0,0.4,1.0,0.8902953586497889,1.0,0.1999573956569168,0.875,1.0,0.3333333333333333,1.0,0.5949367088607594
122,483,0.4,0.03,8,harmonic,0.1,True,0.15,B_weak_signal,58,0.8600574712643678,1.0,0.20916942532540272,0.75,1.0,0.4,1.0,0.8988505747126436,1.0,0.19752025259413036,1.0,1.0,0.4,1.0,0.9612068965517241,1.0,0.11279662783012961,1.0,1.0,0.5,1.0,0.6551724137931034
122,483,0.4,0.03,8,harmonic,0.1,True,0.15,C_deep,86,0.8060077519379845,1.0,0.2440121178644426,0.75,1.0,0.25,1.0,0.9852713178294572,1.0,0.08142595997901622,1.0,1.0,0.4,1.0,0.820736434108527,1.0,0.24135965686942856,0.75,1.0,0.25,1.0,0.5348837209302325
123,333,0.4,0.02,8,harmonic,0.1,True,0.15,A_default,79,0.8289029535864977,1.0,0.22205189296153885,0.6666666666666666,1.0,0.3333333333333333,1.0,0.938607594936709,1.0,0.1515481434087441,1.0,1.0,0.4,1.0,0.8902953586497889,1.0,0.1999573956569168,0.875,1.0,0.3333333333333333,1.0,0.5949367088607594
123,333,0.4,0.02,8,harmonic,0.1,True,0.15,B_weak_signal,58,0.8600574712643678,1.0,0.20916942532540272,0.75,1.0,0.4,1.0,0.8988505747126436,1.0,0.19752025259413036,1.0,1.0,0.4,1.0,0.9612068965517241,1.0,0.11279662783012961,1.0,1.0,0.5,1.0,0.6551724137931034
123,333,0.4,0.02,8,harmonic,0.1,True,0.15,C_deep,86,0.8060077519379845,1.0,0.2440121178644426,0.75,1.0,0.25,1.0,0.9852713178294572,1.0,0.08142595997901622,1.0,1.0,0.4,1.0,0.820736434108527,1.0,0.24135965686942856,0.75,1.0,0.25,1.0,0.5348837209302325
124,685,0.4,0.05,4,harmonic,0.05,False,0.05,A_default,79,0.8331223628691985,1.0,0.21411205480976098,0.6666666666666666,1.0,0.3333333333333333,1.0,0.9405063291139242,1.0,0.1490158489893845,1.0,1.0,0.4,1.0,0.8892405063291141,1.0,0.18715971923318353,0.75,1.0,0.3333333333333333,1.0,0.5822784810126582
124,685,0.4,0.05,4,harmonic,0.05,False,0.05,B_weak_signal,58,0.8462643678160918,1.0,0.2030719992409446,0.6666666666666666,1.0,0.4,1.0,0.896264367816092,1.0,0.18435502403626022,0.8125,1.0,0.4,1.0,0.942528735632184,1.0,0.12410193625717034,1.0,1.0,0.5,1.0,0.603448275862069
124,685,0.4,0.05,4,harmonic,0.05,False,0.05,C_deep,86,0.8147286821705426,1.0,0.2252002537271345,0.75,1.0,0.25,1.0,0.9854651162790697,1.0,0.06665669100011157,1.0,1.0,0.6666666666666666,1.0,0.8265503875968991,1.0,0.22441467666893625,0.75,1.0,0.25,1.0,0.5116279069767442
125,119,0.4,0.05,8,harmonic,0.05,False,0.05,A_default,79,0.8331223628691985,1.0,0.21411205480976098,0.6666666666666666,1.0,0.3333333333333333,1.0,0.9405063291139242,1.0,0.1490158489893845,1.0,1.0,0.4,1.0,0.8892405063291141,1.0,0.18715971923318353,0.75,1.0,0.3333333333333333,1.0,0.5822784810126582
125,119,0.4,0.05,8,harmonic,0.05,False,0.05,B_weak_signal,58,0.8462643678160918,1.0,0.2030719992409446,0.6666666666666666,1.0,0.4,1.0,0.896264367816092,1.0,0.18435502403626022,0.8125,1.0,0.4,1.0,0.942528735632184,1.0,0.12410193625717034,1.0,1.0,0.5,1.0,0.603448275862069
125,119,0.4,0.05,8,harmonic,0.05,False,0.05,C_deep,86,0.8147286821705426,1.0,0.2252002537271345,0.75,1.0,0.25,1.0,0.9854651162790697,1.0,0.06665669100011157,1.0,1.0,0.6666666666666666,1.0,0.8265503875968991,1.0,0.22441467666893625,0.75,1.0,0.25,1.0,0.5116279069767442
126,99,0.2,0.05,4,weighted,0.1,True,0.05,A_default,84,0.8650793650793651,1.0,0.20974611808964422,0.75,1.0,0.25,1.0,0.9325396825396827,1.0,0.17617277257250044,1.0,1.0,0.25,1.0,0.9325396825396824,1.0,0.14888934558348427,1.0,1.0,0.5,1.0,0.6666666666666666
126,99,0.2,0.05,4,weighted,0.1,True,0.05,B_weak_signal,84,0.7450396825396826,0.875,0.2923589576528217,0.5,1.0,0.0,1.0,0.7626984126984127,1.0,0.29194472170759567,0.625,1.0,0.0,1.0,0.9652777777777777,1.0,0.13702735080399958,1.0,1.0,0.0,1.0,0.5
126,99,0.2,0.05,4,weighted,0.1,True,0.05,C_deep,92,0.8838768115942028,1.0,0.18861766741876032,0.75,1.0,0.25,1.0,0.9764492753623187,1.0,0.10360274974762447,1.0,1.0,0.3333333333333333,1.0,0.904891304347826,1.0,0.1696534218273192,0.75,1.0,0.25,1.0,0.6739130434782609
127,502,0.3,0.05,8,mean,0.2,True,0.1,A_default,84,0.8244047619047619,1.0,0.20372117906345819,0.6666666666666666,1.0,0.3333333333333333,1.0,0.9117063492063492,1.0,0.16329480247728675,1.0,1.0,0.5,1.0,0.9107142857142857,1.0,0.17248174451144457,1.0,1.0,0.3333333333333333,1.0,0.5357142857142857
127,502,0.3,0.05,8,mean,0.2,True,0.1,B_weak_signal,81,0.8417695473251028,1.0,0.20624155633878088,0.6666666666666666,1.0,0.25,1.0,0.8713991769547325,1.0,0.19411899571992983,0.6666666666666666,1.0,0.25,1.0,0.9629629629629629,1.0,0.10290907529357052,1.0,1.0,0.5,1.0,0.5802469135802469
127,502,0.3,0.05,8,mean,0.2,True,0.1,C_deep,92,0.8268115942028985,1.0,0.2275440426412186,0.7291666666666666,1.0,0.25,1.0,0.9637681159420289,1.0,0.11275787689246076,1.0,1.0,0.5,1.0,0.8586956521739131,1.0,0.21812664294359146,0.75,1.0,0.25,1.0,0.5652173913043478
128,591,0.3,0.05,6,mean,0.2,True,0.1,A_default,84,0.8244047619047619,1.0,0.20372117906345819,0.6666666666666666,1.0,0.3333333333333333,1.0,0.9117063492063492,1.0,0.16329480247728675,1.0,1.0,0.5,1.0,0.9107142857142857,1.0,0.17248174451144457,1.0,1.0,0.3333333333333333,1.0,0.5357142857142857
128,591,0.3,0.05,6,mean,0.2,True,0.1,B_weak_signal,81,0.8417695473251028,1.0,0.20624155633878088,0.6666666666666666,1.0,0.25,1.0,0.8713991769547325,1.0,0.19411899571992983,0.6666666666666666,1.0,0.25,1.0,0.9629629629629629,1.0,0.10290907529357052,1.0,1.0,0.5,1.0,0.5802469135802469
128,591,0.3,0.05,6,mean,0.2,True,0.1,C_deep,92,0.8268115942028985,1.0,0.2275440426412186,0.7291666666666666,1.0,0.25,1.0,0.9637681159420289,1.0,0.11275787689246076,1.0,1.0,0.5,1.0,0.8586956521739131,1.0,0.21812664294359146,0.75,1.0,0.25,1.0,0.5652173913043478
129,795,0.3,0.05,4,mean,0.2,True,0.1,A_default,84,0.8244047619047619,1.0,0.20372117906345819,0.6666666666666666,1.0,0.3333333333333333,1.0,0.9117063492063492,1.0,0.16329480247728675,1.0,1.0,0.5,1.0,0.9107142857142857,1.0,0.17248174451144457,1.0,1.0,0.3333333333333333,1.0,0.5357142857142857
129,795,0.3,0.05,4,mean,0.2,True,0.1,B_weak_signal,81,0.8417695473251028,1.0,0.20624155633878088,0.6666666666666666,1.0,0.25,1.0,0.8713991769547325,1.0,0.19411899571992983,0.6666666666666666,1.0,0.25,1.0,0.9629629629629629,1.0,0.10290907529357052,1.0,1.0,0.5,1.0,0.5802469135802469
129,795,0.3,0.05,4,mean,0.2,True,0.1,C_deep,92,0.8268115942028985,1.0,0.2275440426412186,0.7291666666666666,1.0,0.25,1.0,0.9637681159420289,1.0,0.11275787689246076,1.0,1.0,0.5,1.0,0.8586956521739131,1.0,0.21812664294359146,0.75,1.0,0.25,1.0,0.5652173913043478
130,492,0.4,0.02,4,mean,0.1,False,0.05,A_default,79,0.7966244725738397,1.0,0.2343442652681521,0.5,1.0,0.3333333333333333,1.0,0.8873417721518988,1.0,0.2073646744023235,1.0,1.0,0.4,1.0,0.9092827004219408,1.0,0.18060808247341106,1.0,1.0,0.3333333333333333,1.0,0.5316455696202531
130,492,0.4,0.02,4,mean,0.1,False,0.05,B_weak_signal,58,0.8646551724137931,1.0,0.20704167038755836,0.75,1.0,0.4,1.0,0.8905172413793103,1.0,0.20133840832856473,1.0,1.0,0.4,1.0,0.9741379310344828,1.0,0.08995192639577512,1.0,1.0,0.5,1.0,0.6724137931034483
130,492,0.4,0.02,4,mean,0.1,False,0.05,C_deep,86,0.8302325581395348,1.0,0.2416786559285245,0.75,1.0,0.25,1.0,0.9697674418604652,1.0,0.12278126647858303,1.0,1.0,0.4,1.0,0.8604651162790697,1.0,0.22774895179411841,0.75,1.0,0.25,1.0,0.6162790697674418
131,581,0.4,0.05,4,harmonic,0.05,False,0.1,A_default,79,0.8246835443037975,1.0,0.21887208859168142,0.6666666666666666,1.0,0.3333333333333333,1.0,0.9447257383966243,1.0,0.14584815074412347,1.0,1.0,0.4,1.0,0.8765822784810129,1.0,0.1960529135822436,0.75,1.0,0.3333333333333333,1.0,0.569620253164557
131,581,0.4,0.05,4,harmonic,0.05,False,0.1,B_weak_signal,58,0.8577586206896551,1.0,0.19462102718520813,0.6666666666666666,1.0,0.4,1.0,0.9077586206896552,1.0,0.17162835310940497,1.0,1.0,0.4,1.0,0.942528735632184,1.0,0.12410193625717034,1.0,1.0,0.5,1.0,0.6206896551724138
131,581,0.4,0.05,4,harmonic,0.05,False,0.1,C_deep,86,0.8089147286821705,0.875,0.22680932181074995,0.75,1.0,0.25,1.0,0.9854651162790697,1.0,0.06665669100011157,1.0,1.0,0.6666666666666666,1.0,0.820736434108527,1.0,0.22633678484346856,0.75,1.0,0.25,1.0,0.5
132,452,0.2,0.03,4,weighted,0.15,True,0.15,A_default,84,0.8382936507936508,1.0,0.2267838664920917,0.6666666666666666,1.0,0.3333333333333333,1.0,0.9662698412698412,1.0,0.11506287759180531,1.0,1.0,0.5,1.0,0.8720238095238093,1.0,0.21663053010799518,0.75,1.0,0.3333333333333333,1.0,0.6309523809523809
132,452,0.2,0.03,4,weighted,0.15,True,0.15,B_weak_signal,84,0.8678571428571429,1.0,0.2241716227081725,0.75,1.0,0.0,1.0,0.9412698412698413,1.0,0.1681953227736123,1.0,1.0,0.0,1.0,0.9146825396825398,1.0,0.20205445410182848,1.0,1.0,0.0,1.0,0.6904761904761905
132,452,0.2,0.03,4,weighted,0.15,True,0.15,C_deep,92,0.782608695652174,0.75,0.25497387933298943,0.625,1.0,0.25,1.0,0.9945652173913043,1.0,0.052128603514268596,1.0,1.0,0.5,1.0,0.7880434782608695,0.875,0.2542114875145298,0.7291666666666666,1.0,0.25,1.0,0.4891304347826087
133,582,0.2,0.03,6,weighted,0.15,True,0.15,A_default,84,0.8382936507936508,1.0,0.2267838664920917,0.6666666666666666,1.0,0.3333333333333333,1.0,0.9662698412698412,1.0,0.11506287759180531,1.0,1.0,0.5,1.0,0.8720238095238093,1.0,0.21663053010799518,0.75,1.0,0.3333333333333333,1.0,0.6309523809523809
133,582,0.2,0.03,6,weighted,0.15,True,0.15,B_weak_signal,84,0.8678571428571429,1.0,0.2241716227081725,0.75,1.0,0.0,1.0,0.9412698412698413,1.0,0.1681953227736123,1.0,1.0,0.0,1.0,0.9146825396825398,1.0,0.20205445410182848,1.0,1.0,0.0,1.0,0.6904761904761905
133,582,0.2,0.03,6,weighted,0.15,True,0.15,C_deep,92,0.782608695652174,0.75,0.25497387933298943,0.625,1.0,0.25,1.0,0.9945652173913043,1.0,0.052128603514268596,1.0,1.0,0.5,1.0,0.7880434782608695,0.875,0.2542114875145298,0.7291666666666666,1.0,0.25,1.0,0.4891304347826087
134,208,0.2,0.02,6,weighted,0.15,True,0.15,A_default,84,0.8382936507936508,1.0,0.2267838664920917,0.6666666666666666,1.0,0.3333333333333333,1.0,0.9662698412698412,1.0,0.11506287759180531,1.0,1.0,0.5,1.0,0.8720238095238093,1.0,0.21663053010799518,0.75,1.0,0.3333333333333333,1.0,0.6309523809523809
134,208,0.2,0.02,6,weighted,0.15,True,0.15,B_weak_signal,84,0.8678571428571429,1.0,0.2241716227081725,0.75,1.0,0.0,1.0,0.9412698412698413,1.0,0.1681953227736123,1.0,1.0,0.0,1.0,0.9146825396825398,1.0,0.20205445410182848,1.0,1.0,0.0,1.0,0.6904761904761905
134,208,0.2,0.02,6,weighted,0.15,True,0.15,C_deep,92,0.782608695652174,0.75,0.25497387933298943,0.625,1.0,0.25,1.0,0.9945652173913043,1.0,0.052128603514268596,1.0,1.0,0.5,1.0,0.7880434782608695,0.875,0.2542114875145298,0.7291666666666666,1.0,0.25,1.0,0.4891304347826087
135,41,0.2,0.05,4,harmonic,0.2,True,0.05,A_default,84,0.8759920634920636,1.0,0.199771475707955,0.75,1.0,0.25,1.0,0.9543650793650794,1.0,0.15218442995372994,1.0,1.0,0.25,1.0,0.9216269841269842,1.0,0.15488000627822834,1.0,1.0,0.5,1.0,0.6785714285714286
135,41,0.2,0.05,4,harmonic,0.2,True,0.05,B_weak_signal,84,0.7271825396825398,0.75,0.3055135882791324,0.5,1.0,0.0,1.0,0.7567460317460318,1.0,0.3126207295316886,0.5,1.0,0.0,1.0,0.9335317460317459,1.0,0.20566758846556585,1.0,1.0,0.0,1.0,0.47619047619047616
135,41,0.2,0.05,4,harmonic,0.2,True,0.05,C_deep,92,0.885144927536232,1.0,0.1861907938976283,0.75,1.0,0.25,1.0,0.977355072463768,1.0,0.10120101497446972,1.0,1.0,0.3333333333333333,1.0,0.9067028985507247,1.0,0.1675081282559121,0.75,1.0,0.25,1.0,0.6739130434782609
136,468,0.3,0.03,8,mean,0.15,False,0.15,A_default,84,0.7827380952380952,0.875,0.23677109564035137,0.5,1.0,0.3333333333333333,1.0,0.9424603174603173,1.0,0.14519074749675476,1.0,1.0,0.5,1.0,0.8402777777777777,1.0,0.23147869253116865,0.6875,1.0,0.3333333333333333,1.0,0.5
136,468,0.3,0.03,8,mean,0.15,False,0.15,B_weak_signal,81,0.9002057613168724,1.0,0.17990147433079118,0.75,1.0,0.3333333333333333,1.0,0.9547325102880658,1.0,0.12363798431704066,1.0,1.0,0.5,1.0,0.9454732510288065,1.0,0.14858154199889995,1.0,1.0,0.3333333333333333,1.0,0.7407407407407407
136,468,0.3,0.03,8,mean,0.15,False,0.15,C_deep,92,0.8050724637681159,1.0,0.2483859881050127,0.7291666666666666,1.0,0.25,1.0,0.986231884057971,1.0,0.07878072285374664,1.0,1.0,0.4,1.0,0.8188405797101449,1.0,0.24603345850996716,0.75,1.0,0.25,1.0,0.5434782608695652
137,751,0.3,0.03,8,weighted,0.15,True,0.15,A_default,84,0.8382936507936508,1.0,0.2267838664920917,0.6666666666666666,1.0,0.3333333333333333,1.0,0.9662698412698412,1.0,0.11506287759180531,1.0,1.0,0.5,1.0,0.8720238095238093,1.0,0.21663053010799518,0.75,1.0,0.3333333333333333,1.0,0.6309523809523809
137,751,0.3,0.03,8,weighted,0.15,True,0.15,B_weak_signal,81,0.8670781893004116,1.0,0.2262615145725855,0.75,1.0,0.0,1.0,0.9432098765432098,1.0,0.16827923589845503,1.0,1.0,0.0,1.0,0.9115226337448561,1.0,0.20511923997107143,1.0,1.0,0.0,1.0,0.691358024691358
137,751,0.3,0.03,8,weighted,0.15,True,0.15,C_deep,92,0.782608695652174,0.75,0.25497387933298943,0.625,1.0,0.25,1.0,0.9945652173913043,1.0,0.052128603514268596,1.0,1.0,0.5,1.0,0.7880434782608695,0.875,0.2542114875145298,0.7291666666666666,1.0,0.25,1.0,0.4891304347826087
138,491,0.3,0.03,4,weighted,0.15,True,0.15,A_default,84,0.8382936507936508,1.0,0.2267838664920917,0.6666666666666666,1.0,0.3333333333333333,1.0,0.9662698412698412,1.0,0.11506287759180531,1.0,1.0,0.5,1.0,0.8720238095238093,1.0,0.21663053010799518,0.75,1.0,0.3333333333333333,1.0,0.6309523809523809
138,491,0.3,0.03,4,weighted,0.15,True,0.15,B_weak_signal,81,0.8670781893004116,1.0,0.2262615145725855,0.75,1.0,0.0,1.0,0.9432098765432098,1.0,0.16827923589845503,1.0,1.0,0.0,1.0,0.9115226337448561,1.0,0.20511923997107143,1.0,1.0,0.0,1.0,0.691358024691358
138,491,0.3,0.03,4,weighted,0.15,True,0.15,C_deep,92,0.782608695652174,0.75,0.25497387933298943,0.625,1.0,0.25,1.0,0.9945652173913043,1.0,0.052128603514268596,1.0,1.0,0.5,1.0,0.7880434782608695,0.875,0.2542114875145298,0.7291666666666666,1.0,0.25,1.0,0.4891304347826087
139,38,0.3,0.02,6,mean,0.2,True,0.15,A_default,84,0.7982142857142857,1.0,0.22408549622728832,0.5,1.0,0.3333333333333333,1.0,0.9103174603174603,1.0,0.17886868864376557,1.0,1.0,0.4,1.0,0.8878968253968254,1.0,0.19639234817288082,0.75,1.0,0.3333333333333333,1.0,0.5119047619047619
139,38,0.3,0.02,6,mean,0.2,True,0.15,B_weak_signal,81,0.8781893004115225,1.0,0.20168804940545357,0.75,1.0,0.3333333333333333,1.0,0.9121399176954732,1.0,0.18602218254968614,1.0,1.0,0.3333333333333333,1.0,0.9660493827160493,1.0,0.11006451531199403,1.0,1.0,0.5,1.0,0.7037037037037037
139,38,0.3,0.02,6,mean,0.2,True,0.15,C_deep,92,0.8105072463768116,1.0,0.24430906524489107,0.7291666666666666,1.0,0.25,1.0,0.9753623188405797,1.0,0.10620200592020271,1.0,1.0,0.4,1.0,0.8351449275362318,1.0,0.23795086401572713,0.75,1.0,0.25,1.0,0.5543478260869565
140,584,0.3,0.02,4,mean,0.2,True,0.15,A_default,84,0.7982142857142857,1.0,0.22408549622728832,0.5,1.0,0.3333333333333333,1.0,0.9103174603174603,1.0,0.17886868864376557,1.0,1.0,0.4,1.0,0.8878968253968254,1.0,0.19639234817288082,0.75,1.0,0.3333333333333333,1.0,0.5119047619047619
140,584,0.3,0.02,4,mean,0.2,True,0.15,B_weak_signal,81,0.8781893004115225,1.0,0.20168804940545357,0.75,1.0,0.3333333333333333,1.0,0.9121399176954732,1.0,0.18602218254968614,1.0,1.0,0.3333333333333333,1.0,0.9660493827160493,1.0,0.11006451531199403,1.0,1.0,0.5,1.0,0.7037037037037037
140,584,0.3,0.02,4,mean,0.2,True,0.15,C_deep,92,0.8105072463768116,1.0,0.24430906524489107,0.7291666666666666,1.0,0.25,1.0,0.9753623188405797,1.0,0.10620200592020271,1.0,1.0,0.4,1.0,0.8351449275362318,1.0,0.23795086401572713,0.75,1.0,0.25,1.0,0.5543478260869565
141,213,0.2,0.05,4,harmonic,0.05,False,0.05,A_default,84,0.8311507936507938,1.0,0.21623806483154964,0.6666666666666666,1.0,0.3333333333333333,1.0,0.9321428571428572,1.0,0.16000304787687963,1.0,1.0,0.4,1.0,0.8958333333333334,1.0,0.18334017876960798,0.75,1.0,0.3333333333333333,1.0,0.5833333333333334
141,213,0.2,0.05,4,harmonic,0.05,False,0.05,B_weak_signal,84,0.8353174603174603,1.0,0.2204474693883725,0.6666666666666666,1.0,0.25,1.0,0.8757936507936508,1.0,0.20843017447069562,0.6666666666666666,1.0,0.25,1.0,0.9543650793650793,1.0,0.11742778257554486,1.0,1.0,0.5,1.0,0.6071428571428571
141,213,0.2,0.05,4,harmonic,0.05,False,0.05,C_deep,92,0.8202898550724638,1.0,0.2260888196639186,0.75,1.0,0.25,1.0,0.9827898550724636,1.0,0.07260422960987697,1.0,1.0,0.6666666666666666,1.0,0.8324275362318841,1.0,0.22322921593641631,0.75,1.0,0.25,1.0,0.532608695652174
142,253,0.3,0.02,8,min,0.1,False,0.1,A_default,84,0.7928571428571428,1.0,0.23110359925712215,0.5,1.0,0.3333333333333333,1.0,0.8781746031746032,1.0,0.21173687591362356,0.6666666666666666,1.0,0.4,1.0,0.9146825396825397,1.0,0.1720886100381172,1.0,1.0,0.3333333333333333,1.0,0.5119047619047619
142,253,0.3,0.02,8,min,0.1,False,0.1,B_weak_signal,81,0.8701646090534981,1.0,0.2079616025152561,0.75,1.0,0.3333333333333333,1.0,0.9010288065843624,1.0,0.19864725994090693,1.0,1.0,0.3333333333333333,1.0,0.9691358024691358,1.0,0.09986487784581988,1.0,1.0,0.5,1.0,0.691358024691358
142,253,0.3,0.02,8,min,0.1,False,0.1,C_deep,92,0.8231884057971013,1.0,0.21920820609059097,0.75,1.0,0.25,1.0,0.9590579710144926,1.0,0.1288725658880624,1.0,1.0,0.4,1.0,0.8641304347826086,1.0,0.20662020602965134,0.75,1.0,0.25,1.0,0.5217391304347826
143,779,0.3,0.02,4,min,0.1,False,0.05,A_default,84,0.7928571428571428,1.0,0.23110359925712215,0.5,1.0,0.3333333333333333,1.0,0.8781746031746032,1.0,0.21173687591362356,0.6666666666666666,1.0,0.4,1.0,0.9146825396825397,1.0,0.1720886100381172,1.0,1.0,0.3333333333333333,1.0,0.5119047619047619
143,779,0.3,0.02,4,min,0.1,False,0.05,B_weak_signal,81,0.8701646090534981,1.0,0.2079616025152561,0.75,1.0,0.3333333333333333,1.0,0.9010288065843624,1.0,0.19864725994090693,1.0,1.0,0.3333333333333333,1.0,0.9691358024691358,1.0,0.09986487784581988,1.0,1.0,0.5,1.0,0.691358024691358
143,779,0.3,0.02,4,min,0.1,False,0.05,C_deep,92,0.8231884057971013,1.0,0.21920820609059097,0.75,1.0,0.25,1.0,0.9590579710144926,1.0,0.1288725658880624,1.0,1.0,0.4,1.0,0.8641304347826086,1.0,0.20662020602965134,0.75,1.0,0.25,1.0,0.5217391304347826
144,577,0.3,0.03,6,max,0.15,False,0.1,A_default,84,0.8180555555555558,1.0,0.24135949642586818,0.625,1.0,0.0,1.0,0.9073412698412698,1.0,0.20057399544082552,1.0,1.0,0.0,1.0,0.8988095238095238,1.0,0.21100552462180164,1.0,1.0,0.0,1.0,0.5952380952380952
144,577,0.3,0.03,6,max,0.15,False,0.1,B_weak_signal,81,0.8409465020576131,1.0,0.25826678420659716,0.6666666666666666,1.0,0.0,1.0,0.8502057613168723,1.0,0.25630241777104096,0.75,1.0,0.0,1.0,0.9537037037037037,1.0,0.19808107206674538,1.0,1.0,0.0,1.0,0.654320987654321
144,577,0.3,0.03,6,max,0.15,False,0.1,C_deep,92,0.8268115942028985,1.0,0.23275643651846908,0.75,1.0,0.25,1.0,0.9545289855072463,1.0,0.1219525533969419,1.0,1.0,0.5,1.0,0.8722826086956522,1.0,0.22593284000425293,0.75,1.0,0.25,1.0,0.5760869565217391
145,628,0.3,0.02,6,max,0.15,False,0.1,A_default,84,0.8180555555555558,1.0,0.24135949642586818,0.625,1.0,0.0,1.0,0.9073412698412698,1.0,0.20057399544082552,1.0,1.0,0.0,1.0,0.8988095238095238,1.0,0.21100552462180164,1.0,1.0,0.0,1.0,0.5952380952380952
145,628,0.3,0.02,6,max,0.15,False,0.1,B_weak_signal,81,0.8409465020576131,1.0,0.25826678420659716,0.6666666666666666,1.0,0.0,1.0,0.8502057613168723,1.0,0.25630241777104096,0.75,1.0,0.0,1.0,0.9537037037037037,1.0,0.19808107206674538,1.0,1.0,0.0,1.0,0.654320987654321
145,628,0.3,0.02,6,max,0.15,False,0.1,C_deep,92,0.8268115942028985,1.0,0.23275643651846908,0.75,1.0,0.25,1.0,0.9545289855072463,1.0,0.1219525533969419,1.0,1.0,0.5,1.0,0.8722826086956522,1.0,0.22593284000425293,0.75,1.0,0.25,1.0,0.5760869565217391
146,675,0.3,0.03,8,mean,0.15,False,0.1,A_default,84,0.7817460317460316,0.875,0.23708429478872878,0.5,1.0,0.3333333333333333,1.0,0.9384920634920635,1.0,0.14812473917817034,1.0,1.0,0.5,1.0,0.8432539682539681,1.0,0.23191073860470762,0.6875,1.0,0.3333333333333333,1.0,0.5
146,675,0.3,0.03,8,mean,0.15,False,0.1,B_weak_signal,81,0.8981481481481481,1.0,0.1835226295462102,0.75,1.0,0.3333333333333333,1.0,0.9526748971193415,1.0,0.12972879804624737,1.0,1.0,0.5,1.0,0.9454732510288065,1.0,0.14858154199889995,1.0,1.0,0.3333333333333333,1.0,0.7407407407407407
146,675,0.3,0.03,8,mean,0.15,False,0.1,C_deep,92,0.8050724637681159,1.0,0.2483859881050127,0.7291666666666666,1.0,0.25,1.0,0.986231884057971,1.0,0.07878072285374664,1.0,1.0,0.4,1.0,0.8188405797101449,1.0,0.24603345850996716,0.75,1.0,0.25,1.0,0.5434782608695652
147,381,0.3,0.03,4,mean,0.15,False,0.1,A_default,84,0.7817460317460316,0.875,0.23708429478872878,0.5,1.0,0.3333333333333333,1.0,0.9384920634920635,1.0,0.14812473917817034,1.0,1.0,0.5,1.0,0.8432539682539681,1.0,0.23191073860470762,0.6875,1.0,0.3333333333333333,1.0,0.5
147,381,0.3,0.03,4,mean,0.15,False,0.1,B_weak_signal,81,0.8981481481481481,1.0,0.1835226295462102,0.75,1.0,0.3333333333333333,1.0,0.9526748971193415,1.0,0.12972879804624737,1.0,1.0,0.5,1.0,0.9454732510288065,1.0,0.14858154199889995,1.0,1.0,0.3333333333333333,1.0,0.7407407407407407
147,381,0.3,0.03,4,mean,0.15,False,0.1,C_deep,92,0.8050724637681159,1.0,0.2483859881050127,0.7291666666666666,1.0,0.25,1.0,0.986231884057971,1.0,0.07878072285374664,1.0,1.0,0.4,1.0,0.8188405797101449,1.0,0.24603345850996716,0.75,1.0,0.25,1.0,0.5434782608695652
148,323,0.3,0.03,6,mean,0.15,False,0.1,A_default,84,0.7817460317460316,0.875,0.23708429478872878,0.5,1.0,0.3333333333333333,1.0,0.9384920634920635,1.0,0.14812473917817034,1.0,1.0,0.5,1.0,0.8432539682539681,1.0,0.23191073860470762,0.6875,1.0,0.3333333333333333,1.0,0.5
148,323,0.3,0.03,6,mean,0.15,False,0.1,B_weak_signal,81,0.8981481481481481,1.0,0.1835226295462102,0.75,1.0,0.3333333333333333,1.0,0.9526748971193415,1.0,0.12972879804624737,1.0,1.0,0.5,1.0,0.9454732510288065,1.0,0.14858154199889995,1.0,1.0,0.3333333333333333,1.0,0.7407407407407407
148,323,0.3,0.03,6,mean,0.15,False,0.1,C_deep,92,0.8050724637681159,1.0,0.2483859881050127,0.7291666666666666,1.0,0.25,1.0,0.986231884057971,1.0,0.07878072285374664,1.0,1.0,0.4,1.0,0.8188405797101449,1.0,0.24603345850996716,0.75,1.0,0.25,1.0,0.5434782608695652
149,576,0.3,0.03,6,harmonic,0.15,True,0.05,A_default,84,0.8573412698412698,1.0,0.22458277828091827,0.7291666666666666,1.0,0.2,1.0,0.9079365079365079,1.0,0.20154151897809036,1.0,1.0,0.2,1.0,0.9494047619047619,1.0,0.13873222183271428,1.0,1.0,0.5,1.0,0.6666666666666666
149,576,0.3,0.03,6,harmonic,0.15,True,0.05,B_weak_signal,81,0.7232510288065844,0.75,0.3093752554695431,0.5,1.0,0.0,1.0,0.7294238683127572,0.8,0.3123640993933987,0.5,1.0,0.0,1.0,0.9814814814814815,1.0,0.11711224435462694,1.0,1.0,0.0,1.0,0.4691358024691358
149,576,0.3,0.03,6,harmonic,0.15,True,0.05,C_deep,92,0.9043478260869564,1.0,0.1866233198823655,0.7875000000000001,1.0,0.25,1.0,0.9632246376811594,1.0,0.13382551200986478,1.0,1.0,0.25,1.0,0.941123188405797,1.0,0.1459349690200562,1.0,1.0,0.25,1.0,0.7391304347826086
150,195,0.2,0.03,4,min,0.1,False,0.1,A_default,84,0.7928571428571428,1.0,0.23110359925712215,0.5,1.0,0.3333333333333333,1.0,0.8781746031746032,1.0,0.21173687591362356,0.6666666666666666,1.0,0.4,1.0,0.9146825396825397,1.0,0.1720886100381172,1.0,1.0,0.3333333333333333,1.0,0.5119047619047619
150,195,0.2,0.03,4,min,0.1,False,0.1,B_weak_signal,84,0.8688492063492064,1.0,0.20914148093789034,0.75,1.0,0.3333333333333333,1.0,0.8986111111111111,1.0,0.20050485699754828,1.0,1.0,0.3333333333333333,1.0,0.9702380952380952,1.0,0.09821265580455302,1.0,1.0,0.5,1.0,0.6904761904761905
150,195,0.2,0.03,4,min,0.1,False,0.1,C_deep,92,0.8231884057971013,1.0,0.21920820609059097,0.75,1.0,0.25,1.0,0.9590579710144926,1.0,0.1288725658880624,1.0,1.0,0.4,1.0,0.8641304347826086,1.0,0.20662020602965134,0.75,1.0,0.25,1.0,0.5217391304347826
151,235,0.2,0.02,4,min,0.1,False,0.05,A_default,84,0.7928571428571428,1.0,0.23110359925712215,0.5,1.0,0.3333333333333333,1.0,0.8781746031746032,1.0,0.21173687591362356,0.6666666666666666,1.0,0.4,1.0,0.9146825396825397,1.0,0.1720886100381172,1.0,1.0,0.3333333333333333,1.0,0.5119047619047619
151,235,0.2,0.02,4,min,0.1,False,0.05,B_weak_signal,84,0.8688492063492064,1.0,0.20914148093789034,0.75,1.0,0.3333333333333333,1.0,0.8986111111111111,1.0,0.20050485699754828,1.0,1.0,0.3333333333333333,1.0,0.9702380952380952,1.0,0.09821265580455302,1.0,1.0,0.5,1.0,0.6904761904761905
151,235,0.2,0.02,4,min,0.1,False,0.05,C_deep,92,0.8231884057971013,1.0,0.21920820609059097,0.75,1.0,0.25,1.0,0.9590579710144926,1.0,0.1288725658880624,1.0,1.0,0.4,1.0,0.8641304347826086,1.0,0.20662020602965134,0.75,1.0,0.25,1.0,0.5217391304347826
152,321,0.2,0.03,6,min,0.1,False,0.05,A_default,84,0.7928571428571428,1.0,0.23110359925712215,0.5,1.0,0.3333333333333333,1.0,0.8781746031746032,1.0,0.21173687591362356,0.6666666666666666,1.0,0.4,1.0,0.9146825396825397,1.0,0.1720886100381172,1.0,1.0,0.3333333333333333,1.0,0.5119047619047619
152,321,0.2,0.03,6,min,0.1,False,0.05,B_weak_signal,84,0.8688492063492064,1.0,0.20914148093789034,0.75,1.0,0.3333333333333333,1.0,0.8986111111111111,1.0,0.20050485699754828,1.0,1.0,0.3333333333333333,1.0,0.9702380952380952,1.0,0.09821265580455302,1.0,1.0,0.5,1.0,0.6904761904761905
152,321,0.2,0.03,6,min,0.1,False,0.05,C_deep,92,0.8231884057971013,1.0,0.21920820609059097,0.75,1.0,0.25,1.0,0.9590579710144926,1.0,0.1288725658880624,1.0,1.0,0.4,1.0,0.8641304347826086,1.0,0.20662020602965134,0.75,1.0,0.25,1.0,0.5217391304347826
153,280,0.2,0.03,8,min,0.1,False,0.1,A_default,84,0.7928571428571428,1.0,0.23110359925712215,0.5,1.0,0.3333333333333333,1.0,0.8781746031746032,1.0,0.21173687591362356,0.6666666666666666,1.0,0.4,1.0,0.9146825396825397,1.0,0.1720886100381172,1.0,1.0,0.3333333333333333,1.0,0.5119047619047619
153,280,0.2,0.03,8,min,0.1,False,0.1,B_weak_signal,84,0.8688492063492064,1.0,0.20914148093789034,0.75,1.0,0.3333333333333333,1.0,0.8986111111111111,1.0,0.20050485699754828,1.0,1.0,0.3333333333333333,1.0,0.9702380952380952,1.0,0.09821265580455302,1.0,1.0,0.5,1.0,0.6904761904761905
153,280,0.2,0.03,8,min,0.1,False,0.1,C_deep,92,0.8231884057971013,1.0,0.21920820609059097,0.75,1.0,0.25,1.0,0.9590579710144926,1.0,0.1288725658880624,1.0,1.0,0.4,1.0,0.8641304347826086,1.0,0.20662020602965134,0.75,1.0,0.25,1.0,0.5217391304347826
154,199,0.2,0.02,8,min,0.1,False,0.05,A_default,84,0.7928571428571428,1.0,0.23110359925712215,0.5,1.0,0.3333333333333333,1.0,0.8781746031746032,1.0,0.21173687591362356,0.6666666666666666,1.0,0.4,1.0,0.9146825396825397,1.0,0.1720886100381172,1.0,1.0,0.3333333333333333,1.0,0.5119047619047619
154,199,0.2,0.02,8,min,0.1,False,0.05,B_weak_signal,84,0.8688492063492064,1.0,0.20914148093789034,0.75,1.0,0.3333333333333333,1.0,0.8986111111111111,1.0,0.20050485699754828,1.0,1.0,0.3333333333333333,1.0,0.9702380952380952,1.0,0.09821265580455302,1.0,1.0,0.5,1.0,0.6904761904761905
154,199,0.2,0.02,8,min,0.1,False,0.05,C_deep,92,0.8231884057971013,1.0,0.21920820609059097,0.75,1.0,0.25,1.0,0.9590579710144926,1.0,0.1288725658880624,1.0,1.0,0.4,1.0,0.8641304347826086,1.0,0.20662020602965134,0.75,1.0,0.25,1.0,0.5217391304347826
155,687,0.3,0.02,8,mean,0.2,True,0.1,A_default,84,0.8049603174603176,1.0,0.22149818100710505,0.6666666666666666,1.0,0.3333333333333333,1.0,0.8694444444444445,1.0,0.2039902045928551,0.6666666666666666,1.0,0.4,1.0,0.9355158730158729,1.0,0.15649225021346128,1.0,1.0,0.3333333333333333,1.0,0.5238095238095238
155,687,0.3,0.02,8,mean,0.2,True,0.1,B_weak_signal,81,0.8473251028806583,1.0,0.22741690775184867,0.75,1.0,0.25,1.0,0.859670781893004,1.0,0.22859571599603987,0.75,1.0,0.25,1.0,0.9876543209876543,1.0,0.054503935750968235,1.0,1.0,0.75,1.0,0.6419753086419753
155,687,0.3,0.02,8,mean,0.2,True,0.1,C_deep,92,0.8326086956521739,1.0,0.2337896250649792,0.75,1.0,0.25,1.0,0.9413043478260869,1.0,0.1581617203932055,1.0,1.0,0.4,1.0,0.8913043478260869,1.0,0.20625858121593627,0.75,1.0,0.25,1.0,0.5978260869565217
156,542,0.3,0.03,4,mean,0.1,False,0.15,A_default,84,0.8049603174603176,1.0,0.2270935585834588,0.5,1.0,0.3333333333333333,1.0,0.917063492063492,1.0,0.17838289275849917,1.0,1.0,0.4,1.0,0.8878968253968254,1.0,0.19639234817288082,0.75,1.0,0.3333333333333333,1.0,0.5357142857142857
156,542,0.3,0.03,4,mean,0.1,False,0.15,B_weak_signal,81,0.87119341563786,1.0,0.2075654573073645,0.75,1.0,0.3333333333333333,1.0,0.9133744855967076,1.0,0.18288619247070967,1.0,1.0,0.3333333333333333,1.0,0.9578189300411522,1.0,0.1305194328803048,1.0,1.0,0.3333333333333333,1.0,0.691358024691358
156,542,0.3,0.03,4,mean,0.1,False,0.15,C_deep,92,0.8086956521739131,1.0,0.24599947215054957,0.7291666666666666,1.0,0.25,1.0,0.9735507246376811,1.0,0.11274551757516066,1.0,1.0,0.4,1.0,0.8351449275362318,1.0,0.23795086401572713,0.75,1.0,0.25,1.0,0.5543478260869565
157,703,0.2,0.02,4,harmonic,0.05,True,0.1,A_default,84,0.8091269841269841,1.0,0.23715184108277035,0.5,1.0,0.3333333333333333,1.0,0.8676587301587301,1.0,0.21953387382558698,0.6666666666666666,1.0,0.4,1.0,0.941468253968254,1.0,0.15402876275711072,1.0,1.0,0.3333333333333333,1.0,0.5714285714285714
157,703,0.2,0.02,4,harmonic,0.05,True,0.1,B_weak_signal,84,0.8301587301587302,1.0,0.25082829573022714,0.7291666666666666,1.0,0.2,1.0,0.8390873015873016,1.0,0.25227869206761333,0.7291666666666666,1.0,0.2,1.0,0.9910714285714286,1.0,0.046672864517532546,1.0,1.0,0.75,1.0,0.6428571428571429
157,703,0.2,0.02,4,harmonic,0.05,True,0.1,C_deep,92,0.8449275362318839,1.0,0.22633054061884358,0.75,1.0,0.25,1.0,0.9536231884057971,1.0,0.13738856261161866,1.0,1.0,0.4,1.0,0.8913043478260869,1.0,0.20625858121593627,0.75,1.0,0.25,1.0,0.6195652173913043
158,709,0.2,0.03,4,harmonic,0.05,True,0.1,A_default,84,0.8091269841269841,1.0,0.23715184108277035,0.5,1.0,0.3333333333333333,1.0,0.8676587301587301,1.0,0.21953387382558698,0.6666666666666666,1.0,0.4,1.0,0.941468253968254,1.0,0.15402876275711072,1.0,1.0,0.3333333333333333,1.0,0.5714285714285714
158,709,0.2,0.03,4,harmonic,0.05,True,0.1,B_weak_signal,84,0.8301587301587302,1.0,0.25082829573022714,0.7291666666666666,1.0,0.2,1.0,0.8390873015873016,1.0,0.25227869206761333,0.7291666666666666,1.0,0.2,1.0,0.9910714285714286,1.0,0.046672864517532546,1.0,1.0,0.75,1.0,0.6428571428571429
158,709,0.2,0.03,4,harmonic,0.05,True,0.1,C_deep,92,0.8449275362318839,1.0,0.22633054061884358,0.75,1.0,0.25,1.0,0.9536231884057971,1.0,0.13738856261161866,1.0,1.0,0.4,1.0,0.8913043478260869,1.0,0.20625858121593627,0.75,1.0,0.25,1.0,0.6195652173913043
159,653,0.2,0.05,6,harmonic,0.05,True,0.1,A_default,84,0.8202380952380951,1.0,0.2093540685726485,0.6666666666666666,1.0,0.3333333333333333,1.0,0.9003968253968253,1.0,0.17006527194992388,0.7291666666666666,1.0,0.4,1.0,0.9146825396825397,1.0,0.17062380160083954,1.0,1.0,0.3333333333333333,1.0,0.5357142857142857
159,653,0.2,0.05,6,harmonic,0.05,True,0.1,B_weak_signal,84,0.838095238095238,1.0,0.21793068774832822,0.6666666666666666,1.0,0.25,1.0,0.8636904761904761,1.0,0.20736377948767185,0.6666666666666666,1.0,0.25,1.0,0.9672619047619048,1.0,0.09853160287034633,1.0,1.0,0.5,1.0,0.5952380952380952
159,653,0.2,0.05,6,harmonic,0.05,True,0.1,C_deep,92,0.8257246376811594,1.0,0.22328457511981487,0.75,1.0,0.25,1.0,0.9619565217391305,1.0,0.10440031925380407,1.0,1.0,0.6666666666666666,1.0,0.8568840579710146,1.0,0.2172807889176592,0.75,1.0,0.25,1.0,0.5434782608695652
160,5,0.2,0.05,8,harmonic,0.05,True,0.1,A_default,84,0.8202380952380951,1.0,0.2093540685726485,0.6666666666666666,1.0,0.3333333333333333,1.0,0.9003968253968253,1.0,0.17006527194992388,0.7291666666666666,1.0,0.4,1.0,0.9146825396825397,1.0,0.17062380160083954,1.0,1.0,0.3333333333333333,1.0,0.5357142857142857
160,5,0.2,0.05,8,harmonic,0.05,True,0.1,B_weak_signal,84,0.838095238095238,1.0,0.21793068774832822,0.6666666666666666,1.0,0.25,1.0,0.8636904761904761,1.0,0.20736377948767185,0.6666666666666666,1.0,0.25,1.0,0.9672619047619048,1.0,0.09853160287034633,1.0,1.0,0.5,1.0,0.5952380952380952
160,5,0.2,0.05,8,harmonic,0.05,True,0.1,C_deep,92,0.8257246376811594,1.0,0.22328457511981487,0.75,1.0,0.25,1.0,0.9619565217391305,1.0,0.10440031925380407,1.0,1.0,0.6666666666666666,1.0,0.8568840579710146,1.0,0.2172807889176592,0.75,1.0,0.25,1.0,0.5434782608695652
161,223,0.2,0.02,6,harmonic,0.2,True,0.05,A_default,84,0.8724206349206349,1.0,0.2180523199626443,0.75,1.0,0.2,1.0,0.923015873015873,1.0,0.19022119094702952,1.0,1.0,0.2,1.0,0.9494047619047619,1.0,0.13873222183271428,1.0,1.0,0.5,1.0,0.7023809523809523
161,223,0.2,0.02,6,harmonic,0.2,True,0.05,B_weak_signal,84,0.7047619047619048,0.75,0.32325705460290416,0.475,1.0,0.0,1.0,0.7077380952380953,0.75,0.32482562955469707,0.475,1.0,0.0,1.0,0.9613095238095238,1.0,0.18810263644062825,1.0,1.0,0.0,1.0,0.4523809523809524
161,223,0.2,0.02,6,harmonic,0.2,True,0.05,C_deep,92,0.9063405797101448,1.0,0.1808412439198219,0.7875000000000001,1.0,0.25,1.0,0.9679347826086956,1.0,0.12265464425009907,1.0,1.0,0.3333333333333333,1.0,0.9384057971014492,1.0,0.14714912179203926,1.0,1.0,0.25,1.0,0.7391304347826086
162,367,0.4,0.03,8,weighted,0.05,True,0.15,A_default,79,0.821308016877637,1.0,0.23101622254152587,0.5,1.0,0.3333333333333333,1.0,0.9341772151898734,1.0,0.16836524903029818,1.0,1.0,0.4,1.0,0.8871308016877637,1.0,0.20017708269917678,0.75,1.0,0.3333333333333333,1.0,0.5949367088607594
162,367,0.4,0.03,8,weighted,0.05,True,0.15,B_weak_signal,58,0.8600574712643678,1.0,0.20205908017897173,0.75,1.0,0.4,1.0,0.9074712643678161,1.0,0.18866961164071425,1.0,1.0,0.4,1.0,0.9525862068965517,1.0,0.11899521359720382,1.0,1.0,0.5,1.0,0.6379310344827587
162,367,0.4,0.03,8,weighted,0.05,True,0.15,C_deep,86,0.8021317829457363,1.0,0.2415201924145749,0.75,1.0,0.25,1.0,0.9930232558139536,1.0,0.06469966392206322,1.0,1.0,0.4,1.0,0.8091085271317829,1.0,0.23841328669526335,0.75,1.0,0.25,1.0,0.5116279069767442
163,498,0.4,0.02,6,weighted,0.05,True,0.15,A_default,79,0.821308016877637,1.0,0.23101622254152587,0.5,1.0,0.3333333333333333,1.0,0.9341772151898734,1.0,0.16836524903029818,1.0,1.0,0.4,1.0,0.8871308016877637,1.0,0.20017708269917678,0.75,1.0,0.3333333333333333,1.0,0.5949367088607594
163,498,0.4,0.02,6,weighted,0.05,True,0.15,B_weak_signal,58,0.8600574712643678,1.0,0.20205908017897173,0.75,1.0,0.4,1.0,0.9074712643678161,1.0,0.18866961164071425,1.0,1.0,0.4,1.0,0.9525862068965517,1.0,0.11899521359720382,1.0,1.0,0.5,1.0,0.6379310344827587
163,498,0.4,0.02,6,weighted,0.05,True,0.15,C_deep,86,0.8021317829457363,1.0,0.2415201924145749,0.75,1.0,0.25,1.0,0.9930232558139536,1.0,0.06469966392206322,1.0,1.0,0.4,1.0,0.8091085271317829,1.0,0.23841328669526335,0.75,1.0,0.25,1.0,0.5116279069767442
164,724,0.4,0.02,8,weighted,0.05,True,0.15,A_default,79,0.821308016877637,1.0,0.23101622254152587,0.5,1.0,0.3333333333333333,1.0,0.9341772151898734,1.0,0.16836524903029818,1.0,1.0,0.4,1.0,0.8871308016877637,1.0,0.20017708269917678,0.75,1.0,0.3333333333333333,1.0,0.5949367088607594
164,724,0.4,0.02,8,weighted,0.05,True,0.15,B_weak_signal,58,0.8600574712643678,1.0,0.20205908017897173,0.75,1.0,0.4,1.0,0.9074712643678161,1.0,0.18866961164071425,1.0,1.0,0.4,1.0,0.9525862068965517,1.0,0.11899521359720382,1.0,1.0,0.5,1.0,0.6379310344827587
164,724,0.4,0.02,8,weighted,0.05,True,0.15,C_deep,86,0.8021317829457363,1.0,0.2415201924145749,0.75,1.0,0.25,1.0,0.9930232558139536,1.0,0.06469966392206322,1.0,1.0,0.4,1.0,0.8091085271317829,1.0,0.23841328669526335,0.75,1.0,0.25,1.0,0.5116279069767442
165,173,0.4,0.02,6,mean,0.1,False,0.1,A_default,79,0.8,1.0,0.23044611757504851,0.5,1.0,0.3333333333333333,1.0,0.8970464135021098,1.0,0.1967825150185583,1.0,1.0,0.4,1.0,0.9029535864978903,1.0,0.18606663890785222,1.0,1.0,0.3333333333333333,1.0,0.5316455696202531
165,173,0.4,0.02,6,mean,0.1,False,0.1,B_weak_signal,58,0.8646551724137931,1.0,0.20704167038755836,0.75,1.0,0.4,1.0,0.8905172413793103,1.0,0.20133840832856473,1.0,1.0,0.4,1.0,0.9741379310344828,1.0,0.08995192639577512,1.0,1.0,0.5,1.0,0.6724137931034483
165,173,0.4,0.02,6,mean,0.1,False,0.1,C_deep,86,0.8186046511627906,1.0,0.24225814844482765,0.75,1.0,0.25,1.0,0.9697674418604652,1.0,0.12278126647858303,1.0,1.0,0.4,1.0,0.8488372093023255,1.0,0.22991602186229448,0.75,1.0,0.25,1.0,0.5813953488372093
166,21,0.4,0.03,4,max,0.15,False,0.05,A_default,79,0.8210970464135022,1.0,0.2389690115202135,0.6666666666666666,1.0,0.0,1.0,0.8981012658227847,1.0,0.21149291848907542,1.0,1.0,0.0,1.0,0.9103375527426161,1.0,0.19737060382089222,1.0,1.0,0.0,1.0,0.5949367088607594
166,21,0.4,0.03,4,max,0.15,False,0.05,B_weak_signal,58,0.810919540229885,1.0,0.27392447352203997,0.6666666666666666,1.0,0.0,1.0,0.8238505747126437,1.0,0.2726862985855929,0.6666666666666666,1.0,0.0,1.0,0.9353448275862069,1.0,0.23207844648664389,1.0,1.0,0.0,1.0,0.5862068965517241
166,21,0.4,0.03,4,max,0.15,False,0.05,C_deep,86,0.8509689922480621,1.0,0.2231438272833438,0.75,1.0,0.25,1.0,0.9536821705426356,1.0,0.12457512531924347,1.0,1.0,0.5,1.0,0.8972868217054263,1.0,0.20952577118724494,1.0,1.0,0.25,1.0,0.627906976744186
167,34,0.4,0.02,6,max,0.15,False,0.05,A_default,79,0.8210970464135022,1.0,0.2389690115202135,0.6666666666666666,1.0,0.0,1.0,0.8981012658227847,1.0,0.21149291848907542,1.0,1.0,0.0,1.0,0.9103375527426161,1.0,0.19737060382089222,1.0,1.0,0.0,1.0,0.5949367088607594
167,34,0.4,0.02,6,max,0.15,False,0.05,B_weak_signal,58,0.810919540229885,1.0,0.27392447352203997,0.6666666666666666,1.0,0.0,1.0,0.8238505747126437,1.0,0.2726862985855929,0.6666666666666666,1.0,0.0,1.0,0.9353448275862069,1.0,0.23207844648664389,1.0,1.0,0.0,1.0,0.5862068965517241
167,34,0.4,0.02,6,max,0.15,False,0.05,C_deep,86,0.8509689922480621,1.0,0.2231438272833438,0.75,1.0,0.25,1.0,0.9536821705426356,1.0,0.12457512531924347,1.0,1.0,0.5,1.0,0.8972868217054263,1.0,0.20952577118724494,1.0,1.0,0.25,1.0,0.627906976744186
168,403,0.4,0.05,8,harmonic,0.1,True,0.15,A_default,79,0.8299578059071729,1.0,0.21782039549261717,0.6666666666666666,1.0,0.3333333333333333,1.0,0.9681434599156118,1.0,0.11682498029742494,1.0,1.0,0.4,1.0,0.8618143459915613,1.0,0.2066754874519261,0.75,1.0,0.3333333333333333,1.0,0.5822784810126582
168,403,0.4,0.05,8,harmonic,0.1,True,0.15,B_weak_signal,58,0.8724137931034484,1.0,0.17971039416607165,0.6875,1.0,0.5,1.0,0.932471264367816,1.0,0.14430117998059622,1.0,1.0,0.5,1.0,0.9353448275862069,1.0,0.13431936522095972,1.0,1.0,0.5,1.0,0.6379310344827587
168,403,0.4,0.05,8,harmonic,0.1,True,0.15,C_deep,86,0.7790697674418605,0.75,0.24008694022393032,0.6666666666666666,1.0,0.25,1.0,0.9922480620155039,1.0,0.050532955300114986,1.0,1.0,0.6666666666666666,1.0,0.7868217054263564,0.75,0.24172739303384638,0.6666666666666666,1.0,0.25,1.0,0.45348837209302323
169,512,0.2,0.02,4,weighted,0.15,True,0.05,A_default,84,0.8728174603174603,1.0,0.22127142287930127,0.75,1.0,0.25,1.0,0.9234126984126984,1.0,0.19379806779683703,1.0,1.0,0.25,1.0,0.9494047619047619,1.0,0.13873222183271428,1.0,1.0,0.5,1.0,0.7142857142857143
169,512,0.2,0.02,4,weighted,0.15,True,0.05,B_weak_signal,84,0.7307539682539682,0.75,0.2959848901632426,0.5,1.0,0.0,1.0,0.7426587301587302,0.9,0.30156165593872286,0.5,1.0,0.0,1.0,0.9761904761904762,1.0,0.12035994972816216,1.0,1.0,0.0,1.0,0.4523809523809524
169,512,0.2,0.02,4,weighted,0.15,True,0.05,C_deep,92,0.8777173913043478,1.0,0.21271081870142733,0.75,1.0,0.25,1.0,0.9755434782608695,1.0,0.12325586833039091,1.0,1.0,0.25,1.0,0.9021739130434783,1.0,0.18679249734759182,0.75,1.0,0.25,1.0,0.6956521739130435
170,310,0.2,0.02,6,weighted,0.15,True,0.05,A_default,84,0.8728174603174603,1.0,0.22127142287930127,0.75,1.0,0.25,1.0,0.9234126984126984,1.0,0.19379806779683703,1.0,1.0,0.25,1.0,0.9494047619047619,1.0,0.13873222183271428,1.0,1.0,0.5,1.0,0.7142857142857143
170,310,0.2,0.02,6,weighted,0.15,True,0.05,B_weak_signal,84,0.7307539682539682,0.75,0.2959848901632426,0.5,1.0,0.0,1.0,0.7426587301587302,0.9,0.30156165593872286,0.5,1.0,0.0,1.0,0.9761904761904762,1.0,0.12035994972816216,1.0,1.0,0.0,1.0,0.4523809523809524
170,310,0.2,0.02,6,weighted,0.15,True,0.05,C_deep,92,0.8777173913043478,1.0,0.21271081870142733,0.75,1.0,0.25,1.0,0.9755434782608695,1.0,0.12325586833039091,1.0,1.0,0.25,1.0,0.9021739130434783,1.0,0.18679249734759182,0.75,1.0,0.25,1.0,0.6956521739130435
171,672,0.2,0.03,8,weighted,0.15,True,0.05,A_default,84,0.8728174603174603,1.0,0.22127142287930127,0.75,1.0,0.25,1.0,0.9234126984126984,1.0,0.19379806779683703,1.0,1.0,0.25,1.0,0.9494047619047619,1.0,0.13873222183271428,1.0,1.0,0.5,1.0,0.7142857142857143
171,672,0.2,0.03,8,weighted,0.15,True,0.05,B_weak_signal,84,0.7307539682539682,0.75,0.2959848901632426,0.5,1.0,0.0,1.0,0.7426587301587302,0.9,0.30156165593872286,0.5,1.0,0.0,1.0,0.9761904761904762,1.0,0.12035994972816216,1.0,1.0,0.0,1.0,0.4523809523809524
171,672,0.2,0.03,8,weighted,0.15,True,0.05,C_deep,92,0.8777173913043478,1.0,0.21271081870142733,0.75,1.0,0.25,1.0,0.9755434782608695,1.0,0.12325586833039091,1.0,1.0,0.25,1.0,0.9021739130434783,1.0,0.18679249734759182,0.75,1.0,0.25,1.0,0.6956521739130435
172,777,0.2,0.05,4,weighted,0.15,True,0.05,A_default,84,0.8759920634920636,1.0,0.20268200359553531,0.75,1.0,0.3333333333333333,1.0,0.9434523809523809,1.0,0.163197178254548,1.0,1.0,0.3333333333333333,1.0,0.9325396825396824,1.0,0.14888934558348427,1.0,1.0,0.5,1.0,0.6904761904761905
172,777,0.2,0.05,4,weighted,0.15,True,0.05,B_weak_signal,84,0.7547619047619047,1.0,0.2884382011929754,0.625,1.0,0.0,1.0,0.7924603174603174,1.0,0.2936795688660956,0.6666666666666666,1.0,0.0,1.0,0.9503968253968255,1.0,0.1542129517077135,1.0,1.0,0.0,1.0,0.5119047619047619
172,777,0.2,0.05,4,weighted,0.15,True,0.05,C_deep,92,0.8496376811594202,1.0,0.20901504962537892,0.75,1.0,0.25,1.0,0.9836956521739131,1.0,0.0926472118636854,1.0,1.0,0.3333333333333333,1.0,0.8659420289855073,1.0,0.19880462432678322,0.75,1.0,0.25,1.0,0.5978260869565217
173,60,0.2,0.05,8,weighted,0.15,True,0.05,A_default,84,0.8759920634920636,1.0,0.20268200359553531,0.75,1.0,0.3333333333333333,1.0,0.9434523809523809,1.0,0.163197178254548,1.0,1.0,0.3333333333333333,1.0,0.9325396825396824,1.0,0.14888934558348427,1.0,1.0,0.5,1.0,0.6904761904761905
173,60,0.2,0.05,8,weighted,0.15,True,0.05,B_weak_signal,84,0.7547619047619047,1.0,0.2884382011929754,0.625,1.0,0.0,1.0,0.7924603174603174,1.0,0.2936795688660956,0.6666666666666666,1.0,0.0,1.0,0.9503968253968255,1.0,0.1542129517077135,1.0,1.0,0.0,1.0,0.5119047619047619
173,60,0.2,0.05,8,weighted,0.15,True,0.05,C_deep,92,0.8496376811594202,1.0,0.20901504962537892,0.75,1.0,0.25,1.0,0.9836956521739131,1.0,0.0926472118636854,1.0,1.0,0.3333333333333333,1.0,0.8659420289855073,1.0,0.19880462432678322,0.75,1.0,0.25,1.0,0.5978260869565217
174,548,0.4,0.05,6,mean,0.1,False,0.05,A_default,79,0.8183544303797468,1.0,0.20661418786262364,0.6666666666666666,1.0,0.3333333333333333,1.0,0.9301687763713082,1.0,0.15019161430282357,1.0,1.0,0.4,1.0,0.8860759493670888,1.0,0.18737636721222287,0.75,1.0,0.3333333333333333,1.0,0.5189873417721519
174,548,0.4,0.05,6,mean,0.1,False,0.05,B_weak_signal,58,0.8494252873563218,1.0,0.18524956869627984,0.6666666666666666,1.0,0.5,1.0,0.8936781609195401,1.0,0.1657820848904746,0.75,1.0,0.5,1.0,0.9482758620689655,1.0,0.11870359071264104,1.0,1.0,0.5,1.0,0.5689655172413793
174,548,0.4,0.05,6,mean,0.1,False,0.05,C_deep,86,0.8122093023255813,1.0,0.23279243213959575,0.6875,1.0,0.25,1.0,0.9777131782945736,1.0,0.08519913103350632,1.0,1.0,0.5,1.0,0.8313953488372093,1.0,0.2293699612315595,0.75,1.0,0.25,1.0,0.5348837209302325
175,294,0.3,0.03,8,weighted,0.1,True,0.05,A_default,84,0.8557539682539682,1.0,0.23130926531885773,0.7291666666666666,1.0,0.2,1.0,0.9063492063492062,1.0,0.20939935715231217,1.0,1.0,0.2,1.0,0.9494047619047619,1.0,0.13873222183271428,1.0,1.0,0.5,1.0,0.6785714285714286
175,294,0.3,0.03,8,weighted,0.1,True,0.05,B_weak_signal,81,0.7176954732510288,0.75,0.2995638690827181,0.5,1.0,0.0,1.0,0.7269547325102881,0.75,0.3043043969133465,0.5,1.0,0.0,1.0,0.9783950617283951,1.0,0.11987969792800059,1.0,1.0,0.0,1.0,0.4444444444444444
175,294,0.3,0.03,8,weighted,0.1,True,0.05,C_deep,92,0.9061594202898552,1.0,0.18917140497372625,0.95,1.0,0.25,1.0,0.9623188405797102,1.0,0.13834159835006227,1.0,1.0,0.25,1.0,0.9438405797101449,1.0,0.14465903221074256,1.0,1.0,0.25,1.0,0.75
176,201,0.3,0.02,6,weighted,0.1,True,0.05,A_default,84,0.8557539682539682,1.0,0.23130926531885773,0.7291666666666666,1.0,0.2,1.0,0.9063492063492062,1.0,0.20939935715231217,1.0,1.0,0.2,1.0,0.9494047619047619,1.0,0.13873222183271428,1.0,1.0,0.5,1.0,0.6785714285714286
176,201,0.3,0.02,6,weighted,0.1,True,0.05,B_weak_signal,81,0.7176954732510288,0.75,0.2995638690827181,0.5,1.0,0.0,1.0,0.7269547325102881,0.75,0.3043043969133465,0.5,1.0,0.0,1.0,0.9783950617283951,1.0,0.11987969792800059,1.0,1.0,0.0,1.0,0.4444444444444444
176,201,0.3,0.02,6,weighted,0.1,True,0.05,C_deep,92,0.9061594202898552,1.0,0.18917140497372625,0.95,1.0,0.25,1.0,0.9623188405797102,1.0,0.13834159835006227,1.0,1.0,0.25,1.0,0.9438405797101449,1.0,0.14465903221074256,1.0,1.0,0.25,1.0,0.75
177,674,0.3,0.05,4,weighted,0.05,True,0.15,A_default,84,0.8291666666666667,1.0,0.2185181167226431,0.6666666666666666,1.0,0.3333333333333333,1.0,0.957936507936508,1.0,0.12944832461187183,1.0,1.0,0.4,1.0,0.8700396825396824,1.0,0.20303552755077878,0.75,1.0,0.3333333333333333,1.0,0.5833333333333334
177,674,0.3,0.05,4,weighted,0.05,True,0.15,B_weak_signal,81,0.8753086419753087,1.0,0.1831649057981614,0.75,1.0,0.4,1.0,0.9310699588477365,1.0,0.14239404165953443,1.0,1.0,0.5,1.0,0.9393004115226339,1.0,0.14191910454882262,1.0,1.0,0.5,1.0,0.654320987654321
177,674,0.3,0.05,4,weighted,0.05,True,0.15,C_deep,92,0.775,0.75,0.23811813076757557,0.6666666666666666,1.0,0.25,1.0,0.9864130434782609,1.0,0.06452273112369851,1.0,1.0,0.6666666666666666,1.0,0.7835144927536232,0.75,0.2370130386620801,0.6666666666666666,1.0,0.25,1.0,0.43478260869565216
178,204,0.2,0.05,4,max,0.2,False,0.05,A_default,84,0.8194444444444445,1.0,0.2534346834538075,0.6666666666666666,1.0,0.0,1.0,0.9375,1.0,0.20242629676623042,1.0,1.0,0.0,1.0,0.8462301587301587,1.0,0.25398235387686147,0.75,1.0,0.0,1.0,0.5833333333333334
178,204,0.2,0.05,4,max,0.2,False,0.05,B_weak_signal,84,0.8309523809523809,1.0,0.3187171287315339,0.75,1.0,0.0,1.0,0.8557539682539682,1.0,0.31594712213713955,1.0,1.0,0.0,1.0,0.8680555555555555,1.0,0.3169171312734619,1.0,1.0,0.0,1.0,0.7023809523809523
178,204,0.2,0.05,4,max,0.2,False,0.05,C_deep,92,0.828623188405797,1.0,0.25057109479495654,0.75,1.0,0.0,1.0,0.9791666666666666,1.0,0.11695738242637475,1.0,1.0,0.0,1.0,0.836050724637681,1.0,0.2493737843760316,0.75,1.0,0.0,1.0,0.6086956521739131
179,583,0.2,0.05,8,max,0.2,False,0.05,A_default,84,0.8194444444444445,1.0,0.2534346834538075,0.6666666666666666,1.0,0.0,1.0,0.9375,1.0,0.20242629676623042,1.0,1.0,0.0,1.0,0.8462301587301587,1.0,0.25398235387686147,0.75,1.0,0.0,1.0,0.5833333333333334
179,583,0.2,0.05,8,max,0.2,False,0.05,B_weak_signal,84,0.8309523809523809,1.0,0.3187171287315339,0.75,1.0,0.0,1.0,0.8557539682539682,1.0,0.31594712213713955,1.0,1.0,0.0,1.0,0.8680555555555555,1.0,0.3169171312734619,1.0,1.0,0.0,1.0,0.7023809523809523
179,583,0.2,0.05,8,max,0.2,False,0.05,C_deep,92,0.828623188405797,1.0,0.25057109479495654,0.75,1.0,0.0,1.0,0.9791666666666666,1.0,0.11695738242637475,1.0,1.0,0.0,1.0,0.836050724637681,1.0,0.2493737843760316,0.75,1.0,0.0,1.0,0.6086956521739131
180,145,0.2,0.05,8,weighted,0.1,True,0.15,A_default,84,0.8253968253968255,1.0,0.2190015708206883,0.6666666666666666,1.0,0.3333333333333333,1.0,0.9632936507936507,1.0,0.11738960640305551,1.0,1.0,0.5,1.0,0.8621031746031745,1.0,0.21077645692935132,0.75,1.0,0.3333333333333333,1.0,0.5714285714285714
180,145,0.2,0.05,8,weighted,0.1,True,0.15,B_weak_signal,84,0.8886904761904763,1.0,0.19808589935344248,0.75,1.0,0.0,1.0,0.9424603174603173,1.0,0.15841848823825613,1.0,1.0,0.0,1.0,0.929563492063492,1.0,0.17330844721095778,1.0,1.0,0.0,1.0,0.7142857142857143
180,145,0.2,0.05,8,weighted,0.1,True,0.15,C_deep,92,0.7634057971014493,0.75,0.24086787438061819,0.625,1.0,0.25,1.0,0.9927536231884058,1.0,0.04887653253243002,1.0,1.0,0.6666666666666666,1.0,0.7681159420289856,0.75,0.24045454734757762,0.625,1.0,0.25,1.0,0.41304347826086957
181,284,0.3,0.05,4,weighted,0.1,True,0.15,A_default,84,0.8253968253968255,1.0,0.2190015708206883,0.6666666666666666,1.0,0.3333333333333333,1.0,0.9632936507936507,1.0,0.11738960640305551,1.0,1.0,0.5,1.0,0.8621031746031745,1.0,0.21077645692935132,0.75,1.0,0.3333333333333333,1.0,0.5714285714285714
181,284,0.3,0.05,4,weighted,0.1,True,0.15,B_weak_signal,81,0.8886831275720163,1.0,0.19945807065113677,0.75,1.0,0.0,1.0,0.9444444444444444,1.0,0.158113883008419,1.0,1.0,0.0,1.0,0.926954732510288,1.0,0.1759807419473824,1.0,1.0,0.0,1.0,0.7160493827160493
181,284,0.3,0.05,4,weighted,0.1,True,0.15,C_deep,92,0.7634057971014493,0.75,0.24086787438061819,0.625,1.0,0.25,1.0,0.9927536231884058,1.0,0.04887653253243002,1.0,1.0,0.6666666666666666,1.0,0.7681159420289856,0.75,0.24045454734757762,0.625,1.0,0.25,1.0,0.41304347826086957
182,598,0.4,0.02,8,harmonic,0.1,True,0.05,A_default,79,0.8354430379746836,1.0,0.2184079778548677,0.6666666666666666,1.0,0.2,1.0,0.8892405063291139,1.0,0.19866072193759396,0.75,1.0,0.2,1.0,0.9462025316455697,1.0,0.14249879709315363,1.0,1.0,0.5,1.0,0.5949367088607594
182,598,0.4,0.02,8,harmonic,0.1,True,0.05,B_weak_signal,58,0.7451149425287357,0.75,0.2669042914350552,0.5,1.0,0.2,1.0,0.753735632183908,0.75,0.2709999371227759,0.5,1.0,0.2,1.0,0.9913793103448276,1.0,0.04601480600247988,1.0,1.0,0.75,1.0,0.43103448275862066
182,598,0.4,0.02,8,harmonic,0.1,True,0.05,C_deep,86,0.8957364341085271,1.0,0.17409309444304713,0.75,1.0,0.25,1.0,0.958720930232558,1.0,0.11415294018486764,1.0,1.0,0.4,1.0,0.937015503875969,1.0,0.15012851058823734,1.0,1.0,0.25,1.0,0.686046511627907
183,721,0.4,0.02,4,harmonic,0.1,True,0.05,A_default,79,0.8354430379746836,1.0,0.2184079778548677,0.6666666666666666,1.0,0.2,1.0,0.8892405063291139,1.0,0.19866072193759396,0.75,1.0,0.2,1.0,0.9462025316455697,1.0,0.14249879709315363,1.0,1.0,0.5,1.0,0.5949367088607594
183,721,0.4,0.02,4,harmonic,0.1,True,0.05,B_weak_signal,58,0.7451149425287357,0.75,0.2669042914350552,0.5,1.0,0.2,1.0,0.753735632183908,0.75,0.2709999371227759,0.5,1.0,0.2,1.0,0.9913793103448276,1.0,0.04601480600247988,1.0,1.0,0.75,1.0,0.43103448275862066
183,721,0.4,0.02,4,harmonic,0.1,True,0.05,C_deep,86,0.8957364341085271,1.0,0.17409309444304713,0.75,1.0,0.25,1.0,0.958720930232558,1.0,0.11415294018486764,1.0,1.0,0.4,1.0,0.937015503875969,1.0,0.15012851058823734,1.0,1.0,0.25,1.0,0.686046511627907
184,482,0.4,0.03,4,harmonic,0.1,True,0.05,A_default,79,0.8354430379746836,1.0,0.2184079778548677,0.6666666666666666,1.0,0.2,1.0,0.8892405063291139,1.0,0.19866072193759396,0.75,1.0,0.2,1.0,0.9462025316455697,1.0,0.14249879709315363,1.0,1.0,0.5,1.0,0.5949367088607594
184,482,0.4,0.03,4,harmonic,0.1,True,0.05,B_weak_signal,58,0.7451149425287357,0.75,0.2669042914350552,0.5,1.0,0.2,1.0,0.753735632183908,0.75,0.2709999371227759,0.5,1.0,0.2,1.0,0.9913793103448276,1.0,0.04601480600247988,1.0,1.0,0.75,1.0,0.43103448275862066
184,482,0.4,0.03,4,harmonic,0.1,True,0.05,C_deep,86,0.8957364341085271,1.0,0.17409309444304713,0.75,1.0,0.25,1.0,0.958720930232558,1.0,0.11415294018486764,1.0,1.0,0.4,1.0,0.937015503875969,1.0,0.15012851058823734,1.0,1.0,0.25,1.0,0.686046511627907
185,422,0.3,0.03,8,max,0.2,False,0.05,A_default,84,0.8041666666666668,1.0,0.26680311519127686,0.625,1.0,0.0,1.0,0.905357142857143,1.0,0.23146354555361964,1.0,1.0,0.0,1.0,0.8630952380952381,1.0,0.25403137064721204,0.75,1.0,0.0,1.0,0.5833333333333334
185,422,0.3,0.03,8,max,0.2,False,0.05,B_weak_signal,81,0.8407407407407407,1.0,0.2904139765537772,0.75,1.0,0.0,1.0,0.8530864197530863,1.0,0.28892895021372444,0.75,1.0,0.0,1.0,0.9135802469135802,1.0,0.26856241659051694,1.0,1.0,0.0,1.0,0.691358024691358
185,422,0.3,0.03,8,max,0.2,False,0.05,C_deep,92,0.831340579710145,1.0,0.2502970444242669,0.75,1.0,0.0,1.0,0.9634057971014492,1.0,0.13420591604892937,1.0,1.0,0.0,1.0,0.8559782608695652,1.0,0.24834718010587375,0.75,1.0,0.0,1.0,0.6195652173913043
186,783,0.3,0.05,4,weighted,0.05,True,0.05,A_default,84,0.8490079365079365,1.0,0.21913715409699666,0.6666666666666666,1.0,0.25,1.0,0.9152777777777779,1.0,0.19140165603066428,1.0,1.0,0.25,1.0,0.9325396825396824,1.0,0.14888934558348427,1.0,1.0,0.5,1.0,0.6309523809523809
186,783,0.3,0.05,4,weighted,0.05,True,0.05,B_weak_signal,81,0.7516460905349794,0.75,0.2801488312074249,0.5,1.0,0.25,1.0,0.7648148148148148,1.0,0.2794090987144916,0.6666666666666666,1.0,0.25,1.0,0.9835390946502056,1.0,0.07617112619879211,1.0,1.0,0.5,1.0,0.49382716049382713
186,783,0.3,0.05,4,weighted,0.05,True,0.05,C_deep,92,0.87481884057971,1.0,0.19379089729800034,0.75,1.0,0.25,1.0,0.957427536231884,1.0,0.1232289462816164,1.0,1.0,0.3333333333333333,1.0,0.9112318840579711,1.0,0.16749079568777256,0.75,1.0,0.25,1.0,0.6521739130434783
187,15,0.3,0.05,8,weighted,0.05,True,0.05,A_default,84,0.8490079365079365,1.0,0.21913715409699666,0.6666666666666666,1.0,0.25,1.0,0.9152777777777779,1.0,0.19140165603066428,1.0,1.0,0.25,1.0,0.9325396825396824,1.0,0.14888934558348427,1.0,1.0,0.5,1.0,0.6309523809523809
187,15,0.3,0.05,8,weighted,0.05,True,0.05,B_weak_signal,81,0.7516460905349794,0.75,0.2801488312074249,0.5,1.0,0.25,1.0,0.7648148148148148,1.0,0.2794090987144916,0.6666666666666666,1.0,0.25,1.0,0.9835390946502056,1.0,0.07617112619879211,1.0,1.0,0.5,1.0,0.49382716049382713
187,15,0.3,0.05,8,weighted,0.05,True,0.05,C_deep,92,0.87481884057971,1.0,0.19379089729800034,0.75,1.0,0.25,1.0,0.957427536231884,1.0,0.1232289462816164,1.0,1.0,0.3333333333333333,1.0,0.9112318840579711,1.0,0.16749079568777256,0.75,1.0,0.25,1.0,0.6521739130434783
188,619,0.2,0.03,4,mean,0.2,True,0.1,A_default,84,0.8049603174603176,1.0,0.22149818100710505,0.6666666666666666,1.0,0.3333333333333333,1.0,0.8694444444444445,1.0,0.2039902045928551,0.6666666666666666,1.0,0.4,1.0,0.9355158730158729,1.0,0.15649225021346128,1.0,1.0,0.3333333333333333,1.0,0.5238095238095238
188,619,0.2,0.03,4,mean,0.2,True,0.1,B_weak_signal,84,0.8378968253968253,1.0,0.23620367618451735,0.6666666666666666,1.0,0.25,1.0,0.8498015873015872,1.0,0.2377872960795728,0.6666666666666666,1.0,0.25,1.0,0.9880952380952381,1.0,0.05355947466554026,1.0,1.0,0.75,1.0,0.6309523809523809
188,619,0.2,0.03,4,mean,0.2,True,0.1,C_deep,92,0.8326086956521739,1.0,0.2337896250649792,0.75,1.0,0.25,1.0,0.9413043478260869,1.0,0.1581617203932055,1.0,1.0,0.4,1.0,0.8913043478260869,1.0,0.20625858121593627,0.75,1.0,0.25,1.0,0.5978260869565217
189,593,0.2,0.02,8,mean,0.2,True,0.1,A_default,84,0.8049603174603176,1.0,0.22149818100710505,0.6666666666666666,1.0,0.3333333333333333,1.0,0.8694444444444445,1.0,0.2039902045928551,0.6666666666666666,1.0,0.4,1.0,0.9355158730158729,1.0,0.15649225021346128,1.0,1.0,0.3333333333333333,1.0,0.5238095238095238
189,593,0.2,0.02,8,mean,0.2,True,0.1,B_weak_signal,84,0.8378968253968253,1.0,0.23620367618451735,0.6666666666666666,1.0,0.25,1.0,0.8498015873015872,1.0,0.2377872960795728,0.6666666666666666,1.0,0.25,1.0,0.9880952380952381,1.0,0.05355947466554026,1.0,1.0,0.75,1.0,0.6309523809523809
189,593,0.2,0.02,8,mean,0.2,True,0.1,C_deep,92,0.8326086956521739,1.0,0.2337896250649792,0.75,1.0,0.25,1.0,0.9413043478260869,1.0,0.1581617203932055,1.0,1.0,0.4,1.0,0.8913043478260869,1.0,0.20625858121593627,0.75,1.0,0.25,1.0,0.5978260869565217
190,513,0.3,0.02,8,mean,0.05,False,0.1,A_default,84,0.7875000000000001,1.0,0.24404384083945532,0.5,1.0,0.3333333333333333,1.0,0.851984126984127,1.0,0.23321001850324993,0.625,1.0,0.4,1.0,0.9355158730158729,1.0,0.15649225021346128,1.0,1.0,0.3333333333333333,1.0,0.5357142857142857
190,513,0.3,0.02,8,mean,0.05,False,0.1,B_weak_signal,81,0.8545267489711934,1.0,0.22044797108638645,0.75,1.0,0.25,1.0,0.8668724279835391,1.0,0.22125735749160988,0.75,1.0,0.25,1.0,0.9876543209876543,1.0,0.054503935750968235,1.0,1.0,0.75,1.0,0.654320987654321
190,513,0.3,0.02,8,mean,0.05,False,0.1,C_deep,92,0.8326086956521739,1.0,0.2337896250649792,0.75,1.0,0.25,1.0,0.9413043478260871,1.0,0.15816172039320553,1.0,1.0,0.4,1.0,0.8913043478260869,1.0,0.20625858121593627,0.75,1.0,0.25,1.0,0.5978260869565217
191,52,0.3,0.03,6,mean,0.05,False,0.1,A_default,84,0.7875000000000001,1.0,0.24404384083945532,0.5,1.0,0.3333333333333333,1.0,0.851984126984127,1.0,0.23321001850324993,0.625,1.0,0.4,1.0,0.9355158730158729,1.0,0.15649225021346128,1.0,1.0,0.3333333333333333,1.0,0.5357142857142857
191,52,0.3,0.03,6,mean,0.05,False,0.1,B_weak_signal,81,0.8545267489711934,1.0,0.22044797108638645,0.75,1.0,0.25,1.0,0.8668724279835391,1.0,0.22125735749160988,0.75,1.0,0.25,1.0,0.9876543209876543,1.0,0.054503935750968235,1.0,1.0,0.75,1.0,0.654320987654321
191,52,0.3,0.03,6,mean,0.05,False,0.1,C_deep,92,0.8326086956521739,1.0,0.2337896250649792,0.75,1.0,0.25,1.0,0.9413043478260871,1.0,0.15816172039320553,1.0,1.0,0.4,1.0,0.8913043478260869,1.0,0.20625858121593627,0.75,1.0,0.25,1.0,0.5978260869565217
192,77,0.2,0.03,4,mean,0.15,False,0.15,A_default,84,0.7827380952380952,0.875,0.23677109564035137,0.5,1.0,0.3333333333333333,1.0,0.9424603174603173,1.0,0.14519074749675476,1.0,1.0,0.5,1.0,0.8402777777777777,1.0,0.23147869253116865,0.6875,1.0,0.3333333333333333,1.0,0.5
192,77,0.2,0.03,4,mean,0.15,False,0.15,B_weak_signal,84,0.8859126984126983,1.0,0.2068844242019439,0.75,1.0,0.0,1.0,0.9384920634920635,1.0,0.16722749397794354,1.0,1.0,0.0,1.0,0.9355158730158729,1.0,0.17894117709124494,1.0,1.0,0.0,1.0,0.7261904761904762
192,77,0.2,0.03,4,mean,0.15,False,0.15,C_deep,92,0.8050724637681159,1.0,0.2483859881050127,0.7291666666666666,1.0,0.25,1.0,0.986231884057971,1.0,0.07878072285374664,1.0,1.0,0.4,1.0,0.8188405797101449,1.0,0.24603345850996716,0.75,1.0,0.25,1.0,0.5434782608695652
193,360,0.2,0.03,4,harmonic,0.15,True,0.05,A_default,84,0.8573412698412698,1.0,0.22458277828091827,0.7291666666666666,1.0,0.2,1.0,0.9079365079365079,1.0,0.20154151897809036,1.0,1.0,0.2,1.0,0.9494047619047619,1.0,0.13873222183271428,1.0,1.0,0.5,1.0,0.6666666666666666
193,360,0.2,0.03,4,harmonic,0.15,True,0.05,B_weak_signal,84,0.7107142857142857,0.75,0.31325730575046956,0.4,1.0,0.0,1.0,0.7166666666666667,0.75,0.3163441604403537,0.4,1.0,0.0,1.0,0.9821428571428571,1.0,0.11502824617564311,1.0,1.0,0.0,1.0,0.4523809523809524
193,360,0.2,0.03,4,harmonic,0.15,True,0.05,C_deep,92,0.9043478260869564,1.0,0.1866233198823655,0.7875000000000001,1.0,0.25,1.0,0.9632246376811594,1.0,0.13382551200986478,1.0,1.0,0.25,1.0,0.941123188405797,1.0,0.1459349690200562,1.0,1.0,0.25,1.0,0.7391304347826086
194,69,0.2,0.03,6,harmonic,0.1,False,0.1,A_default,84,0.8142857142857144,1.0,0.2375852254209121,0.5,1.0,0.3333333333333333,1.0,0.965079365079365,1.0,0.12034141101444165,1.0,1.0,0.4,1.0,0.8492063492063492,1.0,0.2293974524213556,0.75,1.0,0.3333333333333333,1.0,0.5833333333333334
194,69,0.2,0.03,6,harmonic,0.1,False,0.1,B_weak_signal,84,0.867063492063492,1.0,0.2535289905831397,0.75,1.0,0.0,1.0,0.9315476190476191,1.0,0.20784509628684425,1.0,1.0,0.0,1.0,0.8998015873015872,1.0,0.24536525852524083,1.0,1.0,0.0,1.0,0.7261904761904762
194,69,0.2,0.03,6,harmonic,0.1,False,0.1,C_deep,92,0.7896739130434781,1.0,0.2592588571564491,0.7291666666666666,1.0,0.0,1.0,0.982608695652174,1.0,0.1209928666067077,1.0,1.0,0.0,1.0,0.7961956521739131,1.0,0.25688449037894473,0.75,1.0,0.0,1.0,0.5108695652173914
195,755,0.2,0.03,6,harmonic,0.1,False,0.05,A_default,84,0.8142857142857144,1.0,0.2375852254209121,0.5,1.0,0.3333333333333333,1.0,0.965079365079365,1.0,0.12034141101444165,1.0,1.0,0.4,1.0,0.8492063492063492,1.0,0.2293974524213556,0.75,1.0,0.3333333333333333,1.0,0.5833333333333334
195,755,0.2,0.03,6,harmonic,0.1,False,0.05,B_weak_signal,84,0.867063492063492,1.0,0.2535289905831397,0.75,1.0,0.0,1.0,0.9315476190476191,1.0,0.20784509628684425,1.0,1.0,0.0,1.0,0.8998015873015872,1.0,0.24536525852524083,1.0,1.0,0.0,1.0,0.7261904761904762
195,755,0.2,0.03,6,harmonic,0.1,False,0.05,C_deep,92,0.7896739130434781,1.0,0.2592588571564491,0.7291666666666666,1.0,0.0,1.0,0.982608695652174,1.0,0.1209928666067077,1.0,1.0,0.0,1.0,0.7961956521739131,1.0,0.25688449037894473,0.75,1.0,0.0,1.0,0.5108695652173914
196,462,0.2,0.02,8,harmonic,0.1,False,0.05,A_default,84,0.8142857142857144,1.0,0.2375852254209121,0.5,1.0,0.3333333333333333,1.0,0.965079365079365,1.0,0.12034141101444165,1.0,1.0,0.4,1.0,0.8492063492063492,1.0,0.2293974524213556,0.75,1.0,0.3333333333333333,1.0,0.5833333333333334
196,462,0.2,0.02,8,harmonic,0.1,False,0.05,B_weak_signal,84,0.867063492063492,1.0,0.2535289905831397,0.75,1.0,0.0,1.0,0.9315476190476191,1.0,0.20784509628684425,1.0,1.0,0.0,1.0,0.8998015873015872,1.0,0.24536525852524083,1.0,1.0,0.0,1.0,0.7261904761904762
196,462,0.2,0.02,8,harmonic,0.1,False,0.05,C_deep,92,0.7896739130434781,1.0,0.2592588571564491,0.7291666666666666,1.0,0.0,1.0,0.982608695652174,1.0,0.1209928666067077,1.0,1.0,0.0,1.0,0.7961956521739131,1.0,0.25688449037894473,0.75,1.0,0.0,1.0,0.5108695652173914
197,423,0.2,0.03,4,mean,0.15,False,0.1,A_default,84,0.7817460317460316,0.875,0.23708429478872878,0.5,1.0,0.3333333333333333,1.0,0.9384920634920635,1.0,0.14812473917817034,1.0,1.0,0.5,1.0,0.8432539682539681,1.0,0.23191073860470762,0.6875,1.0,0.3333333333333333,1.0,0.5
197,423,0.2,0.03,4,mean,0.15,False,0.1,B_weak_signal,84,0.8839285714285714,1.0,0.2097912270797998,0.75,1.0,0.0,1.0,0.9365079365079365,1.0,0.1714275089744175,1.0,1.0,0.0,1.0,0.9355158730158729,1.0,0.17894117709124494,1.0,1.0,0.0,1.0,0.7261904761904762
197,423,0.2,0.03,4,mean,0.15,False,0.1,C_deep,92,0.8050724637681159,1.0,0.2483859881050127,0.7291666666666666,1.0,0.25,1.0,0.986231884057971,1.0,0.07878072285374664,1.0,1.0,0.4,1.0,0.8188405797101449,1.0,0.24603345850996716,0.75,1.0,0.25,1.0,0.5434782608695652
198,45,0.3,0.05,8,mean,0.2,True,0.15,A_default,84,0.8125,1.0,0.21250836663582817,0.6666666666666666,1.0,0.3333333333333333,1.0,0.9444444444444444,1.0,0.13276317183140254,1.0,1.0,0.5,1.0,0.8660714285714286,1.0,0.20372117906345805,0.75,1.0,0.3333333333333333,1.0,0.5238095238095238
198,45,0.3,0.05,8,mean,0.2,True,0.15,B_weak_signal,81,0.8683127572016462,1.0,0.1895096915264275,0.6666666666666666,1.0,0.3333333333333333,1.0,0.9259259259259259,1.0,0.15080800892378227,1.0,1.0,0.3333333333333333,1.0,0.9382716049382716,1.0,0.1436006336173648,1.0,1.0,0.5,1.0,0.6419753086419753
198,45,0.3,0.05,8,mean,0.2,True,0.15,C_deep,92,0.7896739130434783,0.875,0.24472259333388235,0.625,1.0,0.25,1.0,0.9855072463768115,1.0,0.06834951971718528,1.0,1.0,0.6666666666666666,1.0,0.7998188405797101,1.0,0.24273943487428112,0.6666666666666666,1.0,0.25,1.0,0.5
199,514,0.3,0.02,6,harmonic,0.1,False,0.1,A_default,84,0.8142857142857144,1.0,0.2375852254209121,0.5,1.0,0.3333333333333333,1.0,0.965079365079365,1.0,0.12034141101444165,1.0,1.0,0.4,1.0,0.8492063492063492,1.0,0.2293974524213556,0.75,1.0,0.3333333333333333,1.0,0.5833333333333334
199,514,0.3,0.02,6,harmonic,0.1,False,0.1,B_weak_signal,81,0.8662551440329217,1.0,0.25640375209382443,0.75,1.0,0.0,1.0,0.9331275720164608,1.0,0.20933913585310743,1.0,1.0,0.0,1.0,0.8960905349794238,1.0,0.2491411860569203,1.0,1.0,0.0,1.0,0.7283950617283951
199,514,0.3,0.02,6,harmonic,0.1,False,0.1,C_deep,92,0.7896739130434781,1.0,0.2592588571564491,0.7291666666666666,1.0,0.0,1.0,0.982608695652174,1.0,0.1209928666067077,1.0,1.0,0.0,1.0,0.7961956521739131,1.0,0.25688449037894473,0.75,1.0,0.0,1.0,0.5108695652173914
200,499,0.3,0.03,6,harmonic,0.1,False,0.05,A_default,84,0.8142857142857144,1.0,0.2375852254209121,0.5,1.0,0.3333333333333333,1.0,0.965079365079365,1.0,0.12034141101444165,1.0,1.0,0.4,1.0,0.8492063492063492,1.0,0.2293974524213556,0.75,1.0,0.3333333333333333,1.0,0.5833333333333334
200,499,0.3,0.03,6,harmonic,0.1,False,0.05,B_weak_signal,81,0.8662551440329217,1.0,0.25640375209382443,0.75,1.0,0.0,1.0,0.9331275720164608,1.0,0.20933913585310743,1.0,1.0,0.0,1.0,0.8960905349794238,1.0,0.2491411860569203,1.0,1.0,0.0,1.0,0.7283950617283951
200,499,0.3,0.03,6,harmonic,0.1,False,0.05,C_deep,92,0.7896739130434781,1.0,0.2592588571564491,0.7291666666666666,1.0,0.0,1.0,0.982608695652174,1.0,0.1209928666067077,1.0,1.0,0.0,1.0,0.7961956521739131,1.0,0.25688449037894473,0.75,1.0,0.0,1.0,0.5108695652173914
201,731,0.3,0.03,4,harmonic,0.1,False,0.05,A_default,84,0.8142857142857144,1.0,0.2375852254209121,0.5,1.0,0.3333333333333333,1.0,0.965079365079365,1.0,0.12034141101444165,1.0,1.0,0.4,1.0,0.8492063492063492,1.0,0.2293974524213556,0.75,1.0,0.3333333333333333,1.0,0.5833333333333334
201,731,0.3,0.03,4,harmonic,0.1,False,0.05,B_weak_signal,81,0.8662551440329217,1.0,0.25640375209382443,0.75,1.0,0.0,1.0,0.9331275720164608,1.0,0.20933913585310743,1.0,1.0,0.0,1.0,0.8960905349794238,1.0,0.2491411860569203,1.0,1.0,0.0,1.0,0.7283950617283951
201,731,0.3,0.03,4,harmonic,0.1,False,0.05,C_deep,92,0.7896739130434781,1.0,0.2592588571564491,0.7291666666666666,1.0,0.0,1.0,0.982608695652174,1.0,0.1209928666067077,1.0,1.0,0.0,1.0,0.7961956521739131,1.0,0.25688449037894473,0.75,1.0,0.0,1.0,0.5108695652173914
202,380,0.3,0.03,8,harmonic,0.1,False,0.1,A_default,84,0.8142857142857144,1.0,0.2375852254209121,0.5,1.0,0.3333333333333333,1.0,0.965079365079365,1.0,0.12034141101444165,1.0,1.0,0.4,1.0,0.8492063492063492,1.0,0.2293974524213556,0.75,1.0,0.3333333333333333,1.0,0.5833333333333334
202,380,0.3,0.03,8,harmonic,0.1,False,0.1,B_weak_signal,81,0.8662551440329217,1.0,0.25640375209382443,0.75,1.0,0.0,1.0,0.9331275720164608,1.0,0.20933913585310743,1.0,1.0,0.0,1.0,0.8960905349794238,1.0,0.2491411860569203,1.0,1.0,0.0,1.0,0.7283950617283951
202,380,0.3,0.03,8,harmonic,0.1,False,0.1,C_deep,92,0.7896739130434781,1.0,0.2592588571564491,0.7291666666666666,1.0,0.0,1.0,0.982608695652174,1.0,0.1209928666067077,1.0,1.0,0.0,1.0,0.7961956521739131,1.0,0.25688449037894473,0.75,1.0,0.0,1.0,0.5108695652173914
203,455,0.3,0.05,8,mean,0.15,False,0.1,A_default,84,0.7926587301587301,1.0,0.2323033951670368,0.5,1.0,0.3333333333333333,1.0,0.9702380952380952,1.0,0.10073596077028363,1.0,1.0,0.5,1.0,0.8224206349206349,1.0,0.23348380185150988,0.5,1.0,0.3333333333333333,1.0,0.5119047619047619
203,455,0.3,0.05,8,mean,0.15,False,0.1,B_weak_signal,81,0.8948559670781893,1.0,0.1858471963309852,0.75,1.0,0.3333333333333333,1.0,0.9722222222222222,1.0,0.09128709291752757,1.0,1.0,0.6666666666666666,1.0,0.9176954732510287,1.0,0.17154011676516956,1.0,1.0,0.3333333333333333,1.0,0.7283950617283951
203,455,0.3,0.05,8,mean,0.15,False,0.1,C_deep,92,0.7815217391304349,0.75,0.25007271862716646,0.5,1.0,0.25,1.0,0.9855072463768115,1.0,0.06834951971718528,1.0,1.0,0.6666666666666666,1.0,0.7916666666666666,1.0,0.24846906092484475,0.625,1.0,0.25,1.0,0.4891304347826087
204,370,0.3,0.02,6,mean,0.15,True,0.15,A_default,84,0.7839285714285713,0.875,0.23421300658508273,0.5,1.0,0.3333333333333333,1.0,0.8960317460317461,1.0,0.19969218359820992,1.0,1.0,0.4,1.0,0.8878968253968254,1.0,0.19639234817288082,0.75,1.0,0.3333333333333333,1.0,0.5
204,370,0.3,0.02,6,mean,0.15,True,0.15,B_weak_signal,81,0.8761316872427983,1.0,0.2047006328968418,0.75,1.0,0.3333333333333333,1.0,0.910082304526749,1.0,0.18965756810971052,1.0,1.0,0.3333333333333333,1.0,0.9660493827160493,1.0,0.11006451531199403,1.0,1.0,0.5,1.0,0.7037037037037037
204,370,0.3,0.02,6,mean,0.15,True,0.15,C_deep,92,0.8086956521739131,1.0,0.24599947215054957,0.7291666666666666,1.0,0.25,1.0,0.9735507246376811,1.0,0.11274551757516066,1.0,1.0,0.4,1.0,0.8351449275362318,1.0,0.23795086401572713,0.75,1.0,0.25,1.0,0.5543478260869565
205,327,0.2,0.02,4,max,0.15,False,0.1,A_default,84,0.8180555555555558,1.0,0.24135949642586818,0.625,1.0,0.0,1.0,0.9073412698412698,1.0,0.20057399544082552,1.0,1.0,0.0,1.0,0.8988095238095238,1.0,0.21100552462180164,1.0,1.0,0.0,1.0,0.5952380952380952
205,327,0.2,0.02,4,max,0.15,False,0.1,B_weak_signal,84,0.8228174603174603,1.0,0.28513811869506944,0.6666666666666666,1.0,0.0,1.0,0.8317460317460317,1.0,0.2840072194863041,0.6666666666666666,1.0,0.0,1.0,0.9315476190476191,1.0,0.24344165846995044,1.0,1.0,0.0,1.0,0.6428571428571429
205,327,0.2,0.02,4,max,0.15,False,0.1,C_deep,92,0.8268115942028985,1.0,0.23275643651846908,0.75,1.0,0.25,1.0,0.9545289855072463,1.0,0.1219525533969419,1.0,1.0,0.5,1.0,0.8722826086956522,1.0,0.22593284000425293,0.75,1.0,0.25,1.0,0.5760869565217391
206,72,0.2,0.03,4,max,0.15,False,0.1,A_default,84,0.8180555555555558,1.0,0.24135949642586818,0.625,1.0,0.0,1.0,0.9073412698412698,1.0,0.20057399544082552,1.0,1.0,0.0,1.0,0.8988095238095238,1.0,0.21100552462180164,1.0,1.0,0.0,1.0,0.5952380952380952
206,72,0.2,0.03,4,max,0.15,False,0.1,B_weak_signal,84,0.8228174603174603,1.0,0.28513811869506944,0.6666666666666666,1.0,0.0,1.0,0.8317460317460317,1.0,0.2840072194863041,0.6666666666666666,1.0,0.0,1.0,0.9315476190476191,1.0,0.24344165846995044,1.0,1.0,0.0,1.0,0.6428571428571429
206,72,0.2,0.03,4,max,0.15,False,0.1,C_deep,92,0.8268115942028985,1.0,0.23275643651846908,0.75,1.0,0.25,1.0,0.9545289855072463,1.0,0.1219525533969419,1.0,1.0,0.5,1.0,0.8722826086956522,1.0,0.22593284000425293,0.75,1.0,0.25,1.0,0.5760869565217391
207,778,0.2,0.03,4,mean,0.15,False,0.05,A_default,84,0.7797619047619048,0.875,0.23875053254594716,0.5,1.0,0.3333333333333333,1.0,0.9365079365079364,1.0,0.15285056247077353,1.0,1.0,0.5,1.0,0.8432539682539681,1.0,0.23191073860470762,0.6875,1.0,0.3333333333333333,1.0,0.5
207,778,0.2,0.03,4,mean,0.15,False,0.05,B_weak_signal,84,0.8827380952380951,1.0,0.2122652483721145,0.75,1.0,0.0,1.0,0.9353174603174603,1.0,0.17480922402794644,1.0,1.0,0.0,1.0,0.9355158730158729,1.0,0.17894117709124494,1.0,1.0,0.0,1.0,0.7261904761904762
207,778,0.2,0.03,4,mean,0.15,False,0.05,C_deep,92,0.8050724637681159,1.0,0.2483859881050127,0.7291666666666666,1.0,0.25,1.0,0.986231884057971,1.0,0.07878072285374664,1.0,1.0,0.4,1.0,0.8188405797101449,1.0,0.24603345850996716,0.75,1.0,0.25,1.0,0.5434782608695652
208,746,0.2,0.02,4,mean,0.15,False,0.05,A_default,84,0.7797619047619048,0.875,0.23875053254594716,0.5,1.0,0.3333333333333333,1.0,0.9365079365079364,1.0,0.15285056247077353,1.0,1.0,0.5,1.0,0.8432539682539681,1.0,0.23191073860470762,0.6875,1.0,0.3333333333333333,1.0,0.5
208,746,0.2,0.02,4,mean,0.15,False,0.05,B_weak_signal,84,0.8827380952380951,1.0,0.2122652483721145,0.75,1.0,0.0,1.0,0.9353174603174603,1.0,0.17480922402794644,1.0,1.0,0.0,1.0,0.9355158730158729,1.0,0.17894117709124494,1.0,1.0,0.0,1.0,0.7261904761904762
208,746,0.2,0.02,4,mean,0.15,False,0.05,C_deep,92,0.8050724637681159,1.0,0.2483859881050127,0.7291666666666666,1.0,0.25,1.0,0.986231884057971,1.0,0.07878072285374664,1.0,1.0,0.4,1.0,0.8188405797101449,1.0,0.24603345850996716,0.75,1.0,0.25,1.0,0.5434782608695652
209,315,0.2,0.02,6,mean,0.15,False,0.05,A_default,84,0.7797619047619048,0.875,0.23875053254594716,0.5,1.0,0.3333333333333333,1.0,0.9365079365079364,1.0,0.15285056247077353,1.0,1.0,0.5,1.0,0.8432539682539681,1.0,0.23191073860470762,0.6875,1.0,0.3333333333333333,1.0,0.5
209,315,0.2,0.02,6,mean,0.15,False,0.05,B_weak_signal,84,0.8827380952380951,1.0,0.2122652483721145,0.75,1.0,0.0,1.0,0.9353174603174603,1.0,0.17480922402794644,1.0,1.0,0.0,1.0,0.9355158730158729,1.0,0.17894117709124494,1.0,1.0,0.0,1.0,0.7261904761904762
209,315,0.2,0.02,6,mean,0.15,False,0.05,C_deep,92,0.8050724637681159,1.0,0.2483859881050127,0.7291666666666666,1.0,0.25,1.0,0.986231884057971,1.0,0.07878072285374664,1.0,1.0,0.4,1.0,0.8188405797101449,1.0,0.24603345850996716,0.75,1.0,0.25,1.0,0.5434782608695652
210,666,0.2,0.02,8,harmonic,0.1,False,0.15,A_default,84,0.8154761904761905,1.0,0.23572761426644323,0.5,1.0,0.3333333333333333,1.0,0.9662698412698412,1.0,0.11506287759180533,1.0,1.0,0.5,1.0,0.8492063492063492,1.0,0.2293974524213556,0.75,1.0,0.3333333333333333,1.0,0.5833333333333334
210,666,0.2,0.02,8,harmonic,0.1,False,0.15,B_weak_signal,84,0.865079365079365,1.0,0.2557585647138561,0.75,1.0,0.0,1.0,0.9355158730158729,1.0,0.20589992113351954,1.0,1.0,0.0,1.0,0.8938492063492063,1.0,0.24894395107293055,1.0,1.0,0.0,1.0,0.7261904761904762
210,666,0.2,0.02,8,harmonic,0.1,False,0.15,C_deep,92,0.7869565217391303,0.875,0.2583386633853605,0.7291666666666666,1.0,0.0,1.0,0.982608695652174,1.0,0.1209928666067077,1.0,1.0,0.0,1.0,0.7934782608695652,1.0,0.2560257508814347,0.75,1.0,0.0,1.0,0.5
211,661,0.2,0.03,4,harmonic,0.1,False,0.15,A_default,84,0.8154761904761905,1.0,0.23572761426644323,0.5,1.0,0.3333333333333333,1.0,0.9662698412698412,1.0,0.11506287759180533,1.0,1.0,0.5,1.0,0.8492063492063492,1.0,0.2293974524213556,0.75,1.0,0.3333333333333333,1.0,0.5833333333333334
211,661,0.2,0.03,4,harmonic,0.1,False,0.15,B_weak_signal,84,0.865079365079365,1.0,0.2557585647138561,0.75,1.0,0.0,1.0,0.9355158730158729,1.0,0.20589992113351954,1.0,1.0,0.0,1.0,0.8938492063492063,1.0,0.24894395107293055,1.0,1.0,0.0,1.0,0.7261904761904762
211,661,0.2,0.03,4,harmonic,0.1,False,0.15,C_deep,92,0.7869565217391303,0.875,0.2583386633853605,0.7291666666666666,1.0,0.0,1.0,0.982608695652174,1.0,0.1209928666067077,1.0,1.0,0.0,1.0,0.7934782608695652,1.0,0.2560257508814347,0.75,1.0,0.0,1.0,0.5
212,349,0.2,0.02,4,mean,0.15,True,0.15,A_default,84,0.7839285714285713,0.875,0.23421300658508273,0.5,1.0,0.3333333333333333,1.0,0.8960317460317461,1.0,0.19969218359820992,1.0,1.0,0.4,1.0,0.8878968253968254,1.0,0.19639234817288082,0.75,1.0,0.3333333333333333,1.0,0.5
212,349,0.2,0.02,4,mean,0.15,True,0.15,B_weak_signal,84,0.8746031746031745,1.0,0.20605746768753747,0.75,1.0,0.3333333333333333,1.0,0.9073412698412697,1.0,0.19205001284276513,1.0,1.0,0.3333333333333333,1.0,0.9672619047619048,1.0,0.10824282374695193,1.0,1.0,0.5,1.0,0.7023809523809523
212,349,0.2,0.02,4,mean,0.15,True,0.15,C_deep,92,0.8086956521739131,1.0,0.24599947215054957,0.7291666666666666,1.0,0.25,1.0,0.9735507246376811,1.0,0.11274551757516066,1.0,1.0,0.4,1.0,0.8351449275362318,1.0,0.23795086401572713,0.75,1.0,0.25,1.0,0.5543478260869565
213,73,0.2,0.02,8,mean,0.15,True,0.15,A_default,84,0.7839285714285713,0.875,0.23421300658508273,0.5,1.0,0.3333333333333333,1.0,0.8960317460317461,1.0,0.19969218359820992,1.0,1.0,0.4,1.0,0.8878968253968254,1.0,0.19639234817288082,0.75,1.0,0.3333333333333333,1.0,0.5
213,73,0.2,0.02,8,mean,0.15,True,0.15,B_weak_signal,84,0.8746031746031745,1.0,0.20605746768753747,0.75,1.0,0.3333333333333333,1.0,0.9073412698412697,1.0,0.19205001284276513,1.0,1.0,0.3333333333333333,1.0,0.9672619047619048,1.0,0.10824282374695193,1.0,1.0,0.5,1.0,0.7023809523809523
213,73,0.2,0.02,8,mean,0.15,True,0.15,C_deep,92,0.8086956521739131,1.0,0.24599947215054957,0.7291666666666666,1.0,0.25,1.0,0.9735507246376811,1.0,0.11274551757516066,1.0,1.0,0.4,1.0,0.8351449275362318,1.0,0.23795086401572713,0.75,1.0,0.25,1.0,0.5543478260869565
214,787,0.3,0.03,8,mean,0.15,True,0.1,A_default,84,0.7926587301587301,1.0,0.23466845777993933,0.5,1.0,0.3333333333333333,1.0,0.8571428571428571,1.0,0.22186814399967109,0.6666666666666666,1.0,0.4,1.0,0.9355158730158729,1.0,0.15649225021346128,1.0,1.0,0.3333333333333333,1.0,0.5238095238095238
214,787,0.3,0.03,8,mean,0.15,True,0.1,B_weak_signal,81,0.8452674897119342,1.0,0.22981324797269326,0.75,1.0,0.25,1.0,0.8576131687242798,1.0,0.2310911523907955,0.75,1.0,0.25,1.0,0.9876543209876543,1.0,0.054503935750968235,1.0,1.0,0.75,1.0,0.6419753086419753
214,787,0.3,0.03,8,mean,0.15,True,0.1,C_deep,92,0.8289855072463768,1.0,0.23763524605193204,0.75,1.0,0.25,1.0,0.9376811594202898,1.0,0.16620576500232626,1.0,1.0,0.4,1.0,0.8913043478260869,1.0,0.20625858121593627,0.75,1.0,0.25,1.0,0.5978260869565217
215,771,0.3,0.05,4,max,0.1,False,0.1,A_default,84,0.7942460317460318,0.75,0.22896797224367552,0.6666666666666666,1.0,0.0,1.0,0.8807539682539682,1.0,0.2026513358120774,0.6666666666666666,1.0,0.0,1.0,0.8988095238095238,1.0,0.2037431795868285,1.0,1.0,0.0,1.0,0.4880952380952381
215,771,0.3,0.05,4,max,0.1,False,0.1,B_weak_signal,81,0.8390946502057613,1.0,0.23061151336397318,0.75,1.0,0.0,1.0,0.850411522633745,1.0,0.22549290621759746,0.75,1.0,0.0,1.0,0.9598765432098766,1.0,0.1698197119532983,1.0,1.0,0.0,1.0,0.5802469135802469
215,771,0.3,0.05,4,max,0.1,False,0.1,C_deep,92,0.8333333333333333,1.0,0.22525253769648346,0.75,1.0,0.25,1.0,0.9510869565217391,1.0,0.11466903981662604,1.0,1.0,0.5,1.0,0.8768115942028984,1.0,0.21733422831984897,0.75,1.0,0.25,1.0,0.5760869565217391
216,688,0.3,0.02,8,harmonic,0.1,False,0.15,A_default,84,0.8154761904761905,1.0,0.23572761426644323,0.5,1.0,0.3333333333333333,1.0,0.9662698412698412,1.0,0.11506287759180533,1.0,1.0,0.5,1.0,0.8492063492063492,1.0,0.2293974524213556,0.75,1.0,0.3333333333333333,1.0,0.5833333333333334
216,688,0.3,0.02,8,harmonic,0.1,False,0.15,B_weak_signal,81,0.8641975308641974,1.0,0.25868405105766573,0.75,1.0,0.0,1.0,0.9372427983539093,1.0,0.2073019738633159,1.0,1.0,0.0,1.0,0.889917695473251,1.0,0.2527031500202921,1.0,1.0,0.0,1.0,0.7283950617283951
216,688,0.3,0.02,8,harmonic,0.1,False,0.15,C_deep,92,0.7869565217391303,0.875,0.2583386633853605,0.7291666666666666,1.0,0.0,1.0,0.982608695652174,1.0,0.1209928666067077,1.0,1.0,0.0,1.0,0.7934782608695652,1.0,0.2560257508814347,0.75,1.0,0.0,1.0,0.5
217,359,0.3,0.02,8,harmonic,0.05,True,0.15,A_default,84,0.7938492063492064,1.0,0.23717124448283475,0.5,1.0,0.3333333333333333,1.0,0.8970238095238097,1.0,0.1987437236728971,1.0,1.0,0.4,1.0,0.8968253968253967,1.0,0.19559192059177116,1.0,1.0,0.3333333333333333,1.0,0.5357142857142857
217,359,0.3,0.02,8,harmonic,0.05,True,0.15,B_weak_signal,81,0.8644032921810699,1.0,0.2180843536853559,0.75,1.0,0.3333333333333333,1.0,0.8983539094650206,1.0,0.20599698181229503,1.0,1.0,0.3333333333333333,1.0,0.9660493827160493,1.0,0.11006451531199403,1.0,1.0,0.5,1.0,0.691358024691358
217,359,0.3,0.02,8,harmonic,0.05,True,0.15,C_deep,92,0.8077898550724637,1.0,0.24356744078584833,0.7291666666666666,1.0,0.25,1.0,0.9753623188405797,1.0,0.10620200592020271,1.0,1.0,0.4,1.0,0.832427536231884,1.0,0.23747455529060096,0.75,1.0,0.25,1.0,0.5434782608695652
218,766,0.3,0.03,4,harmonic,0.05,True,0.15,A_default,84,0.7938492063492064,1.0,0.23717124448283475,0.5,1.0,0.3333333333333333,1.0,0.8970238095238097,1.0,0.1987437236728971,1.0,1.0,0.4,1.0,0.8968253968253967,1.0,0.19559192059177116,1.0,1.0,0.3333333333333333,1.0,0.5357142857142857
218,766,0.3,0.03,4,harmonic,0.05,True,0.15,B_weak_signal,81,0.8644032921810699,1.0,0.2180843536853559,0.75,1.0,0.3333333333333333,1.0,0.8983539094650206,1.0,0.20599698181229503,1.0,1.0,0.3333333333333333,1.0,0.9660493827160493,1.0,0.11006451531199403,1.0,1.0,0.5,1.0,0.691358024691358
218,766,0.3,0.03,4,harmonic,0.05,True,0.15,C_deep,92,0.8077898550724637,1.0,0.24356744078584833,0.7291666666666666,1.0,0.25,1.0,0.9753623188405797,1.0,0.10620200592020271,1.0,1.0,0.4,1.0,0.832427536231884,1.0,0.23747455529060096,0.75,1.0,0.25,1.0,0.5434782608695652
219,732,0.4,0.05,8,mean,0.2,True,0.1,A_default,79,0.8164556962025317,1.0,0.20602557151339768,0.6666666666666666,1.0,0.3333333333333333,1.0,0.9092827004219408,1.0,0.1662333434331617,1.0,1.0,0.5,1.0,0.9050632911392407,1.0,0.17639057668712138,0.875,1.0,0.3333333333333333,1.0,0.5189873417721519
219,732,0.4,0.05,8,mean,0.2,True,0.1,B_weak_signal,58,0.8278735632183908,1.0,0.19824738741852263,0.6666666666666666,1.0,0.25,1.0,0.860632183908046,1.0,0.18756930560225926,0.6666666666666666,1.0,0.25,1.0,0.9568965517241379,1.0,0.10264696034190672,1.0,1.0,0.6666666666666666,1.0,0.5172413793103449
219,732,0.4,0.05,8,mean,0.2,True,0.1,C_deep,86,0.821705426356589,1.0,0.22692991874694673,0.6875,1.0,0.25,1.0,0.9651162790697675,1.0,0.11177790499736365,1.0,1.0,0.5,1.0,0.8546511627906976,1.0,0.21962015876482496,0.75,1.0,0.25,1.0,0.5465116279069767
220,76,0.3,0.05,6,mean,0.15,False,0.05,A_default,84,0.7886904761904762,0.875,0.23156473609608855,0.5,1.0,0.3333333333333333,1.0,0.9662698412698412,1.0,0.10597845852432804,1.0,1.0,0.5,1.0,0.8224206349206349,1.0,0.23348380185150988,0.5,1.0,0.3333333333333333,1.0,0.5
220,76,0.3,0.05,6,mean,0.15,False,0.05,B_weak_signal,81,0.8948559670781893,1.0,0.1858471963309852,0.75,1.0,0.3333333333333333,1.0,0.9722222222222222,1.0,0.09128709291752757,1.0,1.0,0.6666666666666666,1.0,0.9176954732510287,1.0,0.17154011676516956,1.0,1.0,0.3333333333333333,1.0,0.7283950617283951
220,76,0.3,0.05,6,mean,0.15,False,0.05,C_deep,92,0.7815217391304349,0.75,0.25007271862716646,0.5,1.0,0.25,1.0,0.9855072463768115,1.0,0.06834951971718528,1.0,1.0,0.6666666666666666,1.0,0.7916666666666666,1.0,0.24846906092484475,0.625,1.0,0.25,1.0,0.4891304347826087
221,320,0.2,0.02,8,harmonic,0.05,True,0.15,A_default,84,0.7938492063492064,1.0,0.23717124448283475,0.5,1.0,0.3333333333333333,1.0,0.8970238095238097,1.0,0.1987437236728971,1.0,1.0,0.4,1.0,0.8968253968253967,1.0,0.19559192059177116,1.0,1.0,0.3333333333333333,1.0,0.5357142857142857
221,320,0.2,0.02,8,harmonic,0.05,True,0.15,B_weak_signal,84,0.8632936507936506,1.0,0.21882275629847397,0.75,1.0,0.3333333333333333,1.0,0.8960317460317458,1.0,0.20750024673166484,1.0,1.0,0.3333333333333333,1.0,0.9672619047619048,1.0,0.10824282374695192,1.0,1.0,0.5,1.0,0.6904761904761905
221,320,0.2,0.02,8,harmonic,0.05,True,0.15,C_deep,92,0.8077898550724637,1.0,0.24356744078584833,0.7291666666666666,1.0,0.25,1.0,0.9753623188405797,1.0,0.10620200592020271,1.0,1.0,0.4,1.0,0.832427536231884,1.0,0.23747455529060096,0.75,1.0,0.25,1.0,0.5434782608695652
222,706,0.2,0.03,6,harmonic,0.05,True,0.15,A_default,84,0.7938492063492064,1.0,0.23717124448283475,0.5,1.0,0.3333333333333333,1.0,0.8970238095238097,1.0,0.1987437236728971,1.0,1.0,0.4,1.0,0.8968253968253967,1.0,0.19559192059177116,1.0,1.0,0.3333333333333333,1.0,0.5357142857142857
222,706,0.2,0.03,6,harmonic,0.05,True,0.15,B_weak_signal,84,0.8632936507936506,1.0,0.21882275629847397,0.75,1.0,0.3333333333333333,1.0,0.8960317460317458,1.0,0.20750024673166484,1.0,1.0,0.3333333333333333,1.0,0.9672619047619048,1.0,0.10824282374695192,1.0,1.0,0.5,1.0,0.6904761904761905
222,706,0.2,0.03,6,harmonic,0.05,True,0.15,C_deep,92,0.8077898550724637,1.0,0.24356744078584833,0.7291666666666666,1.0,0.25,1.0,0.9753623188405797,1.0,0.10620200592020271,1.0,1.0,0.4,1.0,0.832427536231884,1.0,0.23747455529060096,0.75,1.0,0.25,1.0,0.5434782608695652
223,603,0.4,0.05,6,weighted,0.2,True,0.05,A_default,79,0.8850210970464135,1.0,0.1883840967950234,0.75,1.0,0.3333333333333333,1.0,0.9725738396624474,1.0,0.11142172314896198,1.0,1.0,0.3333333333333333,1.0,0.9124472573839664,1.0,0.16714607022673067,1.0,1.0,0.5,1.0,0.6962025316455697
223,603,0.4,0.05,6,weighted,0.2,True,0.05,B_weak_signal,58,0.7770114942528736,0.875,0.2585163016680716,0.6666666666666666,1.0,0.25,1.0,0.8775862068965516,1.0,0.22906606987464578,0.8125,1.0,0.25,1.0,0.8994252873563218,1.0,0.19853178231481544,1.0,1.0,0.3333333333333333,1.0,0.5
223,603,0.4,0.05,6,weighted,0.2,True,0.05,C_deep,86,0.7994186046511628,0.875,0.23409466375273744,0.6666666666666666,1.0,0.25,1.0,0.9961240310077518,1.0,0.03594425773447951,1.0,1.0,0.6666666666666666,1.0,0.8032945736434108,1.0,0.23462972870274396,0.6666666666666666,1.0,0.25,1.0,0.5
224,217,0.3,0.05,6,max,0.1,False,0.05,A_default,84,0.7976190476190477,0.75,0.22282930081903432,0.6666666666666666,1.0,0.0,1.0,0.8658730158730157,1.0,0.20983044027825867,0.6666666666666666,1.0,0.0,1.0,0.9186507936507937,1.0,0.18384202450089793,1.0,1.0,0.0,1.0,0.4880952380952381
224,217,0.3,0.05,6,max,0.1,False,0.05,B_weak_signal,81,0.7987654320987653,1.0,0.25989818756819855,0.6666666666666666,1.0,0.0,1.0,0.8069958847736627,1.0,0.25636161793357426,0.6666666666666666,1.0,0.0,1.0,0.9629629629629629,1.0,0.16822191031821945,1.0,1.0,0.0,1.0,0.5308641975308642
224,217,0.3,0.05,6,max,0.1,False,0.05,C_deep,92,0.8650362318840578,1.0,0.19583670065858289,0.75,1.0,0.25,1.0,0.9510869565217391,1.0,0.11466903981662604,1.0,1.0,0.5,1.0,0.9085144927536232,1.0,0.1790541995627541,0.9375,1.0,0.25,1.0,0.6195652173913043
225,362,0.3,0.02,4,min,0.15,False,0.05,A_default,84,0.7982142857142857,1.0,0.225202836686305,0.5,1.0,0.3333333333333333,1.0,0.9162698412698413,1.0,0.17898225197655296,1.0,1.0,0.4,1.0,0.8819444444444444,1.0,0.1966964161920431,0.75,1.0,0.3333333333333333,1.0,0.5119047619047619
225,362,0.3,0.02,4,min,0.15,False,0.05,B_weak_signal,81,0.8691358024691359,1.0,0.21001175746039763,0.75,1.0,0.3333333333333333,1.0,0.929835390946502,1.0,0.1726572562063735,1.0,1.0,0.4,1.0,0.9393004115226337,1.0,0.15138959678167266,1.0,1.0,0.3333333333333333,1.0,0.691358024691358
225,362,0.3,0.02,4,min,0.15,False,0.05,C_deep,92,0.7923913043478261,0.75,0.23809137598396554,0.75,1.0,0.25,1.0,0.9789855072463768,1.0,0.10111918176459456,1.0,1.0,0.4,1.0,0.8134057971014492,1.0,0.2332186941097639,0.75,1.0,0.25,1.0,0.4782608695652174
226,414,0.3,0.02,6,min,0.15,False,0.1,A_default,84,0.7982142857142857,1.0,0.225202836686305,0.5,1.0,0.3333333333333333,1.0,0.9162698412698413,1.0,0.17898225197655296,1.0,1.0,0.4,1.0,0.8819444444444444,1.0,0.1966964161920431,0.75,1.0,0.3333333333333333,1.0,0.5119047619047619
226,414,0.3,0.02,6,min,0.15,False,0.1,B_weak_signal,81,0.8691358024691359,1.0,0.21001175746039763,0.75,1.0,0.3333333333333333,1.0,0.929835390946502,1.0,0.1726572562063735,1.0,1.0,0.4,1.0,0.9393004115226337,1.0,0.15138959678167266,1.0,1.0,0.3333333333333333,1.0,0.691358024691358
226,414,0.3,0.02,6,min,0.15,False,0.1,C_deep,92,0.7923913043478261,0.75,0.23809137598396554,0.75,1.0,0.25,1.0,0.9789855072463768,1.0,0.10111918176459456,1.0,1.0,0.4,1.0,0.8134057971014492,1.0,0.2332186941097639,0.75,1.0,0.25,1.0,0.4782608695652174
227,371,0.3,0.03,4,min,0.15,False,0.15,A_default,84,0.7982142857142857,1.0,0.225202836686305,0.5,1.0,0.3333333333333333,1.0,0.9162698412698413,1.0,0.17898225197655296,1.0,1.0,0.4,1.0,0.8819444444444444,1.0,0.1966964161920431,0.75,1.0,0.3333333333333333,1.0,0.5119047619047619
227,371,0.3,0.03,4,min,0.15,False,0.15,B_weak_signal,81,0.8691358024691359,1.0,0.21001175746039763,0.75,1.0,0.3333333333333333,1.0,0.929835390946502,1.0,0.1726572562063735,1.0,1.0,0.4,1.0,0.9393004115226337,1.0,0.15138959678167266,1.0,1.0,0.3333333333333333,1.0,0.691358024691358
227,371,0.3,0.03,4,min,0.15,False,0.15,C_deep,92,0.7923913043478261,0.75,0.23809137598396554,0.75,1.0,0.25,1.0,0.9789855072463768,1.0,0.10111918176459456,1.0,1.0,0.4,1.0,0.8134057971014492,1.0,0.2332186941097639,0.75,1.0,0.25,1.0,0.4782608695652174
228,428,0.3,0.02,8,min,0.15,False,0.05,A_default,84,0.7982142857142857,1.0,0.225202836686305,0.5,1.0,0.3333333333333333,1.0,0.9162698412698413,1.0,0.17898225197655296,1.0,1.0,0.4,1.0,0.8819444444444444,1.0,0.1966964161920431,0.75,1.0,0.3333333333333333,1.0,0.5119047619047619
228,428,0.3,0.02,8,min,0.15,False,0.05,B_weak_signal,81,0.8691358024691359,1.0,0.21001175746039763,0.75,1.0,0.3333333333333333,1.0,0.929835390946502,1.0,0.1726572562063735,1.0,1.0,0.4,1.0,0.9393004115226337,1.0,0.15138959678167266,1.0,1.0,0.3333333333333333,1.0,0.691358024691358
228,428,0.3,0.02,8,min,0.15,False,0.05,C_deep,92,0.7923913043478261,0.75,0.23809137598396554,0.75,1.0,0.25,1.0,0.9789855072463768,1.0,0.10111918176459456,1.0,1.0,0.4,1.0,0.8134057971014492,1.0,0.2332186941097639,0.75,1.0,0.25,1.0,0.4782608695652174
229,393,0.3,0.02,8,min,0.15,False,0.15,A_default,84,0.7982142857142857,1.0,0.225202836686305,0.5,1.0,0.3333333333333333,1.0,0.9162698412698413,1.0,0.17898225197655296,1.0,1.0,0.4,1.0,0.8819444444444444,1.0,0.1966964161920431,0.75,1.0,0.3333333333333333,1.0,0.5119047619047619
229,393,0.3,0.02,8,min,0.15,False,0.15,B_weak_signal,81,0.8691358024691359,1.0,0.21001175746039763,0.75,1.0,0.3333333333333333,1.0,0.929835390946502,1.0,0.1726572562063735,1.0,1.0,0.4,1.0,0.9393004115226337,1.0,0.15138959678167266,1.0,1.0,0.3333333333333333,1.0,0.691358024691358
229,393,0.3,0.02,8,min,0.15,False,0.15,C_deep,92,0.7923913043478261,0.75,0.23809137598396554,0.75,1.0,0.25,1.0,0.9789855072463768,1.0,0.10111918176459456,1.0,1.0,0.4,1.0,0.8134057971014492,1.0,0.2332186941097639,0.75,1.0,0.25,1.0,0.4782608695652174
230,729,0.3,0.02,6,min,0.15,False,0.05,A_default,84,0.7982142857142857,1.0,0.225202836686305,0.5,1.0,0.3333333333333333,1.0,0.9162698412698413,1.0,0.17898225197655296,1.0,1.0,0.4,1.0,0.8819444444444444,1.0,0.1966964161920431,0.75,1.0,0.3333333333333333,1.0,0.5119047619047619
230,729,0.3,0.02,6,min,0.15,False,0.05,B_weak_signal,81,0.8691358024691359,1.0,0.21001175746039763,0.75,1.0,0.3333333333333333,1.0,0.929835390946502,1.0,0.1726572562063735,1.0,1.0,0.4,1.0,0.9393004115226337,1.0,0.15138959678167266,1.0,1.0,0.3333333333333333,1.0,0.691358024691358
230,729,0.3,0.02,6,min,0.15,False,0.05,C_deep,92,0.7923913043478261,0.75,0.23809137598396554,0.75,1.0,0.25,1.0,0.9789855072463768,1.0,0.10111918176459456,1.0,1.0,0.4,1.0,0.8134057971014492,1.0,0.2332186941097639,0.75,1.0,0.25,1.0,0.4782608695652174
231,644,0.2,0.02,6,min,0.15,False,0.15,A_default,84,0.7982142857142857,1.0,0.225202836686305,0.5,1.0,0.3333333333333333,1.0,0.9162698412698413,1.0,0.17898225197655296,1.0,1.0,0.4,1.0,0.8819444444444444,1.0,0.1966964161920431,0.75,1.0,0.3333333333333333,1.0,0.5119047619047619
231,644,0.2,0.02,6,min,0.15,False,0.15,B_weak_signal,84,0.8678571428571428,1.0,0.2111006680792179,0.75,1.0,0.3333333333333333,1.0,0.9263888888888888,1.0,0.17625450772921625,1.0,1.0,0.4,1.0,0.941468253968254,1.0,0.14905983919252283,1.0,1.0,0.3333333333333333,1.0,0.6904761904761905
231,644,0.2,0.02,6,min,0.15,False,0.15,C_deep,92,0.7923913043478261,0.75,0.23809137598396554,0.75,1.0,0.25,1.0,0.9789855072463768,1.0,0.10111918176459456,1.0,1.0,0.4,1.0,0.8134057971014492,1.0,0.2332186941097639,0.75,1.0,0.25,1.0,0.4782608695652174
232,30,0.2,0.02,8,min,0.15,False,0.15,A_default,84,0.7982142857142857,1.0,0.225202836686305,0.5,1.0,0.3333333333333333,1.0,0.9162698412698413,1.0,0.17898225197655296,1.0,1.0,0.4,1.0,0.8819444444444444,1.0,0.1966964161920431,0.75,1.0,0.3333333333333333,1.0,0.5119047619047619
232,30,0.2,0.02,8,min,0.15,False,0.15,B_weak_signal,84,0.8678571428571428,1.0,0.2111006680792179,0.75,1.0,0.3333333333333333,1.0,0.9263888888888888,1.0,0.17625450772921625,1.0,1.0,0.4,1.0,0.941468253968254,1.0,0.14905983919252283,1.0,1.0,0.3333333333333333,1.0,0.6904761904761905
232,30,0.2,0.02,8,min,0.15,False,0.15,C_deep,92,0.7923913043478261,0.75,0.23809137598396554,0.75,1.0,0.25,1.0,0.9789855072463768,1.0,0.10111918176459456,1.0,1.0,0.4,1.0,0.8134057971014492,1.0,0.2332186941097639,0.75,1.0,0.25,1.0,0.4782608695652174
233,322,0.2,0.02,4,min,0.15,False,0.05,A_default,84,0.7982142857142857,1.0,0.225202836686305,0.5,1.0,0.3333333333333333,1.0,0.9162698412698413,1.0,0.17898225197655296,1.0,1.0,0.4,1.0,0.8819444444444444,1.0,0.1966964161920431,0.75,1.0,0.3333333333333333,1.0,0.5119047619047619
233,322,0.2,0.02,4,min,0.15,False,0.05,B_weak_signal,84,0.8678571428571428,1.0,0.2111006680792179,0.75,1.0,0.3333333333333333,1.0,0.9263888888888888,1.0,0.17625450772921625,1.0,1.0,0.4,1.0,0.941468253968254,1.0,0.14905983919252283,1.0,1.0,0.3333333333333333,1.0,0.6904761904761905
233,322,0.2,0.02,4,min,0.15,False,0.05,C_deep,92,0.7923913043478261,0.75,0.23809137598396554,0.75,1.0,0.25,1.0,0.9789855072463768,1.0,0.10111918176459456,1.0,1.0,0.4,1.0,0.8134057971014492,1.0,0.2332186941097639,0.75,1.0,0.25,1.0,0.4782608695652174
234,268,0.2,0.03,6,min,0.15,False,0.15,A_default,84,0.7982142857142857,1.0,0.225202836686305,0.5,1.0,0.3333333333333333,1.0,0.9162698412698413,1.0,0.17898225197655296,1.0,1.0,0.4,1.0,0.8819444444444444,1.0,0.1966964161920431,0.75,1.0,0.3333333333333333,1.0,0.5119047619047619
234,268,0.2,0.03,6,min,0.15,False,0.15,B_weak_signal,84,0.8678571428571428,1.0,0.2111006680792179,0.75,1.0,0.3333333333333333,1.0,0.9263888888888888,1.0,0.17625450772921625,1.0,1.0,0.4,1.0,0.941468253968254,1.0,0.14905983919252283,1.0,1.0,0.3333333333333333,1.0,0.6904761904761905
234,268,0.2,0.03,6,min,0.15,False,0.15,C_deep,92,0.7923913043478261,0.75,0.23809137598396554,0.75,1.0,0.25,1.0,0.9789855072463768,1.0,0.10111918176459456,1.0,1.0,0.4,1.0,0.8134057971014492,1.0,0.2332186941097639,0.75,1.0,0.25,1.0,0.4782608695652174
235,726,0.2,0.03,4,min,0.15,False,0.05,A_default,84,0.7982142857142857,1.0,0.225202836686305,0.5,1.0,0.3333333333333333,1.0,0.9162698412698413,1.0,0.17898225197655296,1.0,1.0,0.4,1.0,0.8819444444444444,1.0,0.1966964161920431,0.75,1.0,0.3333333333333333,1.0,0.5119047619047619
235,726,0.2,0.03,4,min,0.15,False,0.05,B_weak_signal,84,0.8678571428571428,1.0,0.2111006680792179,0.75,1.0,0.3333333333333333,1.0,0.9263888888888888,1.0,0.17625450772921625,1.0,1.0,0.4,1.0,0.941468253968254,1.0,0.14905983919252283,1.0,1.0,0.3333333333333333,1.0,0.6904761904761905
235,726,0.2,0.03,4,min,0.15,False,0.05,C_deep,92,0.7923913043478261,0.75,0.23809137598396554,0.75,1.0,0.25,1.0,0.9789855072463768,1.0,0.10111918176459456,1.0,1.0,0.4,1.0,0.8134057971014492,1.0,0.2332186941097639,0.75,1.0,0.25,1.0,0.4782608695652174
236,744,0.2,0.03,6,min,0.15,False,0.1,A_default,84,0.7982142857142857,1.0,0.225202836686305,0.5,1.0,0.3333333333333333,1.0,0.9162698412698413,1.0,0.17898225197655296,1.0,1.0,0.4,1.0,0.8819444444444444,1.0,0.1966964161920431,0.75,1.0,0.3333333333333333,1.0,0.5119047619047619
236,744,0.2,0.03,6,min,0.15,False,0.1,B_weak_signal,84,0.8678571428571428,1.0,0.2111006680792179,0.75,1.0,0.3333333333333333,1.0,0.9263888888888888,1.0,0.17625450772921625,1.0,1.0,0.4,1.0,0.941468253968254,1.0,0.14905983919252283,1.0,1.0,0.3333333333333333,1.0,0.6904761904761905
236,744,0.2,0.03,6,min,0.15,False,0.1,C_deep,92,0.7923913043478261,0.75,0.23809137598396554,0.75,1.0,0.25,1.0,0.9789855072463768,1.0,0.10111918176459456,1.0,1.0,0.4,1.0,0.8134057971014492,1.0,0.2332186941097639,0.75,1.0,0.25,1.0,0.4782608695652174
237,535,0.2,0.02,4,min,0.15,False,0.15,A_default,84,0.7982142857142857,1.0,0.225202836686305,0.5,1.0,0.3333333333333333,1.0,0.9162698412698413,1.0,0.17898225197655296,1.0,1.0,0.4,1.0,0.8819444444444444,1.0,0.1966964161920431,0.75,1.0,0.3333333333333333,1.0,0.5119047619047619
237,535,0.2,0.02,4,min,0.15,False,0.15,B_weak_signal,84,0.8678571428571428,1.0,0.2111006680792179,0.75,1.0,0.3333333333333333,1.0,0.9263888888888888,1.0,0.17625450772921625,1.0,1.0,0.4,1.0,0.941468253968254,1.0,0.14905983919252283,1.0,1.0,0.3333333333333333,1.0,0.6904761904761905
237,535,0.2,0.02,4,min,0.15,False,0.15,C_deep,92,0.7923913043478261,0.75,0.23809137598396554,0.75,1.0,0.25,1.0,0.9789855072463768,1.0,0.10111918176459456,1.0,1.0,0.4,1.0,0.8134057971014492,1.0,0.2332186941097639,0.75,1.0,0.25,1.0,0.4782608695652174
238,750,0.2,0.03,6,min,0.15,False,0.05,A_default,84,0.7982142857142857,1.0,0.225202836686305,0.5,1.0,0.3333333333333333,1.0,0.9162698412698413,1.0,0.17898225197655296,1.0,1.0,0.4,1.0,0.8819444444444444,1.0,0.1966964161920431,0.75,1.0,0.3333333333333333,1.0,0.5119047619047619
238,750,0.2,0.03,6,min,0.15,False,0.05,B_weak_signal,84,0.8678571428571428,1.0,0.2111006680792179,0.75,1.0,0.3333333333333333,1.0,0.9263888888888888,1.0,0.17625450772921625,1.0,1.0,0.4,1.0,0.941468253968254,1.0,0.14905983919252283,1.0,1.0,0.3333333333333333,1.0,0.6904761904761905
238,750,0.2,0.03,6,min,0.15,False,0.05,C_deep,92,0.7923913043478261,0.75,0.23809137598396554,0.75,1.0,0.25,1.0,0.9789855072463768,1.0,0.10111918176459456,1.0,1.0,0.4,1.0,0.8134057971014492,1.0,0.2332186941097639,0.75,1.0,0.25,1.0,0.4782608695652174
239,647,0.2,0.05,8,mean,0.15,False,0.15,A_default,84,0.7926587301587301,1.0,0.2323033951670368,0.5,1.0,0.3333333333333333,1.0,0.9702380952380952,1.0,0.10073596077028363,1.0,1.0,0.5,1.0,0.8224206349206349,1.0,0.23348380185150988,0.5,1.0,0.3333333333333333,1.0,0.5119047619047619
239,647,0.2,0.05,8,mean,0.15,False,0.15,B_weak_signal,84,0.8867063492063492,1.0,0.2076962912772872,0.75,1.0,0.0,1.0,0.9613095238095238,1.0,0.13899044862076934,1.0,1.0,0.0,1.0,0.9087301587301587,1.0,0.19644559405137263,1.0,1.0,0.0,1.0,0.7261904761904762
239,647,0.2,0.05,8,mean,0.15,False,0.15,C_deep,92,0.778804347826087,0.75,0.2517715408788641,0.5,1.0,0.25,1.0,0.9855072463768115,1.0,0.06834951971718528,1.0,1.0,0.6666666666666666,1.0,0.7889492753623187,1.0,0.25029015120835046,0.5,1.0,0.25,1.0,0.4891304347826087
240,114,0.2,0.02,8,mean,0.15,True,0.1,A_default,84,0.7926587301587301,1.0,0.23466845777993933,0.5,1.0,0.3333333333333333,1.0,0.8571428571428571,1.0,0.22186814399967109,0.6666666666666666,1.0,0.4,1.0,0.9355158730158729,1.0,0.15649225021346128,1.0,1.0,0.3333333333333333,1.0,0.5238095238095238
240,114,0.2,0.02,8,mean,0.15,True,0.1,B_weak_signal,84,0.8359126984126984,1.0,0.2383496083360941,0.6666666666666666,1.0,0.25,1.0,0.8478174603174603,1.0,0.2400186818072663,0.6666666666666666,1.0,0.25,1.0,0.9880952380952381,1.0,0.05355947466554026,1.0,1.0,0.75,1.0,0.6309523809523809
240,114,0.2,0.02,8,mean,0.15,True,0.1,C_deep,92,0.8289855072463768,1.0,0.23763524605193204,0.75,1.0,0.25,1.0,0.9376811594202898,1.0,0.16620576500232626,1.0,1.0,0.4,1.0,0.8913043478260869,1.0,0.20625858121593627,0.75,1.0,0.25,1.0,0.5978260869565217
241,181,0.2,0.02,4,mean,0.15,True,0.1,A_default,84,0.7926587301587301,1.0,0.23466845777993933,0.5,1.0,0.3333333333333333,1.0,0.8571428571428571,1.0,0.22186814399967109,0.6666666666666666,1.0,0.4,1.0,0.9355158730158729,1.0,0.15649225021346128,1.0,1.0,0.3333333333333333,1.0,0.5238095238095238
241,181,0.2,0.02,4,mean,0.15,True,0.1,B_weak_signal,84,0.8359126984126984,1.0,0.2383496083360941,0.6666666666666666,1.0,0.25,1.0,0.8478174603174603,1.0,0.2400186818072663,0.6666666666666666,1.0,0.25,1.0,0.9880952380952381,1.0,0.05355947466554026,1.0,1.0,0.75,1.0,0.6309523809523809
241,181,0.2,0.02,4,mean,0.15,True,0.1,C_deep,92,0.8289855072463768,1.0,0.23763524605193204,0.75,1.0,0.25,1.0,0.9376811594202898,1.0,0.16620576500232626,1.0,1.0,0.4,1.0,0.8913043478260869,1.0,0.20625858121593627,0.75,1.0,0.25,1.0,0.5978260869565217
242,152,0.3,0.03,4,mean,0.1,True,0.15,A_default,84,0.7708333333333334,0.75,0.24147963958063765,0.5,1.0,0.3333333333333333,1.0,0.8829365079365078,1.0,0.2151861090217137,1.0,1.0,0.4,1.0,0.8878968253968254,1.0,0.19639234817288082,0.75,1.0,0.3333333333333333,1.0,0.4880952380952381
242,152,0.3,0.03,4,mean,0.1,True,0.15,B_weak_signal,81,0.8761316872427983,1.0,0.2047006328968418,0.75,1.0,0.3333333333333333,1.0,0.910082304526749,1.0,0.18965756810971052,1.0,1.0,0.3333333333333333,1.0,0.9660493827160493,1.0,0.11006451531199403,1.0,1.0,0.5,1.0,0.7037037037037037
242,152,0.3,0.03,4,mean,0.1,True,0.15,C_deep,92,0.8086956521739131,1.0,0.24599947215054957,0.7291666666666666,1.0,0.25,1.0,0.9735507246376811,1.0,0.11274551757516066,1.0,1.0,0.4,1.0,0.8351449275362318,1.0,0.23795086401572713,0.75,1.0,0.25,1.0,0.5543478260869565
243,722,0.3,0.02,8,max,0.2,False,0.1,A_default,84,0.7964285714285715,1.0,0.2683315426687167,0.5,1.0,0.0,1.0,0.9124999999999999,1.0,0.22484376548061558,1.0,1.0,0.0,1.0,0.8482142857142857,1.0,0.26166261037378447,0.75,1.0,0.0,1.0,0.5714285714285714
243,722,0.3,0.02,8,max,0.2,False,0.1,B_weak_signal,81,0.8386831275720165,1.0,0.29224736431296333,0.75,1.0,0.0,1.0,0.8572016460905351,1.0,0.28861424504293076,0.8,1.0,0.0,1.0,0.9074074074074074,1.0,0.2722718208784088,1.0,1.0,0.0,1.0,0.691358024691358
243,722,0.3,0.02,8,max,0.2,False,0.1,C_deep,92,0.8204710144927536,1.0,0.25088492053300465,0.75,1.0,0.0,1.0,0.9634057971014492,1.0,0.13420591604892937,1.0,1.0,0.0,1.0,0.845108695652174,1.0,0.25002488329739697,0.75,1.0,0.0,1.0,0.5869565217391305
244,657,0.3,0.05,8,harmonic,0.1,True,0.05,A_default,84,0.8450396825396825,1.0,0.21536960792577986,0.6666666666666666,1.0,0.25,1.0,0.9194444444444445,1.0,0.18775844897866445,1.0,1.0,0.25,1.0,0.9255952380952381,1.0,0.15252112519801828,1.0,1.0,0.5,1.0,0.6071428571428571
244,657,0.3,0.05,8,harmonic,0.1,True,0.05,B_weak_signal,81,0.7368312757201646,0.75,0.26907397848638415,0.5,1.0,0.2,1.0,0.7644032921810701,1.0,0.2740862735022667,0.5,1.0,0.2,1.0,0.9691358024691358,1.0,0.09722222222222232,1.0,1.0,0.5,1.0,0.43209876543209874
244,657,0.3,0.05,8,harmonic,0.1,True,0.05,C_deep,92,0.8722826086956522,1.0,0.19490264270599109,0.75,1.0,0.25,1.0,0.9592391304347826,1.0,0.12749019283871849,1.0,1.0,0.3333333333333333,1.0,0.9094202898550725,1.0,0.1669650140622105,0.75,1.0,0.25,1.0,0.6413043478260869
245,311,0.3,0.05,6,harmonic,0.1,True,0.05,A_default,84,0.8450396825396825,1.0,0.21536960792577986,0.6666666666666666,1.0,0.25,1.0,0.9194444444444445,1.0,0.18775844897866445,1.0,1.0,0.25,1.0,0.9255952380952381,1.0,0.15252112519801828,1.0,1.0,0.5,1.0,0.6071428571428571
245,311,0.3,0.05,6,harmonic,0.1,True,0.05,B_weak_signal,81,0.7368312757201646,0.75,0.26907397848638415,0.5,1.0,0.2,1.0,0.7644032921810701,1.0,0.2740862735022667,0.5,1.0,0.2,1.0,0.9691358024691358,1.0,0.09722222222222232,1.0,1.0,0.5,1.0,0.43209876543209874
245,311,0.3,0.05,6,harmonic,0.1,True,0.05,C_deep,92,0.8722826086956522,1.0,0.19490264270599109,0.75,1.0,0.25,1.0,0.9592391304347826,1.0,0.12749019283871849,1.0,1.0,0.3333333333333333,1.0,0.9094202898550725,1.0,0.1669650140622105,0.75,1.0,0.25,1.0,0.6413043478260869
246,564,0.2,0.02,4,mean,0.1,True,0.15,A_default,84,0.7708333333333334,0.75,0.24147963958063765,0.5,1.0,0.3333333333333333,1.0,0.8829365079365078,1.0,0.2151861090217137,1.0,1.0,0.4,1.0,0.8878968253968254,1.0,0.19639234817288082,0.75,1.0,0.3333333333333333,1.0,0.4880952380952381
246,564,0.2,0.02,4,mean,0.1,True,0.15,B_weak_signal,84,0.8746031746031745,1.0,0.20605746768753747,0.75,1.0,0.3333333333333333,1.0,0.9073412698412697,1.0,0.19205001284276513,1.0,1.0,0.3333333333333333,1.0,0.9672619047619048,1.0,0.10824282374695193,1.0,1.0,0.5,1.0,0.7023809523809523
246,564,0.2,0.02,4,mean,0.1,True,0.15,C_deep,92,0.8086956521739131,1.0,0.24599947215054957,0.7291666666666666,1.0,0.25,1.0,0.9735507246376811,1.0,0.11274551757516066,1.0,1.0,0.4,1.0,0.8351449275362318,1.0,0.23795086401572713,0.75,1.0,0.25,1.0,0.5543478260869565
247,252,0.2,0.02,8,mean,0.1,True,0.15,A_default,84,0.7708333333333334,0.75,0.24147963958063765,0.5,1.0,0.3333333333333333,1.0,0.8829365079365078,1.0,0.2151861090217137,1.0,1.0,0.4,1.0,0.8878968253968254,1.0,0.19639234817288082,0.75,1.0,0.3333333333333333,1.0,0.4880952380952381
247,252,0.2,0.02,8,mean,0.1,True,0.15,B_weak_signal,84,0.8746031746031745,1.0,0.20605746768753747,0.75,1.0,0.3333333333333333,1.0,0.9073412698412697,1.0,0.19205001284276513,1.0,1.0,0.3333333333333333,1.0,0.9672619047619048,1.0,0.10824282374695193,1.0,1.0,0.5,1.0,0.7023809523809523
247,252,0.2,0.02,8,mean,0.1,True,0.15,C_deep,92,0.8086956521739131,1.0,0.24599947215054957,0.7291666666666666,1.0,0.25,1.0,0.9735507246376811,1.0,0.11274551757516066,1.0,1.0,0.4,1.0,0.8351449275362318,1.0,0.23795086401572713,0.75,1.0,0.25,1.0,0.5543478260869565
248,206,0.3,0.05,8,max,0.2,True,0.1,A_default,84,0.8194444444444444,1.0,0.21946498980297324,0.6666666666666666,1.0,0.0,1.0,0.8918650793650794,1.0,0.18957950453115988,0.7291666666666666,1.0,0.0,1.0,0.9136904761904762,1.0,0.19379878734176487,1.0,1.0,0.0,1.0,0.5357142857142857
248,206,0.3,0.05,8,max,0.2,True,0.1,B_weak_signal,81,0.8113168724279836,1.0,0.24266785657466142,0.6666666666666666,1.0,0.0,1.0,0.8236625514403293,1.0,0.23681720853990104,0.6666666666666666,1.0,0.0,1.0,0.9537037037037037,1.0,0.17726706155152208,1.0,1.0,0.0,1.0,0.5185185185185185
248,206,0.3,0.05,8,max,0.2,True,0.1,C_deep,92,0.8231884057971015,1.0,0.22400174048876748,0.6666666666666666,1.0,0.25,1.0,0.936231884057971,1.0,0.13071160305221452,1.0,1.0,0.5,1.0,0.8822463768115941,1.0,0.21403450972740268,0.75,1.0,0.25,1.0,0.5434782608695652
249,91,0.3,0.05,4,max,0.2,True,0.1,A_default,84,0.8194444444444444,1.0,0.21946498980297324,0.6666666666666666,1.0,0.0,1.0,0.8918650793650794,1.0,0.18957950453115988,0.7291666666666666,1.0,0.0,1.0,0.9136904761904762,1.0,0.19379878734176487,1.0,1.0,0.0,1.0,0.5357142857142857
249,91,0.3,0.05,4,max,0.2,True,0.1,B_weak_signal,81,0.8113168724279836,1.0,0.24266785657466142,0.6666666666666666,1.0,0.0,1.0,0.8236625514403293,1.0,0.23681720853990104,0.6666666666666666,1.0,0.0,1.0,0.9537037037037037,1.0,0.17726706155152208,1.0,1.0,0.0,1.0,0.5185185185185185
249,91,0.3,0.05,4,max,0.2,True,0.1,C_deep,92,0.8231884057971015,1.0,0.22400174048876748,0.6666666666666666,1.0,0.25,1.0,0.936231884057971,1.0,0.13071160305221452,1.0,1.0,0.5,1.0,0.8822463768115941,1.0,0.21403450972740268,0.75,1.0,0.25,1.0,0.5434782608695652
250,17,0.3,0.02,4,mean,0.05,False,0.15,A_default,84,0.7688492063492065,0.75,0.24302560397920275,0.5,1.0,0.3333333333333333,1.0,0.8809523809523809,1.0,0.21795481854271917,1.0,1.0,0.4,1.0,0.8878968253968254,1.0,0.19639234817288082,0.75,1.0,0.3333333333333333,1.0,0.4880952380952381
250,17,0.3,0.02,4,mean,0.05,False,0.15,B_weak_signal,81,0.8761316872427983,1.0,0.2047006328968418,0.75,1.0,0.3333333333333333,1.0,0.910082304526749,1.0,0.18965756810971052,1.0,1.0,0.3333333333333333,1.0,0.9660493827160493,1.0,0.11006451531199403,1.0,1.0,0.5,1.0,0.7037037037037037
250,17,0.3,0.02,4,mean,0.05,False,0.15,C_deep,92,0.8086956521739131,1.0,0.24599947215054957,0.7291666666666666,1.0,0.25,1.0,0.9735507246376811,1.0,0.11274551757516066,1.0,1.0,0.4,1.0,0.8351449275362318,1.0,0.23795086401572713,0.75,1.0,0.25,1.0,0.5543478260869565
251,791,0.3,0.02,8,mean,0.05,False,0.15,A_default,84,0.7688492063492065,0.75,0.24302560397920275,0.5,1.0,0.3333333333333333,1.0,0.8809523809523809,1.0,0.21795481854271917,1.0,1.0,0.4,1.0,0.8878968253968254,1.0,0.19639234817288082,0.75,1.0,0.3333333333333333,1.0,0.4880952380952381
251,791,0.3,0.02,8,mean,0.05,False,0.15,B_weak_signal,81,0.8761316872427983,1.0,0.2047006328968418,0.75,1.0,0.3333333333333333,1.0,0.910082304526749,1.0,0.18965756810971052,1.0,1.0,0.3333333333333333,1.0,0.9660493827160493,1.0,0.11006451531199403,1.0,1.0,0.5,1.0,0.7037037037037037
251,791,0.3,0.02,8,mean,0.05,False,0.15,C_deep,92,0.8086956521739131,1.0,0.24599947215054957,0.7291666666666666,1.0,0.25,1.0,0.9735507246376811,1.0,0.11274551757516066,1.0,1.0,0.4,1.0,0.8351449275362318,1.0,0.23795086401572713,0.75,1.0,0.25,1.0,0.5543478260869565
252,413,0.2,0.02,6,mean,0.05,True,0.15,A_default,84,0.7688492063492065,0.75,0.24302560397920275,0.5,1.0,0.3333333333333333,1.0,0.8809523809523809,1.0,0.21795481854271917,1.0,1.0,0.4,1.0,0.8878968253968254,1.0,0.19639234817288082,0.75,1.0,0.3333333333333333,1.0,0.4880952380952381
252,413,0.2,0.02,6,mean,0.05,True,0.15,B_weak_signal,84,0.8746031746031745,1.0,0.20605746768753747,0.75,1.0,0.3333333333333333,1.0,0.9073412698412697,1.0,0.19205001284276513,1.0,1.0,0.3333333333333333,1.0,0.9672619047619048,1.0,0.10824282374695193,1.0,1.0,0.5,1.0,0.7023809523809523
252,413,0.2,0.02,6,mean,0.05,True,0.15,C_deep,92,0.8086956521739131,1.0,0.24599947215054957,0.7291666666666666,1.0,0.25,1.0,0.9735507246376811,1.0,0.11274551757516066,1.0,1.0,0.4,1.0,0.8351449275362318,1.0,0.23795086401572713,0.75,1.0,0.25,1.0,0.5543478260869565
253,711,0.3,0.02,8,mean,0.2,False,0.05,A_default,84,0.8085317460317459,1.0,0.23132373346195595,0.5,1.0,0.3333333333333333,1.0,0.9801587301587301,1.0,0.07934117061943513,1.0,1.0,0.6666666666666666,1.0,0.8283730158730158,1.0,0.23261190483819805,0.5,1.0,0.3333333333333333,1.0,0.5476190476190477
253,711,0.3,0.02,8,mean,0.2,False,0.05,B_weak_signal,81,0.8652263374485596,1.0,0.2543264187961373,0.75,1.0,0.0,1.0,0.9465020576131686,1.0,0.20039398779138973,1.0,1.0,0.0,1.0,0.8816872427983538,1.0,0.2516832905418975,1.0,1.0,0.0,1.0,0.7283950617283951
253,711,0.3,0.02,8,mean,0.2,False,0.05,C_deep,92,0.7780797101449275,0.875,0.2676256719598824,0.5,1.0,0.0,1.0,0.9891304347826086,1.0,0.10425720702853719,1.0,1.0,0.0,1.0,0.7780797101449275,0.875,0.2676256719598824,0.5,1.0,0.0,1.0,0.5
254,419,0.3,0.03,6,mean,0.2,False,0.1,A_default,84,0.8085317460317459,1.0,0.23132373346195595,0.5,1.0,0.3333333333333333,1.0,0.9801587301587301,1.0,0.07934117061943513,1.0,1.0,0.6666666666666666,1.0,0.8283730158730158,1.0,0.23261190483819805,0.5,1.0,0.3333333333333333,1.0,0.5476190476190477
254,419,0.3,0.03,6,mean,0.2,False,0.1,B_weak_signal,81,0.8652263374485596,1.0,0.2543264187961373,0.75,1.0,0.0,1.0,0.9465020576131686,1.0,0.20039398779138973,1.0,1.0,0.0,1.0,0.8816872427983538,1.0,0.2516832905418975,1.0,1.0,0.0,1.0,0.7283950617283951
254,419,0.3,0.03,6,mean,0.2,False,0.1,C_deep,92,0.7780797101449275,0.875,0.2676256719598824,0.5,1.0,0.0,1.0,0.9891304347826086,1.0,0.10425720702853719,1.0,1.0,0.0,1.0,0.7780797101449275,0.875,0.2676256719598824,0.5,1.0,0.0,1.0,0.5
255,449,0.4,0.05,6,weighted,0.1,True,0.15,A_default,79,0.8143459915611814,1.0,0.221265046122147,0.6666666666666666,1.0,0.3333333333333333,1.0,0.9609704641350212,1.0,0.12071386891234791,1.0,1.0,0.5,1.0,0.8533755274261604,1.0,0.21442595044752327,0.75,1.0,0.3333333333333333,1.0,0.5443037974683544
255,449,0.4,0.05,6,weighted,0.1,True,0.15,B_weak_signal,58,0.8847701149425287,1.0,0.17795909474681373,0.75,1.0,0.4,1.0,0.9454022988505746,1.0,0.13018180058364362,1.0,1.0,0.5,1.0,0.932471264367816,1.0,0.1417456750371793,1.0,1.0,0.5,1.0,0.6724137931034483
255,449,0.4,0.05,6,weighted,0.1,True,0.15,C_deep,86,0.7527131782945736,0.75,0.24059920385609107,0.5416666666666666,1.0,0.25,1.0,0.992248062015504,1.0,0.05053295530011504,1.0,1.0,0.6666666666666666,1.0,0.7577519379844961,0.75,0.2403795701412622,0.5416666666666666,1.0,0.25,1.0,0.38372093023255816
256,227,0.3,0.02,8,mean,0.1,True,0.1,A_default,84,0.777579365079365,1.0,0.24401118722048104,0.5,1.0,0.3333333333333333,1.0,0.8420634920634921,1.0,0.23593608870835026,0.5,1.0,0.4,1.0,0.9355158730158729,1.0,0.15649225021346128,1.0,1.0,0.3333333333333333,1.0,0.5119047619047619
256,227,0.3,0.02,8,mean,0.1,True,0.1,B_weak_signal,81,0.8452674897119342,1.0,0.22981324797269326,0.75,1.0,0.25,1.0,0.8576131687242798,1.0,0.2310911523907955,0.75,1.0,0.25,1.0,0.9876543209876543,1.0,0.054503935750968235,1.0,1.0,0.75,1.0,0.6419753086419753
256,227,0.3,0.02,8,mean,0.1,True,0.1,C_deep,92,0.8278985507246377,1.0,0.23937888563782603,0.75,1.0,0.25,1.0,0.9365942028985508,1.0,0.1693959520953584,1.0,1.0,0.4,1.0,0.8913043478260869,1.0,0.20625858121593627,0.75,1.0,0.25,1.0,0.5978260869565217
257,773,0.3,0.03,4,mean,0.1,True,0.1,A_default,84,0.777579365079365,1.0,0.24401118722048104,0.5,1.0,0.3333333333333333,1.0,0.8420634920634921,1.0,0.23593608870835026,0.5,1.0,0.4,1.0,0.9355158730158729,1.0,0.15649225021346128,1.0,1.0,0.3333333333333333,1.0,0.5119047619047619
257,773,0.3,0.03,4,mean,0.1,True,0.1,B_weak_signal,81,0.8452674897119342,1.0,0.22981324797269326,0.75,1.0,0.25,1.0,0.8576131687242798,1.0,0.2310911523907955,0.75,1.0,0.25,1.0,0.9876543209876543,1.0,0.054503935750968235,1.0,1.0,0.75,1.0,0.6419753086419753
257,773,0.3,0.03,4,mean,0.1,True,0.1,C_deep,92,0.8278985507246377,1.0,0.23937888563782603,0.75,1.0,0.25,1.0,0.9365942028985508,1.0,0.1693959520953584,1.0,1.0,0.4,1.0,0.8913043478260869,1.0,0.20625858121593627,0.75,1.0,0.25,1.0,0.5978260869565217
258,442,0.4,0.03,8,mean,0.2,True,0.15,A_default,79,0.7854430379746836,0.75,0.22507306646174433,0.5,1.0,0.3333333333333333,1.0,0.9046413502109705,1.0,0.1830210376037711,1.0,1.0,0.4,1.0,0.880801687763713,1.0,0.20046400248775634,0.75,1.0,0.3333333333333333,1.0,0.4810126582278481
258,442,0.4,0.03,8,mean,0.2,True,0.15,B_weak_signal,58,0.864367816091954,1.0,0.2023364566139006,0.75,1.0,0.4,1.0,0.9031609195402299,1.0,0.18937305243311042,1.0,1.0,0.4,1.0,0.9612068965517241,1.0,0.11279662783012961,1.0,1.0,0.5,1.0,0.6551724137931034
258,442,0.4,0.03,8,mean,0.2,True,0.15,C_deep,86,0.8001937984496124,1.0,0.2482684371849649,0.6666666666666666,1.0,0.25,1.0,0.973643410852713,1.0,0.10967763567168057,1.0,1.0,0.4,1.0,0.8265503875968991,1.0,0.24260807721625224,0.75,1.0,0.25,1.0,0.5348837209302325
259,753,0.4,0.02,4,mean,0.2,True,0.15,A_default,79,0.7854430379746836,0.75,0.22507306646174433,0.5,1.0,0.3333333333333333,1.0,0.9046413502109705,1.0,0.1830210376037711,1.0,1.0,0.4,1.0,0.880801687763713,1.0,0.20046400248775634,0.75,1.0,0.3333333333333333,1.0,0.4810126582278481
259,753,0.4,0.02,4,mean,0.2,True,0.15,B_weak_signal,58,0.864367816091954,1.0,0.2023364566139006,0.75,1.0,0.4,1.0,0.9031609195402299,1.0,0.18937305243311042,1.0,1.0,0.4,1.0,0.9612068965517241,1.0,0.11279662783012961,1.0,1.0,0.5,1.0,0.6551724137931034
259,753,0.4,0.02,4,mean,0.2,True,0.15,C_deep,86,0.8001937984496124,1.0,0.2482684371849649,0.6666666666666666,1.0,0.25,1.0,0.973643410852713,1.0,0.10967763567168057,1.0,1.0,0.4,1.0,0.8265503875968991,1.0,0.24260807721625224,0.75,1.0,0.25,1.0,0.5348837209302325
260,81,0.4,0.05,4,max,0.15,False,0.15,A_default,79,0.8154008438818566,1.0,0.23368063518087678,0.6666666666666666,1.0,0.0,1.0,0.9546413502109703,1.0,0.14666124477305337,1.0,1.0,0.0,1.0,0.8481012658227848,1.0,0.23447503560147823,0.75,1.0,0.0,1.0,0.5569620253164557
260,81,0.4,0.05,4,max,0.15,False,0.15,B_weak_signal,58,0.8402298850574713,1.0,0.25160371550618393,0.75,1.0,0.0,1.0,0.8729885057471264,1.0,0.2430882284380209,0.75,1.0,0.0,1.0,0.9137931034482759,1.0,0.2413036784111695,1.0,1.0,0.0,1.0,0.603448275862069
260,81,0.4,0.05,4,max,0.15,False,0.15,C_deep,86,0.7937984496124031,1.0,0.24860455660786976,0.525,1.0,0.25,1.0,0.9718992248062015,1.0,0.09183181657432092,1.0,1.0,0.5,1.0,0.8187984496124031,1.0,0.24825925348059943,0.6875,1.0,0.25,1.0,0.5232558139534884
261,500,0.4,0.03,4,mean,0.2,True,0.1,A_default,79,0.7926160337552742,0.75,0.22274106367938634,0.6666666666666666,1.0,0.3333333333333333,1.0,0.8611814345991561,1.0,0.20764795842160838,0.6666666666666666,1.0,0.4,1.0,0.931434599156118,1.0,0.1605498773529126,1.0,1.0,0.3333333333333333,1.0,0.4936708860759494
261,500,0.4,0.03,4,mean,0.2,True,0.1,B_weak_signal,58,0.8356321839080461,1.0,0.21854668554073026,0.6875,1.0,0.25,1.0,0.8528735632183908,1.0,0.2210011319031656,0.6875,1.0,0.25,1.0,0.9827586206896551,1.0,0.06390214842634577,1.0,1.0,0.75,1.0,0.5862068965517241
261,500,0.4,0.03,4,mean,0.2,True,0.1,C_deep,86,0.8209302325581395,1.0,0.23748664973157874,0.75,1.0,0.25,1.0,0.9372093023255815,1.0,0.16285191995803222,1.0,1.0,0.4,1.0,0.8837209302325582,1.0,0.21131361236905175,0.75,1.0,0.25,1.0,0.5697674418604651
262,128,0.4,0.02,6,mean,0.2,True,0.1,A_default,79,0.7926160337552742,0.75,0.22274106367938634,0.6666666666666666,1.0,0.3333333333333333,1.0,0.8611814345991561,1.0,0.20764795842160838,0.6666666666666666,1.0,0.4,1.0,0.931434599156118,1.0,0.1605498773529126,1.0,1.0,0.3333333333333333,1.0,0.4936708860759494
262,128,0.4,0.02,6,mean,0.2,True,0.1,B_weak_signal,58,0.8356321839080461,1.0,0.21854668554073026,0.6875,1.0,0.25,1.0,0.8528735632183908,1.0,0.2210011319031656,0.6875,1.0,0.25,1.0,0.9827586206896551,1.0,0.06390214842634577,1.0,1.0,0.75,1.0,0.5862068965517241
262,128,0.4,0.02,6,mean,0.2,True,0.1,C_deep,86,0.8209302325581395,1.0,0.23748664973157874,0.75,1.0,0.25,1.0,0.9372093023255815,1.0,0.16285191995803222,1.0,1.0,0.4,1.0,0.8837209302325582,1.0,0.21131361236905175,0.75,1.0,0.25,1.0,0.5697674418604651
263,177,0.3,0.03,4,mean,0.05,True,0.1,A_default,84,0.7755952380952381,1.0,0.24559637587550473,0.5,1.0,0.3333333333333333,1.0,0.840079365079365,1.0,0.2381195722887029,0.5,1.0,0.4,1.0,0.9355158730158729,1.0,0.15649225021346128,1.0,1.0,0.3333333333333333,1.0,0.5119047619047619
263,177,0.3,0.03,4,mean,0.05,True,0.1,B_weak_signal,81,0.8452674897119342,1.0,0.22981324797269326,0.75,1.0,0.25,1.0,0.8576131687242798,1.0,0.2310911523907955,0.75,1.0,0.25,1.0,0.9876543209876543,1.0,0.054503935750968235,1.0,1.0,0.75,1.0,0.6419753086419753
263,177,0.3,0.03,4,mean,0.05,True,0.1,C_deep,92,0.8278985507246377,1.0,0.23937888563782603,0.75,1.0,0.25,1.0,0.9365942028985508,1.0,0.1693959520953584,1.0,1.0,0.4,1.0,0.8913043478260869,1.0,0.20625858121593627,0.75,1.0,0.25,1.0,0.5978260869565217
264,53,0.4,0.05,4,weighted,0.05,True,0.15,A_default,79,0.8183544303797468,1.0,0.22095678595284235,0.6666666666666666,1.0,0.3333333333333333,1.0,0.9552742616033756,1.0,0.1330805376988949,1.0,1.0,0.4,1.0,0.8618143459915613,1.0,0.2066754874519261,0.75,1.0,0.3333333333333333,1.0,0.5569620253164557
264,53,0.4,0.05,4,weighted,0.05,True,0.15,B_weak_signal,58,0.8632183908045976,1.0,0.18189919183747702,0.6875,1.0,0.4,1.0,0.9181034482758621,1.0,0.14849093023538432,1.0,1.0,0.5,1.0,0.9382183908045977,1.0,0.13747261363594995,1.0,1.0,0.5,1.0,0.603448275862069
264,53,0.4,0.05,4,weighted,0.05,True,0.15,C_deep,86,0.766279069767442,0.75,0.23662906003596343,0.6666666666666666,1.0,0.25,1.0,0.9893410852713179,1.0,0.05687463513911121,1.0,1.0,0.6666666666666666,1.0,0.7742248062015503,0.75,0.23738302212754492,0.6666666666666666,1.0,0.25,1.0,0.4069767441860465
265,187,0.2,0.05,6,max,0.2,True,0.1,A_default,84,0.8194444444444444,1.0,0.21946498980297324,0.6666666666666666,1.0,0.0,1.0,0.8918650793650794,1.0,0.18957950453115988,0.7291666666666666,1.0,0.0,1.0,0.9136904761904762,1.0,0.19379878734176487,1.0,1.0,0.0,1.0,0.5357142857142857
265,187,0.2,0.05,6,max,0.2,True,0.1,B_weak_signal,84,0.804563492063492,1.0,0.24879026169398802,0.6666666666666666,1.0,0.0,1.0,0.816468253968254,1.0,0.24364058897725235,0.6666666666666666,1.0,0.0,1.0,0.9553571428571429,1.0,0.17424844766777678,1.0,1.0,0.0,1.0,0.5119047619047619
265,187,0.2,0.05,6,max,0.2,True,0.1,C_deep,92,0.8231884057971015,1.0,0.22400174048876748,0.6666666666666666,1.0,0.25,1.0,0.936231884057971,1.0,0.13071160305221452,1.0,1.0,0.5,1.0,0.8822463768115941,1.0,0.21403450972740268,0.75,1.0,0.25,1.0,0.5434782608695652
266,656,0.4,0.03,6,min,0.1,False,0.05,A_default,79,0.779746835443038,0.75,0.23218077503098364,0.5,1.0,0.3333333333333333,1.0,0.8704641350210969,1.0,0.21608978703743648,0.6666666666666666,1.0,0.4,1.0,0.9092827004219408,1.0,0.17611563062987437,1.0,1.0,0.3333333333333333,1.0,0.4810126582278481
266,656,0.4,0.03,6,min,0.1,False,0.05,B_weak_signal,58,0.8560344827586207,1.0,0.20641982702470493,0.75,1.0,0.4,1.0,0.8905172413793103,1.0,0.20133840832856473,1.0,1.0,0.4,1.0,0.9655172413793104,1.0,0.09876735759141202,1.0,1.0,0.5,1.0,0.6379310344827587
266,656,0.4,0.03,6,min,0.1,False,0.05,C_deep,86,0.8108527131782945,0.75,0.22154784434162603,0.75,1.0,0.25,1.0,0.9562015503875969,1.0,0.13286797495562977,1.0,1.0,0.4,1.0,0.8546511627906976,1.0,0.21050283966834257,0.75,1.0,0.25,1.0,0.4883720930232558
267,116,0.4,0.02,4,min,0.1,False,0.05,A_default,79,0.779746835443038,0.75,0.23218077503098364,0.5,1.0,0.3333333333333333,1.0,0.8704641350210969,1.0,0.21608978703743648,0.6666666666666666,1.0,0.4,1.0,0.9092827004219408,1.0,0.17611563062987437,1.0,1.0,0.3333333333333333,1.0,0.4810126582278481
267,116,0.4,0.02,4,min,0.1,False,0.05,B_weak_signal,58,0.8560344827586207,1.0,0.20641982702470493,0.75,1.0,0.4,1.0,0.8905172413793103,1.0,0.20133840832856473,1.0,1.0,0.4,1.0,0.9655172413793104,1.0,0.09876735759141202,1.0,1.0,0.5,1.0,0.6379310344827587
267,116,0.4,0.02,4,min,0.1,False,0.05,C_deep,86,0.8108527131782945,0.75,0.22154784434162603,0.75,1.0,0.25,1.0,0.9562015503875969,1.0,0.13286797495562977,1.0,1.0,0.4,1.0,0.8546511627906976,1.0,0.21050283966834257,0.75,1.0,0.25,1.0,0.4883720930232558
268,569,0.4,0.02,6,min,0.1,False,0.1,A_default,79,0.779746835443038,0.75,0.23218077503098364,0.5,1.0,0.3333333333333333,1.0,0.8704641350210969,1.0,0.21608978703743648,0.6666666666666666,1.0,0.4,1.0,0.9092827004219408,1.0,0.17611563062987437,1.0,1.0,0.3333333333333333,1.0,0.4810126582278481
268,569,0.4,0.02,6,min,0.1,False,0.1,B_weak_signal,58,0.8560344827586207,1.0,0.20641982702470493,0.75,1.0,0.4,1.0,0.8905172413793103,1.0,0.20133840832856473,1.0,1.0,0.4,1.0,0.9655172413793104,1.0,0.09876735759141202,1.0,1.0,0.5,1.0,0.6379310344827587
268,569,0.4,0.02,6,min,0.1,False,0.1,C_deep,86,0.8108527131782945,0.75,0.22154784434162603,0.75,1.0,0.25,1.0,0.9562015503875969,1.0,0.13286797495562977,1.0,1.0,0.4,1.0,0.8546511627906976,1.0,0.21050283966834257,0.75,1.0,0.25,1.0,0.4883720930232558
269,390,0.2,0.03,8,max,0.2,False,0.05,A_default,84,0.8041666666666668,1.0,0.26680311519127686,0.625,1.0,0.0,1.0,0.905357142857143,1.0,0.23146354555361964,1.0,1.0,0.0,1.0,0.8630952380952381,1.0,0.25403137064721204,0.75,1.0,0.0,1.0,0.5833333333333334
269,390,0.2,0.03,8,max,0.2,False,0.05,B_weak_signal,84,0.8107142857142856,1.0,0.3254658164924638,0.7291666666666666,1.0,0.0,1.0,0.8226190476190476,1.0,0.32531153698982207,0.75,1.0,0.0,1.0,0.8809523809523809,1.0,0.31402025507389264,1.0,1.0,0.0,1.0,0.6666666666666666
269,390,0.2,0.03,8,max,0.2,False,0.05,C_deep,92,0.831340579710145,1.0,0.2502970444242669,0.75,1.0,0.0,1.0,0.9634057971014492,1.0,0.13420591604892937,1.0,1.0,0.0,1.0,0.8559782608695652,1.0,0.24834718010587375,0.75,1.0,0.0,1.0,0.6195652173913043
270,180,0.4,0.02,8,mean,0.1,False,0.15,A_default,79,0.7926160337552742,1.0,0.2286580889012341,0.5,1.0,0.3333333333333333,1.0,0.9118143459915613,1.0,0.18273312586974885,1.0,1.0,0.4,1.0,0.880801687763713,1.0,0.20046400248775634,0.75,1.0,0.3333333333333333,1.0,0.5063291139240507
270,180,0.4,0.02,8,mean,0.1,False,0.15,B_weak_signal,58,0.8545977011494252,1.0,0.20979413244015785,0.6875,1.0,0.3333333333333333,1.0,0.9048850574712644,1.0,0.18511912345911086,1.0,1.0,0.4,1.0,0.949712643678161,1.0,0.13956530185743507,1.0,1.0,0.3333333333333333,1.0,0.6379310344827587
270,180,0.4,0.02,8,mean,0.1,False,0.15,C_deep,86,0.7982558139534884,1.0,0.2499676981715818,0.5416666666666666,1.0,0.25,1.0,0.9717054263565891,1.0,0.11643028623132208,1.0,1.0,0.4,1.0,0.8265503875968991,1.0,0.24260807721625224,0.75,1.0,0.25,1.0,0.5348837209302325
271,170,0.4,0.03,4,mean,0.1,False,0.15,A_default,79,0.7926160337552742,1.0,0.2286580889012341,0.5,1.0,0.3333333333333333,1.0,0.9118143459915613,1.0,0.18273312586974885,1.0,1.0,0.4,1.0,0.880801687763713,1.0,0.20046400248775634,0.75,1.0,0.3333333333333333,1.0,0.5063291139240507
271,170,0.4,0.03,4,mean,0.1,False,0.15,B_weak_signal,58,0.8545977011494252,1.0,0.20979413244015785,0.6875,1.0,0.3333333333333333,1.0,0.9048850574712644,1.0,0.18511912345911086,1.0,1.0,0.4,1.0,0.949712643678161,1.0,0.13956530185743507,1.0,1.0,0.3333333333333333,1.0,0.6379310344827587
271,170,0.4,0.03,4,mean,0.1,False,0.15,C_deep,86,0.7982558139534884,1.0,0.2499676981715818,0.5416666666666666,1.0,0.25,1.0,0.9717054263565891,1.0,0.11643028623132208,1.0,1.0,0.4,1.0,0.8265503875968991,1.0,0.24260807721625224,0.75,1.0,0.25,1.0,0.5348837209302325
272,637,0.3,0.05,4,max,0.2,False,0.15,A_default,84,0.8065476190476192,1.0,0.2607015796566918,0.6666666666666666,1.0,0.0,1.0,0.9454365079365078,1.0,0.19808911747921967,1.0,1.0,0.0,1.0,0.8253968253968254,1.0,0.2624474982936913,0.6666666666666666,1.0,0.0,1.0,0.5714285714285714
272,637,0.3,0.05,4,max,0.2,False,0.15,B_weak_signal,81,0.8462962962962964,1.0,0.2894559072159732,0.75,1.0,0.0,1.0,0.901851851851852,1.0,0.26880651860482196,1.0,1.0,0.0,1.0,0.8703703703703703,1.0,0.28927591596182983,1.0,1.0,0.0,1.0,0.7037037037037037
272,637,0.3,0.05,4,max,0.2,False,0.15,C_deep,92,0.7923913043478261,1.0,0.26393302425251,0.5,1.0,0.0,1.0,0.9782608695652174,1.0,0.11905558183275548,1.0,1.0,0.0,1.0,0.798913043478261,1.0,0.26153258677031477,0.625,1.0,0.0,1.0,0.5434782608695652
273,318,0.4,0.02,4,mean,0.15,False,0.15,A_default,79,0.7689873417721518,0.75,0.2375644188721626,0.5,1.0,0.3333333333333333,1.0,0.938818565400844,1.0,0.1490167565241609,1.0,1.0,0.5,1.0,0.8301687763713079,1.0,0.23511341673261832,0.5,1.0,0.3333333333333333,1.0,0.46835443037974683
273,318,0.4,0.02,4,mean,0.15,False,0.15,B_weak_signal,58,0.8807471264367817,1.0,0.19188715322421784,0.75,1.0,0.3333333333333333,1.0,0.9482758620689655,1.0,0.1332122862513369,1.0,1.0,0.5,1.0,0.9324712643678161,1.0,0.16181302273138845,1.0,1.0,0.3333333333333333,1.0,0.6896551724137931
273,318,0.4,0.02,4,mean,0.15,False,0.15,C_deep,86,0.7943798449612403,1.0,0.252317499763759,0.6666666666666666,1.0,0.25,1.0,0.9852713178294572,1.0,0.08142595997901622,1.0,1.0,0.4,1.0,0.8091085271317829,1.0,0.2504460984204272,0.75,1.0,0.25,1.0,0.5232558139534884
274,233,0.4,0.03,6,mean,0.15,False,0.15,A_default,79,0.7689873417721518,0.75,0.2375644188721626,0.5,1.0,0.3333333333333333,1.0,0.938818565400844,1.0,0.1490167565241609,1.0,1.0,0.5,1.0,0.8301687763713079,1.0,0.23511341673261832,0.5,1.0,0.3333333333333333,1.0,0.46835443037974683
274,233,0.4,0.03,6,mean,0.15,False,0.15,B_weak_signal,58,0.8807471264367817,1.0,0.19188715322421784,0.75,1.0,0.3333333333333333,1.0,0.9482758620689655,1.0,0.1332122862513369,1.0,1.0,0.5,1.0,0.9324712643678161,1.0,0.16181302273138845,1.0,1.0,0.3333333333333333,1.0,0.6896551724137931
274,233,0.4,0.03,6,mean,0.15,False,0.15,C_deep,86,0.7943798449612403,1.0,0.252317499763759,0.6666666666666666,1.0,0.25,1.0,0.9852713178294572,1.0,0.08142595997901622,1.0,1.0,0.4,1.0,0.8091085271317829,1.0,0.2504460984204272,0.75,1.0,0.25,1.0,0.5232558139534884
275,618,0.3,0.05,6,mean,0.15,True,0.1,A_default,84,0.8023809523809524,0.75,0.20564560008004423,0.6666666666666666,1.0,0.3333333333333333,1.0,0.8896825396825395,1.0,0.17704446914712532,0.6666666666666666,1.0,0.4,1.0,0.9107142857142857,1.0,0.17248174451144457,1.0,1.0,0.3333333333333333,1.0,0.47619047619047616
275,618,0.3,0.05,6,mean,0.15,True,0.1,B_weak_signal,81,0.8345679012345678,1.0,0.205780657527246,0.6666666666666666,1.0,0.25,1.0,0.8641975308641975,1.0,0.19474183607034565,0.6666666666666666,1.0,0.25,1.0,0.9629629629629629,1.0,0.10290907529357052,1.0,1.0,0.5,1.0,0.5555555555555556
275,618,0.3,0.05,6,mean,0.15,True,0.1,C_deep,92,0.8054347826086956,1.0,0.22920349282067587,0.6666666666666666,1.0,0.25,1.0,0.9402173913043478,1.0,0.13551674208940573,1.0,1.0,0.5,1.0,0.8586956521739131,1.0,0.21812664294359146,0.75,1.0,0.25,1.0,0.5108695652173914
276,105,0.2,0.05,8,harmonic,0.1,True,0.05,A_default,84,0.8450396825396825,1.0,0.21536960792577986,0.6666666666666666,1.0,0.25,1.0,0.9194444444444445,1.0,0.18775844897866445,1.0,1.0,0.25,1.0,0.9255952380952381,1.0,0.15252112519801828,1.0,1.0,0.5,1.0,0.6071428571428571
276,105,0.2,0.05,8,harmonic,0.1,True,0.05,B_weak_signal,84,0.7244047619047619,0.75,0.27458678250841373,0.5,1.0,0.2,1.0,0.7509920634920635,0.75,0.2805658748142446,0.5,1.0,0.2,1.0,0.9702380952380952,1.0,0.09562278874857753,1.0,1.0,0.5,1.0,0.4166666666666667
276,105,0.2,0.05,8,harmonic,0.1,True,0.05,C_deep,92,0.8722826086956522,1.0,0.19490264270599109,0.75,1.0,0.25,1.0,0.9592391304347826,1.0,0.12749019283871849,1.0,1.0,0.3333333333333333,1.0,0.9094202898550725,1.0,0.1669650140622105,0.75,1.0,0.25,1.0,0.6413043478260869
277,606,0.2,0.02,4,mean,0.1,True,0.1,A_default,84,0.777579365079365,1.0,0.24401118722048104,0.5,1.0,0.3333333333333333,1.0,0.8420634920634921,1.0,0.23593608870835026,0.5,1.0,0.4,1.0,0.9355158730158729,1.0,0.15649225021346128,1.0,1.0,0.3333333333333333,1.0,0.5119047619047619
277,606,0.2,0.02,4,mean,0.1,True,0.1,B_weak_signal,84,0.8359126984126984,1.0,0.2383496083360941,0.6666666666666666,1.0,0.25,1.0,0.8478174603174603,1.0,0.2400186818072663,0.6666666666666666,1.0,0.25,1.0,0.9880952380952381,1.0,0.05355947466554026,1.0,1.0,0.75,1.0,0.6309523809523809
277,606,0.2,0.02,4,mean,0.1,True,0.1,C_deep,92,0.8278985507246377,1.0,0.23937888563782603,0.75,1.0,0.25,1.0,0.9365942028985508,1.0,0.1693959520953584,1.0,1.0,0.4,1.0,0.8913043478260869,1.0,0.20625858121593627,0.75,1.0,0.25,1.0,0.5978260869565217
278,439,0.2,0.03,8,mean,0.1,True,0.1,A_default,84,0.777579365079365,1.0,0.24401118722048104,0.5,1.0,0.3333333333333333,1.0,0.8420634920634921,1.0,0.23593608870835026,0.5,1.0,0.4,1.0,0.9355158730158729,1.0,0.15649225021346128,1.0,1.0,0.3333333333333333,1.0,0.5119047619047619
278,439,0.2,0.03,8,mean,0.1,True,0.1,B_weak_signal,84,0.8359126984126984,1.0,0.2383496083360941,0.6666666666666666,1.0,0.25,1.0,0.8478174603174603,1.0,0.2400186818072663,0.6666666666666666,1.0,0.25,1.0,0.9880952380952381,1.0,0.05355947466554026,1.0,1.0,0.75,1.0,0.6309523809523809
278,439,0.2,0.03,8,mean,0.1,True,0.1,C_deep,92,0.8278985507246377,1.0,0.23937888563782603,0.75,1.0,0.25,1.0,0.9365942028985508,1.0,0.1693959520953584,1.0,1.0,0.4,1.0,0.8913043478260869,1.0,0.20625858121593627,0.75,1.0,0.25,1.0,0.5978260869565217
279,363,0.2,0.02,4,mean,0.05,True,0.1,A_default,84,0.7755952380952381,1.0,0.24559637587550473,0.5,1.0,0.3333333333333333,1.0,0.840079365079365,1.0,0.2381195722887029,0.5,1.0,0.4,1.0,0.9355158730158729,1.0,0.15649225021346128,1.0,1.0,0.3333333333333333,1.0,0.5119047619047619
279,363,0.2,0.02,4,mean,0.05,True,0.1,B_weak_signal,84,0.8359126984126984,1.0,0.2383496083360941,0.6666666666666666,1.0,0.25,1.0,0.8478174603174603,1.0,0.2400186818072663,0.6666666666666666,1.0,0.25,1.0,0.9880952380952381,1.0,0.05355947466554026,1.0,1.0,0.75,1.0,0.6309523809523809
279,363,0.2,0.02,4,mean,0.05,True,0.1,C_deep,92,0.8278985507246377,1.0,0.23937888563782603,0.75,1.0,0.25,1.0,0.9365942028985508,1.0,0.1693959520953584,1.0,1.0,0.4,1.0,0.8913043478260869,1.0,0.20625858121593627,0.75,1.0,0.25,1.0,0.5978260869565217
280,19,0.4,0.05,6,mean,0.2,True,0.15,A_default,79,0.8006329113924051,0.75,0.21367832411454582,0.6666666666666666,1.0,0.3333333333333333,1.0,0.9409282700421943,1.0,0.13618210607095357,1.0,1.0,0.5,1.0,0.8575949367088609,1.0,0.2072200591364342,0.75,1.0,0.3333333333333333,1.0,0.4936708860759494
280,19,0.4,0.05,6,mean,0.2,True,0.15,B_weak_signal,58,0.8563218390804598,1.0,0.1832356886754208,0.6666666666666666,1.0,0.5,1.0,0.9195402298850573,1.0,0.1464038691260341,1.0,1.0,0.5,1.0,0.9310344827586207,1.0,0.14403162812795584,1.0,1.0,0.5,1.0,0.5862068965517241
280,19,0.4,0.05,6,mean,0.2,True,0.15,C_deep,86,0.7819767441860465,0.75,0.24427049075854165,0.5416666666666666,1.0,0.25,1.0,0.9883720930232558,1.0,0.06152048213271927,1.0,1.0,0.6666666666666666,1.0,0.7916666666666666,0.875,0.24413044300663195,0.6666666666666666,1.0,0.25,1.0,0.47674418604651164
281,592,0.4,0.05,8,mean,0.2,True,0.15,A_default,79,0.8006329113924051,0.75,0.21367832411454582,0.6666666666666666,1.0,0.3333333333333333,1.0,0.9409282700421943,1.0,0.13618210607095357,1.0,1.0,0.5,1.0,0.8575949367088609,1.0,0.2072200591364342,0.75,1.0,0.3333333333333333,1.0,0.4936708860759494
281,592,0.4,0.05,8,mean,0.2,True,0.15,B_weak_signal,58,0.8563218390804598,1.0,0.1832356886754208,0.6666666666666666,1.0,0.5,1.0,0.9195402298850573,1.0,0.1464038691260341,1.0,1.0,0.5,1.0,0.9310344827586207,1.0,0.14403162812795584,1.0,1.0,0.5,1.0,0.5862068965517241
281,592,0.4,0.05,8,mean,0.2,True,0.15,C_deep,86,0.7819767441860465,0.75,0.24427049075854165,0.5416666666666666,1.0,0.25,1.0,0.9883720930232558,1.0,0.06152048213271927,1.0,1.0,0.6666666666666666,1.0,0.7916666666666666,0.875,0.24413044300663195,0.6666666666666666,1.0,0.25,1.0,0.47674418604651164
282,242,0.4,0.03,6,max,0.2,False,0.05,A_default,79,0.7917721518987341,1.0,0.2704311401276175,0.5,1.0,0.0,1.0,0.899367088607595,1.0,0.23748508782056546,1.0,1.0,0.0,1.0,0.8544303797468354,1.0,0.2595979367249444,0.75,1.0,0.0,1.0,0.5569620253164557
282,242,0.4,0.03,6,max,0.2,False,0.05,B_weak_signal,58,0.8221264367816092,1.0,0.2899786227758915,0.6875,1.0,0.0,1.0,0.8350574712643679,1.0,0.28829825455364533,0.75,1.0,0.0,1.0,0.9181034482758621,1.0,0.2623607861193511,1.0,1.0,0.0,1.0,0.6379310344827587
282,242,0.4,0.03,6,max,0.2,False,0.05,C_deep,86,0.8242248062015503,1.0,0.2543947960676512,0.75,1.0,0.0,1.0,0.9637596899224805,1.0,0.136630599269105,1.0,1.0,0.0,1.0,0.8488372093023255,1.0,0.25421660644288363,0.75,1.0,0.0,1.0,0.6046511627906976
283,479,0.3,0.03,6,min,0.2,True,0.1,A_default,84,0.7817460317460316,0.75,0.2330264626890699,0.5,1.0,0.3333333333333333,1.0,0.8551587301587301,1.0,0.22432370755881564,0.6666666666666666,1.0,0.4,1.0,0.9265873015873015,1.0,0.1596959763747188,1.0,1.0,0.3333333333333333,1.0,0.4880952380952381
283,479,0.3,0.03,6,min,0.2,True,0.1,B_weak_signal,81,0.8450617283950618,1.0,0.22849818325992546,0.6666666666666666,1.0,0.25,1.0,0.8604938271604938,1.0,0.23001274790222145,0.6666666666666666,1.0,0.25,1.0,0.9845679012345679,1.0,0.06054026310473163,1.0,1.0,0.75,1.0,0.6419753086419753
283,479,0.3,0.03,6,min,0.2,True,0.1,C_deep,92,0.8099637681159421,1.0,0.23730347929553713,0.75,1.0,0.25,1.0,0.9376811594202898,1.0,0.172053416990278,1.0,1.0,0.4,1.0,0.8722826086956522,1.0,0.20689100983520053,0.75,1.0,0.25,1.0,0.532608695652174
284,256,0.3,0.02,4,min,0.2,True,0.1,A_default,84,0.7817460317460316,0.75,0.2330264626890699,0.5,1.0,0.3333333333333333,1.0,0.8551587301587301,1.0,0.22432370755881564,0.6666666666666666,1.0,0.4,1.0,0.9265873015873015,1.0,0.1596959763747188,1.0,1.0,0.3333333333333333,1.0,0.4880952380952381
284,256,0.3,0.02,4,min,0.2,True,0.1,B_weak_signal,81,0.8450617283950618,1.0,0.22849818325992546,0.6666666666666666,1.0,0.25,1.0,0.8604938271604938,1.0,0.23001274790222145,0.6666666666666666,1.0,0.25,1.0,0.9845679012345679,1.0,0.06054026310473163,1.0,1.0,0.75,1.0,0.6419753086419753
284,256,0.3,0.02,4,min,0.2,True,0.1,C_deep,92,0.8099637681159421,1.0,0.23730347929553713,0.75,1.0,0.25,1.0,0.9376811594202898,1.0,0.172053416990278,1.0,1.0,0.4,1.0,0.8722826086956522,1.0,0.20689100983520053,0.75,1.0,0.25,1.0,0.532608695652174
285,27,0.3,0.02,6,min,0.2,True,0.1,A_default,84,0.7817460317460316,0.75,0.2330264626890699,0.5,1.0,0.3333333333333333,1.0,0.8551587301587301,1.0,0.22432370755881564,0.6666666666666666,1.0,0.4,1.0,0.9265873015873015,1.0,0.1596959763747188,1.0,1.0,0.3333333333333333,1.0,0.4880952380952381
285,27,0.3,0.02,6,min,0.2,True,0.1,B_weak_signal,81,0.8450617283950618,1.0,0.22849818325992546,0.6666666666666666,1.0,0.25,1.0,0.8604938271604938,1.0,0.23001274790222145,0.6666666666666666,1.0,0.25,1.0,0.9845679012345679,1.0,0.06054026310473163,1.0,1.0,0.75,1.0,0.6419753086419753
285,27,0.3,0.02,6,min,0.2,True,0.1,C_deep,92,0.8099637681159421,1.0,0.23730347929553713,0.75,1.0,0.25,1.0,0.9376811594202898,1.0,0.172053416990278,1.0,1.0,0.4,1.0,0.8722826086956522,1.0,0.20689100983520053,0.75,1.0,0.25,1.0,0.532608695652174
286,55,0.4,0.03,4,weighted,0.15,True,0.15,A_default,79,0.8280590717299579,1.0,0.2300988314817562,0.5833333333333333,1.0,0.3333333333333333,1.0,0.9641350210970465,1.0,0.11836639142171047,1.0,1.0,0.5,1.0,0.8639240506329112,1.0,0.22095413370307423,0.75,1.0,0.3333333333333333,1.0,0.6075949367088608
286,55,0.4,0.03,4,weighted,0.15,True,0.15,B_weak_signal,58,0.8402298850574713,1.0,0.22148344630231728,0.6666666666666666,1.0,0.25,1.0,0.9379310344827585,1.0,0.15120674766832182,1.0,1.0,0.4,1.0,0.9022988505747126,1.0,0.19629731090277694,1.0,1.0,0.25,1.0,0.603448275862069
286,55,0.4,0.03,4,weighted,0.15,True,0.15,C_deep,86,0.7674418604651163,0.75,0.2569670635381627,0.5,1.0,0.25,1.0,0.9941860465116279,1.0,0.05391638660171922,1.0,1.0,0.5,1.0,0.7732558139534884,0.75,0.25650082584391565,0.5416666666666666,1.0,0.25,1.0,0.45348837209302323
287,31,0.4,0.03,8,weighted,0.15,True,0.15,A_default,79,0.8280590717299579,1.0,0.2300988314817562,0.5833333333333333,1.0,0.3333333333333333,1.0,0.9641350210970465,1.0,0.11836639142171047,1.0,1.0,0.5,1.0,0.8639240506329112,1.0,0.22095413370307423,0.75,1.0,0.3333333333333333,1.0,0.6075949367088608
287,31,0.4,0.03,8,weighted,0.15,True,0.15,B_weak_signal,58,0.8402298850574713,1.0,0.22148344630231728,0.6666666666666666,1.0,0.25,1.0,0.9379310344827585,1.0,0.15120674766832182,1.0,1.0,0.4,1.0,0.9022988505747126,1.0,0.19629731090277694,1.0,1.0,0.25,1.0,0.603448275862069
287,31,0.4,0.03,8,weighted,0.15,True,0.15,C_deep,86,0.7674418604651163,0.75,0.2569670635381627,0.5,1.0,0.25,1.0,0.9941860465116279,1.0,0.05391638660171922,1.0,1.0,0.5,1.0,0.7732558139534884,0.75,0.25650082584391565,0.5416666666666666,1.0,0.25,1.0,0.45348837209302323
288,702,0.3,0.03,4,min,0.2,True,0.15,A_default,84,0.7801587301587302,0.75,0.23301004842533432,0.5,1.0,0.3333333333333333,1.0,0.8952380952380953,1.0,0.2001433794721398,1.0,1.0,0.4,1.0,0.8849206349206349,1.0,0.19656724475601442,0.75,1.0,0.3333333333333333,1.0,0.4880952380952381
288,702,0.3,0.03,4,min,0.2,True,0.15,B_weak_signal,81,0.8658436213991768,1.0,0.21035520941717561,0.75,1.0,0.3333333333333333,1.0,0.9059670781893003,1.0,0.19666152256646924,1.0,1.0,0.3333333333333333,1.0,0.9598765432098766,1.0,0.11495100942532528,1.0,1.0,0.5,1.0,0.6790123456790124
288,702,0.3,0.03,4,min,0.2,True,0.15,C_deep,92,0.7896739130434783,0.75,0.2399995216634472,0.7291666666666666,1.0,0.25,1.0,0.9735507246376811,1.0,0.11274551757516066,1.0,1.0,0.4,1.0,0.816123188405797,1.0,0.23392717586418477,0.75,1.0,0.25,1.0,0.4782608695652174
289,799,0.3,0.02,6,max,0.1,False,0.1,A_default,84,0.7738095238095238,1.0,0.25486282257040205,0.5,1.0,0.0,1.0,0.8442460317460316,1.0,0.24282879485742195,0.6666666666666666,1.0,0.0,1.0,0.9176587301587301,1.0,0.19596586031793534,1.0,1.0,0.0,1.0,0.5119047619047619
289,799,0.3,0.02,6,max,0.1,False,0.1,B_weak_signal,81,0.8209876543209876,1.0,0.2597511867390517,0.6666666666666666,1.0,0.0,1.0,0.8240740740740741,1.0,0.2603816643143504,0.6666666666666666,1.0,0.0,1.0,0.9722222222222222,1.0,0.15811388300841883,1.0,1.0,0.0,1.0,0.6049382716049383
289,799,0.3,0.02,6,max,0.1,False,0.1,C_deep,92,0.8405797101449275,1.0,0.2284056374361488,0.75,1.0,0.25,1.0,0.9384057971014493,1.0,0.144617282181151,1.0,1.0,0.5,1.0,0.9021739130434783,1.0,0.20841891855673428,1.0,1.0,0.25,1.0,0.6086956521739131
290,188,0.4,0.05,4,harmonic,0.05,False,0.15,A_default,79,0.8035864978902952,1.0,0.22662315579863138,0.5,1.0,0.3333333333333333,1.0,0.9489451476793249,1.0,0.14248361159702358,1.0,1.0,0.4,1.0,0.8512658227848103,1.0,0.210425768219823,0.7083333333333333,1.0,0.3333333333333333,1.0,0.5316455696202531
290,188,0.4,0.05,4,harmonic,0.05,False,0.15,B_weak_signal,58,0.8522988505747126,1.0,0.19709014461882185,0.6666666666666666,1.0,0.3333333333333333,1.0,0.9267241379310345,1.0,0.14815103638711782,1.0,1.0,0.5,1.0,0.9181034482758621,1.0,0.1587992370501377,1.0,1.0,0.3333333333333333,1.0,0.603448275862069
290,188,0.4,0.05,4,harmonic,0.05,False,0.15,C_deep,86,0.7788759689922481,0.75,0.2414068842881862,0.6666666666666666,1.0,0.25,1.0,0.9893410852713179,1.0,0.05687463513911121,1.0,1.0,0.6666666666666666,1.0,0.7868217054263564,0.75,0.24172739303384638,0.6666666666666666,1.0,0.25,1.0,0.45348837209302323
291,229,0.4,0.05,8,harmonic,0.05,False,0.15,A_default,79,0.8035864978902952,1.0,0.22662315579863138,0.5,1.0,0.3333333333333333,1.0,0.9489451476793249,1.0,0.14248361159702358,1.0,1.0,0.4,1.0,0.8512658227848103,1.0,0.210425768219823,0.7083333333333333,1.0,0.3333333333333333,1.0,0.5316455696202531
291,229,0.4,0.05,8,harmonic,0.05,False,0.15,B_weak_signal,58,0.8522988505747126,1.0,0.19709014461882185,0.6666666666666666,1.0,0.3333333333333333,1.0,0.9267241379310345,1.0,0.14815103638711782,1.0,1.0,0.5,1.0,0.9181034482758621,1.0,0.1587992370501377,1.0,1.0,0.3333333333333333,1.0,0.603448275862069
291,229,0.4,0.05,8,harmonic,0.05,False,0.15,C_deep,86,0.7788759689922481,0.75,0.2414068842881862,0.6666666666666666,1.0,0.25,1.0,0.9893410852713179,1.0,0.05687463513911121,1.0,1.0,0.6666666666666666,1.0,0.7868217054263564,0.75,0.24172739303384638,0.6666666666666666,1.0,0.25,1.0,0.45348837209302323
292,636,0.3,0.03,6,weighted,0.2,True,0.05,A_default,84,0.8789682539682541,1.0,0.21738557050206975,0.75,1.0,0.25,1.0,0.9384920634920636,1.0,0.1806943359433529,1.0,1.0,0.25,1.0,0.9404761904761905,1.0,0.14838004576253988,1.0,1.0,0.5,1.0,0.7261904761904762
292,636,0.3,0.03,6,weighted,0.2,True,0.05,B_weak_signal,81,0.7195473251028807,0.75,0.295813263679048,0.4,1.0,0.0,1.0,0.7720164609053498,1.0,0.2949555894124599,0.6,1.0,0.0,1.0,0.935185185185185,1.0,0.18911342863183686,1.0,1.0,0.0,1.0,0.43209876543209874
292,636,0.3,0.03,6,weighted,0.2,True,0.05,C_deep,92,0.836050724637681,1.0,0.24033550488409752,0.75,1.0,0.25,1.0,0.9755434782608695,1.0,0.12325586833039091,1.0,1.0,0.25,1.0,0.8605072463768115,1.0,0.22241209306387136,0.75,1.0,0.25,1.0,0.6086956521739131
293,350,0.3,0.02,4,weighted,0.2,True,0.05,A_default,84,0.8789682539682541,1.0,0.21738557050206975,0.75,1.0,0.25,1.0,0.9384920634920636,1.0,0.1806943359433529,1.0,1.0,0.25,1.0,0.9404761904761905,1.0,0.14838004576253988,1.0,1.0,0.5,1.0,0.7261904761904762
293,350,0.3,0.02,4,weighted,0.2,True,0.05,B_weak_signal,81,0.7195473251028807,0.75,0.295813263679048,0.4,1.0,0.0,1.0,0.7720164609053498,1.0,0.2949555894124599,0.6,1.0,0.0,1.0,0.935185185185185,1.0,0.18911342863183686,1.0,1.0,0.0,1.0,0.43209876543209874
293,350,0.3,0.02,4,weighted,0.2,True,0.05,C_deep,92,0.836050724637681,1.0,0.24033550488409752,0.75,1.0,0.25,1.0,0.9755434782608695,1.0,0.12325586833039091,1.0,1.0,0.25,1.0,0.8605072463768115,1.0,0.22241209306387136,0.75,1.0,0.25,1.0,0.6086956521739131
294,392,0.3,0.02,8,weighted,0.2,True,0.05,A_default,84,0.8789682539682541,1.0,0.21738557050206975,0.75,1.0,0.25,1.0,0.9384920634920636,1.0,0.1806943359433529,1.0,1.0,0.25,1.0,0.9404761904761905,1.0,0.14838004576253988,1.0,1.0,0.5,1.0,0.7261904761904762
294,392,0.3,0.02,8,weighted,0.2,True,0.05,B_weak_signal,81,0.7195473251028807,0.75,0.295813263679048,0.4,1.0,0.0,1.0,0.7720164609053498,1.0,0.2949555894124599,0.6,1.0,0.0,1.0,0.935185185185185,1.0,0.18911342863183686,1.0,1.0,0.0,1.0,0.43209876543209874
294,392,0.3,0.02,8,weighted,0.2,True,0.05,C_deep,92,0.836050724637681,1.0,0.24033550488409752,0.75,1.0,0.25,1.0,0.9755434782608695,1.0,0.12325586833039091,1.0,1.0,0.25,1.0,0.8605072463768115,1.0,0.22241209306387136,0.75,1.0,0.25,1.0,0.6086956521739131
295,401,0.2,0.03,8,min,0.2,True,0.15,A_default,84,0.7801587301587302,0.75,0.23301004842533432,0.5,1.0,0.3333333333333333,1.0,0.8952380952380953,1.0,0.2001433794721398,1.0,1.0,0.4,1.0,0.8849206349206349,1.0,0.19656724475601442,0.75,1.0,0.3333333333333333,1.0,0.4880952380952381
295,401,0.2,0.03,8,min,0.2,True,0.15,B_weak_signal,84,0.8646825396825396,1.0,0.21141147317492429,0.75,1.0,0.3333333333333333,1.0,0.9033730158730158,1.0,0.1986699374731554,1.0,1.0,0.3333333333333333,1.0,0.9613095238095238,1.0,0.11310278683627562,1.0,1.0,0.5,1.0,0.6785714285714286
295,401,0.2,0.03,8,min,0.2,True,0.15,C_deep,92,0.7896739130434783,0.75,0.2399995216634472,0.7291666666666666,1.0,0.25,1.0,0.9735507246376811,1.0,0.11274551757516066,1.0,1.0,0.4,1.0,0.816123188405797,1.0,0.23392717586418477,0.75,1.0,0.25,1.0,0.4782608695652174
296,297,0.2,0.02,6,min,0.2,True,0.15,A_default,84,0.7801587301587302,0.75,0.23301004842533432,0.5,1.0,0.3333333333333333,1.0,0.8952380952380953,1.0,0.2001433794721398,1.0,1.0,0.4,1.0,0.8849206349206349,1.0,0.19656724475601442,0.75,1.0,0.3333333333333333,1.0,0.4880952380952381
296,297,0.2,0.02,6,min,0.2,True,0.15,B_weak_signal,84,0.8646825396825396,1.0,0.21141147317492429,0.75,1.0,0.3333333333333333,1.0,0.9033730158730158,1.0,0.1986699374731554,1.0,1.0,0.3333333333333333,1.0,0.9613095238095238,1.0,0.11310278683627562,1.0,1.0,0.5,1.0,0.6785714285714286
296,297,0.2,0.02,6,min,0.2,True,0.15,C_deep,92,0.7896739130434783,0.75,0.2399995216634472,0.7291666666666666,1.0,0.25,1.0,0.9735507246376811,1.0,0.11274551757516066,1.0,1.0,0.4,1.0,0.816123188405797,1.0,0.23392717586418477,0.75,1.0,0.25,1.0,0.4782608695652174
297,613,0.2,0.03,4,min,0.2,True,0.15,A_default,84,0.7801587301587302,0.75,0.23301004842533432,0.5,1.0,0.3333333333333333,1.0,0.8952380952380953,1.0,0.2001433794721398,1.0,1.0,0.4,1.0,0.8849206349206349,1.0,0.19656724475601442,0.75,1.0,0.3333333333333333,1.0,0.4880952380952381
297,613,0.2,0.03,4,min,0.2,True,0.15,B_weak_signal,84,0.8646825396825396,1.0,0.21141147317492429,0.75,1.0,0.3333333333333333,1.0,0.9033730158730158,1.0,0.1986699374731554,1.0,1.0,0.3333333333333333,1.0,0.9613095238095238,1.0,0.11310278683627562,1.0,1.0,0.5,1.0,0.6785714285714286
297,613,0.2,0.03,4,min,0.2,True,0.15,C_deep,92,0.7896739130434783,0.75,0.2399995216634472,0.7291666666666666,1.0,0.25,1.0,0.9735507246376811,1.0,0.11274551757516066,1.0,1.0,0.4,1.0,0.816123188405797,1.0,0.23392717586418477,0.75,1.0,0.25,1.0,0.4782608695652174
298,16,0.2,0.03,6,mean,0.2,False,0.05,A_default,84,0.8085317460317459,1.0,0.23132373346195595,0.5,1.0,0.3333333333333333,1.0,0.9801587301587301,1.0,0.07934117061943513,1.0,1.0,0.6666666666666666,1.0,0.8283730158730158,1.0,0.23261190483819805,0.5,1.0,0.3333333333333333,1.0,0.5476190476190477
298,16,0.2,0.03,6,mean,0.2,False,0.05,B_weak_signal,84,0.8462301587301587,1.0,0.28326069456866854,0.75,1.0,0.0,1.0,0.9246031746031745,1.0,0.24462735902246033,1.0,1.0,0.0,1.0,0.8621031746031745,1.0,0.2820767219121188,1.0,1.0,0.0,1.0,0.7142857142857143
298,16,0.2,0.03,6,mean,0.2,False,0.05,C_deep,92,0.7780797101449275,0.875,0.2676256719598824,0.5,1.0,0.0,1.0,0.9891304347826086,1.0,0.10425720702853719,1.0,1.0,0.0,1.0,0.7780797101449275,0.875,0.2676256719598824,0.5,1.0,0.0,1.0,0.5
299,274,0.2,0.02,8,mean,0.2,False,0.05,A_default,84,0.8085317460317459,1.0,0.23132373346195595,0.5,1.0,0.3333333333333333,1.0,0.9801587301587301,1.0,0.07934117061943513,1.0,1.0,0.6666666666666666,1.0,0.8283730158730158,1.0,0.23261190483819805,0.5,1.0,0.3333333333333333,1.0,0.5476190476190477
299,274,0.2,0.02,8,mean,0.2,False,0.05,B_weak_signal,84,0.8462301587301587,1.0,0.28326069456866854,0.75,1.0,0.0,1.0,0.9246031746031745,1.0,0.24462735902246033,1.0,1.0,0.0,1.0,0.8621031746031745,1.0,0.2820767219121188,1.0,1.0,0.0,1.0,0.7142857142857143
299,274,0.2,0.02,8,mean,0.2,False,0.05,C_deep,92,0.7780797101449275,0.875,0.2676256719598824,0.5,1.0,0.0,1.0,0.9891304347826086,1.0,0.10425720702853719,1.0,1.0,0.0,1.0,0.7780797101449275,0.875,0.2676256719598824,0.5,1.0,0.0,1.0,0.5
300,279,0.3,0.02,8,min,0.05,False,0.1,A_default,84,0.7765873015873016,0.75,0.23804928797375743,0.5,1.0,0.3333333333333333,1.0,0.8500000000000001,1.0,0.23120081154927666,0.6666666666666666,1.0,0.4,1.0,0.9265873015873015,1.0,0.1596959763747188,1.0,1.0,0.3333333333333333,1.0,0.4880952380952381
300,279,0.3,0.02,8,min,0.05,False,0.1,B_weak_signal,81,0.8450617283950618,1.0,0.22849818325992546,0.6666666666666666,1.0,0.25,1.0,0.8604938271604938,1.0,0.23001274790222145,0.6666666666666666,1.0,0.25,1.0,0.9845679012345679,1.0,0.06054026310473163,1.0,1.0,0.75,1.0,0.6419753086419753
300,279,0.3,0.02,8,min,0.05,False,0.1,C_deep,92,0.8099637681159421,1.0,0.23730347929553713,0.75,1.0,0.25,1.0,0.9376811594202898,1.0,0.172053416990278,1.0,1.0,0.4,1.0,0.8722826086956522,1.0,0.20689100983520053,0.75,1.0,0.25,1.0,0.532608695652174
301,757,0.3,0.03,8,min,0.05,False,0.1,A_default,84,0.7765873015873016,0.75,0.23804928797375743,0.5,1.0,0.3333333333333333,1.0,0.8500000000000001,1.0,0.23120081154927666,0.6666666666666666,1.0,0.4,1.0,0.9265873015873015,1.0,0.1596959763747188,1.0,1.0,0.3333333333333333,1.0,0.4880952380952381
301,757,0.3,0.03,8,min,0.05,False,0.1,B_weak_signal,81,0.8450617283950618,1.0,0.22849818325992546,0.6666666666666666,1.0,0.25,1.0,0.8604938271604938,1.0,0.23001274790222145,0.6666666666666666,1.0,0.25,1.0,0.9845679012345679,1.0,0.06054026310473163,1.0,1.0,0.75,1.0,0.6419753086419753
301,757,0.3,0.03,8,min,0.05,False,0.1,C_deep,92,0.8099637681159421,1.0,0.23730347929553713,0.75,1.0,0.25,1.0,0.9376811594202898,1.0,0.172053416990278,1.0,1.0,0.4,1.0,0.8722826086956522,1.0,0.20689100983520053,0.75,1.0,0.25,1.0,0.532608695652174
302,295,0.4,0.03,6,mean,0.05,False,0.05,A_default,79,0.7746835443037975,1.0,0.24878423413289041,0.5,1.0,0.4,1.0,0.831645569620253,1.0,0.24610346503782582,0.5,1.0,0.4,1.0,0.9430379746835443,1.0,0.14405620724955778,1.0,1.0,0.5,1.0,0.5189873417721519
302,295,0.4,0.03,6,mean,0.05,False,0.05,B_weak_signal,58,0.8025862068965518,1.0,0.24998638801418274,0.5,1.0,0.25,1.0,0.806896551724138,1.0,0.25121603826714095,0.5,1.0,0.25,1.0,0.9956896551724138,1.0,0.03282660821493064,1.0,1.0,0.75,1.0,0.5689655172413793
302,295,0.4,0.03,6,mean,0.05,False,0.05,C_deep,86,0.8538759689922482,1.0,0.22159071997812213,0.75,1.0,0.25,1.0,0.9333333333333333,1.0,0.1711170527785994,1.0,1.0,0.4,1.0,0.9205426356589146,1.0,0.17475799174044815,1.0,1.0,0.25,1.0,0.6511627906976745
303,614,0.4,0.02,4,mean,0.15,True,0.15,A_default,79,0.770253164556962,0.75,0.2349254425898556,0.5,1.0,0.3333333333333333,1.0,0.889451476793249,1.0,0.20419701004571236,1.0,1.0,0.4,1.0,0.880801687763713,1.0,0.20046400248775634,0.75,1.0,0.3333333333333333,1.0,0.46835443037974683
303,614,0.4,0.02,4,mean,0.15,True,0.15,B_weak_signal,58,0.8614942528735633,1.0,0.20633738379362218,0.75,1.0,0.4,1.0,0.9002873563218391,1.0,0.1942268969984453,1.0,1.0,0.4,1.0,0.9612068965517241,1.0,0.11279662783012961,1.0,1.0,0.5,1.0,0.6551724137931034
303,614,0.4,0.02,4,mean,0.15,True,0.15,C_deep,86,0.7982558139534884,1.0,0.2499676981715818,0.5416666666666666,1.0,0.25,1.0,0.9717054263565891,1.0,0.11643028623132208,1.0,1.0,0.4,1.0,0.8265503875968991,1.0,0.24260807721625224,0.75,1.0,0.25,1.0,0.5348837209302325
304,684,0.4,0.03,4,mean,0.15,True,0.1,A_default,79,0.779535864978903,0.75,0.23594311822183678,0.5,1.0,0.3333333333333333,1.0,0.8481012658227848,1.0,0.22580951780585007,0.6666666666666666,1.0,0.4,1.0,0.931434599156118,1.0,0.1605498773529126,1.0,1.0,0.3333333333333333,1.0,0.4936708860759494
304,684,0.4,0.03,4,mean,0.15,True,0.1,B_weak_signal,58,0.8327586206896551,1.0,0.2218776315988434,0.6875,1.0,0.25,1.0,0.85,1.0,0.22452028132252588,0.6875,1.0,0.25,1.0,0.9827586206896551,1.0,0.06390214842634577,1.0,1.0,0.75,1.0,0.5862068965517241
304,684,0.4,0.03,4,mean,0.15,True,0.1,C_deep,86,0.8170542635658915,1.0,0.24134666770910246,0.75,1.0,0.25,1.0,0.9333333333333333,1.0,0.1711170527785994,1.0,1.0,0.4,1.0,0.8837209302325582,1.0,0.21131361236905175,0.75,1.0,0.25,1.0,0.5697674418604651
305,374,0.4,0.02,8,mean,0.15,True,0.1,A_default,79,0.779535864978903,0.75,0.23594311822183678,0.5,1.0,0.3333333333333333,1.0,0.8481012658227848,1.0,0.22580951780585007,0.6666666666666666,1.0,0.4,1.0,0.931434599156118,1.0,0.1605498773529126,1.0,1.0,0.3333333333333333,1.0,0.4936708860759494
305,374,0.4,0.02,8,mean,0.15,True,0.1,B_weak_signal,58,0.8327586206896551,1.0,0.2218776315988434,0.6875,1.0,0.25,1.0,0.85,1.0,0.22452028132252588,0.6875,1.0,0.25,1.0,0.9827586206896551,1.0,0.06390214842634577,1.0,1.0,0.75,1.0,0.5862068965517241
305,374,0.4,0.02,8,mean,0.15,True,0.1,C_deep,86,0.8170542635658915,1.0,0.24134666770910246,0.75,1.0,0.25,1.0,0.9333333333333333,1.0,0.1711170527785994,1.0,1.0,0.4,1.0,0.8837209302325582,1.0,0.21131361236905175,0.75,1.0,0.25,1.0,0.5697674418604651
306,409,0.3,0.02,6,max,0.05,False,0.1,A_default,84,0.7813492063492062,1.0,0.24520030827347683,0.5,1.0,0.3333333333333333,1.0,0.8339285714285714,1.0,0.23432729242888242,0.625,1.0,0.4,1.0,0.9474206349206349,1.0,0.15128839910230626,1.0,1.0,0.3333333333333333,1.0,0.5238095238095238
306,409,0.3,0.02,6,max,0.05,False,0.1,B_weak_signal,81,0.8248971193415637,1.0,0.23220147287536078,0.6666666666666666,1.0,0.25,1.0,0.8279835390946502,1.0,0.2328540786584462,0.6666666666666666,1.0,0.25,1.0,0.9969135802469136,1.0,0.027777777777777804,1.0,1.0,0.75,1.0,0.5802469135802469
306,409,0.3,0.02,6,max,0.05,False,0.1,C_deep,92,0.8226449275362318,1.0,0.23473651248037164,0.75,1.0,0.25,1.0,0.915036231884058,1.0,0.1709890031846064,1.0,1.0,0.4,1.0,0.907608695652174,1.0,0.20429474630243974,1.0,1.0,0.25,1.0,0.5652173913043478
307,480,0.4,0.05,4,max,0.1,False,0.1,A_default,79,0.7843881856540084,0.75,0.2312843763954121,0.6666666666666666,1.0,0.0,1.0,0.8763713080168775,1.0,0.20671779755788944,0.6666666666666666,1.0,0.0,1.0,0.8924050632911392,1.0,0.20850501419077527,0.875,1.0,0.0,1.0,0.46835443037974683
307,480,0.4,0.05,4,max,0.1,False,0.1,B_weak_signal,58,0.8158045977011493,0.9,0.23529713316395598,0.6666666666666666,1.0,0.0,1.0,0.8270114942528736,1.0,0.2356573400763089,0.6875,1.0,0.0,1.0,0.9525862068965517,1.0,0.1899728544304363,1.0,1.0,0.0,1.0,0.5
307,480,0.4,0.05,4,max,0.1,False,0.1,C_deep,86,0.8286821705426356,1.0,0.22462243066557067,0.75,1.0,0.25,1.0,0.9515503875968991,1.0,0.11394953323305466,1.0,1.0,0.5,1.0,0.8740310077519379,1.0,0.2190831258236742,0.75,1.0,0.25,1.0,0.5581395348837209
308,663,0.3,0.03,8,min,0.15,True,0.1,A_default,84,0.7738095238095238,0.75,0.23540795593630745,0.5,1.0,0.3333333333333333,1.0,0.8472222222222221,1.0,0.22938182062685772,0.6666666666666666,1.0,0.4,1.0,0.9265873015873015,1.0,0.1596959763747188,1.0,1.0,0.3333333333333333,1.0,0.47619047619047616
308,663,0.3,0.03,8,min,0.15,True,0.1,B_weak_signal,81,0.8450617283950618,1.0,0.22849818325992546,0.6666666666666666,1.0,0.25,1.0,0.8604938271604938,1.0,0.23001274790222145,0.6666666666666666,1.0,0.25,1.0,0.9845679012345679,1.0,0.06054026310473163,1.0,1.0,0.75,1.0,0.6419753086419753
308,663,0.3,0.03,8,min,0.15,True,0.1,C_deep,92,0.8099637681159421,1.0,0.23730347929553713,0.75,1.0,0.25,1.0,0.9376811594202898,1.0,0.172053416990278,1.0,1.0,0.4,1.0,0.8722826086956522,1.0,0.20689100983520053,0.75,1.0,0.25,1.0,0.532608695652174
309,346,0.3,0.03,6,min,0.15,True,0.1,A_default,84,0.7738095238095238,0.75,0.23540795593630745,0.5,1.0,0.3333333333333333,1.0,0.8472222222222221,1.0,0.22938182062685772,0.6666666666666666,1.0,0.4,1.0,0.9265873015873015,1.0,0.1596959763747188,1.0,1.0,0.3333333333333333,1.0,0.47619047619047616
309,346,0.3,0.03,6,min,0.15,True,0.1,B_weak_signal,81,0.8450617283950618,1.0,0.22849818325992546,0.6666666666666666,1.0,0.25,1.0,0.8604938271604938,1.0,0.23001274790222145,0.6666666666666666,1.0,0.25,1.0,0.9845679012345679,1.0,0.06054026310473163,1.0,1.0,0.75,1.0,0.6419753086419753
309,346,0.3,0.03,6,min,0.15,True,0.1,C_deep,92,0.8099637681159421,1.0,0.23730347929553713,0.75,1.0,0.25,1.0,0.9376811594202898,1.0,0.172053416990278,1.0,1.0,0.4,1.0,0.8722826086956522,1.0,0.20689100983520053,0.75,1.0,0.25,1.0,0.532608695652174
310,394,0.3,0.03,4,min,0.15,True,0.1,A_default,84,0.7738095238095238,0.75,0.23540795593630745,0.5,1.0,0.3333333333333333,1.0,0.8472222222222221,1.0,0.22938182062685772,0.6666666666666666,1.0,0.4,1.0,0.9265873015873015,1.0,0.1596959763747188,1.0,1.0,0.3333333333333333,1.0,0.47619047619047616
310,394,0.3,0.03,4,min,0.15,True,0.1,B_weak_signal,81,0.8450617283950618,1.0,0.22849818325992546,0.6666666666666666,1.0,0.25,1.0,0.8604938271604938,1.0,0.23001274790222145,0.6666666666666666,1.0,0.25,1.0,0.9845679012345679,1.0,0.06054026310473163,1.0,1.0,0.75,1.0,0.6419753086419753
310,394,0.3,0.03,4,min,0.15,True,0.1,C_deep,92,0.8099637681159421,1.0,0.23730347929553713,0.75,1.0,0.25,1.0,0.9376811594202898,1.0,0.172053416990278,1.0,1.0,0.4,1.0,0.8722826086956522,1.0,0.20689100983520053,0.75,1.0,0.25,1.0,0.532608695652174
311,420,0.3,0.02,8,weighted,0.05,False,0.1,A_default,84,0.7952380952380952,1.0,0.24484745720483786,0.5,1.0,0.3333333333333333,1.0,0.948015873015873,1.0,0.14720521701476436,1.0,1.0,0.4,1.0,0.8472222222222221,1.0,0.23314440620669144,0.75,1.0,0.3333333333333333,1.0,0.5476190476190477
311,420,0.3,0.02,8,weighted,0.05,False,0.1,B_weak_signal,81,0.858641975308642,1.0,0.23563022925395552,0.75,1.0,0.0,1.0,0.9306584362139917,1.0,0.18366365677591692,1.0,1.0,0.0,1.0,0.9156378600823044,1.0,0.20602632111733032,1.0,1.0,0.0,1.0,0.6790123456790124
311,420,0.3,0.02,8,weighted,0.05,False,0.1,C_deep,92,0.7742753623188404,0.75,0.25481220841964447,0.625,1.0,0.25,1.0,0.989855072463768,1.0,0.07122495797269417,1.0,1.0,0.4,1.0,0.7844202898550724,0.75,0.25353188127313114,0.6666666666666666,1.0,0.25,1.0,0.4673913043478261
312,421,0.3,0.02,6,weighted,0.05,False,0.1,A_default,84,0.7952380952380952,1.0,0.24484745720483786,0.5,1.0,0.3333333333333333,1.0,0.948015873015873,1.0,0.14720521701476436,1.0,1.0,0.4,1.0,0.8472222222222221,1.0,0.23314440620669144,0.75,1.0,0.3333333333333333,1.0,0.5476190476190477
312,421,0.3,0.02,6,weighted,0.05,False,0.1,B_weak_signal,81,0.858641975308642,1.0,0.23563022925395552,0.75,1.0,0.0,1.0,0.9306584362139917,1.0,0.18366365677591692,1.0,1.0,0.0,1.0,0.9156378600823044,1.0,0.20602632111733032,1.0,1.0,0.0,1.0,0.6790123456790124
312,421,0.3,0.02,6,weighted,0.05,False,0.1,C_deep,92,0.7742753623188404,0.75,0.25481220841964447,0.625,1.0,0.25,1.0,0.989855072463768,1.0,0.07122495797269417,1.0,1.0,0.4,1.0,0.7844202898550724,0.75,0.25353188127313114,0.6666666666666666,1.0,0.25,1.0,0.4673913043478261
313,301,0.2,0.05,8,harmonic,0.05,True,0.15,A_default,84,0.7954365079365079,0.875,0.22209527952945096,0.575,1.0,0.3333333333333333,1.0,0.9202380952380952,1.0,0.16071858858267407,1.0,1.0,0.4,1.0,0.8700396825396824,1.0,0.20303552755077878,0.75,1.0,0.3333333333333333,1.0,0.5
313,301,0.2,0.05,8,harmonic,0.05,True,0.15,B_weak_signal,84,0.8573412698412697,1.0,0.19271107432938223,0.6666666666666666,1.0,0.5,1.0,0.9087301587301587,1.0,0.15770009050098016,0.75,1.0,0.5,1.0,0.9394841269841271,1.0,0.1377234040512319,1.0,1.0,0.5,1.0,0.6190476190476191
313,301,0.2,0.05,8,harmonic,0.05,True,0.15,C_deep,92,0.775,0.75,0.2409852082055465,0.625,1.0,0.25,1.0,0.9728260869565217,1.0,0.08918014143861103,1.0,1.0,0.6666666666666666,1.0,0.7952898550724636,0.875,0.2406407564583423,0.6666666666666666,1.0,0.25,1.0,0.44565217391304346
314,319,0.4,0.03,4,mean,0.05,False,0.1,A_default,79,0.7740506329113924,1.0,0.2455551712605239,0.5,1.0,0.3333333333333333,1.0,0.8426160337552742,1.0,0.23744465295181166,0.5,1.0,0.4,1.0,0.931434599156118,1.0,0.1605498773529126,1.0,1.0,0.3333333333333333,1.0,0.5063291139240507
314,319,0.4,0.03,4,mean,0.05,False,0.1,B_weak_signal,58,0.8327586206896551,1.0,0.2218776315988434,0.6875,1.0,0.25,1.0,0.85,1.0,0.22452028132252588,0.6875,1.0,0.25,1.0,0.9827586206896551,1.0,0.06390214842634577,1.0,1.0,0.75,1.0,0.5862068965517241
314,319,0.4,0.03,4,mean,0.05,False,0.1,C_deep,86,0.8209302325581397,1.0,0.23748664973157874,0.75,1.0,0.25,1.0,0.9372093023255813,1.0,0.16285191995803217,1.0,1.0,0.4,1.0,0.8837209302325582,1.0,0.21131361236905175,0.75,1.0,0.25,1.0,0.5697674418604651
315,308,0.4,0.02,8,mean,0.05,False,0.1,A_default,79,0.7740506329113924,1.0,0.2455551712605239,0.5,1.0,0.3333333333333333,1.0,0.8426160337552742,1.0,0.23744465295181166,0.5,1.0,0.4,1.0,0.931434599156118,1.0,0.1605498773529126,1.0,1.0,0.3333333333333333,1.0,0.5063291139240507
315,308,0.4,0.02,8,mean,0.05,False,0.1,B_weak_signal,58,0.8327586206896551,1.0,0.2218776315988434,0.6875,1.0,0.25,1.0,0.85,1.0,0.22452028132252588,0.6875,1.0,0.25,1.0,0.9827586206896551,1.0,0.06390214842634577,1.0,1.0,0.75,1.0,0.5862068965517241
315,308,0.4,0.02,8,mean,0.05,False,0.1,C_deep,86,0.8209302325581397,1.0,0.23748664973157874,0.75,1.0,0.25,1.0,0.9372093023255813,1.0,0.16285191995803217,1.0,1.0,0.4,1.0,0.8837209302325582,1.0,0.21131361236905175,0.75,1.0,0.25,1.0,0.5697674418604651
316,760,0.4,0.03,6,mean,0.05,False,0.1,A_default,79,0.7740506329113924,1.0,0.2455551712605239,0.5,1.0,0.3333333333333333,1.0,0.8426160337552742,1.0,0.23744465295181166,0.5,1.0,0.4,1.0,0.931434599156118,1.0,0.1605498773529126,1.0,1.0,0.3333333333333333,1.0,0.5063291139240507
316,760,0.4,0.03,6,mean,0.05,False,0.1,B_weak_signal,58,0.8327586206896551,1.0,0.2218776315988434,0.6875,1.0,0.25,1.0,0.85,1.0,0.22452028132252588,0.6875,1.0,0.25,1.0,0.9827586206896551,1.0,0.06390214842634577,1.0,1.0,0.75,1.0,0.5862068965517241
316,760,0.4,0.03,6,mean,0.05,False,0.1,C_deep,86,0.8209302325581397,1.0,0.23748664973157874,0.75,1.0,0.25,1.0,0.9372093023255813,1.0,0.16285191995803217,1.0,1.0,0.4,1.0,0.8837209302325582,1.0,0.21131361236905175,0.75,1.0,0.25,1.0,0.5697674418604651
317,461,0.3,0.03,8,min,0.05,True,0.1,A_default,84,0.7726190476190476,0.75,0.2370563969232666,0.5,1.0,0.3333333333333333,1.0,0.846031746031746,1.0,0.23145571348896762,0.6666666666666666,1.0,0.4,1.0,0.9265873015873015,1.0,0.1596959763747188,1.0,1.0,0.3333333333333333,1.0,0.47619047619047616
317,461,0.3,0.03,8,min,0.05,True,0.1,B_weak_signal,81,0.8450617283950618,1.0,0.22849818325992546,0.6666666666666666,1.0,0.25,1.0,0.8604938271604938,1.0,0.23001274790222145,0.6666666666666666,1.0,0.25,1.0,0.9845679012345679,1.0,0.06054026310473163,1.0,1.0,0.75,1.0,0.6419753086419753
317,461,0.3,0.03,8,min,0.05,True,0.1,C_deep,92,0.8099637681159421,1.0,0.23730347929553713,0.75,1.0,0.25,1.0,0.9376811594202898,1.0,0.172053416990278,1.0,1.0,0.4,1.0,0.8722826086956522,1.0,0.20689100983520053,0.75,1.0,0.25,1.0,0.532608695652174
318,692,0.3,0.03,4,min,0.1,True,0.1,A_default,84,0.7726190476190476,0.75,0.2370563969232666,0.5,1.0,0.3333333333333333,1.0,0.846031746031746,1.0,0.23145571348896762,0.6666666666666666,1.0,0.4,1.0,0.9265873015873015,1.0,0.1596959763747188,1.0,1.0,0.3333333333333333,1.0,0.47619047619047616
318,692,0.3,0.03,4,min,0.1,True,0.1,B_weak_signal,81,0.8450617283950618,1.0,0.22849818325992546,0.6666666666666666,1.0,0.25,1.0,0.8604938271604938,1.0,0.23001274790222145,0.6666666666666666,1.0,0.25,1.0,0.9845679012345679,1.0,0.06054026310473163,1.0,1.0,0.75,1.0,0.6419753086419753
318,692,0.3,0.03,4,min,0.1,True,0.1,C_deep,92,0.8099637681159421,1.0,0.23730347929553713,0.75,1.0,0.25,1.0,0.9376811594202898,1.0,0.172053416990278,1.0,1.0,0.4,1.0,0.8722826086956522,1.0,0.20689100983520053,0.75,1.0,0.25,1.0,0.532608695652174
319,437,0.3,0.02,8,min,0.05,True,0.1,A_default,84,0.7726190476190476,0.75,0.2370563969232666,0.5,1.0,0.3333333333333333,1.0,0.846031746031746,1.0,0.23145571348896762,0.6666666666666666,1.0,0.4,1.0,0.9265873015873015,1.0,0.1596959763747188,1.0,1.0,0.3333333333333333,1.0,0.47619047619047616
319,437,0.3,0.02,8,min,0.05,True,0.1,B_weak_signal,81,0.8450617283950618,1.0,0.22849818325992546,0.6666666666666666,1.0,0.25,1.0,0.8604938271604938,1.0,0.23001274790222145,0.6666666666666666,1.0,0.25,1.0,0.9845679012345679,1.0,0.06054026310473163,1.0,1.0,0.75,1.0,0.6419753086419753
319,437,0.3,0.02,8,min,0.05,True,0.1,C_deep,92,0.8099637681159421,1.0,0.23730347929553713,0.75,1.0,0.25,1.0,0.9376811594202898,1.0,0.172053416990278,1.0,1.0,0.4,1.0,0.8722826086956522,1.0,0.20689100983520053,0.75,1.0,0.25,1.0,0.532608695652174
320,580,0.2,0.03,8,min,0.2,True,0.1,A_default,84,0.7817460317460316,0.75,0.2330264626890699,0.5,1.0,0.3333333333333333,1.0,0.8551587301587301,1.0,0.22432370755881564,0.6666666666666666,1.0,0.4,1.0,0.9265873015873015,1.0,0.1596959763747188,1.0,1.0,0.3333333333333333,1.0,0.4880952380952381
320,580,0.2,0.03,8,min,0.2,True,0.1,B_weak_signal,84,0.8351190476190475,1.0,0.23866566064525788,0.6666666666666666,1.0,0.2,1.0,0.8499999999999999,1.0,0.24070400982962217,0.6666666666666666,1.0,0.2,1.0,0.9851190476190477,1.0,0.05950587796457641,1.0,1.0,0.75,1.0,0.6309523809523809
320,580,0.2,0.03,8,min,0.2,True,0.1,C_deep,92,0.8099637681159421,1.0,0.23730347929553713,0.75,1.0,0.25,1.0,0.9376811594202898,1.0,0.172053416990278,1.0,1.0,0.4,1.0,0.8722826086956522,1.0,0.20689100983520053,0.75,1.0,0.25,1.0,0.532608695652174
321,58,0.3,0.05,6,harmonic,0.05,True,0.15,A_default,84,0.7954365079365079,0.875,0.22209527952945096,0.575,1.0,0.3333333333333333,1.0,0.9202380952380952,1.0,0.16071858858267407,1.0,1.0,0.4,1.0,0.8700396825396824,1.0,0.20303552755077878,0.75,1.0,0.3333333333333333,1.0,0.5
321,58,0.3,0.05,6,harmonic,0.05,True,0.15,B_weak_signal,81,0.8561728395061727,1.0,0.1938184367384927,0.6666666666666666,1.0,0.5,1.0,0.9094650205761315,1.0,0.15767270671140576,0.75,1.0,0.5,1.0,0.9372427983539093,1.0,0.13977341795787532,1.0,1.0,0.5,1.0,0.6172839506172839
321,58,0.3,0.05,6,harmonic,0.05,True,0.15,C_deep,92,0.775,0.75,0.2409852082055465,0.625,1.0,0.25,1.0,0.9728260869565217,1.0,0.08918014143861103,1.0,1.0,0.6666666666666666,1.0,0.7952898550724636,0.875,0.2406407564583423,0.6666666666666666,1.0,0.25,1.0,0.44565217391304346
322,660,0.3,0.02,6,min,0.05,False,0.15,A_default,84,0.7710317460317461,0.75,0.2369783999276221,0.5,1.0,0.3333333333333333,1.0,0.8861111111111112,1.0,0.2098771447436934,1.0,1.0,0.4,1.0,0.8849206349206349,1.0,0.19656724475601442,0.75,1.0,0.3333333333333333,1.0,0.47619047619047616
322,660,0.3,0.02,6,min,0.05,False,0.15,B_weak_signal,81,0.8658436213991768,1.0,0.21035520941717561,0.75,1.0,0.3333333333333333,1.0,0.9059670781893003,1.0,0.19666152256646924,1.0,1.0,0.3333333333333333,1.0,0.9598765432098766,1.0,0.11495100942532528,1.0,1.0,0.5,1.0,0.6790123456790124
322,660,0.3,0.02,6,min,0.05,False,0.15,C_deep,92,0.7896739130434783,0.75,0.2399995216634472,0.7291666666666666,1.0,0.25,1.0,0.9735507246376811,1.0,0.11274551757516066,1.0,1.0,0.4,1.0,0.816123188405797,1.0,0.23392717586418477,0.75,1.0,0.25,1.0,0.4782608695652174
323,396,0.3,0.02,8,min,0.15,True,0.15,A_default,84,0.7710317460317461,0.75,0.2369783999276221,0.5,1.0,0.3333333333333333,1.0,0.8861111111111112,1.0,0.2098771447436934,1.0,1.0,0.4,1.0,0.8849206349206349,1.0,0.19656724475601442,0.75,1.0,0.3333333333333333,1.0,0.47619047619047616
323,396,0.3,0.02,8,min,0.15,True,0.15,B_weak_signal,81,0.8658436213991768,1.0,0.21035520941717561,0.75,1.0,0.3333333333333333,1.0,0.9059670781893003,1.0,0.19666152256646924,1.0,1.0,0.3333333333333333,1.0,0.9598765432098766,1.0,0.11495100942532528,1.0,1.0,0.5,1.0,0.6790123456790124
323,396,0.3,0.02,8,min,0.15,True,0.15,C_deep,92,0.7896739130434783,0.75,0.2399995216634472,0.7291666666666666,1.0,0.25,1.0,0.9735507246376811,1.0,0.11274551757516066,1.0,1.0,0.4,1.0,0.816123188405797,1.0,0.23392717586418477,0.75,1.0,0.25,1.0,0.4782608695652174
324,453,0.3,0.03,6,min,0.05,True,0.15,A_default,84,0.7710317460317461,0.75,0.2369783999276221,0.5,1.0,0.3333333333333333,1.0,0.8861111111111112,1.0,0.2098771447436934,1.0,1.0,0.4,1.0,0.8849206349206349,1.0,0.19656724475601442,0.75,1.0,0.3333333333333333,1.0,0.47619047619047616
324,453,0.3,0.03,6,min,0.05,True,0.15,B_weak_signal,81,0.8658436213991768,1.0,0.21035520941717561,0.75,1.0,0.3333333333333333,1.0,0.9059670781893003,1.0,0.19666152256646924,1.0,1.0,0.3333333333333333,1.0,0.9598765432098766,1.0,0.11495100942532528,1.0,1.0,0.5,1.0,0.6790123456790124
324,453,0.3,0.03,6,min,0.05,True,0.15,C_deep,92,0.7896739130434783,0.75,0.2399995216634472,0.7291666666666666,1.0,0.25,1.0,0.9735507246376811,1.0,0.11274551757516066,1.0,1.0,0.4,1.0,0.816123188405797,1.0,0.23392717586418477,0.75,1.0,0.25,1.0,0.4782608695652174
325,501,0.3,0.03,8,min,0.05,True,0.15,A_default,84,0.7710317460317461,0.75,0.2369783999276221,0.5,1.0,0.3333333333333333,1.0,0.8861111111111112,1.0,0.2098771447436934,1.0,1.0,0.4,1.0,0.8849206349206349,1.0,0.19656724475601442,0.75,1.0,0.3333333333333333,1.0,0.47619047619047616
325,501,0.3,0.03,8,min,0.05,True,0.15,B_weak_signal,81,0.8658436213991768,1.0,0.21035520941717561,0.75,1.0,0.3333333333333333,1.0,0.9059670781893003,1.0,0.19666152256646924,1.0,1.0,0.3333333333333333,1.0,0.9598765432098766,1.0,0.11495100942532528,1.0,1.0,0.5,1.0,0.6790123456790124
325,501,0.3,0.03,8,min,0.05,True,0.15,C_deep,92,0.7896739130434783,0.75,0.2399995216634472,0.7291666666666666,1.0,0.25,1.0,0.9735507246376811,1.0,0.11274551757516066,1.0,1.0,0.4,1.0,0.816123188405797,1.0,0.23392717586418477,0.75,1.0,0.25,1.0,0.4782608695652174
326,155,0.3,0.03,8,min,0.15,True,0.15,A_default,84,0.7710317460317461,0.75,0.2369783999276221,0.5,1.0,0.3333333333333333,1.0,0.8861111111111112,1.0,0.2098771447436934,1.0,1.0,0.4,1.0,0.8849206349206349,1.0,0.19656724475601442,0.75,1.0,0.3333333333333333,1.0,0.47619047619047616
326,155,0.3,0.03,8,min,0.15,True,0.15,B_weak_signal,81,0.8658436213991768,1.0,0.21035520941717561,0.75,1.0,0.3333333333333333,1.0,0.9059670781893003,1.0,0.19666152256646924,1.0,1.0,0.3333333333333333,1.0,0.9598765432098766,1.0,0.11495100942532528,1.0,1.0,0.5,1.0,0.6790123456790124
326,155,0.3,0.03,8,min,0.15,True,0.15,C_deep,92,0.7896739130434783,0.75,0.2399995216634472,0.7291666666666666,1.0,0.25,1.0,0.9735507246376811,1.0,0.11274551757516066,1.0,1.0,0.4,1.0,0.816123188405797,1.0,0.23392717586418477,0.75,1.0,0.25,1.0,0.4782608695652174
327,143,0.3,0.02,8,min,0.05,True,0.15,A_default,84,0.7710317460317461,0.75,0.2369783999276221,0.5,1.0,0.3333333333333333,1.0,0.8861111111111112,1.0,0.2098771447436934,1.0,1.0,0.4,1.0,0.8849206349206349,1.0,0.19656724475601442,0.75,1.0,0.3333333333333333,1.0,0.47619047619047616
327,143,0.3,0.02,8,min,0.05,True,0.15,B_weak_signal,81,0.8658436213991768,1.0,0.21035520941717561,0.75,1.0,0.3333333333333333,1.0,0.9059670781893003,1.0,0.19666152256646924,1.0,1.0,0.3333333333333333,1.0,0.9598765432098766,1.0,0.11495100942532528,1.0,1.0,0.5,1.0,0.6790123456790124
327,143,0.3,0.02,8,min,0.05,True,0.15,C_deep,92,0.7896739130434783,0.75,0.2399995216634472,0.7291666666666666,1.0,0.25,1.0,0.9735507246376811,1.0,0.11274551757516066,1.0,1.0,0.4,1.0,0.816123188405797,1.0,0.23392717586418477,0.75,1.0,0.25,1.0,0.4782608695652174
328,397,0.4,0.05,6,weighted,0.2,True,0.1,A_default,79,0.8407172995780592,1.0,0.21524429299182055,0.6666666666666666,1.0,0.3333333333333333,1.0,0.9810126582278483,1.0,0.08434151581935488,1.0,1.0,0.5,1.0,0.8597046413502111,1.0,0.21121692571270517,0.75,1.0,0.3333333333333333,1.0,0.6075949367088608
328,397,0.4,0.05,6,weighted,0.2,True,0.1,B_weak_signal,58,0.8376436781609196,1.0,0.22427184199399613,0.6666666666666666,1.0,0.3333333333333333,1.0,0.9626436781609194,1.0,0.1127500619082218,1.0,1.0,0.5,1.0,0.8750000000000001,1.0,0.2169981719454805,0.75,1.0,0.3333333333333333,1.0,0.603448275862069
328,397,0.4,0.05,6,weighted,0.2,True,0.1,C_deep,86,0.748062015503876,0.75,0.25178342447599145,0.5,1.0,0.25,1.0,0.9961240310077518,1.0,0.03594425773447951,1.0,1.0,0.6666666666666666,1.0,0.7519379844961239,0.75,0.25307802672713225,0.5,1.0,0.25,1.0,0.4069767441860465
329,725,0.4,0.05,4,mean,0.15,False,0.15,A_default,79,0.7795358649789029,0.75,0.23343937405894055,0.5,1.0,0.3333333333333333,1.0,0.968354430379747,1.0,0.10362362507924784,1.0,1.0,0.5,1.0,0.811181434599156,1.0,0.23634686348421716,0.5,1.0,0.3333333333333333,1.0,0.4810126582278481
329,725,0.4,0.05,4,mean,0.15,False,0.15,B_weak_signal,58,0.8761494252873564,1.0,0.19456834988620764,0.75,1.0,0.3333333333333333,1.0,0.9669540229885056,1.0,0.09865031570451191,1.0,1.0,0.6666666666666666,1.0,0.9022988505747126,1.0,0.18011389822536827,0.8125,1.0,0.3333333333333333,1.0,0.6724137931034483
329,725,0.4,0.05,4,mean,0.15,False,0.15,C_deep,86,0.7703488372093024,0.75,0.2514455094075978,0.5,1.0,0.25,1.0,0.9883720930232558,1.0,0.06152048213271927,1.0,1.0,0.6666666666666666,1.0,0.7800387596899224,0.75,0.25176267182498807,0.5,1.0,0.25,1.0,0.46511627906976744
330,571,0.4,0.05,6,mean,0.15,False,0.15,A_default,79,0.7795358649789029,0.75,0.23343937405894055,0.5,1.0,0.3333333333333333,1.0,0.968354430379747,1.0,0.10362362507924784,1.0,1.0,0.5,1.0,0.811181434599156,1.0,0.23634686348421716,0.5,1.0,0.3333333333333333,1.0,0.4810126582278481
330,571,0.4,0.05,6,mean,0.15,False,0.15,B_weak_signal,58,0.8761494252873564,1.0,0.19456834988620764,0.75,1.0,0.3333333333333333,1.0,0.9669540229885056,1.0,0.09865031570451191,1.0,1.0,0.6666666666666666,1.0,0.9022988505747126,1.0,0.18011389822536827,0.8125,1.0,0.3333333333333333,1.0,0.6724137931034483
330,571,0.4,0.05,6,mean,0.15,False,0.15,C_deep,86,0.7703488372093024,0.75,0.2514455094075978,0.5,1.0,0.25,1.0,0.9883720930232558,1.0,0.06152048213271927,1.0,1.0,0.6666666666666666,1.0,0.7800387596899224,0.75,0.25176267182498807,0.5,1.0,0.25,1.0,0.46511627906976744
331,124,0.2,0.05,6,weighted,0.15,True,0.15,A_default,84,0.8253968253968255,1.0,0.22503125159248666,0.6666666666666666,1.0,0.3333333333333333,1.0,0.9732142857142857,1.0,0.10033470949778907,1.0,1.0,0.5,1.0,0.8521825396825397,1.0,0.22042279809275925,0.75,1.0,0.3333333333333333,1.0,0.5833333333333334
331,124,0.2,0.05,6,weighted,0.15,True,0.15,B_weak_signal,84,0.8551587301587302,1.0,0.2214709283213957,0.6666666666666666,1.0,0.0,1.0,0.9543650793650793,1.0,0.14941024284430499,1.0,1.0,0.0,1.0,0.8888888888888887,1.0,0.2130817626464364,0.75,1.0,0.0,1.0,0.6428571428571429
331,124,0.2,0.05,6,weighted,0.15,True,0.15,C_deep,92,0.7454710144927538,0.75,0.24965303469865216,0.5,1.0,0.25,1.0,0.9963768115942028,1.0,0.03475240234284574,1.0,1.0,0.6666666666666666,1.0,0.7490942028985508,0.75,0.2509124269010014,0.5,1.0,0.25,1.0,0.391304347826087
332,493,0.2,0.03,8,max,0.2,False,0.1,A_default,84,0.7964285714285715,1.0,0.2683315426687167,0.5,1.0,0.0,1.0,0.9124999999999999,1.0,0.22484376548061558,1.0,1.0,0.0,1.0,0.8482142857142857,1.0,0.26166261037378447,0.75,1.0,0.0,1.0,0.5714285714285714
332,493,0.2,0.03,8,max,0.2,False,0.1,B_weak_signal,84,0.8087301587301587,1.0,0.32685958763658923,0.7291666666666666,1.0,0.0,1.0,0.8265873015873016,1.0,0.3254192954567219,0.75,1.0,0.0,1.0,0.875,1.0,0.3164657997472058,1.0,1.0,0.0,1.0,0.6666666666666666
332,493,0.2,0.03,8,max,0.2,False,0.1,C_deep,92,0.8204710144927536,1.0,0.25088492053300465,0.75,1.0,0.0,1.0,0.9634057971014492,1.0,0.13420591604892937,1.0,1.0,0.0,1.0,0.845108695652174,1.0,0.25002488329739697,0.75,1.0,0.0,1.0,0.5869565217391305
333,111,0.2,0.03,6,min,0.05,True,0.15,A_default,84,0.7710317460317461,0.75,0.2369783999276221,0.5,1.0,0.3333333333333333,1.0,0.8861111111111112,1.0,0.2098771447436934,1.0,1.0,0.4,1.0,0.8849206349206349,1.0,0.19656724475601442,0.75,1.0,0.3333333333333333,1.0,0.47619047619047616
333,111,0.2,0.03,6,min,0.05,True,0.15,B_weak_signal,84,0.8646825396825396,1.0,0.21141147317492429,0.75,1.0,0.3333333333333333,1.0,0.9033730158730158,1.0,0.1986699374731554,1.0,1.0,0.3333333333333333,1.0,0.9613095238095238,1.0,0.11310278683627562,1.0,1.0,0.5,1.0,0.6785714285714286
333,111,0.2,0.03,6,min,0.05,True,0.15,C_deep,92,0.7896739130434783,0.75,0.2399995216634472,0.7291666666666666,1.0,0.25,1.0,0.9735507246376811,1.0,0.11274551757516066,1.0,1.0,0.4,1.0,0.816123188405797,1.0,0.23392717586418477,0.75,1.0,0.25,1.0,0.4782608695652174
334,749,0.2,0.02,8,min,0.1,True,0.15,A_default,84,0.7710317460317461,0.75,0.2369783999276221,0.5,1.0,0.3333333333333333,1.0,0.8861111111111112,1.0,0.2098771447436934,1.0,1.0,0.4,1.0,0.8849206349206349,1.0,0.19656724475601442,0.75,1.0,0.3333333333333333,1.0,0.47619047619047616
334,749,0.2,0.02,8,min,0.1,True,0.15,B_weak_signal,84,0.8646825396825396,1.0,0.21141147317492429,0.75,1.0,0.3333333333333333,1.0,0.9033730158730158,1.0,0.1986699374731554,1.0,1.0,0.3333333333333333,1.0,0.9613095238095238,1.0,0.11310278683627562,1.0,1.0,0.5,1.0,0.6785714285714286
334,749,0.2,0.02,8,min,0.1,True,0.15,C_deep,92,0.7896739130434783,0.75,0.2399995216634472,0.7291666666666666,1.0,0.25,1.0,0.9735507246376811,1.0,0.11274551757516066,1.0,1.0,0.4,1.0,0.816123188405797,1.0,0.23392717586418477,0.75,1.0,0.25,1.0,0.4782608695652174
335,210,0.2,0.03,4,min,0.05,True,0.15,A_default,84,0.7710317460317461,0.75,0.2369783999276221,0.5,1.0,0.3333333333333333,1.0,0.8861111111111112,1.0,0.2098771447436934,1.0,1.0,0.4,1.0,0.8849206349206349,1.0,0.19656724475601442,0.75,1.0,0.3333333333333333,1.0,0.47619047619047616
335,210,0.2,0.03,4,min,0.05,True,0.15,B_weak_signal,84,0.8646825396825396,1.0,0.21141147317492429,0.75,1.0,0.3333333333333333,1.0,0.9033730158730158,1.0,0.1986699374731554,1.0,1.0,0.3333333333333333,1.0,0.9613095238095238,1.0,0.11310278683627562,1.0,1.0,0.5,1.0,0.6785714285714286
335,210,0.2,0.03,4,min,0.05,True,0.15,C_deep,92,0.7896739130434783,0.75,0.2399995216634472,0.7291666666666666,1.0,0.25,1.0,0.9735507246376811,1.0,0.11274551757516066,1.0,1.0,0.4,1.0,0.816123188405797,1.0,0.23392717586418477,0.75,1.0,0.25,1.0,0.4782608695652174
336,250,0.2,0.02,4,min,0.05,False,0.15,A_default,84,0.7710317460317461,0.75,0.2369783999276221,0.5,1.0,0.3333333333333333,1.0,0.8861111111111112,1.0,0.2098771447436934,1.0,1.0,0.4,1.0,0.8849206349206349,1.0,0.19656724475601442,0.75,1.0,0.3333333333333333,1.0,0.47619047619047616
336,250,0.2,0.02,4,min,0.05,False,0.15,B_weak_signal,84,0.8646825396825396,1.0,0.21141147317492429,0.75,1.0,0.3333333333333333,1.0,0.9033730158730158,1.0,0.1986699374731554,1.0,1.0,0.3333333333333333,1.0,0.9613095238095238,1.0,0.11310278683627562,1.0,1.0,0.5,1.0,0.6785714285714286
336,250,0.2,0.02,4,min,0.05,False,0.15,C_deep,92,0.7896739130434783,0.75,0.2399995216634472,0.7291666666666666,1.0,0.25,1.0,0.9735507246376811,1.0,0.11274551757516066,1.0,1.0,0.4,1.0,0.816123188405797,1.0,0.23392717586418477,0.75,1.0,0.25,1.0,0.4782608695652174
337,161,0.2,0.02,6,min,0.15,True,0.15,A_default,84,0.7710317460317461,0.75,0.2369783999276221,0.5,1.0,0.3333333333333333,1.0,0.8861111111111112,1.0,0.2098771447436934,1.0,1.0,0.4,1.0,0.8849206349206349,1.0,0.19656724475601442,0.75,1.0,0.3333333333333333,1.0,0.47619047619047616
337,161,0.2,0.02,6,min,0.15,True,0.15,B_weak_signal,84,0.8646825396825396,1.0,0.21141147317492429,0.75,1.0,0.3333333333333333,1.0,0.9033730158730158,1.0,0.1986699374731554,1.0,1.0,0.3333333333333333,1.0,0.9613095238095238,1.0,0.11310278683627562,1.0,1.0,0.5,1.0,0.6785714285714286
337,161,0.2,0.02,6,min,0.15,True,0.15,C_deep,92,0.7896739130434783,0.75,0.2399995216634472,0.7291666666666666,1.0,0.25,1.0,0.9735507246376811,1.0,0.11274551757516066,1.0,1.0,0.4,1.0,0.816123188405797,1.0,0.23392717586418477,0.75,1.0,0.25,1.0,0.4782608695652174
338,344,0.2,0.03,4,min,0.05,False,0.15,A_default,84,0.7710317460317461,0.75,0.2369783999276221,0.5,1.0,0.3333333333333333,1.0,0.8861111111111112,1.0,0.2098771447436934,1.0,1.0,0.4,1.0,0.8849206349206349,1.0,0.19656724475601442,0.75,1.0,0.3333333333333333,1.0,0.47619047619047616
338,344,0.2,0.03,4,min,0.05,False,0.15,B_weak_signal,84,0.8646825396825396,1.0,0.21141147317492429,0.75,1.0,0.3333333333333333,1.0,0.9033730158730158,1.0,0.1986699374731554,1.0,1.0,0.3333333333333333,1.0,0.9613095238095238,1.0,0.11310278683627562,1.0,1.0,0.5,1.0,0.6785714285714286
338,344,0.2,0.03,4,min,0.05,False,0.15,C_deep,92,0.7896739130434783,0.75,0.2399995216634472,0.7291666666666666,1.0,0.25,1.0,0.9735507246376811,1.0,0.11274551757516066,1.0,1.0,0.4,1.0,0.816123188405797,1.0,0.23392717586418477,0.75,1.0,0.25,1.0,0.4782608695652174
339,417,0.2,0.02,8,min,0.05,False,0.15,A_default,84,0.7710317460317461,0.75,0.2369783999276221,0.5,1.0,0.3333333333333333,1.0,0.8861111111111112,1.0,0.2098771447436934,1.0,1.0,0.4,1.0,0.8849206349206349,1.0,0.19656724475601442,0.75,1.0,0.3333333333333333,1.0,0.47619047619047616
339,417,0.2,0.02,8,min,0.05,False,0.15,B_weak_signal,84,0.8646825396825396,1.0,0.21141147317492429,0.75,1.0,0.3333333333333333,1.0,0.9033730158730158,1.0,0.1986699374731554,1.0,1.0,0.3333333333333333,1.0,0.9613095238095238,1.0,0.11310278683627562,1.0,1.0,0.5,1.0,0.6785714285714286
339,417,0.2,0.02,8,min,0.05,False,0.15,C_deep,92,0.7896739130434783,0.75,0.2399995216634472,0.7291666666666666,1.0,0.25,1.0,0.9735507246376811,1.0,0.11274551757516066,1.0,1.0,0.4,1.0,0.816123188405797,1.0,0.23392717586418477,0.75,1.0,0.25,1.0,0.4782608695652174
340,364,0.2,0.02,6,min,0.05,True,0.15,A_default,84,0.7710317460317461,0.75,0.2369783999276221,0.5,1.0,0.3333333333333333,1.0,0.8861111111111112,1.0,0.2098771447436934,1.0,1.0,0.4,1.0,0.8849206349206349,1.0,0.19656724475601442,0.75,1.0,0.3333333333333333,1.0,0.47619047619047616
340,364,0.2,0.02,6,min,0.05,True,0.15,B_weak_signal,84,0.8646825396825396,1.0,0.21141147317492429,0.75,1.0,0.3333333333333333,1.0,0.9033730158730158,1.0,0.1986699374731554,1.0,1.0,0.3333333333333333,1.0,0.9613095238095238,1.0,0.11310278683627562,1.0,1.0,0.5,1.0,0.6785714285714286
340,364,0.2,0.02,6,min,0.05,True,0.15,C_deep,92,0.7896739130434783,0.75,0.2399995216634472,0.7291666666666666,1.0,0.25,1.0,0.9735507246376811,1.0,0.11274551757516066,1.0,1.0,0.4,1.0,0.816123188405797,1.0,0.23392717586418477,0.75,1.0,0.25,1.0,0.4782608695652174
341,258,0.2,0.05,8,max,0.2,True,0.15,A_default,84,0.8015873015873015,1.0,0.23460096069816566,0.6666666666666666,1.0,0.0,1.0,0.9265873015873015,1.0,0.1698514794885957,1.0,1.0,0.0,1.0,0.861111111111111,1.0,0.22970986492471424,0.75,1.0,0.0,1.0,0.5238095238095238
341,258,0.2,0.05,8,max,0.2,True,0.15,B_weak_signal,84,0.826984126984127,1.0,0.23650886704192756,0.6666666666666666,1.0,0.0,1.0,0.8607142857142857,1.0,0.2208757496150823,0.75,1.0,0.0,1.0,0.9345238095238095,1.0,0.19449907709945963,1.0,1.0,0.0,1.0,0.5595238095238095
341,258,0.2,0.05,8,max,0.2,True,0.15,C_deep,92,0.796014492753623,1.0,0.2462461712044046,0.625,1.0,0.25,1.0,0.9664855072463768,1.0,0.09964817735619372,1.0,1.0,0.5,1.0,0.8251811594202899,1.0,0.24586314235634624,0.7291666666666666,1.0,0.25,1.0,0.5217391304347826
342,505,0.3,0.05,8,max,0.05,False,0.1,A_default,84,0.7831349206349206,0.75,0.20931286267703486,0.6666666666666666,1.0,0.3333333333333333,1.0,0.8527777777777779,1.0,0.19000868953097386,0.6666666666666666,1.0,0.4,1.0,0.9255952380952381,1.0,0.16566862678071312,1.0,1.0,0.3333333333333333,1.0,0.42857142857142855
342,505,0.3,0.05,8,max,0.05,False,0.1,B_weak_signal,81,0.8358024691358024,1.0,0.19365115957550647,0.6666666666666666,1.0,0.25,1.0,0.8471193415637859,1.0,0.18772745691443501,0.75,1.0,0.25,1.0,0.9845679012345679,1.0,0.07230230602677987,1.0,1.0,0.5,1.0,0.5185185185185185
342,505,0.3,0.05,8,max,0.05,False,0.1,C_deep,92,0.8052536231884059,0.775,0.22361948411118368,0.6666666666666666,1.0,0.25,1.0,0.9153985507246377,1.0,0.1408424351839603,0.75,1.0,0.5,1.0,0.8822463768115941,1.0,0.21403450972740268,0.75,1.0,0.25,1.0,0.4891304347826087
343,604,0.3,0.05,6,max,0.1,False,0.15,A_default,84,0.7882936507936508,0.75,0.23437489508295392,0.625,1.0,0.0,1.0,0.9045634920634921,1.0,0.19026422813868987,1.0,1.0,0.0,1.0,0.8690476190476191,1.0,0.22266402821018833,0.75,1.0,0.0,1.0,0.4880952380952381
343,604,0.3,0.05,6,max,0.1,False,0.15,B_weak_signal,81,0.8452674897119342,1.0,0.2246484068973924,0.75,1.0,0.0,1.0,0.8781893004115225,1.0,0.20889328042402427,0.75,1.0,0.0,1.0,0.9382716049382716,1.0,0.1917471650602483,1.0,1.0,0.0,1.0,0.5925925925925926
343,604,0.3,0.05,6,max,0.1,False,0.15,C_deep,92,0.789855072463768,1.0,0.24767485925715854,0.5,1.0,0.25,1.0,0.957427536231884,1.0,0.10875486124272427,1.0,1.0,0.5,1.0,0.8251811594202899,1.0,0.24586314235634624,0.7291666666666666,1.0,0.25,1.0,0.5108695652173914
344,157,0.4,0.05,8,mean,0.15,False,0.1,A_default,79,0.7795358649789029,0.75,0.23343937405894055,0.5,1.0,0.3333333333333333,1.0,0.968354430379747,1.0,0.10362362507924784,1.0,1.0,0.5,1.0,0.811181434599156,1.0,0.23634686348421716,0.5,1.0,0.3333333333333333,1.0,0.4810126582278481
344,157,0.4,0.05,8,mean,0.15,False,0.1,B_weak_signal,58,0.8704022988505747,1.0,0.19576518295197703,0.75,1.0,0.3333333333333333,1.0,0.9612068965517241,1.0,0.10611828751801079,1.0,1.0,0.6666666666666666,1.0,0.9022988505747126,1.0,0.18011389822536827,0.8125,1.0,0.3333333333333333,1.0,0.6551724137931034
344,157,0.4,0.05,8,mean,0.15,False,0.1,C_deep,86,0.7732558139534884,0.75,0.24972244814912242,0.5,1.0,0.25,1.0,0.9883720930232558,1.0,0.06152048213271927,1.0,1.0,0.6666666666666666,1.0,0.7829457364341085,0.75,0.24992779014907016,0.5416666666666666,1.0,0.25,1.0,0.46511627906976744
345,278,0.4,0.03,8,harmonic,0.05,True,0.15,A_default,79,0.7808016877637132,1.0,0.23866151882302997,0.5,1.0,0.3333333333333333,1.0,0.890506329113924,1.0,0.20324440300434146,1.0,1.0,0.4,1.0,0.8902953586497889,1.0,0.1999573956569168,0.875,1.0,0.3333333333333333,1.0,0.5063291139240507
345,278,0.4,0.03,8,harmonic,0.05,True,0.15,B_weak_signal,58,0.8479885057471264,1.0,0.22002741248247218,0.75,1.0,0.4,1.0,0.8867816091954023,1.0,0.2112516911287871,1.0,1.0,0.4,1.0,0.9612068965517241,1.0,0.11279662783012961,1.0,1.0,0.5,1.0,0.6379310344827587
345,278,0.4,0.03,8,harmonic,0.05,True,0.15,C_deep,86,0.7943798449612403,1.0,0.24642025934660133,0.6666666666666666,1.0,0.25,1.0,0.973643410852713,1.0,0.10967763567168057,1.0,1.0,0.4,1.0,0.820736434108527,1.0,0.24135965686942856,0.75,1.0,0.25,1.0,0.5116279069767442
346,668,0.3,0.03,8,max,0.2,True,0.1,A_default,84,0.7938492063492064,1.0,0.2525476582577321,0.5,1.0,0.0,1.0,0.8523809523809524,1.0,0.23672439559997702,0.6666666666666666,1.0,0.0,1.0,0.929563492063492,1.0,0.18901122252077102,1.0,1.0,0.0,1.0,0.5595238095238095
346,668,0.3,0.03,8,max,0.2,True,0.1,B_weak_signal,81,0.8037037037037036,1.0,0.26149941576310354,0.6666666666666666,1.0,0.0,1.0,0.80679012345679,1.0,0.2623316626611585,0.6666666666666666,1.0,0.0,1.0,0.9722222222222222,1.0,0.15811388300841883,1.0,1.0,0.0,1.0,0.5555555555555556
346,668,0.3,0.03,8,max,0.2,True,0.1,C_deep,92,0.8253623188405798,1.0,0.2319224516312129,0.75,1.0,0.25,1.0,0.9177536231884057,1.0,0.16557894781603802,1.0,1.0,0.4,1.0,0.907608695652174,1.0,0.20429474630243974,1.0,1.0,0.25,1.0,0.5652173913043478
347,243,0.3,0.03,4,max,0.2,True,0.1,A_default,84,0.7938492063492064,1.0,0.2525476582577321,0.5,1.0,0.0,1.0,0.8523809523809524,1.0,0.23672439559997702,0.6666666666666666,1.0,0.0,1.0,0.929563492063492,1.0,0.18901122252077102,1.0,1.0,0.0,1.0,0.5595238095238095
347,243,0.3,0.03,4,max,0.2,True,0.1,B_weak_signal,81,0.8037037037037036,1.0,0.26149941576310354,0.6666666666666666,1.0,0.0,1.0,0.80679012345679,1.0,0.2623316626611585,0.6666666666666666,1.0,0.0,1.0,0.9722222222222222,1.0,0.15811388300841883,1.0,1.0,0.0,1.0,0.5555555555555556
347,243,0.3,0.03,4,max,0.2,True,0.1,C_deep,92,0.8253623188405798,1.0,0.2319224516312129,0.75,1.0,0.25,1.0,0.9177536231884057,1.0,0.16557894781603802,1.0,1.0,0.4,1.0,0.907608695652174,1.0,0.20429474630243974,1.0,1.0,0.25,1.0,0.5652173913043478
348,754,0.3,0.03,8,weighted,0.05,True,0.05,A_default,84,0.8226190476190476,1.0,0.243944641946261,0.6666666666666666,1.0,0.2,1.0,0.8732142857142856,1.0,0.23075189735620003,0.75,1.0,0.2,1.0,0.9494047619047619,1.0,0.13873222183271428,1.0,1.0,0.5,1.0,0.6071428571428571
348,754,0.3,0.03,8,weighted,0.05,True,0.05,B_weak_signal,81,0.701440329218107,0.75,0.3054049853480551,0.4,1.0,0.2,1.0,0.7045267489711934,0.75,0.30716006894794157,0.4,1.0,0.2,1.0,0.9969135802469136,1.0,0.027777777777777804,1.0,1.0,0.75,1.0,0.4444444444444444
348,754,0.3,0.03,8,weighted,0.05,True,0.05,C_deep,92,0.8980072463768117,1.0,0.19273816422004506,0.75,1.0,0.25,1.0,0.948731884057971,1.0,0.1492192480155977,1.0,1.0,0.25,1.0,0.9492753623188406,1.0,0.14191506005466464,1.0,1.0,0.25,1.0,0.7282608695652174
349,630,0.3,0.03,6,weighted,0.05,True,0.05,A_default,84,0.8226190476190476,1.0,0.243944641946261,0.6666666666666666,1.0,0.2,1.0,0.8732142857142856,1.0,0.23075189735620003,0.75,1.0,0.2,1.0,0.9494047619047619,1.0,0.13873222183271428,1.0,1.0,0.5,1.0,0.6071428571428571
349,630,0.3,0.03,6,weighted,0.05,True,0.05,B_weak_signal,81,0.701440329218107,0.75,0.3054049853480551,0.4,1.0,0.2,1.0,0.7045267489711934,0.75,0.30716006894794157,0.4,1.0,0.2,1.0,0.9969135802469136,1.0,0.027777777777777804,1.0,1.0,0.75,1.0,0.4444444444444444
349,630,0.3,0.03,6,weighted,0.05,True,0.05,C_deep,92,0.8980072463768117,1.0,0.19273816422004506,0.75,1.0,0.25,1.0,0.948731884057971,1.0,0.1492192480155977,1.0,1.0,0.25,1.0,0.9492753623188406,1.0,0.14191506005466464,1.0,1.0,0.25,1.0,0.7282608695652174
350,4,0.2,0.02,6,weighted,0.2,True,0.05,A_default,84,0.8789682539682541,1.0,0.21738557050206975,0.75,1.0,0.25,1.0,0.9384920634920636,1.0,0.1806943359433529,1.0,1.0,0.25,1.0,0.9404761904761905,1.0,0.14838004576253988,1.0,1.0,0.5,1.0,0.7261904761904762
350,4,0.2,0.02,6,weighted,0.2,True,0.05,B_weak_signal,84,0.7065476190476191,0.75,0.30118038483794113,0.38333333333333336,1.0,0.0,1.0,0.7571428571428571,1.0,0.3027350306075142,0.5,1.0,0.0,1.0,0.9374999999999998,1.0,0.18605815546631857,1.0,1.0,0.0,1.0,0.4166666666666667
350,4,0.2,0.02,6,weighted,0.2,True,0.05,C_deep,92,0.836050724637681,1.0,0.24033550488409752,0.75,1.0,0.25,1.0,0.9755434782608695,1.0,0.12325586833039091,1.0,1.0,0.25,1.0,0.8605072463768115,1.0,0.22241209306387136,0.75,1.0,0.25,1.0,0.6086956521739131
351,303,0.2,0.03,8,weighted,0.2,True,0.05,A_default,84,0.8789682539682541,1.0,0.21738557050206975,0.75,1.0,0.25,1.0,0.9384920634920636,1.0,0.1806943359433529,1.0,1.0,0.25,1.0,0.9404761904761905,1.0,0.14838004576253988,1.0,1.0,0.5,1.0,0.7261904761904762
351,303,0.2,0.03,8,weighted,0.2,True,0.05,B_weak_signal,84,0.7065476190476191,0.75,0.30118038483794113,0.38333333333333336,1.0,0.0,1.0,0.7571428571428571,1.0,0.3027350306075142,0.5,1.0,0.0,1.0,0.9374999999999998,1.0,0.18605815546631857,1.0,1.0,0.0,1.0,0.4166666666666667
351,303,0.2,0.03,8,weighted,0.2,True,0.05,C_deep,92,0.836050724637681,1.0,0.24033550488409752,0.75,1.0,0.25,1.0,0.9755434782608695,1.0,0.12325586833039091,1.0,1.0,0.25,1.0,0.8605072463768115,1.0,0.22241209306387136,0.75,1.0,0.25,1.0,0.6086956521739131
352,800,0.2,0.02,4,max,0.1,False,0.1,A_default,84,0.7738095238095238,1.0,0.25486282257040205,0.5,1.0,0.0,1.0,0.8442460317460316,1.0,0.24282879485742195,0.6666666666666666,1.0,0.0,1.0,0.9176587301587301,1.0,0.19596586031793534,1.0,1.0,0.0,1.0,0.5119047619047619
352,800,0.2,0.02,4,max,0.1,False,0.1,B_weak_signal,84,0.8059523809523809,1.0,0.27920621439163085,0.6666666666666666,1.0,0.0,1.0,0.8089285714285713,1.0,0.2799340908822921,0.6666666666666666,1.0,0.0,1.0,0.9613095238095238,1.0,0.18810263644062825,1.0,1.0,0.0,1.0,0.5952380952380952
352,800,0.2,0.02,4,max,0.1,False,0.1,C_deep,92,0.8405797101449275,1.0,0.2284056374361488,0.75,1.0,0.25,1.0,0.9384057971014493,1.0,0.144617282181151,1.0,1.0,0.5,1.0,0.9021739130434783,1.0,0.20841891855673428,1.0,1.0,0.25,1.0,0.6086956521739131
353,497,0.2,0.03,8,max,0.1,False,0.1,A_default,84,0.7738095238095238,1.0,0.25486282257040205,0.5,1.0,0.0,1.0,0.8442460317460316,1.0,0.24282879485742195,0.6666666666666666,1.0,0.0,1.0,0.9176587301587301,1.0,0.19596586031793534,1.0,1.0,0.0,1.0,0.5119047619047619
353,497,0.2,0.03,8,max,0.1,False,0.1,B_weak_signal,84,0.8059523809523809,1.0,0.27920621439163085,0.6666666666666666,1.0,0.0,1.0,0.8089285714285713,1.0,0.2799340908822921,0.6666666666666666,1.0,0.0,1.0,0.9613095238095238,1.0,0.18810263644062825,1.0,1.0,0.0,1.0,0.5952380952380952
353,497,0.2,0.03,8,max,0.1,False,0.1,C_deep,92,0.8405797101449275,1.0,0.2284056374361488,0.75,1.0,0.25,1.0,0.9384057971014493,1.0,0.144617282181151,1.0,1.0,0.5,1.0,0.9021739130434783,1.0,0.20841891855673428,1.0,1.0,0.25,1.0,0.6086956521739131
354,108,0.2,0.03,4,max,0.1,False,0.1,A_default,84,0.7738095238095238,1.0,0.25486282257040205,0.5,1.0,0.0,1.0,0.8442460317460316,1.0,0.24282879485742195,0.6666666666666666,1.0,0.0,1.0,0.9176587301587301,1.0,0.19596586031793534,1.0,1.0,0.0,1.0,0.5119047619047619
354,108,0.2,0.03,4,max,0.1,False,0.1,B_weak_signal,84,0.8059523809523809,1.0,0.27920621439163085,0.6666666666666666,1.0,0.0,1.0,0.8089285714285713,1.0,0.2799340908822921,0.6666666666666666,1.0,0.0,1.0,0.9613095238095238,1.0,0.18810263644062825,1.0,1.0,0.0,1.0,0.5952380952380952
354,108,0.2,0.03,4,max,0.1,False,0.1,C_deep,92,0.8405797101449275,1.0,0.2284056374361488,0.75,1.0,0.25,1.0,0.9384057971014493,1.0,0.144617282181151,1.0,1.0,0.5,1.0,0.9021739130434783,1.0,0.20841891855673428,1.0,1.0,0.25,1.0,0.6086956521739131
355,336,0.2,0.03,6,max,0.1,False,0.1,A_default,84,0.7738095238095238,1.0,0.25486282257040205,0.5,1.0,0.0,1.0,0.8442460317460316,1.0,0.24282879485742195,0.6666666666666666,1.0,0.0,1.0,0.9176587301587301,1.0,0.19596586031793534,1.0,1.0,0.0,1.0,0.5119047619047619
355,336,0.2,0.03,6,max,0.1,False,0.1,B_weak_signal,84,0.8059523809523809,1.0,0.27920621439163085,0.6666666666666666,1.0,0.0,1.0,0.8089285714285713,1.0,0.2799340908822921,0.6666666666666666,1.0,0.0,1.0,0.9613095238095238,1.0,0.18810263644062825,1.0,1.0,0.0,1.0,0.5952380952380952
355,336,0.2,0.03,6,max,0.1,False,0.1,C_deep,92,0.8405797101449275,1.0,0.2284056374361488,0.75,1.0,0.25,1.0,0.9384057971014493,1.0,0.144617282181151,1.0,1.0,0.5,1.0,0.9021739130434783,1.0,0.20841891855673428,1.0,1.0,0.25,1.0,0.6086956521739131
356,176,0.2,0.03,4,max,0.15,False,0.15,A_default,84,0.8003968253968254,1.0,0.242683792128127,0.5,1.0,0.0,1.0,0.918452380952381,1.0,0.18575469020733176,1.0,1.0,0.0,1.0,0.8700396825396824,1.0,0.23008030380171254,0.75,1.0,0.0,1.0,0.5476190476190477
356,176,0.2,0.03,4,max,0.15,False,0.15,B_weak_signal,84,0.8220238095238095,1.0,0.2811117810212763,0.6666666666666666,1.0,0.0,1.0,0.8458333333333333,1.0,0.2765594097025933,0.75,1.0,0.0,1.0,0.9166666666666666,1.0,0.2524975645037421,1.0,1.0,0.0,1.0,0.6309523809523809
356,176,0.2,0.03,4,max,0.15,False,0.15,C_deep,92,0.7978260869565218,1.0,0.24299988934742192,0.625,1.0,0.25,1.0,0.9536231884057971,1.0,0.12378410068895404,1.0,1.0,0.5,1.0,0.842391304347826,1.0,0.23970134352391292,0.75,1.0,0.25,1.0,0.5108695652173914
357,156,0.2,0.02,8,max,0.15,False,0.15,A_default,84,0.8003968253968254,1.0,0.242683792128127,0.5,1.0,0.0,1.0,0.918452380952381,1.0,0.18575469020733176,1.0,1.0,0.0,1.0,0.8700396825396824,1.0,0.23008030380171254,0.75,1.0,0.0,1.0,0.5476190476190477
357,156,0.2,0.02,8,max,0.15,False,0.15,B_weak_signal,84,0.8220238095238095,1.0,0.2811117810212763,0.6666666666666666,1.0,0.0,1.0,0.8458333333333333,1.0,0.2765594097025933,0.75,1.0,0.0,1.0,0.9166666666666666,1.0,0.2524975645037421,1.0,1.0,0.0,1.0,0.6309523809523809
357,156,0.2,0.02,8,max,0.15,False,0.15,C_deep,92,0.7978260869565218,1.0,0.24299988934742192,0.625,1.0,0.25,1.0,0.9536231884057971,1.0,0.12378410068895404,1.0,1.0,0.5,1.0,0.842391304347826,1.0,0.23970134352391292,0.75,1.0,0.25,1.0,0.5108695652173914
358,18,0.2,0.03,6,mean,0.2,False,0.15,A_default,84,0.8065476190476191,1.0,0.23326186308101135,0.5,1.0,0.3333333333333333,1.0,0.984126984126984,1.0,0.07141263288738699,1.0,1.0,0.6666666666666666,1.0,0.8224206349206349,1.0,0.23455637650501773,0.5,1.0,0.3333333333333333,1.0,0.5476190476190477
358,18,0.2,0.03,6,mean,0.2,False,0.15,B_weak_signal,84,0.8462301587301587,1.0,0.28326069456866854,0.75,1.0,0.0,1.0,0.9246031746031745,1.0,0.24462735902246033,1.0,1.0,0.0,1.0,0.8621031746031745,1.0,0.2820767219121188,1.0,1.0,0.0,1.0,0.7142857142857143
358,18,0.2,0.03,6,mean,0.2,False,0.15,C_deep,92,0.7672101449275361,0.75,0.26855388846013867,0.5,1.0,0.0,1.0,0.9891304347826086,1.0,0.10425720702853719,1.0,1.0,0.0,1.0,0.7672101449275361,0.75,0.26855388846013867,0.5,1.0,0.0,1.0,0.4782608695652174
359,26,0.2,0.03,8,max,0.05,False,0.1,A_default,84,0.7813492063492062,1.0,0.24520030827347683,0.5,1.0,0.3333333333333333,1.0,0.8339285714285714,1.0,0.23432729242888242,0.625,1.0,0.4,1.0,0.9474206349206349,1.0,0.15128839910230626,1.0,1.0,0.3333333333333333,1.0,0.5238095238095238
359,26,0.2,0.03,8,max,0.05,False,0.1,B_weak_signal,84,0.8156746031746032,1.0,0.2413060068854702,0.6666666666666666,1.0,0.2,1.0,0.8186507936507936,1.0,0.24202687131484438,0.6666666666666666,1.0,0.2,1.0,0.9970238095238095,1.0,0.027277236279499028,1.0,1.0,0.75,1.0,0.5714285714285714
359,26,0.2,0.03,8,max,0.05,False,0.1,C_deep,92,0.8226449275362318,1.0,0.23473651248037164,0.75,1.0,0.25,1.0,0.915036231884058,1.0,0.1709890031846064,1.0,1.0,0.4,1.0,0.907608695652174,1.0,0.20429474630243974,1.0,1.0,0.25,1.0,0.5652173913043478
360,518,0.4,0.03,6,harmonic,0.1,False,0.1,A_default,79,0.8025316455696202,1.0,0.240238020142319,0.5,1.0,0.3333333333333333,1.0,0.9628691983122363,1.0,0.12380337109450328,1.0,1.0,0.4,1.0,0.8396624472573839,1.0,0.23333797000076215,0.625,1.0,0.3333333333333333,1.0,0.5569620253164557
360,518,0.4,0.03,6,harmonic,0.1,False,0.1,B_weak_signal,58,0.8390804597701149,1.0,0.26345936217548543,0.75,1.0,0.0,1.0,0.9238505747126436,1.0,0.21075174250400594,1.0,1.0,0.0,1.0,0.8807471264367817,1.0,0.2570222668454345,1.0,1.0,0.0,1.0,0.6551724137931034
360,518,0.4,0.03,6,harmonic,0.1,False,0.1,C_deep,86,0.777906976744186,0.75,0.2630569641888782,0.5416666666666666,1.0,0.0,1.0,0.9813953488372094,1.0,0.12509913989169377,1.0,1.0,0.0,1.0,0.7848837209302325,0.875,0.26086367244435404,0.6875,1.0,0.0,1.0,0.4883720930232558
361,40,0.4,0.03,4,harmonic,0.1,False,0.1,A_default,79,0.8025316455696202,1.0,0.240238020142319,0.5,1.0,0.3333333333333333,1.0,0.9628691983122363,1.0,0.12380337109450328,1.0,1.0,0.4,1.0,0.8396624472573839,1.0,0.23333797000076215,0.625,1.0,0.3333333333333333,1.0,0.5569620253164557
361,40,0.4,0.03,4,harmonic,0.1,False,0.1,B_weak_signal,58,0.8390804597701149,1.0,0.26345936217548543,0.75,1.0,0.0,1.0,0.9238505747126436,1.0,0.21075174250400594,1.0,1.0,0.0,1.0,0.8807471264367817,1.0,0.2570222668454345,1.0,1.0,0.0,1.0,0.6551724137931034
361,40,0.4,0.03,4,harmonic,0.1,False,0.1,C_deep,86,0.777906976744186,0.75,0.2630569641888782,0.5416666666666666,1.0,0.0,1.0,0.9813953488372094,1.0,0.12509913989169377,1.0,1.0,0.0,1.0,0.7848837209302325,0.875,0.26086367244435404,0.6875,1.0,0.0,1.0,0.4883720930232558
362,42,0.4,0.02,4,harmonic,0.1,False,0.1,A_default,79,0.8025316455696202,1.0,0.240238020142319,0.5,1.0,0.3333333333333333,1.0,0.9628691983122363,1.0,0.12380337109450328,1.0,1.0,0.4,1.0,0.8396624472573839,1.0,0.23333797000076215,0.625,1.0,0.3333333333333333,1.0,0.5569620253164557
362,42,0.4,0.02,4,harmonic,0.1,False,0.1,B_weak_signal,58,0.8390804597701149,1.0,0.26345936217548543,0.75,1.0,0.0,1.0,0.9238505747126436,1.0,0.21075174250400594,1.0,1.0,0.0,1.0,0.8807471264367817,1.0,0.2570222668454345,1.0,1.0,0.0,1.0,0.6551724137931034
362,42,0.4,0.02,4,harmonic,0.1,False,0.1,C_deep,86,0.777906976744186,0.75,0.2630569641888782,0.5416666666666666,1.0,0.0,1.0,0.9813953488372094,1.0,0.12509913989169377,1.0,1.0,0.0,1.0,0.7848837209302325,0.875,0.26086367244435404,0.6875,1.0,0.0,1.0,0.4883720930232558
363,379,0.4,0.03,4,harmonic,0.1,False,0.05,A_default,79,0.8025316455696202,1.0,0.240238020142319,0.5,1.0,0.3333333333333333,1.0,0.9628691983122363,1.0,0.12380337109450328,1.0,1.0,0.4,1.0,0.8396624472573839,1.0,0.23333797000076215,0.625,1.0,0.3333333333333333,1.0,0.5569620253164557
363,379,0.4,0.03,4,harmonic,0.1,False,0.05,B_weak_signal,58,0.8390804597701149,1.0,0.26345936217548543,0.75,1.0,0.0,1.0,0.9238505747126436,1.0,0.21075174250400594,1.0,1.0,0.0,1.0,0.8807471264367817,1.0,0.2570222668454345,1.0,1.0,0.0,1.0,0.6551724137931034
363,379,0.4,0.03,4,harmonic,0.1,False,0.05,C_deep,86,0.777906976744186,0.75,0.2630569641888782,0.5416666666666666,1.0,0.0,1.0,0.9813953488372094,1.0,0.12509913989169377,1.0,1.0,0.0,1.0,0.7848837209302325,0.875,0.26086367244435404,0.6875,1.0,0.0,1.0,0.4883720930232558
364,39,0.4,0.02,8,harmonic,0.1,False,0.05,A_default,79,0.8025316455696202,1.0,0.240238020142319,0.5,1.0,0.3333333333333333,1.0,0.9628691983122363,1.0,0.12380337109450328,1.0,1.0,0.4,1.0,0.8396624472573839,1.0,0.23333797000076215,0.625,1.0,0.3333333333333333,1.0,0.5569620253164557
364,39,0.4,0.02,8,harmonic,0.1,False,0.05,B_weak_signal,58,0.8390804597701149,1.0,0.26345936217548543,0.75,1.0,0.0,1.0,0.9238505747126436,1.0,0.21075174250400594,1.0,1.0,0.0,1.0,0.8807471264367817,1.0,0.2570222668454345,1.0,1.0,0.0,1.0,0.6551724137931034
364,39,0.4,0.02,8,harmonic,0.1,False,0.05,C_deep,86,0.777906976744186,0.75,0.2630569641888782,0.5416666666666666,1.0,0.0,1.0,0.9813953488372094,1.0,0.12509913989169377,1.0,1.0,0.0,1.0,0.7848837209302325,0.875,0.26086367244435404,0.6875,1.0,0.0,1.0,0.4883720930232558
365,516,0.2,0.02,6,weighted,0.05,False,0.1,A_default,84,0.7952380952380952,1.0,0.24484745720483786,0.5,1.0,0.3333333333333333,1.0,0.948015873015873,1.0,0.14720521701476436,1.0,1.0,0.4,1.0,0.8472222222222221,1.0,0.23314440620669144,0.75,1.0,0.3333333333333333,1.0,0.5476190476190477
365,516,0.2,0.02,6,weighted,0.05,False,0.1,B_weak_signal,84,0.8482142857142856,1.0,0.24580847477804732,0.75,1.0,0.0,1.0,0.9176587301587301,1.0,0.2026489765595766,1.0,1.0,0.0,1.0,0.9186507936507935,1.0,0.20288093661999648,1.0,1.0,0.0,1.0,0.6666666666666666
365,516,0.2,0.02,6,weighted,0.05,False,0.1,C_deep,92,0.7742753623188404,0.75,0.25481220841964447,0.625,1.0,0.25,1.0,0.989855072463768,1.0,0.07122495797269417,1.0,1.0,0.4,1.0,0.7844202898550724,0.75,0.25353188127313114,0.6666666666666666,1.0,0.25,1.0,0.4673913043478261
366,538,0.2,0.03,8,min,0.1,True,0.1,A_default,84,0.7726190476190476,0.75,0.2370563969232666,0.5,1.0,0.3333333333333333,1.0,0.846031746031746,1.0,0.23145571348896762,0.6666666666666666,1.0,0.4,1.0,0.9265873015873015,1.0,0.1596959763747188,1.0,1.0,0.3333333333333333,1.0,0.47619047619047616
366,538,0.2,0.03,8,min,0.1,True,0.1,B_weak_signal,84,0.8351190476190475,1.0,0.23866566064525788,0.6666666666666666,1.0,0.2,1.0,0.8499999999999999,1.0,0.24070400982962217,0.6666666666666666,1.0,0.2,1.0,0.9851190476190477,1.0,0.05950587796457641,1.0,1.0,0.75,1.0,0.6309523809523809
366,538,0.2,0.03,8,min,0.1,True,0.1,C_deep,92,0.8099637681159421,1.0,0.23730347929553713,0.75,1.0,0.25,1.0,0.9376811594202898,1.0,0.172053416990278,1.0,1.0,0.4,1.0,0.8722826086956522,1.0,0.20689100983520053,0.75,1.0,0.25,1.0,0.532608695652174
367,373,0.2,0.02,6,min,0.05,True,0.1,A_default,84,0.7726190476190476,0.75,0.2370563969232666,0.5,1.0,0.3333333333333333,1.0,0.846031746031746,1.0,0.23145571348896762,0.6666666666666666,1.0,0.4,1.0,0.9265873015873015,1.0,0.1596959763747188,1.0,1.0,0.3333333333333333,1.0,0.47619047619047616
367,373,0.2,0.02,6,min,0.05,True,0.1,B_weak_signal,84,0.8351190476190475,1.0,0.23866566064525788,0.6666666666666666,1.0,0.2,1.0,0.8499999999999999,1.0,0.24070400982962217,0.6666666666666666,1.0,0.2,1.0,0.9851190476190477,1.0,0.05950587796457641,1.0,1.0,0.75,1.0,0.6309523809523809
367,373,0.2,0.02,6,min,0.05,True,0.1,C_deep,92,0.8099637681159421,1.0,0.23730347929553713,0.75,1.0,0.25,1.0,0.9376811594202898,1.0,0.172053416990278,1.0,1.0,0.4,1.0,0.8722826086956522,1.0,0.20689100983520053,0.75,1.0,0.25,1.0,0.532608695652174
368,35,0.2,0.03,4,min,0.05,True,0.1,A_default,84,0.7726190476190476,0.75,0.2370563969232666,0.5,1.0,0.3333333333333333,1.0,0.846031746031746,1.0,0.23145571348896762,0.6666666666666666,1.0,0.4,1.0,0.9265873015873015,1.0,0.1596959763747188,1.0,1.0,0.3333333333333333,1.0,0.47619047619047616
368,35,0.2,0.03,4,min,0.05,True,0.1,B_weak_signal,84,0.8351190476190475,1.0,0.23866566064525788,0.6666666666666666,1.0,0.2,1.0,0.8499999999999999,1.0,0.24070400982962217,0.6666666666666666,1.0,0.2,1.0,0.9851190476190477,1.0,0.05950587796457641,1.0,1.0,0.75,1.0,0.6309523809523809
368,35,0.2,0.03,4,min,0.05,True,0.1,C_deep,92,0.8099637681159421,1.0,0.23730347929553713,0.75,1.0,0.25,1.0,0.9376811594202898,1.0,0.172053416990278,1.0,1.0,0.4,1.0,0.8722826086956522,1.0,0.20689100983520053,0.75,1.0,0.25,1.0,0.532608695652174
369,329,0.2,0.02,4,min,0.1,True,0.1,A_default,84,0.7726190476190476,0.75,0.2370563969232666,0.5,1.0,0.3333333333333333,1.0,0.846031746031746,1.0,0.23145571348896762,0.6666666666666666,1.0,0.4,1.0,0.9265873015873015,1.0,0.1596959763747188,1.0,1.0,0.3333333333333333,1.0,0.47619047619047616
369,329,0.2,0.02,4,min,0.1,True,0.1,B_weak_signal,84,0.8351190476190475,1.0,0.23866566064525788,0.6666666666666666,1.0,0.2,1.0,0.8499999999999999,1.0,0.24070400982962217,0.6666666666666666,1.0,0.2,1.0,0.9851190476190477,1.0,0.05950587796457641,1.0,1.0,0.75,1.0,0.6309523809523809
369,329,0.2,0.02,4,min,0.1,True,0.1,C_deep,92,0.8099637681159421,1.0,0.23730347929553713,0.75,1.0,0.25,1.0,0.9376811594202898,1.0,0.172053416990278,1.0,1.0,0.4,1.0,0.8722826086956522,1.0,0.20689100983520053,0.75,1.0,0.25,1.0,0.532608695652174
370,567,0.4,0.05,4,max,0.2,False,0.15,A_default,79,0.7943037974683543,1.0,0.2641425152208893,0.5833333333333333,1.0,0.0,1.0,0.9419831223628693,1.0,0.20384237736841804,1.0,1.0,0.0,1.0,0.8143459915611816,1.0,0.2668633646517832,0.5833333333333333,1.0,0.0,1.0,0.5443037974683544
370,567,0.4,0.05,4,max,0.2,False,0.15,B_weak_signal,58,0.8370689655172413,1.0,0.28335987325731266,0.75,1.0,0.0,1.0,0.8974137931034483,1.0,0.2632604407985626,1.0,1.0,0.0,1.0,0.8706896551724138,1.0,0.28363950338997196,1.0,1.0,0.0,1.0,0.6551724137931034
370,567,0.4,0.05,4,max,0.2,False,0.15,C_deep,86,0.7848837209302325,1.0,0.26490382897891673,0.5,1.0,0.0,1.0,0.9806201550387597,1.0,0.11831774172665718,1.0,1.0,0.0,1.0,0.7906976744186046,1.0,0.26406332983673203,0.5416666666666666,1.0,0.0,1.0,0.5232558139534884
371,172,0.4,0.02,8,mean,0.1,True,0.15,A_default,79,0.7563291139240507,0.75,0.24180741255861665,0.5,1.0,0.3333333333333333,1.0,0.8755274261603374,1.0,0.21986196529259389,0.8333333333333333,1.0,0.4,1.0,0.880801687763713,1.0,0.20046400248775634,0.75,1.0,0.3333333333333333,1.0,0.45569620253164556
371,172,0.4,0.02,8,mean,0.1,True,0.15,B_weak_signal,58,0.8614942528735633,1.0,0.20633738379362218,0.75,1.0,0.4,1.0,0.9002873563218391,1.0,0.1942268969984453,1.0,1.0,0.4,1.0,0.9612068965517241,1.0,0.11279662783012961,1.0,1.0,0.5,1.0,0.6551724137931034
371,172,0.4,0.02,8,mean,0.1,True,0.15,C_deep,86,0.7982558139534884,1.0,0.2499676981715818,0.5416666666666666,1.0,0.25,1.0,0.9717054263565891,1.0,0.11643028623132208,1.0,1.0,0.4,1.0,0.8265503875968991,1.0,0.24260807721625224,0.75,1.0,0.25,1.0,0.5348837209302325
372,316,0.3,0.03,8,max,0.2,False,0.15,A_default,84,0.7914682539682539,1.0,0.26899702211938453,0.5,1.0,0.0,1.0,0.9164682539682539,1.0,0.22338958183380275,1.0,1.0,0.0,1.0,0.8392857142857143,1.0,0.26345509432892716,0.7291666666666666,1.0,0.0,1.0,0.5595238095238095
372,316,0.3,0.03,8,max,0.2,False,0.15,B_weak_signal,81,0.832716049382716,1.0,0.29495108403819903,0.75,1.0,0.0,1.0,0.8748971193415639,1.0,0.28121911505470903,1.0,1.0,0.0,1.0,0.8837448559670781,1.0,0.2858585424821402,1.0,1.0,0.0,1.0,0.6790123456790124
372,316,0.3,0.03,8,max,0.2,False,0.15,C_deep,92,0.7914855072463768,1.0,0.2555548270507168,0.6666666666666666,1.0,0.0,1.0,0.9643115942028986,1.0,0.13071096845932495,1.0,1.0,0.0,1.0,0.8134057971014492,1.0,0.25688610488264096,0.75,1.0,0.0,1.0,0.5108695652173914
373,641,0.3,0.03,4,max,0.2,False,0.15,A_default,84,0.7914682539682539,1.0,0.26899702211938453,0.5,1.0,0.0,1.0,0.9164682539682539,1.0,0.22338958183380275,1.0,1.0,0.0,1.0,0.8392857142857143,1.0,0.26345509432892716,0.7291666666666666,1.0,0.0,1.0,0.5595238095238095
373,641,0.3,0.03,4,max,0.2,False,0.15,B_weak_signal,81,0.832716049382716,1.0,0.29495108403819903,0.75,1.0,0.0,1.0,0.8748971193415639,1.0,0.28121911505470903,1.0,1.0,0.0,1.0,0.8837448559670781,1.0,0.2858585424821402,1.0,1.0,0.0,1.0,0.6790123456790124
373,641,0.3,0.03,4,max,0.2,False,0.15,C_deep,92,0.7914855072463768,1.0,0.2555548270507168,0.6666666666666666,1.0,0.0,1.0,0.9643115942028986,1.0,0.13071096845932495,1.0,1.0,0.0,1.0,0.8134057971014492,1.0,0.25688610488264096,0.75,1.0,0.0,1.0,0.5108695652173914
374,758,0.3,0.02,6,max,0.2,False,0.15,A_default,84,0.7914682539682539,1.0,0.26899702211938453,0.5,1.0,0.0,1.0,0.9164682539682539,1.0,0.22338958183380275,1.0,1.0,0.0,1.0,0.8392857142857143,1.0,0.26345509432892716,0.7291666666666666,1.0,0.0,1.0,0.5595238095238095
374,758,0.3,0.02,6,max,0.2,False,0.15,B_weak_signal,81,0.832716049382716,1.0,0.29495108403819903,0.75,1.0,0.0,1.0,0.8748971193415639,1.0,0.28121911505470903,1.0,1.0,0.0,1.0,0.8837448559670781,1.0,0.2858585424821402,1.0,1.0,0.0,1.0,0.6790123456790124
374,758,0.3,0.02,6,max,0.2,False,0.15,C_deep,92,0.7914855072463768,1.0,0.2555548270507168,0.6666666666666666,1.0,0.0,1.0,0.9643115942028986,1.0,0.13071096845932495,1.0,1.0,0.0,1.0,0.8134057971014492,1.0,0.25688610488264096,0.75,1.0,0.0,1.0,0.5108695652173914
375,94,0.3,0.03,6,max,0.15,True,0.1,A_default,84,0.7696428571428572,0.875,0.2541774237540049,0.5,1.0,0.0,1.0,0.8251984126984129,1.0,0.2468746280578636,0.625,1.0,0.0,1.0,0.9325396825396824,1.0,0.1840694379247775,1.0,1.0,0.0,1.0,0.5
375,94,0.3,0.03,6,max,0.15,True,0.1,B_weak_signal,81,0.8220164609053497,1.0,0.23283916660095955,0.6666666666666666,1.0,0.25,1.0,0.8251028806584362,1.0,0.2335285412129374,0.6666666666666666,1.0,0.25,1.0,0.9969135802469136,1.0,0.027777777777777804,1.0,1.0,0.75,1.0,0.5679012345679012
375,94,0.3,0.03,6,max,0.15,True,0.1,C_deep,92,0.823731884057971,1.0,0.23298290922939502,0.75,1.0,0.25,1.0,0.9161231884057972,1.0,0.16797019705845642,1.0,1.0,0.4,1.0,0.907608695652174,1.0,0.20429474630243974,1.0,1.0,0.25,1.0,0.5652173913043478
376,281,0.2,0.05,8,max,0.2,False,0.15,A_default,84,0.8065476190476192,1.0,0.2607015796566918,0.6666666666666666,1.0,0.0,1.0,0.9454365079365078,1.0,0.19808911747921967,1.0,1.0,0.0,1.0,0.8253968253968254,1.0,0.2624474982936913,0.6666666666666666,1.0,0.0,1.0,0.5714285714285714
376,281,0.2,0.05,8,max,0.2,False,0.15,B_weak_signal,84,0.8160714285714286,1.0,0.3251448696641009,0.75,1.0,0.0,1.0,0.8696428571428573,1.0,0.31303840595521715,1.0,1.0,0.0,1.0,0.8392857142857143,1.0,0.32719900540420727,1.0,1.0,0.0,1.0,0.6785714285714286
376,281,0.2,0.05,8,max,0.2,False,0.15,C_deep,92,0.7923913043478261,1.0,0.26393302425251,0.5,1.0,0.0,1.0,0.9782608695652174,1.0,0.11905558183275548,1.0,1.0,0.0,1.0,0.798913043478261,1.0,0.26153258677031477,0.625,1.0,0.0,1.0,0.5434782608695652
377,115,0.4,0.03,8,harmonic,0.1,False,0.15,A_default,79,0.8037974683544303,1.0,0.238345875097189,0.5,1.0,0.3333333333333333,1.0,0.9641350210970465,1.0,0.11836639142171045,1.0,1.0,0.5,1.0,0.8396624472573839,1.0,0.23333797000076215,0.625,1.0,0.3333333333333333,1.0,0.5569620253164557
377,115,0.4,0.03,8,harmonic,0.1,False,0.15,B_weak_signal,58,0.8362068965517243,1.0,0.26626684081369456,0.75,1.0,0.0,1.0,0.9295977011494252,1.0,0.20814419726771402,1.0,1.0,0.0,1.0,0.8721264367816093,1.0,0.2613018078877458,1.0,1.0,0.0,1.0,0.6551724137931034
377,115,0.4,0.03,8,harmonic,0.1,False,0.15,C_deep,86,0.7749999999999999,0.75,0.26195282217558113,0.5416666666666666,1.0,0.0,1.0,0.9813953488372094,1.0,0.12509913989169377,1.0,1.0,0.0,1.0,0.7819767441860465,0.75,0.2598291937221849,0.6875,1.0,0.0,1.0,0.47674418604651164
378,617,0.3,0.03,6,max,0.1,True,0.1,A_default,84,0.7753968253968253,0.875,0.24281476611968564,0.5,1.0,0.3333333333333333,1.0,0.8309523809523811,1.0,0.23377959128953016,0.625,1.0,0.4,1.0,0.9444444444444444,1.0,0.15269408684968017,1.0,1.0,0.3333333333333333,1.0,0.5
378,617,0.3,0.03,6,max,0.1,True,0.1,B_weak_signal,81,0.816872427983539,1.0,0.2380402310062386,0.6666666666666666,1.0,0.25,1.0,0.8199588477366254,1.0,0.2387819169051081,0.6666666666666666,1.0,0.25,1.0,0.9969135802469136,1.0,0.027777777777777804,1.0,1.0,0.75,1.0,0.5679012345679012
378,617,0.3,0.03,6,max,0.1,True,0.1,C_deep,92,0.8226449275362318,1.0,0.23473651248037164,0.75,1.0,0.25,1.0,0.915036231884058,1.0,0.1709890031846064,1.0,1.0,0.4,1.0,0.907608695652174,1.0,0.20429474630243974,1.0,1.0,0.25,1.0,0.5652173913043478
379,50,0.2,0.03,4,max,0.2,True,0.1,A_default,84,0.7938492063492064,1.0,0.2525476582577321,0.5,1.0,0.0,1.0,0.8523809523809524,1.0,0.23672439559997702,0.6666666666666666,1.0,0.0,1.0,0.929563492063492,1.0,0.18901122252077102,1.0,1.0,0.0,1.0,0.5595238095238095
379,50,0.2,0.03,4,max,0.2,True,0.1,B_weak_signal,84,0.7952380952380952,1.0,0.2679633562603965,0.6666666666666666,1.0,0.0,1.0,0.7982142857142857,1.0,0.26884175507419067,0.6666666666666666,1.0,0.0,1.0,0.9732142857142857,1.0,0.155316704927719,1.0,1.0,0.0,1.0,0.5476190476190477
379,50,0.2,0.03,4,max,0.2,True,0.1,C_deep,92,0.8253623188405798,1.0,0.2319224516312129,0.75,1.0,0.25,1.0,0.9177536231884057,1.0,0.16557894781603802,1.0,1.0,0.4,1.0,0.907608695652174,1.0,0.20429474630243974,1.0,1.0,0.25,1.0,0.5652173913043478
380,289,0.4,0.05,4,mean,0.15,True,0.1,A_default,79,0.7930379746835442,0.75,0.2070620630864928,0.6666666666666666,1.0,0.3333333333333333,1.0,0.8858649789029536,1.0,0.18018051662877832,0.6666666666666666,1.0,0.4,1.0,0.9050632911392407,1.0,0.17639057668712138,0.875,1.0,0.3333333333333333,1.0,0.45569620253164556
380,289,0.4,0.05,4,mean,0.15,True,0.1,B_weak_signal,58,0.8221264367816092,0.875,0.19800141598314455,0.6666666666666666,1.0,0.25,1.0,0.8548850574712643,1.0,0.1883292868345927,0.6666666666666666,1.0,0.25,1.0,0.9568965517241379,1.0,0.10264696034190672,1.0,1.0,0.6666666666666666,1.0,0.5
380,289,0.4,0.05,4,mean,0.15,True,0.1,C_deep,86,0.7988372093023256,0.75,0.22811805649097217,0.6666666666666666,1.0,0.25,1.0,0.9399224806201552,1.0,0.13627344362122984,1.0,1.0,0.5,1.0,0.8546511627906976,1.0,0.21962015876482496,0.75,1.0,0.25,1.0,0.4883720930232558
381,163,0.4,0.03,4,mean,0.05,True,0.15,A_default,79,0.7542194092827004,0.75,0.2433220398156432,0.5,1.0,0.3333333333333333,1.0,0.8734177215189873,1.0,0.2226734572660386,0.8333333333333333,1.0,0.4,1.0,0.880801687763713,1.0,0.20046400248775634,0.75,1.0,0.3333333333333333,1.0,0.45569620253164556
381,163,0.4,0.03,4,mean,0.05,True,0.15,B_weak_signal,58,0.8614942528735633,1.0,0.20633738379362218,0.75,1.0,0.4,1.0,0.9002873563218391,1.0,0.1942268969984453,1.0,1.0,0.4,1.0,0.9612068965517241,1.0,0.11279662783012961,1.0,1.0,0.5,1.0,0.6551724137931034
381,163,0.4,0.03,4,mean,0.05,True,0.15,C_deep,86,0.7982558139534884,1.0,0.2499676981715818,0.5416666666666666,1.0,0.25,1.0,0.9717054263565891,1.0,0.11643028623132208,1.0,1.0,0.4,1.0,0.8265503875968991,1.0,0.24260807721625224,0.75,1.0,0.25,1.0,0.5348837209302325
382,530,0.4,0.03,6,mean,0.05,False,0.15,A_default,79,0.7542194092827004,0.75,0.2433220398156432,0.5,1.0,0.3333333333333333,1.0,0.8734177215189873,1.0,0.2226734572660386,0.8333333333333333,1.0,0.4,1.0,0.880801687763713,1.0,0.20046400248775634,0.75,1.0,0.3333333333333333,1.0,0.45569620253164556
382,530,0.4,0.03,6,mean,0.05,False,0.15,B_weak_signal,58,0.8614942528735633,1.0,0.20633738379362218,0.75,1.0,0.4,1.0,0.9002873563218391,1.0,0.1942268969984453,1.0,1.0,0.4,1.0,0.9612068965517241,1.0,0.11279662783012961,1.0,1.0,0.5,1.0,0.6551724137931034
382,530,0.4,0.03,6,mean,0.05,False,0.15,C_deep,86,0.7982558139534884,1.0,0.2499676981715818,0.5416666666666666,1.0,0.25,1.0,0.9717054263565891,1.0,0.11643028623132208,1.0,1.0,0.4,1.0,0.8265503875968991,1.0,0.24260807721625224,0.75,1.0,0.25,1.0,0.5348837209302325
383,704,0.4,0.02,8,mean,0.05,True,0.15,A_default,79,0.7542194092827004,0.75,0.2433220398156432,0.5,1.0,0.3333333333333333,1.0,0.8734177215189873,1.0,0.2226734572660386,0.8333333333333333,1.0,0.4,1.0,0.880801687763713,1.0,0.20046400248775634,0.75,1.0,0.3333333333333333,1.0,0.45569620253164556
383,704,0.4,0.02,8,mean,0.05,True,0.15,B_weak_signal,58,0.8614942528735633,1.0,0.20633738379362218,0.75,1.0,0.4,1.0,0.9002873563218391,1.0,0.1942268969984453,1.0,1.0,0.4,1.0,0.9612068965517241,1.0,0.11279662783012961,1.0,1.0,0.5,1.0,0.6551724137931034
383,704,0.4,0.02,8,mean,0.05,True,0.15,C_deep,86,0.7982558139534884,1.0,0.2499676981715818,0.5416666666666666,1.0,0.25,1.0,0.9717054263565891,1.0,0.11643028623132208,1.0,1.0,0.4,1.0,0.8265503875968991,1.0,0.24260807721625224,0.75,1.0,0.25,1.0,0.5348837209302325
384,96,0.4,0.02,6,mean,0.05,True,0.15,A_default,79,0.7542194092827004,0.75,0.2433220398156432,0.5,1.0,0.3333333333333333,1.0,0.8734177215189873,1.0,0.2226734572660386,0.8333333333333333,1.0,0.4,1.0,0.880801687763713,1.0,0.20046400248775634,0.75,1.0,0.3333333333333333,1.0,0.45569620253164556
384,96,0.4,0.02,6,mean,0.05,True,0.15,B_weak_signal,58,0.8614942528735633,1.0,0.20633738379362218,0.75,1.0,0.4,1.0,0.9002873563218391,1.0,0.1942268969984453,1.0,1.0,0.4,1.0,0.9612068965517241,1.0,0.11279662783012961,1.0,1.0,0.5,1.0,0.6551724137931034
384,96,0.4,0.02,6,mean,0.05,True,0.15,C_deep,86,0.7982558139534884,1.0,0.2499676981715818,0.5416666666666666,1.0,0.25,1.0,0.9717054263565891,1.0,0.11643028623132208,1.0,1.0,0.4,1.0,0.8265503875968991,1.0,0.24260807721625224,0.75,1.0,0.25,1.0,0.5348837209302325
385,424,0.2,0.03,4,weighted,0.2,True,0.15,A_default,84,0.820436507936508,1.0,0.2344544379413397,0.5,1.0,0.3333333333333333,1.0,0.9781746031746033,1.0,0.08879590901050907,1.0,1.0,0.5,1.0,0.8422619047619048,1.0,0.2324919775007697,0.625,1.0,0.3333333333333333,1.0,0.5952380952380952
385,424,0.2,0.03,4,weighted,0.2,True,0.15,B_weak_signal,84,0.846031746031746,1.0,0.25234667097772684,0.75,1.0,0.0,1.0,0.9551587301587302,1.0,0.15510017901978437,1.0,1.0,0.0,1.0,0.8789682539682537,1.0,0.24249262050929768,1.0,1.0,0.0,1.0,0.6785714285714286
385,424,0.2,0.03,4,weighted,0.2,True,0.15,C_deep,92,0.7472826086956522,0.75,0.26538470674811276,0.5,1.0,0.25,1.0,0.9945652173913043,1.0,0.052128603514268596,1.0,1.0,0.5,1.0,0.7527173913043478,0.75,0.2653847067481126,0.5,1.0,0.25,1.0,0.42391304347826086
386,595,0.3,0.03,4,max,0.05,True,0.1,A_default,84,0.7751984126984128,1.0,0.24721330463674074,0.5,1.0,0.3333333333333333,1.0,0.8277777777777777,1.0,0.2378131815652647,0.5,1.0,0.4,1.0,0.9474206349206349,1.0,0.15128839910230626,1.0,1.0,0.3333333333333333,1.0,0.5119047619047619
386,595,0.3,0.03,4,max,0.05,True,0.1,B_weak_signal,81,0.8156378600823044,1.0,0.2399558072595572,0.6666666666666666,1.0,0.25,1.0,0.8187242798353909,1.0,0.2407076188041062,0.6666666666666666,1.0,0.25,1.0,0.9969135802469136,1.0,0.027777777777777804,1.0,1.0,0.75,1.0,0.5679012345679012
386,595,0.3,0.03,4,max,0.05,True,0.1,C_deep,92,0.8226449275362318,1.0,0.23473651248037164,0.75,1.0,0.25,1.0,0.915036231884058,1.0,0.1709890031846064,1.0,1.0,0.4,1.0,0.907608695652174,1.0,0.20429474630243974,1.0,1.0,0.25,1.0,0.5652173913043478
387,596,0.3,0.03,8,max,0.05,True,0.1,A_default,84,0.7751984126984128,1.0,0.24721330463674074,0.5,1.0,0.3333333333333333,1.0,0.8277777777777777,1.0,0.2378131815652647,0.5,1.0,0.4,1.0,0.9474206349206349,1.0,0.15128839910230626,1.0,1.0,0.3333333333333333,1.0,0.5119047619047619
387,596,0.3,0.03,8,max,0.05,True,0.1,B_weak_signal,81,0.8156378600823044,1.0,0.2399558072595572,0.6666666666666666,1.0,0.25,1.0,0.8187242798353909,1.0,0.2407076188041062,0.6666666666666666,1.0,0.25,1.0,0.9969135802469136,1.0,0.027777777777777804,1.0,1.0,0.75,1.0,0.5679012345679012
387,596,0.3,0.03,8,max,0.05,True,0.1,C_deep,92,0.8226449275362318,1.0,0.23473651248037164,0.75,1.0,0.25,1.0,0.915036231884058,1.0,0.1709890031846064,1.0,1.0,0.4,1.0,0.907608695652174,1.0,0.20429474630243974,1.0,1.0,0.25,1.0,0.5652173913043478
388,386,0.4,0.05,6,harmonic,0.05,True,0.05,A_default,79,0.7888185654008438,0.75,0.21771150961143226,0.6666666666666666,1.0,0.25,1.0,0.8624472573839661,1.0,0.20378310131603838,0.6666666666666666,1.0,0.25,1.0,0.9208860759493671,1.0,0.1561299306058438,1.0,1.0,0.5,1.0,0.45569620253164556
388,386,0.4,0.05,6,harmonic,0.05,True,0.05,B_weak_signal,58,0.764367816091954,0.75,0.24257890490697687,0.6666666666666666,1.0,0.2,1.0,0.7885057471264368,0.75,0.23982626298767362,0.6666666666666666,1.0,0.2,1.0,0.9655172413793104,1.0,0.0949947197140086,1.0,1.0,0.6666666666666666,1.0,0.43103448275862066
388,386,0.4,0.05,6,harmonic,0.05,True,0.05,C_deep,86,0.8596899224806202,1.0,0.18170336229994496,0.75,1.0,0.25,1.0,0.937984496124031,1.0,0.12273173793018681,1.0,1.0,0.6666666666666666,1.0,0.9147286821705427,1.0,0.15964459310866486,0.75,1.0,0.25,1.0,0.5697674418604651
389,621,0.4,0.05,4,harmonic,0.05,True,0.05,A_default,79,0.7888185654008438,0.75,0.21771150961143226,0.6666666666666666,1.0,0.25,1.0,0.8624472573839661,1.0,0.20378310131603838,0.6666666666666666,1.0,0.25,1.0,0.9208860759493671,1.0,0.1561299306058438,1.0,1.0,0.5,1.0,0.45569620253164556
389,621,0.4,0.05,4,harmonic,0.05,True,0.05,B_weak_signal,58,0.764367816091954,0.75,0.24257890490697687,0.6666666666666666,1.0,0.2,1.0,0.7885057471264368,0.75,0.23982626298767362,0.6666666666666666,1.0,0.2,1.0,0.9655172413793104,1.0,0.0949947197140086,1.0,1.0,0.6666666666666666,1.0,0.43103448275862066
389,621,0.4,0.05,4,harmonic,0.05,True,0.05,C_deep,86,0.8596899224806202,1.0,0.18170336229994496,0.75,1.0,0.25,1.0,0.937984496124031,1.0,0.12273173793018681,1.0,1.0,0.6666666666666666,1.0,0.9147286821705427,1.0,0.15964459310866486,0.75,1.0,0.25,1.0,0.5697674418604651
390,216,0.4,0.05,6,mean,0.2,True,0.05,A_default,79,0.7985232067510548,0.75,0.21458881825896378,0.6666666666666666,1.0,0.25,1.0,0.8776371308016877,1.0,0.19784965938923693,0.6666666666666666,1.0,0.25,1.0,0.9166666666666667,1.0,0.15845137300395223,1.0,1.0,0.5,1.0,0.4810126582278481
390,216,0.4,0.05,6,mean,0.2,True,0.05,B_weak_signal,58,0.7620689655172415,0.75,0.2569652152840295,0.6,1.0,0.2,1.0,0.781896551724138,0.875,0.2530185117305632,0.6666666666666666,1.0,0.2,1.0,0.9698275862068966,1.0,0.09061501455651391,1.0,1.0,0.6666666666666666,1.0,0.46551724137931033
390,216,0.4,0.05,6,mean,0.2,True,0.05,C_deep,86,0.8521317829457364,1.0,0.19452970792540109,0.75,1.0,0.25,1.0,0.9302325581395349,1.0,0.1416871179680242,1.0,1.0,0.5,1.0,0.9137596899224806,1.0,0.1609041418946603,0.75,1.0,0.25,1.0,0.5813953488372093
391,270,0.4,0.05,8,mean,0.2,True,0.05,A_default,79,0.7985232067510548,0.75,0.21458881825896378,0.6666666666666666,1.0,0.25,1.0,0.8776371308016877,1.0,0.19784965938923693,0.6666666666666666,1.0,0.25,1.0,0.9166666666666667,1.0,0.15845137300395223,1.0,1.0,0.5,1.0,0.4810126582278481
391,270,0.4,0.05,8,mean,0.2,True,0.05,B_weak_signal,58,0.7620689655172415,0.75,0.2569652152840295,0.6,1.0,0.2,1.0,0.781896551724138,0.875,0.2530185117305632,0.6666666666666666,1.0,0.2,1.0,0.9698275862068966,1.0,0.09061501455651391,1.0,1.0,0.6666666666666666,1.0,0.46551724137931033
391,270,0.4,0.05,8,mean,0.2,True,0.05,C_deep,86,0.8521317829457364,1.0,0.19452970792540109,0.75,1.0,0.25,1.0,0.9302325581395349,1.0,0.1416871179680242,1.0,1.0,0.5,1.0,0.9137596899224806,1.0,0.1609041418946603,0.75,1.0,0.25,1.0,0.5813953488372093
392,129,0.3,0.02,4,weighted,0.2,True,0.15,A_default,84,0.820436507936508,1.0,0.2344544379413397,0.5,1.0,0.3333333333333333,1.0,0.9781746031746033,1.0,0.08879590901050907,1.0,1.0,0.5,1.0,0.8422619047619048,1.0,0.2324919775007697,0.625,1.0,0.3333333333333333,1.0,0.5952380952380952
392,129,0.3,0.02,4,weighted,0.2,True,0.15,B_weak_signal,81,0.8444444444444443,1.0,0.25508713108356595,0.75,1.0,0.0,1.0,0.9576131687242798,1.0,0.15447153150868675,1.0,1.0,0.0,1.0,0.8744855967078189,1.0,0.24584161595867826,1.0,1.0,0.0,1.0,0.6790123456790124
392,129,0.3,0.02,4,weighted,0.2,True,0.15,C_deep,92,0.7472826086956522,0.75,0.26538470674811276,0.5,1.0,0.25,1.0,0.9945652173913043,1.0,0.052128603514268596,1.0,1.0,0.5,1.0,0.7527173913043478,0.75,0.2653847067481126,0.5,1.0,0.25,1.0,0.42391304347826086
393,786,0.3,0.03,8,weighted,0.2,True,0.15,A_default,84,0.820436507936508,1.0,0.2344544379413397,0.5,1.0,0.3333333333333333,1.0,0.9781746031746033,1.0,0.08879590901050907,1.0,1.0,0.5,1.0,0.8422619047619048,1.0,0.2324919775007697,0.625,1.0,0.3333333333333333,1.0,0.5952380952380952
393,786,0.3,0.03,8,weighted,0.2,True,0.15,B_weak_signal,81,0.8444444444444443,1.0,0.25508713108356595,0.75,1.0,0.0,1.0,0.9576131687242798,1.0,0.15447153150868675,1.0,1.0,0.0,1.0,0.8744855967078189,1.0,0.24584161595867826,1.0,1.0,0.0,1.0,0.6790123456790124
393,786,0.3,0.03,8,weighted,0.2,True,0.15,C_deep,92,0.7472826086956522,0.75,0.26538470674811276,0.5,1.0,0.25,1.0,0.9945652173913043,1.0,0.052128603514268596,1.0,1.0,0.5,1.0,0.7527173913043478,0.75,0.2653847067481126,0.5,1.0,0.25,1.0,0.42391304347826086
394,83,0.4,0.02,4,mean,0.1,True,0.1,A_default,79,0.7635021097046413,0.75,0.24492099937666226,0.5,1.0,0.3333333333333333,1.0,0.8320675105485232,1.0,0.23986243908934224,0.5,1.0,0.4,1.0,0.931434599156118,1.0,0.1605498773529126,1.0,1.0,0.3333333333333333,1.0,0.4810126582278481
394,83,0.4,0.02,4,mean,0.1,True,0.1,B_weak_signal,58,0.8327586206896551,1.0,0.2218776315988434,0.6875,1.0,0.25,1.0,0.85,1.0,0.22452028132252588,0.6875,1.0,0.25,1.0,0.9827586206896551,1.0,0.06390214842634577,1.0,1.0,0.75,1.0,0.5862068965517241
394,83,0.4,0.02,4,mean,0.1,True,0.1,C_deep,86,0.815891472868217,1.0,0.24312651668622057,0.75,1.0,0.25,1.0,0.932170542635659,1.0,0.17440450872766636,1.0,1.0,0.4,1.0,0.8837209302325582,1.0,0.21131361236905175,0.75,1.0,0.25,1.0,0.5697674418604651
395,511,0.4,0.05,6,mean,0.1,False,0.15,A_default,79,0.80042194092827,0.75,0.21531423209756217,0.6666666666666666,1.0,0.3333333333333333,1.0,0.9407172995780592,1.0,0.1389507597775438,1.0,1.0,0.4,1.0,0.8575949367088609,1.0,0.2072200591364342,0.75,1.0,0.3333333333333333,1.0,0.4936708860759494
395,511,0.4,0.05,6,mean,0.1,False,0.15,B_weak_signal,58,0.838793103448276,1.0,0.1973851463864019,0.6666666666666666,1.0,0.3333333333333333,1.0,0.9094827586206896,1.0,0.150765172120156,0.75,1.0,0.5,1.0,0.9195402298850573,1.0,0.16369091812543954,1.0,1.0,0.3333333333333333,1.0,0.5517241379310345
395,511,0.4,0.05,6,mean,0.1,False,0.15,C_deep,86,0.7724806201550388,0.75,0.24421098027725313,0.5,1.0,0.25,1.0,0.9777131782945736,1.0,0.08519913103350632,1.0,1.0,0.5,1.0,0.7916666666666666,0.875,0.24413044300663195,0.6666666666666666,1.0,0.25,1.0,0.45348837209302323
396,752,0.3,0.02,6,weighted,0.05,False,0.15,A_default,84,0.7845238095238096,1.0,0.2451372551395119,0.5,1.0,0.3333333333333333,1.0,0.949206349206349,1.0,0.1430660803945841,1.0,1.0,0.4,1.0,0.8353174603174602,1.0,0.23781418677001037,0.5,1.0,0.3333333333333333,1.0,0.5238095238095238
396,752,0.3,0.02,6,weighted,0.05,False,0.15,B_weak_signal,81,0.8514403292181069,1.0,0.2390402908109873,0.75,1.0,0.0,1.0,0.9419753086419753,1.0,0.1718993389052134,1.0,1.0,0.0,1.0,0.8971193415637859,1.0,0.2197977309346151,1.0,1.0,0.0,1.0,0.6666666666666666
396,752,0.3,0.02,6,weighted,0.05,False,0.15,C_deep,92,0.7751811594202899,0.75,0.25457348473144487,0.625,1.0,0.25,1.0,0.9934782608695653,1.0,0.06255432421712236,1.0,1.0,0.4,1.0,0.7817028985507245,0.75,0.252533678439302,0.6666666666666666,1.0,0.25,1.0,0.4673913043478261
397,12,0.3,0.03,4,weighted,0.05,False,0.15,A_default,84,0.7845238095238096,1.0,0.2451372551395119,0.5,1.0,0.3333333333333333,1.0,0.949206349206349,1.0,0.1430660803945841,1.0,1.0,0.4,1.0,0.8353174603174602,1.0,0.23781418677001037,0.5,1.0,0.3333333333333333,1.0,0.5238095238095238
397,12,0.3,0.03,4,weighted,0.05,False,0.15,B_weak_signal,81,0.8514403292181069,1.0,0.2390402908109873,0.75,1.0,0.0,1.0,0.9419753086419753,1.0,0.1718993389052134,1.0,1.0,0.0,1.0,0.8971193415637859,1.0,0.2197977309346151,1.0,1.0,0.0,1.0,0.6666666666666666
397,12,0.3,0.03,4,weighted,0.05,False,0.15,C_deep,92,0.7751811594202899,0.75,0.25457348473144487,0.625,1.0,0.25,1.0,0.9934782608695653,1.0,0.06255432421712236,1.0,1.0,0.4,1.0,0.7817028985507245,0.75,0.252533678439302,0.6666666666666666,1.0,0.25,1.0,0.4673913043478261
398,398,0.2,0.02,6,weighted,0.05,False,0.15,A_default,84,0.7845238095238096,1.0,0.2451372551395119,0.5,1.0,0.3333333333333333,1.0,0.949206349206349,1.0,0.1430660803945841,1.0,1.0,0.4,1.0,0.8353174603174602,1.0,0.23781418677001037,0.5,1.0,0.3333333333333333,1.0,0.5238095238095238
398,398,0.2,0.02,6,weighted,0.05,False,0.15,B_weak_signal,84,0.8507936507936507,1.0,0.23894436461981278,0.75,1.0,0.0,1.0,0.9380952380952381,1.0,0.17578607976886246,1.0,1.0,0.0,1.0,0.9007936507936507,1.0,0.21664202457806947,1.0,1.0,0.0,1.0,0.6666666666666666
398,398,0.2,0.02,6,weighted,0.05,False,0.15,C_deep,92,0.7751811594202899,0.75,0.25457348473144487,0.625,1.0,0.25,1.0,0.9934782608695653,1.0,0.06255432421712236,1.0,1.0,0.4,1.0,0.7817028985507245,0.75,0.252533678439302,0.6666666666666666,1.0,0.25,1.0,0.4673913043478261
399,763,0.3,0.03,4,mean,0.05,False,0.05,A_default,84,0.7632936507936509,1.0,0.25935998564668833,0.5,1.0,0.25,1.0,0.8168650793650795,1.0,0.2596915847582229,0.5,1.0,0.25,1.0,0.9464285714285714,1.0,0.14030640185947996,1.0,1.0,0.5,1.0,0.5119047619047619
399,763,0.3,0.03,4,mean,0.05,False,0.05,B_weak_signal,81,0.783127572016461,1.0,0.2802837578434341,0.5,1.0,0.2,1.0,0.7862139917695474,1.0,0.28128907288411575,0.5,1.0,0.2,1.0,0.9969135802469136,1.0,0.027777777777777804,1.0,1.0,0.75,1.0,0.5802469135802469
399,763,0.3,0.03,4,mean,0.05,False,0.05,C_deep,92,0.8634057971014492,1.0,0.21721175629383271,0.75,1.0,0.25,1.0,0.9376811594202898,1.0,0.16620576500232626,1.0,1.0,0.4,1.0,0.9257246376811593,1.0,0.17004655405583893,1.0,1.0,0.25,1.0,0.6739130434782609
400,338,0.4,0.03,6,max,0.2,False,0.1,A_default,79,0.7835443037974683,1.0,0.2716480995029711,0.5,1.0,0.0,1.0,0.9069620253164558,1.0,0.23081065479846263,1.0,1.0,0.0,1.0,0.8386075949367089,1.0,0.2669942472970637,0.7083333333333333,1.0,0.0,1.0,0.5443037974683544
400,338,0.4,0.03,6,max,0.2,False,0.1,B_weak_signal,58,0.8135057471264369,1.0,0.2920228718203355,0.6666666666666666,1.0,0.0,1.0,0.8350574712643679,1.0,0.28829825455364533,0.75,1.0,0.0,1.0,0.9094827586206896,1.0,0.26778115189750523,1.0,1.0,0.0,1.0,0.6206896551724138
400,338,0.4,0.03,6,max,0.2,False,0.1,C_deep,86,0.8125968992248062,1.0,0.2546680018252602,0.75,1.0,0.0,1.0,0.9637596899224805,1.0,0.136630599269105,1.0,1.0,0.0,1.0,0.8372093023255814,1.0,0.2556252672287739,0.75,1.0,0.0,1.0,0.5697674418604651
401,324,0.4,0.03,8,max,0.2,False,0.1,A_default,79,0.7835443037974683,1.0,0.2716480995029711,0.5,1.0,0.0,1.0,0.9069620253164558,1.0,0.23081065479846263,1.0,1.0,0.0,1.0,0.8386075949367089,1.0,0.2669942472970637,0.7083333333333333,1.0,0.0,1.0,0.5443037974683544
401,324,0.4,0.03,8,max,0.2,False,0.1,B_weak_signal,58,0.8135057471264369,1.0,0.2920228718203355,0.6666666666666666,1.0,0.0,1.0,0.8350574712643679,1.0,0.28829825455364533,0.75,1.0,0.0,1.0,0.9094827586206896,1.0,0.26778115189750523,1.0,1.0,0.0,1.0,0.6206896551724138
401,324,0.4,0.03,8,max,0.2,False,0.1,C_deep,86,0.8125968992248062,1.0,0.2546680018252602,0.75,1.0,0.0,1.0,0.9637596899224805,1.0,0.136630599269105,1.0,1.0,0.0,1.0,0.8372093023255814,1.0,0.2556252672287739,0.75,1.0,0.0,1.0,0.5697674418604651
402,307,0.4,0.02,6,max,0.2,False,0.1,A_default,79,0.7835443037974683,1.0,0.2716480995029711,0.5,1.0,0.0,1.0,0.9069620253164558,1.0,0.23081065479846263,1.0,1.0,0.0,1.0,0.8386075949367089,1.0,0.2669942472970637,0.7083333333333333,1.0,0.0,1.0,0.5443037974683544
402,307,0.4,0.02,6,max,0.2,False,0.1,B_weak_signal,58,0.8135057471264369,1.0,0.2920228718203355,0.6666666666666666,1.0,0.0,1.0,0.8350574712643679,1.0,0.28829825455364533,0.75,1.0,0.0,1.0,0.9094827586206896,1.0,0.26778115189750523,1.0,1.0,0.0,1.0,0.6206896551724138
402,307,0.4,0.02,6,max,0.2,False,0.1,C_deep,86,0.8125968992248062,1.0,0.2546680018252602,0.75,1.0,0.0,1.0,0.9637596899224805,1.0,0.136630599269105,1.0,1.0,0.0,1.0,0.8372093023255814,1.0,0.2556252672287739,0.75,1.0,0.0,1.0,0.5697674418604651
403,774,0.4,0.03,4,max,0.2,False,0.1,A_default,79,0.7835443037974683,1.0,0.2716480995029711,0.5,1.0,0.0,1.0,0.9069620253164558,1.0,0.23081065479846263,1.0,1.0,0.0,1.0,0.8386075949367089,1.0,0.2669942472970637,0.7083333333333333,1.0,0.0,1.0,0.5443037974683544
403,774,0.4,0.03,4,max,0.2,False,0.1,B_weak_signal,58,0.8135057471264369,1.0,0.2920228718203355,0.6666666666666666,1.0,0.0,1.0,0.8350574712643679,1.0,0.28829825455364533,0.75,1.0,0.0,1.0,0.9094827586206896,1.0,0.26778115189750523,1.0,1.0,0.0,1.0,0.6206896551724138
403,774,0.4,0.03,4,max,0.2,False,0.1,C_deep,86,0.8125968992248062,1.0,0.2546680018252602,0.75,1.0,0.0,1.0,0.9637596899224805,1.0,0.136630599269105,1.0,1.0,0.0,1.0,0.8372093023255814,1.0,0.2556252672287739,0.75,1.0,0.0,1.0,0.5697674418604651
404,342,0.4,0.03,8,min,0.15,False,0.05,A_default,79,0.7854430379746834,0.75,0.22625665356112926,0.5,1.0,0.3333333333333333,1.0,0.9109704641350211,1.0,0.18333112034308038,1.0,1.0,0.4,1.0,0.8744725738396624,1.0,0.20054831254005506,0.75,1.0,0.3333333333333333,1.0,0.4810126582278481
404,342,0.4,0.03,8,min,0.15,False,0.05,B_weak_signal,58,0.843103448275862,1.0,0.2191609572279833,0.75,1.0,0.3333333333333333,1.0,0.9192528735632183,1.0,0.18283562756475383,1.0,1.0,0.4,1.0,0.9238505747126438,1.0,0.16466967552254708,1.0,1.0,0.3333333333333333,1.0,0.6206896551724138
404,342,0.4,0.03,8,min,0.15,False,0.05,C_deep,86,0.7808139534883721,0.75,0.24082534340312237,0.6875,1.0,0.25,1.0,0.9775193798449612,1.0,0.1044677591025024,1.0,1.0,0.4,1.0,0.8032945736434108,0.875,0.23670974155700908,0.75,1.0,0.25,1.0,0.45348837209302323
405,651,0.4,0.02,6,min,0.15,False,0.15,A_default,79,0.7854430379746834,0.75,0.22625665356112926,0.5,1.0,0.3333333333333333,1.0,0.9109704641350211,1.0,0.18333112034308038,1.0,1.0,0.4,1.0,0.8744725738396624,1.0,0.20054831254005506,0.75,1.0,0.3333333333333333,1.0,0.4810126582278481
405,651,0.4,0.02,6,min,0.15,False,0.15,B_weak_signal,58,0.843103448275862,1.0,0.2191609572279833,0.75,1.0,0.3333333333333333,1.0,0.9192528735632183,1.0,0.18283562756475383,1.0,1.0,0.4,1.0,0.9238505747126438,1.0,0.16466967552254708,1.0,1.0,0.3333333333333333,1.0,0.6206896551724138
405,651,0.4,0.02,6,min,0.15,False,0.15,C_deep,86,0.7808139534883721,0.75,0.24082534340312237,0.6875,1.0,0.25,1.0,0.9775193798449612,1.0,0.1044677591025024,1.0,1.0,0.4,1.0,0.8032945736434108,0.875,0.23670974155700908,0.75,1.0,0.25,1.0,0.45348837209302323
406,745,0.4,0.02,8,min,0.15,False,0.15,A_default,79,0.7854430379746834,0.75,0.22625665356112926,0.5,1.0,0.3333333333333333,1.0,0.9109704641350211,1.0,0.18333112034308038,1.0,1.0,0.4,1.0,0.8744725738396624,1.0,0.20054831254005506,0.75,1.0,0.3333333333333333,1.0,0.4810126582278481
406,745,0.4,0.02,8,min,0.15,False,0.15,B_weak_signal,58,0.843103448275862,1.0,0.2191609572279833,0.75,1.0,0.3333333333333333,1.0,0.9192528735632183,1.0,0.18283562756475383,1.0,1.0,0.4,1.0,0.9238505747126438,1.0,0.16466967552254708,1.0,1.0,0.3333333333333333,1.0,0.6206896551724138
406,745,0.4,0.02,8,min,0.15,False,0.15,C_deep,86,0.7808139534883721,0.75,0.24082534340312237,0.6875,1.0,0.25,1.0,0.9775193798449612,1.0,0.1044677591025024,1.0,1.0,0.4,1.0,0.8032945736434108,0.875,0.23670974155700908,0.75,1.0,0.25,1.0,0.45348837209302323
407,611,0.4,0.03,4,min,0.15,False,0.05,A_default,79,0.7854430379746834,0.75,0.22625665356112926,0.5,1.0,0.3333333333333333,1.0,0.9109704641350211,1.0,0.18333112034308038,1.0,1.0,0.4,1.0,0.8744725738396624,1.0,0.20054831254005506,0.75,1.0,0.3333333333333333,1.0,0.4810126582278481
407,611,0.4,0.03,4,min,0.15,False,0.05,B_weak_signal,58,0.843103448275862,1.0,0.2191609572279833,0.75,1.0,0.3333333333333333,1.0,0.9192528735632183,1.0,0.18283562756475383,1.0,1.0,0.4,1.0,0.9238505747126438,1.0,0.16466967552254708,1.0,1.0,0.3333333333333333,1.0,0.6206896551724138
407,611,0.4,0.03,4,min,0.15,False,0.05,C_deep,86,0.7808139534883721,0.75,0.24082534340312237,0.6875,1.0,0.25,1.0,0.9775193798449612,1.0,0.1044677591025024,1.0,1.0,0.4,1.0,0.8032945736434108,0.875,0.23670974155700908,0.75,1.0,0.25,1.0,0.45348837209302323
408,142,0.4,0.03,4,min,0.15,False,0.1,A_default,79,0.7854430379746834,0.75,0.22625665356112926,0.5,1.0,0.3333333333333333,1.0,0.9109704641350211,1.0,0.18333112034308038,1.0,1.0,0.4,1.0,0.8744725738396624,1.0,0.20054831254005506,0.75,1.0,0.3333333333333333,1.0,0.4810126582278481
408,142,0.4,0.03,4,min,0.15,False,0.1,B_weak_signal,58,0.843103448275862,1.0,0.2191609572279833,0.75,1.0,0.3333333333333333,1.0,0.9192528735632183,1.0,0.18283562756475383,1.0,1.0,0.4,1.0,0.9238505747126438,1.0,0.16466967552254708,1.0,1.0,0.3333333333333333,1.0,0.6206896551724138
408,142,0.4,0.03,4,min,0.15,False,0.1,C_deep,86,0.7808139534883721,0.75,0.24082534340312237,0.6875,1.0,0.25,1.0,0.9775193798449612,1.0,0.1044677591025024,1.0,1.0,0.4,1.0,0.8032945736434108,0.875,0.23670974155700908,0.75,1.0,0.25,1.0,0.45348837209302323
409,282,0.2,0.05,6,mean,0.05,False,0.1,A_default,84,0.7795634920634921,0.75,0.21411614644044785,0.6666666666666666,1.0,0.3333333333333333,1.0,0.8609126984126984,1.0,0.1911792133503607,0.6666666666666666,1.0,0.4,1.0,0.9107142857142857,1.0,0.17248174451144457,1.0,1.0,0.3333333333333333,1.0,0.44047619047619047
409,282,0.2,0.05,6,mean,0.05,False,0.1,B_weak_signal,84,0.8343253968253967,1.0,0.2093585407800811,0.6666666666666666,1.0,0.25,1.0,0.8601190476190477,1.0,0.19710111052969875,0.6666666666666666,1.0,0.25,1.0,0.9642857142857143,1.0,0.1012684893836871,1.0,1.0,0.5,1.0,0.5595238095238095
409,282,0.2,0.05,6,mean,0.05,False,0.1,C_deep,92,0.7954710144927535,0.75,0.23172000151425812,0.6666666666666666,1.0,0.25,1.0,0.9230072463768116,1.0,0.14206402775192964,1.0,1.0,0.5,1.0,0.8586956521739131,1.0,0.21812664294359146,0.75,1.0,0.25,1.0,0.4891304347826087
410,605,0.4,0.03,6,max,0.1,False,0.05,A_default,79,0.7719409282700422,1.0,0.2574328710081144,0.5,1.0,0.0,1.0,0.8257383966244726,1.0,0.2517007316668205,0.5,1.0,0.0,1.0,0.9335443037974683,1.0,0.18217375458106724,1.0,1.0,0.0,1.0,0.5189873417721519
410,605,0.4,0.03,6,max,0.1,False,0.05,B_weak_signal,58,0.7772988505747126,1.0,0.279195765715022,0.6,1.0,0.0,1.0,0.7772988505747126,1.0,0.279195765715022,0.6,1.0,0.0,1.0,0.9655172413793104,1.0,0.1840592240099195,1.0,1.0,0.0,1.0,0.5172413793103449
410,605,0.4,0.03,6,max,0.1,False,0.05,C_deep,86,0.8589147286821707,1.0,0.206522683468547,0.75,1.0,0.25,1.0,0.9325581395348835,1.0,0.15076942046932063,1.0,1.0,0.5,1.0,0.9263565891472867,1.0,0.17311949698724904,1.0,1.0,0.25,1.0,0.627906976744186
411,781,0.4,0.02,6,max,0.1,False,0.05,A_default,79,0.7719409282700422,1.0,0.2574328710081144,0.5,1.0,0.0,1.0,0.8257383966244726,1.0,0.2517007316668205,0.5,1.0,0.0,1.0,0.9335443037974683,1.0,0.18217375458106724,1.0,1.0,0.0,1.0,0.5189873417721519
411,781,0.4,0.02,6,max,0.1,False,0.05,B_weak_signal,58,0.7772988505747126,1.0,0.279195765715022,0.6,1.0,0.0,1.0,0.7772988505747126,1.0,0.279195765715022,0.6,1.0,0.0,1.0,0.9655172413793104,1.0,0.1840592240099195,1.0,1.0,0.0,1.0,0.5172413793103449
411,781,0.4,0.02,6,max,0.1,False,0.05,C_deep,86,0.8589147286821707,1.0,0.206522683468547,0.75,1.0,0.25,1.0,0.9325581395348835,1.0,0.15076942046932063,1.0,1.0,0.5,1.0,0.9263565891472867,1.0,0.17311949698724904,1.0,1.0,0.25,1.0,0.627906976744186
412,89,0.4,0.02,8,max,0.1,False,0.05,A_default,79,0.7719409282700422,1.0,0.2574328710081144,0.5,1.0,0.0,1.0,0.8257383966244726,1.0,0.2517007316668205,0.5,1.0,0.0,1.0,0.9335443037974683,1.0,0.18217375458106724,1.0,1.0,0.0,1.0,0.5189873417721519
412,89,0.4,0.02,8,max,0.1,False,0.05,B_weak_signal,58,0.7772988505747126,1.0,0.279195765715022,0.6,1.0,0.0,1.0,0.7772988505747126,1.0,0.279195765715022,0.6,1.0,0.0,1.0,0.9655172413793104,1.0,0.1840592240099195,1.0,1.0,0.0,1.0,0.5172413793103449
412,89,0.4,0.02,8,max,0.1,False,0.05,C_deep,86,0.8589147286821707,1.0,0.206522683468547,0.75,1.0,0.25,1.0,0.9325581395348835,1.0,0.15076942046932063,1.0,1.0,0.5,1.0,0.9263565891472867,1.0,0.17311949698724904,1.0,1.0,0.25,1.0,0.627906976744186
413,481,0.2,0.05,6,max,0.1,False,0.15,A_default,84,0.7882936507936508,0.75,0.23437489508295392,0.625,1.0,0.0,1.0,0.9045634920634921,1.0,0.19026422813868987,1.0,1.0,0.0,1.0,0.8690476190476191,1.0,0.22266402821018833,0.75,1.0,0.0,1.0,0.4880952380952381
413,481,0.2,0.05,6,max,0.1,False,0.15,B_weak_signal,84,0.8299603174603175,1.0,0.248136019856245,0.6666666666666666,1.0,0.0,1.0,0.8617063492063491,1.0,0.2366627037665945,0.75,1.0,0.0,1.0,0.9285714285714286,1.0,0.21457238426577863,1.0,1.0,0.0,1.0,0.5833333333333334
413,481,0.2,0.05,6,max,0.1,False,0.15,C_deep,92,0.789855072463768,1.0,0.24767485925715854,0.5,1.0,0.25,1.0,0.957427536231884,1.0,0.10875486124272427,1.0,1.0,0.5,1.0,0.8251811594202899,1.0,0.24586314235634624,0.7291666666666666,1.0,0.25,1.0,0.5108695652173914
414,689,0.2,0.05,4,max,0.1,False,0.15,A_default,84,0.7882936507936508,0.75,0.23437489508295392,0.625,1.0,0.0,1.0,0.9045634920634921,1.0,0.19026422813868987,1.0,1.0,0.0,1.0,0.8690476190476191,1.0,0.22266402821018833,0.75,1.0,0.0,1.0,0.4880952380952381
414,689,0.2,0.05,4,max,0.1,False,0.15,B_weak_signal,84,0.8299603174603175,1.0,0.248136019856245,0.6666666666666666,1.0,0.0,1.0,0.8617063492063491,1.0,0.2366627037665945,0.75,1.0,0.0,1.0,0.9285714285714286,1.0,0.21457238426577863,1.0,1.0,0.0,1.0,0.5833333333333334
414,689,0.2,0.05,4,max,0.1,False,0.15,C_deep,92,0.789855072463768,1.0,0.24767485925715854,0.5,1.0,0.25,1.0,0.957427536231884,1.0,0.10875486124272427,1.0,1.0,0.5,1.0,0.8251811594202899,1.0,0.24586314235634624,0.7291666666666666,1.0,0.25,1.0,0.5108695652173914
415,130,0.3,0.05,4,weighted,0.2,True,0.05,A_default,84,0.8700396825396827,1.0,0.20630587372515366,0.75,1.0,0.3333333333333333,1.0,0.9523809523809523,1.0,0.1543033499620918,1.0,1.0,0.3333333333333333,1.0,0.9176587301587301,1.0,0.16336798236032424,1.0,1.0,0.5,1.0,0.6785714285714286
415,130,0.3,0.05,4,weighted,0.2,True,0.05,B_weak_signal,81,0.7436213991769547,0.75,0.29094634744555004,0.5,1.0,0.0,1.0,0.8218106995884773,1.0,0.28374531292394956,0.6666666666666666,1.0,0.0,1.0,0.9094650205761315,1.0,0.20674290044919413,1.0,1.0,0.0,1.0,0.49382716049382713
415,130,0.3,0.05,4,weighted,0.2,True,0.05,C_deep,92,0.7943840579710144,0.875,0.23842274218736587,0.6666666666666666,1.0,0.25,1.0,0.9836956521739131,1.0,0.0926472118636854,1.0,1.0,0.3333333333333333,1.0,0.8106884057971014,1.0,0.2334586466446619,0.6666666666666666,1.0,0.25,1.0,0.5
416,185,0.2,0.03,6,weighted,0.05,True,0.05,A_default,84,0.8226190476190476,1.0,0.243944641946261,0.6666666666666666,1.0,0.2,1.0,0.8732142857142856,1.0,0.23075189735620003,0.75,1.0,0.2,1.0,0.9494047619047619,1.0,0.13873222183271428,1.0,1.0,0.5,1.0,0.6071428571428571
416,185,0.2,0.03,6,weighted,0.05,True,0.05,B_weak_signal,84,0.6871031746031746,0.75,0.31022675118658255,0.4,1.0,0.2,1.0,0.6900793650793651,0.75,0.312031378725545,0.4,1.0,0.2,1.0,0.9970238095238095,1.0,0.027277236279499028,1.0,1.0,0.75,1.0,0.42857142857142855
416,185,0.2,0.03,6,weighted,0.05,True,0.05,C_deep,92,0.8980072463768117,1.0,0.19273816422004506,0.75,1.0,0.25,1.0,0.948731884057971,1.0,0.1492192480155977,1.0,1.0,0.25,1.0,0.9492753623188406,1.0,0.14191506005466464,1.0,1.0,0.25,1.0,0.7282608695652174
417,587,0.2,0.02,6,weighted,0.05,True,0.05,A_default,84,0.8226190476190476,1.0,0.243944641946261,0.6666666666666666,1.0,0.2,1.0,0.8732142857142856,1.0,0.23075189735620003,0.75,1.0,0.2,1.0,0.9494047619047619,1.0,0.13873222183271428,1.0,1.0,0.5,1.0,0.6071428571428571
417,587,0.2,0.02,6,weighted,0.05,True,0.05,B_weak_signal,84,0.6871031746031746,0.75,0.31022675118658255,0.4,1.0,0.2,1.0,0.6900793650793651,0.75,0.312031378725545,0.4,1.0,0.2,1.0,0.9970238095238095,1.0,0.027277236279499028,1.0,1.0,0.75,1.0,0.42857142857142855
417,587,0.2,0.02,6,weighted,0.05,True,0.05,C_deep,92,0.8980072463768117,1.0,0.19273816422004506,0.75,1.0,0.25,1.0,0.948731884057971,1.0,0.1492192480155977,1.0,1.0,0.25,1.0,0.9492753623188406,1.0,0.14191506005466464,1.0,1.0,0.25,1.0,0.7282608695652174
418,121,0.3,0.02,4,min,0.05,False,0.05,A_default,84,0.7517857142857143,0.75,0.2529612816638873,0.5,1.0,0.25,1.0,0.8142857142857144,1.0,0.2580451541635719,0.5,1.0,0.25,1.0,0.9375,1.0,0.1445547797111856,1.0,1.0,0.5,1.0,0.4642857142857143
418,121,0.3,0.02,4,min,0.05,False,0.05,B_weak_signal,81,0.806172839506173,1.0,0.2604142592481315,0.5,1.0,0.2,1.0,0.8123456790123458,1.0,0.26198730060636966,0.5,1.0,0.2,1.0,0.9938271604938271,1.0,0.03903741478487551,1.0,1.0,0.75,1.0,0.5925925925925926
418,121,0.3,0.02,4,min,0.05,False,0.05,C_deep,92,0.8494565217391304,1.0,0.20999812614659813,0.75,1.0,0.25,1.0,0.9300724637681159,1.0,0.17824677181709628,1.0,1.0,0.4,1.0,0.9193840579710144,1.0,0.15403163919300794,0.75,1.0,0.25,1.0,0.5978260869565217
419,665,0.3,0.03,8,min,0.05,False,0.05,A_default,84,0.7517857142857143,0.75,0.2529612816638873,0.5,1.0,0.25,1.0,0.8142857142857144,1.0,0.2580451541635719,0.5,1.0,0.25,1.0,0.9375,1.0,0.1445547797111856,1.0,1.0,0.5,1.0,0.4642857142857143
419,665,0.3,0.03,8,min,0.05,False,0.05,B_weak_signal,81,0.806172839506173,1.0,0.2604142592481315,0.5,1.0,0.2,1.0,0.8123456790123458,1.0,0.26198730060636966,0.5,1.0,0.2,1.0,0.9938271604938271,1.0,0.03903741478487551,1.0,1.0,0.75,1.0,0.5925925925925926
419,665,0.3,0.03,8,min,0.05,False,0.05,C_deep,92,0.8494565217391304,1.0,0.20999812614659813,0.75,1.0,0.25,1.0,0.9300724637681159,1.0,0.17824677181709628,1.0,1.0,0.4,1.0,0.9193840579710144,1.0,0.15403163919300794,0.75,1.0,0.25,1.0,0.5978260869565217
420,585,0.3,0.02,8,min,0.05,False,0.05,A_default,84,0.7517857142857143,0.75,0.2529612816638873,0.5,1.0,0.25,1.0,0.8142857142857144,1.0,0.2580451541635719,0.5,1.0,0.25,1.0,0.9375,1.0,0.1445547797111856,1.0,1.0,0.5,1.0,0.4642857142857143
420,585,0.3,0.02,8,min,0.05,False,0.05,B_weak_signal,81,0.806172839506173,1.0,0.2604142592481315,0.5,1.0,0.2,1.0,0.8123456790123458,1.0,0.26198730060636966,0.5,1.0,0.2,1.0,0.9938271604938271,1.0,0.03903741478487551,1.0,1.0,0.75,1.0,0.5925925925925926
420,585,0.3,0.02,8,min,0.05,False,0.05,C_deep,92,0.8494565217391304,1.0,0.20999812614659813,0.75,1.0,0.25,1.0,0.9300724637681159,1.0,0.17824677181709628,1.0,1.0,0.4,1.0,0.9193840579710144,1.0,0.15403163919300794,0.75,1.0,0.25,1.0,0.5978260869565217
421,174,0.2,0.03,6,max,0.1,True,0.1,A_default,84,0.7753968253968253,0.875,0.24281476611968564,0.5,1.0,0.3333333333333333,1.0,0.8309523809523811,1.0,0.23377959128953016,0.625,1.0,0.4,1.0,0.9444444444444444,1.0,0.15269408684968017,1.0,1.0,0.3333333333333333,1.0,0.5
421,174,0.2,0.03,6,max,0.1,True,0.1,B_weak_signal,84,0.8079365079365078,1.0,0.2464402003717704,0.6499999999999999,1.0,0.2,1.0,0.8109126984126983,1.0,0.24724037872134635,0.6499999999999999,1.0,0.2,1.0,0.9970238095238095,1.0,0.027277236279499028,1.0,1.0,0.75,1.0,0.5595238095238095
421,174,0.2,0.03,6,max,0.1,True,0.1,C_deep,92,0.8226449275362318,1.0,0.23473651248037164,0.75,1.0,0.25,1.0,0.915036231884058,1.0,0.1709890031846064,1.0,1.0,0.4,1.0,0.907608695652174,1.0,0.20429474630243974,1.0,1.0,0.25,1.0,0.5652173913043478
422,189,0.2,0.02,8,max,0.1,True,0.1,A_default,84,0.7753968253968253,0.875,0.24281476611968564,0.5,1.0,0.3333333333333333,1.0,0.8309523809523811,1.0,0.23377959128953016,0.625,1.0,0.4,1.0,0.9444444444444444,1.0,0.15269408684968017,1.0,1.0,0.3333333333333333,1.0,0.5
422,189,0.2,0.02,8,max,0.1,True,0.1,B_weak_signal,84,0.8079365079365078,1.0,0.2464402003717704,0.6499999999999999,1.0,0.2,1.0,0.8109126984126983,1.0,0.24724037872134635,0.6499999999999999,1.0,0.2,1.0,0.9970238095238095,1.0,0.027277236279499028,1.0,1.0,0.75,1.0,0.5595238095238095
422,189,0.2,0.02,8,max,0.1,True,0.1,C_deep,92,0.8226449275362318,1.0,0.23473651248037164,0.75,1.0,0.25,1.0,0.915036231884058,1.0,0.1709890031846064,1.0,1.0,0.4,1.0,0.907608695652174,1.0,0.20429474630243974,1.0,1.0,0.25,1.0,0.5652173913043478
423,404,0.3,0.02,4,harmonic,0.1,True,0.05,A_default,84,0.8194444444444445,1.0,0.23773576803635924,0.6666666666666666,1.0,0.2,1.0,0.8700396825396824,1.0,0.22490187897547345,0.7291666666666666,1.0,0.2,1.0,0.9494047619047619,1.0,0.13873222183271428,1.0,1.0,0.5,1.0,0.5833333333333334
423,404,0.3,0.02,4,harmonic,0.1,True,0.05,B_weak_signal,81,0.6991769547325103,0.75,0.3017760072858481,0.4,1.0,0.2,1.0,0.7053497942386832,0.75,0.30533255049587865,0.4,1.0,0.2,1.0,0.9938271604938271,1.0,0.03903741478487551,1.0,1.0,0.75,1.0,0.41975308641975306
423,404,0.3,0.02,4,harmonic,0.1,True,0.05,C_deep,92,0.8871376811594203,1.0,0.1917578738375322,0.75,1.0,0.25,1.0,0.9460144927536231,1.0,0.14798957090472734,1.0,1.0,0.25,1.0,0.941123188405797,1.0,0.1459349690200562,1.0,1.0,0.25,1.0,0.6847826086956522
424,612,0.3,0.02,8,max,0.1,False,0.05,A_default,84,0.7656746031746031,1.0,0.2628663847179781,0.5,1.0,0.0,1.0,0.8162698412698413,1.0,0.2591559798475381,0.5,1.0,0.0,1.0,0.9375,1.0,0.17730835573104894,1.0,1.0,0.0,1.0,0.5119047619047619
424,612,0.3,0.02,8,max,0.1,False,0.05,B_weak_signal,81,0.7730452674897119,1.0,0.2951055355155281,0.5,1.0,0.0,1.0,0.7730452674897119,1.0,0.2951055355155281,0.5,1.0,0.0,1.0,0.9753086419753086,1.0,0.15614965913950207,1.0,1.0,0.0,1.0,0.5555555555555556
424,612,0.3,0.02,8,max,0.1,False,0.05,C_deep,92,0.8659420289855071,1.0,0.20229020008828844,0.75,1.0,0.25,1.0,0.9347826086956522,1.0,0.1472095383879297,1.0,1.0,0.5,1.0,0.931159420289855,1.0,0.1683108894352012,1.0,1.0,0.25,1.0,0.6413043478260869
425,56,0.2,0.02,4,max,0.05,True,0.1,A_default,84,0.7751984126984128,1.0,0.24721330463674074,0.5,1.0,0.3333333333333333,1.0,0.8277777777777777,1.0,0.2378131815652647,0.5,1.0,0.4,1.0,0.9474206349206349,1.0,0.15128839910230626,1.0,1.0,0.3333333333333333,1.0,0.5119047619047619
425,56,0.2,0.02,4,max,0.05,True,0.1,B_weak_signal,84,0.8067460317460318,1.0,0.24818105419250025,0.6499999999999999,1.0,0.2,1.0,0.8097222222222222,1.0,0.2489900393879506,0.6499999999999999,1.0,0.2,1.0,0.9970238095238095,1.0,0.027277236279499028,1.0,1.0,0.75,1.0,0.5595238095238095
425,56,0.2,0.02,4,max,0.05,True,0.1,C_deep,92,0.8226449275362318,1.0,0.23473651248037164,0.75,1.0,0.25,1.0,0.915036231884058,1.0,0.1709890031846064,1.0,1.0,0.4,1.0,0.907608695652174,1.0,0.20429474630243974,1.0,1.0,0.25,1.0,0.5652173913043478
426,260,0.3,0.03,4,max,0.05,False,0.15,A_default,84,0.7686507936507936,0.875,0.24741508031491116,0.5,1.0,0.3333333333333333,1.0,0.8688492063492064,1.0,0.22292895960406833,0.75,1.0,0.4,1.0,0.8998015873015872,1.0,0.19523257073937145,1.0,1.0,0.3333333333333333,1.0,0.5
426,260,0.3,0.03,4,max,0.05,False,0.15,B_weak_signal,81,0.8425925925925926,1.0,0.2159121477720872,0.75,1.0,0.3333333333333333,1.0,0.8672839506172839,1.0,0.20720434835038737,0.75,1.0,0.3333333333333333,1.0,0.9753086419753086,1.0,0.101588464155054,1.0,1.0,0.5,1.0,0.6049382716049383
426,260,0.3,0.03,4,max,0.05,False,0.15,C_deep,92,0.7932971014492753,1.0,0.24694791142282832,0.5,1.0,0.25,1.0,0.9463768115942031,1.0,0.13814191016507948,1.0,1.0,0.4,1.0,0.845108695652174,1.0,0.24005923723921166,0.75,1.0,0.25,1.0,0.5108695652173914
427,648,0.4,0.05,6,mean,0.05,False,0.05,A_default,79,0.779746835443038,0.75,0.2071663191833068,0.6666666666666666,1.0,0.4,1.0,0.8563291139240508,1.0,0.1933787118397332,0.6666666666666666,1.0,0.4,1.0,0.9166666666666667,1.0,0.15845137300395223,1.0,1.0,0.5,1.0,0.43037974683544306
427,648,0.4,0.05,6,mean,0.05,False,0.05,B_weak_signal,58,0.8071839080459771,1.0,0.2243707264649307,0.6666666666666666,1.0,0.25,1.0,0.8270114942528736,1.0,0.21565954836555876,0.6666666666666666,1.0,0.25,1.0,0.9698275862068966,1.0,0.09061501455651391,1.0,1.0,0.6666666666666666,1.0,0.5172413793103449
427,648,0.4,0.05,6,mean,0.05,False,0.05,C_deep,86,0.8172480620155038,1.0,0.21204648143819252,0.6666666666666666,1.0,0.25,1.0,0.9166666666666666,1.0,0.14852213144650112,0.8125,1.0,0.5,1.0,0.8885658914728681,1.0,0.18682524125672587,0.75,1.0,0.25,1.0,0.5116279069767442
428,335,0.2,0.05,4,min,0.15,False,0.05,A_default,84,0.797420634920635,0.75,0.2126440616899873,0.6666666666666666,1.0,0.3333333333333333,1.0,0.9501984126984127,1.0,0.1340716018719389,1.0,1.0,0.4,1.0,0.8472222222222223,1.0,0.2065013157241508,0.7291666666666666,1.0,0.3333333333333333,1.0,0.47619047619047616
428,335,0.2,0.05,4,min,0.15,False,0.05,B_weak_signal,84,0.8642857142857142,1.0,0.19017259224271418,0.6666666666666666,1.0,0.3333333333333333,1.0,0.9523809523809523,1.0,0.11946284442906097,1.0,1.0,0.5,1.0,0.9087301587301588,1.0,0.17044858113740613,0.9375,1.0,0.3333333333333333,1.0,0.6309523809523809
428,335,0.2,0.05,4,min,0.15,False,0.05,C_deep,92,0.7414855072463769,0.75,0.23265855550711156,0.5,1.0,0.25,1.0,0.9818840579710144,1.0,0.07598165762176702,1.0,1.0,0.6666666666666666,1.0,0.7527173913043478,0.75,0.23127397310201114,0.5,1.0,0.25,1.0,0.34782608695652173
429,464,0.2,0.05,6,min,0.15,False,0.1,A_default,84,0.797420634920635,0.75,0.2126440616899873,0.6666666666666666,1.0,0.3333333333333333,1.0,0.9501984126984127,1.0,0.1340716018719389,1.0,1.0,0.4,1.0,0.8472222222222223,1.0,0.2065013157241508,0.7291666666666666,1.0,0.3333333333333333,1.0,0.47619047619047616
429,464,0.2,0.05,6,min,0.15,False,0.1,B_weak_signal,84,0.8642857142857142,1.0,0.19017259224271418,0.6666666666666666,1.0,0.3333333333333333,1.0,0.9523809523809523,1.0,0.11946284442906097,1.0,1.0,0.5,1.0,0.9087301587301588,1.0,0.17044858113740613,0.9375,1.0,0.3333333333333333,1.0,0.6309523809523809
429,464,0.2,0.05,6,min,0.15,False,0.1,C_deep,92,0.7414855072463769,0.75,0.23265855550711156,0.5,1.0,0.25,1.0,0.9818840579710144,1.0,0.07598165762176702,1.0,1.0,0.6666666666666666,1.0,0.7527173913043478,0.75,0.23127397310201114,0.5,1.0,0.25,1.0,0.34782608695652173
430,65,0.2,0.05,4,min,0.15,False,0.15,A_default,84,0.797420634920635,0.75,0.2126440616899873,0.6666666666666666,1.0,0.3333333333333333,1.0,0.9501984126984127,1.0,0.1340716018719389,1.0,1.0,0.4,1.0,0.8472222222222223,1.0,0.2065013157241508,0.7291666666666666,1.0,0.3333333333333333,1.0,0.47619047619047616
430,65,0.2,0.05,4,min,0.15,False,0.15,B_weak_signal,84,0.8642857142857142,1.0,0.19017259224271418,0.6666666666666666,1.0,0.3333333333333333,1.0,0.9523809523809523,1.0,0.11946284442906097,1.0,1.0,0.5,1.0,0.9087301587301588,1.0,0.17044858113740613,0.9375,1.0,0.3333333333333333,1.0,0.6309523809523809
430,65,0.2,0.05,4,min,0.15,False,0.15,C_deep,92,0.7414855072463769,0.75,0.23265855550711156,0.5,1.0,0.25,1.0,0.9818840579710144,1.0,0.07598165762176702,1.0,1.0,0.6666666666666666,1.0,0.7527173913043478,0.75,0.23127397310201114,0.5,1.0,0.25,1.0,0.34782608695652173
431,383,0.2,0.05,4,max,0.1,True,0.1,A_default,84,0.7851190476190475,0.75,0.207377612769712,0.6666666666666666,1.0,0.3333333333333333,1.0,0.8547619047619047,1.0,0.1871288638985411,0.6666666666666666,1.0,0.4,1.0,0.9255952380952381,1.0,0.16566862678071312,1.0,1.0,0.3333333333333333,1.0,0.42857142857142855
431,383,0.2,0.05,4,max,0.1,True,0.1,B_weak_signal,84,0.8182539682539682,0.9,0.21237830671889749,0.6666666666666666,1.0,0.2,1.0,0.8291666666666666,1.0,0.2081324332544618,0.6666666666666666,1.0,0.2,1.0,0.9851190476190477,1.0,0.07104205521182928,1.0,1.0,0.5,1.0,0.5
431,383,0.2,0.05,4,max,0.1,True,0.1,C_deep,92,0.7998188405797102,0.75,0.224906635970678,0.6666666666666666,1.0,0.25,1.0,0.909963768115942,1.0,0.14705202003754544,0.75,1.0,0.5,1.0,0.8822463768115941,1.0,0.21403450972740268,0.75,1.0,0.25,1.0,0.4782608695652174
432,100,0.2,0.05,4,min,0.1,False,0.1,A_default,84,0.778373015873016,0.75,0.20829163858923833,0.6666666666666666,1.0,0.3333333333333333,1.0,0.89265873015873,1.0,0.17676914490999307,0.6666666666666666,1.0,0.4,1.0,0.8809523809523812,1.0,0.18847558080342702,0.75,1.0,0.3333333333333333,1.0,0.4166666666666667
432,100,0.2,0.05,4,min,0.1,False,0.1,B_weak_signal,84,0.8494047619047619,1.0,0.1913708460730535,0.6666666666666666,1.0,0.3333333333333333,1.0,0.9007936507936507,1.0,0.16488819712024075,0.75,1.0,0.3333333333333333,1.0,0.9414682539682541,1.0,0.1324138488234317,1.0,1.0,0.5,1.0,0.5833333333333334
432,100,0.2,0.05,4,min,0.1,False,0.1,C_deep,92,0.7751811594202899,0.75,0.2271484666844091,0.6666666666666666,1.0,0.25,1.0,0.9528985507246376,1.0,0.11869273429709894,1.0,1.0,0.5,1.0,0.8070652173913043,0.75,0.21643737791124493,0.75,1.0,0.25,1.0,0.41304347826086957
433,14,0.2,0.05,6,min,0.1,False,0.05,A_default,84,0.778373015873016,0.75,0.20829163858923833,0.6666666666666666,1.0,0.3333333333333333,1.0,0.89265873015873,1.0,0.17676914490999307,0.6666666666666666,1.0,0.4,1.0,0.8809523809523812,1.0,0.18847558080342702,0.75,1.0,0.3333333333333333,1.0,0.4166666666666667
433,14,0.2,0.05,6,min,0.1,False,0.05,B_weak_signal,84,0.8494047619047619,1.0,0.1913708460730535,0.6666666666666666,1.0,0.3333333333333333,1.0,0.9007936507936507,1.0,0.16488819712024075,0.75,1.0,0.3333333333333333,1.0,0.9414682539682541,1.0,0.1324138488234317,1.0,1.0,0.5,1.0,0.5833333333333334
433,14,0.2,0.05,6,min,0.1,False,0.05,C_deep,92,0.7751811594202899,0.75,0.2271484666844091,0.6666666666666666,1.0,0.25,1.0,0.9528985507246376,1.0,0.11869273429709894,1.0,1.0,0.5,1.0,0.8070652173913043,0.75,0.21643737791124493,0.75,1.0,0.25,1.0,0.41304347826086957
434,789,0.2,0.05,8,min,0.1,False,0.1,A_default,84,0.778373015873016,0.75,0.20829163858923833,0.6666666666666666,1.0,0.3333333333333333,1.0,0.89265873015873,1.0,0.17676914490999307,0.6666666666666666,1.0,0.4,1.0,0.8809523809523812,1.0,0.18847558080342702,0.75,1.0,0.3333333333333333,1.0,0.4166666666666667
434,789,0.2,0.05,8,min,0.1,False,0.1,B_weak_signal,84,0.8494047619047619,1.0,0.1913708460730535,0.6666666666666666,1.0,0.3333333333333333,1.0,0.9007936507936507,1.0,0.16488819712024075,0.75,1.0,0.3333333333333333,1.0,0.9414682539682541,1.0,0.1324138488234317,1.0,1.0,0.5,1.0,0.5833333333333334
434,789,0.2,0.05,8,min,0.1,False,0.1,C_deep,92,0.7751811594202899,0.75,0.2271484666844091,0.6666666666666666,1.0,0.25,1.0,0.9528985507246376,1.0,0.11869273429709894,1.0,1.0,0.5,1.0,0.8070652173913043,0.75,0.21643737791124493,0.75,1.0,0.25,1.0,0.41304347826086957
435,634,0.2,0.05,4,min,0.1,False,0.05,A_default,84,0.778373015873016,0.75,0.20829163858923833,0.6666666666666666,1.0,0.3333333333333333,1.0,0.89265873015873,1.0,0.17676914490999307,0.6666666666666666,1.0,0.4,1.0,0.8809523809523812,1.0,0.18847558080342702,0.75,1.0,0.3333333333333333,1.0,0.4166666666666667
435,634,0.2,0.05,4,min,0.1,False,0.05,B_weak_signal,84,0.8494047619047619,1.0,0.1913708460730535,0.6666666666666666,1.0,0.3333333333333333,1.0,0.9007936507936507,1.0,0.16488819712024075,0.75,1.0,0.3333333333333333,1.0,0.9414682539682541,1.0,0.1324138488234317,1.0,1.0,0.5,1.0,0.5833333333333334
435,634,0.2,0.05,4,min,0.1,False,0.05,C_deep,92,0.7751811594202899,0.75,0.2271484666844091,0.6666666666666666,1.0,0.25,1.0,0.9528985507246376,1.0,0.11869273429709894,1.0,1.0,0.5,1.0,0.8070652173913043,0.75,0.21643737791124493,0.75,1.0,0.25,1.0,0.41304347826086957
436,135,0.3,0.03,4,max,0.2,True,0.15,A_default,84,0.7763888888888889,1.0,0.2557662756762812,0.5,1.0,0.0,1.0,0.8904761904761904,1.0,0.21734194605420734,1.0,1.0,0.0,1.0,0.8740079365079364,1.0,0.22940396535469124,0.75,1.0,0.0,1.0,0.5238095238095238
436,135,0.3,0.03,4,max,0.2,True,0.15,B_weak_signal,81,0.8294238683127573,1.0,0.24294591883532024,0.6666666666666666,1.0,0.0,1.0,0.8541152263374484,1.0,0.23663630768012506,0.75,1.0,0.0,1.0,0.9506172839506173,1.0,0.1829436093377706,1.0,1.0,0.0,1.0,0.5925925925925926
436,135,0.3,0.03,4,max,0.2,True,0.15,C_deep,92,0.7960144927536232,1.0,0.24460440721084348,0.5,1.0,0.25,1.0,0.9490942028985508,1.0,0.13072924350136592,1.0,1.0,0.5,1.0,0.845108695652174,1.0,0.24005923723921166,0.75,1.0,0.25,1.0,0.5108695652173914
437,600,0.3,0.03,6,max,0.2,True,0.15,A_default,84,0.7763888888888889,1.0,0.2557662756762812,0.5,1.0,0.0,1.0,0.8904761904761904,1.0,0.21734194605420734,1.0,1.0,0.0,1.0,0.8740079365079364,1.0,0.22940396535469124,0.75,1.0,0.0,1.0,0.5238095238095238
437,600,0.3,0.03,6,max,0.2,True,0.15,B_weak_signal,81,0.8294238683127573,1.0,0.24294591883532024,0.6666666666666666,1.0,0.0,1.0,0.8541152263374484,1.0,0.23663630768012506,0.75,1.0,0.0,1.0,0.9506172839506173,1.0,0.1829436093377706,1.0,1.0,0.0,1.0,0.5925925925925926
437,600,0.3,0.03,6,max,0.2,True,0.15,C_deep,92,0.7960144927536232,1.0,0.24460440721084348,0.5,1.0,0.25,1.0,0.9490942028985508,1.0,0.13072924350136592,1.0,1.0,0.5,1.0,0.845108695652174,1.0,0.24005923723921166,0.75,1.0,0.25,1.0,0.5108695652173914
438,578,0.3,0.03,6,max,0.1,True,0.15,A_default,84,0.7646825396825397,0.75,0.24325444011688258,0.5,1.0,0.3333333333333333,1.0,0.8678571428571429,1.0,0.2202558101758871,0.75,1.0,0.4,1.0,0.8968253968253967,1.0,0.19559192059177116,1.0,1.0,0.3333333333333333,1.0,0.47619047619047616
438,578,0.3,0.03,6,max,0.1,True,0.15,B_weak_signal,81,0.8438271604938271,1.0,0.21362357281956854,0.75,1.0,0.3333333333333333,1.0,0.8685185185185185,1.0,0.20466775244011662,0.75,1.0,0.3333333333333333,1.0,0.9753086419753086,1.0,0.101588464155054,1.0,1.0,0.5,1.0,0.6049382716049383
438,578,0.3,0.03,6,max,0.1,True,0.15,C_deep,92,0.7932971014492753,1.0,0.24694791142282832,0.5,1.0,0.25,1.0,0.9463768115942031,1.0,0.13814191016507948,1.0,1.0,0.4,1.0,0.845108695652174,1.0,0.24005923723921166,0.75,1.0,0.25,1.0,0.5108695652173914
439,559,0.3,0.05,6,min,0.1,False,0.1,A_default,84,0.778373015873016,0.75,0.20829163858923833,0.6666666666666666,1.0,0.3333333333333333,1.0,0.89265873015873,1.0,0.17676914490999307,0.6666666666666666,1.0,0.4,1.0,0.8809523809523812,1.0,0.18847558080342702,0.75,1.0,0.3333333333333333,1.0,0.4166666666666667
439,559,0.3,0.05,6,min,0.1,False,0.1,B_weak_signal,81,0.8479423868312758,1.0,0.19237879871437855,0.6666666666666666,1.0,0.3333333333333333,1.0,0.9012345679012346,1.0,0.16515518329105278,0.75,1.0,0.3333333333333333,1.0,0.9393004115226337,1.0,0.13437893771944442,1.0,1.0,0.5,1.0,0.5802469135802469
439,559,0.3,0.05,6,min,0.1,False,0.1,C_deep,92,0.7751811594202899,0.75,0.2271484666844091,0.6666666666666666,1.0,0.25,1.0,0.9528985507246376,1.0,0.11869273429709894,1.0,1.0,0.5,1.0,0.8070652173913043,0.75,0.21643737791124493,0.75,1.0,0.25,1.0,0.41304347826086957
440,6,0.3,0.05,8,min,0.1,False,0.05,A_default,84,0.778373015873016,0.75,0.20829163858923833,0.6666666666666666,1.0,0.3333333333333333,1.0,0.89265873015873,1.0,0.17676914490999307,0.6666666666666666,1.0,0.4,1.0,0.8809523809523812,1.0,0.18847558080342702,0.75,1.0,0.3333333333333333,1.0,0.4166666666666667
440,6,0.3,0.05,8,min,0.1,False,0.05,B_weak_signal,81,0.8479423868312758,1.0,0.19237879871437855,0.6666666666666666,1.0,0.3333333333333333,1.0,0.9012345679012346,1.0,0.16515518329105278,0.75,1.0,0.3333333333333333,1.0,0.9393004115226337,1.0,0.13437893771944442,1.0,1.0,0.5,1.0,0.5802469135802469
440,6,0.3,0.05,8,min,0.1,False,0.05,C_deep,92,0.7751811594202899,0.75,0.2271484666844091,0.6666666666666666,1.0,0.25,1.0,0.9528985507246376,1.0,0.11869273429709894,1.0,1.0,0.5,1.0,0.8070652173913043,0.75,0.21643737791124493,0.75,1.0,0.25,1.0,0.41304347826086957
441,351,0.3,0.05,4,min,0.1,False,0.1,A_default,84,0.778373015873016,0.75,0.20829163858923833,0.6666666666666666,1.0,0.3333333333333333,1.0,0.89265873015873,1.0,0.17676914490999307,0.6666666666666666,1.0,0.4,1.0,0.8809523809523812,1.0,0.18847558080342702,0.75,1.0,0.3333333333333333,1.0,0.4166666666666667
441,351,0.3,0.05,4,min,0.1,False,0.1,B_weak_signal,81,0.8479423868312758,1.0,0.19237879871437855,0.6666666666666666,1.0,0.3333333333333333,1.0,0.9012345679012346,1.0,0.16515518329105278,0.75,1.0,0.3333333333333333,1.0,0.9393004115226337,1.0,0.13437893771944442,1.0,1.0,0.5,1.0,0.5802469135802469
441,351,0.3,0.05,4,min,0.1,False,0.1,C_deep,92,0.7751811594202899,0.75,0.2271484666844091,0.6666666666666666,1.0,0.25,1.0,0.9528985507246376,1.0,0.11869273429709894,1.0,1.0,0.5,1.0,0.8070652173913043,0.75,0.21643737791124493,0.75,1.0,0.25,1.0,0.41304347826086957
442,546,0.3,0.05,8,max,0.15,True,0.15,A_default,84,0.7714285714285714,0.75,0.23207594987384833,0.5,1.0,0.0,1.0,0.8857142857142858,1.0,0.19572305888013117,0.7291666666666666,1.0,0.0,1.0,0.8690476190476191,1.0,0.22266402821018833,0.75,1.0,0.0,1.0,0.44047619047619047
442,546,0.3,0.05,8,max,0.15,True,0.15,B_weak_signal,81,0.8483539094650207,1.0,0.18897760262410146,0.75,1.0,0.3333333333333333,1.0,0.8833333333333333,1.0,0.16351180725290473,0.75,1.0,0.3333333333333333,1.0,0.9567901234567902,1.0,0.12984439880578066,1.0,1.0,0.5,1.0,0.5555555555555556
442,546,0.3,0.05,8,max,0.15,True,0.15,C_deep,92,0.7813405797101448,0.75,0.24494701018373527,0.5,1.0,0.25,1.0,0.9489130434782609,1.0,0.11562339258232815,1.0,1.0,0.5,1.0,0.8251811594202899,1.0,0.24586314235634624,0.7291666666666666,1.0,0.25,1.0,0.4782608695652174
443,524,0.3,0.02,6,max,0.05,True,0.15,A_default,84,0.764484126984127,0.75,0.24763648167071164,0.5,1.0,0.3333333333333333,1.0,0.8646825396825397,1.0,0.2250599319542465,0.75,1.0,0.4,1.0,0.8998015873015872,1.0,0.19523257073937145,1.0,1.0,0.3333333333333333,1.0,0.4880952380952381
443,524,0.3,0.02,6,max,0.05,True,0.15,B_weak_signal,81,0.8425925925925926,1.0,0.2159121477720872,0.75,1.0,0.3333333333333333,1.0,0.8672839506172839,1.0,0.20720434835038737,0.75,1.0,0.3333333333333333,1.0,0.9753086419753086,1.0,0.101588464155054,1.0,1.0,0.5,1.0,0.6049382716049383
443,524,0.3,0.02,6,max,0.05,True,0.15,C_deep,92,0.7932971014492753,1.0,0.24694791142282832,0.5,1.0,0.25,1.0,0.9463768115942031,1.0,0.13814191016507948,1.0,1.0,0.4,1.0,0.845108695652174,1.0,0.24005923723921166,0.75,1.0,0.25,1.0,0.5108695652173914
444,544,0.3,0.03,6,max,0.05,True,0.15,A_default,84,0.764484126984127,0.75,0.24763648167071164,0.5,1.0,0.3333333333333333,1.0,0.8646825396825397,1.0,0.2250599319542465,0.75,1.0,0.4,1.0,0.8998015873015872,1.0,0.19523257073937145,1.0,1.0,0.3333333333333333,1.0,0.4880952380952381
444,544,0.3,0.03,6,max,0.05,True,0.15,B_weak_signal,81,0.8425925925925926,1.0,0.2159121477720872,0.75,1.0,0.3333333333333333,1.0,0.8672839506172839,1.0,0.20720434835038737,0.75,1.0,0.3333333333333333,1.0,0.9753086419753086,1.0,0.101588464155054,1.0,1.0,0.5,1.0,0.6049382716049383
444,544,0.3,0.03,6,max,0.05,True,0.15,C_deep,92,0.7932971014492753,1.0,0.24694791142282832,0.5,1.0,0.25,1.0,0.9463768115942031,1.0,0.13814191016507948,1.0,1.0,0.4,1.0,0.845108695652174,1.0,0.24005923723921166,0.75,1.0,0.25,1.0,0.5108695652173914
445,272,0.3,0.03,8,max,0.15,True,0.15,A_default,84,0.7569444444444444,0.75,0.255727017446398,0.5,1.0,0.0,1.0,0.8601190476190477,1.0,0.23738617165339415,0.7291666666666666,1.0,0.0,1.0,0.8849206349206349,1.0,0.2183456578209975,0.9375,1.0,0.0,1.0,0.47619047619047616
445,272,0.3,0.03,8,max,0.15,True,0.15,B_weak_signal,81,0.8489711934156379,1.0,0.20713565199278136,0.75,1.0,0.3333333333333333,1.0,0.873662551440329,1.0,0.19723548034031654,0.75,1.0,0.3333333333333333,1.0,0.9753086419753086,1.0,0.101588464155054,1.0,1.0,0.5,1.0,0.6049382716049383
445,272,0.3,0.03,8,max,0.15,True,0.15,C_deep,92,0.7943840579710146,1.0,0.24541307498647363,0.5,1.0,0.25,1.0,0.9474637681159421,1.0,0.1341307378600482,1.0,1.0,0.5,1.0,0.845108695652174,1.0,0.24005923723921166,0.75,1.0,0.25,1.0,0.5108695652173914
446,1,0.3,0.03,6,max,0.15,True,0.15,A_default,84,0.7569444444444444,0.75,0.255727017446398,0.5,1.0,0.0,1.0,0.8601190476190477,1.0,0.23738617165339415,0.7291666666666666,1.0,0.0,1.0,0.8849206349206349,1.0,0.2183456578209975,0.9375,1.0,0.0,1.0,0.47619047619047616
446,1,0.3,0.03,6,max,0.15,True,0.15,B_weak_signal,81,0.8489711934156379,1.0,0.20713565199278136,0.75,1.0,0.3333333333333333,1.0,0.873662551440329,1.0,0.19723548034031654,0.75,1.0,0.3333333333333333,1.0,0.9753086419753086,1.0,0.101588464155054,1.0,1.0,0.5,1.0,0.6049382716049383
446,1,0.3,0.03,6,max,0.15,True,0.15,C_deep,92,0.7943840579710146,1.0,0.24541307498647363,0.5,1.0,0.25,1.0,0.9474637681159421,1.0,0.1341307378600482,1.0,1.0,0.5,1.0,0.845108695652174,1.0,0.24005923723921166,0.75,1.0,0.25,1.0,0.5108695652173914
447,87,0.4,0.02,8,min,0.2,True,0.1,A_default,79,0.7679324894514767,0.75,0.23352818713661302,0.5,1.0,0.3333333333333333,1.0,0.8459915611814346,1.0,0.22829129923584632,0.6666666666666666,1.0,0.4,1.0,0.9219409282700421,1.0,0.1636161928846165,1.0,1.0,0.3333333333333333,1.0,0.45569620253164556
447,87,0.4,0.02,8,min,0.2,True,0.1,B_weak_signal,58,0.8339080459770115,1.0,0.22022417953500315,0.6666666666666666,1.0,0.25,1.0,0.8554597701149426,1.0,0.223222629694535,0.6666666666666666,1.0,0.25,1.0,0.978448275862069,1.0,0.07078015690156582,1.0,1.0,0.75,1.0,0.5862068965517241
447,87,0.4,0.02,8,min,0.2,True,0.1,C_deep,86,0.7967054263565891,0.875,0.23991855599909706,0.75,1.0,0.25,1.0,0.9333333333333333,1.0,0.17719676297962525,1.0,1.0,0.4,1.0,0.8633720930232558,1.0,0.21117195185737617,0.75,1.0,0.25,1.0,0.5
448,162,0.4,0.02,6,min,0.2,True,0.1,A_default,79,0.7679324894514767,0.75,0.23352818713661302,0.5,1.0,0.3333333333333333,1.0,0.8459915611814346,1.0,0.22829129923584632,0.6666666666666666,1.0,0.4,1.0,0.9219409282700421,1.0,0.1636161928846165,1.0,1.0,0.3333333333333333,1.0,0.45569620253164556
448,162,0.4,0.02,6,min,0.2,True,0.1,B_weak_signal,58,0.8339080459770115,1.0,0.22022417953500315,0.6666666666666666,1.0,0.25,1.0,0.8554597701149426,1.0,0.223222629694535,0.6666666666666666,1.0,0.25,1.0,0.978448275862069,1.0,0.07078015690156582,1.0,1.0,0.75,1.0,0.5862068965517241
448,162,0.4,0.02,6,min,0.2,True,0.1,C_deep,86,0.7967054263565891,0.875,0.23991855599909706,0.75,1.0,0.25,1.0,0.9333333333333333,1.0,0.17719676297962525,1.0,1.0,0.4,1.0,0.8633720930232558,1.0,0.21117195185737617,0.75,1.0,0.25,1.0,0.5
449,649,0.3,0.05,8,mean,0.2,False,0.05,A_default,84,0.8025793650793651,1.0,0.2327660063360114,0.5,1.0,0.3333333333333333,1.0,0.9920634920634922,1.0,0.0511236649669526,1.0,1.0,0.6666666666666666,1.0,0.8105158730158729,1.0,0.23368848132628056,0.5,1.0,0.3333333333333333,1.0,0.5357142857142857
449,649,0.3,0.05,8,mean,0.2,False,0.05,B_weak_signal,81,0.845679012345679,1.0,0.2595773511587014,0.75,1.0,0.0,1.0,0.9547325102880658,1.0,0.19545592299198183,1.0,1.0,0.0,1.0,0.853909465020576,1.0,0.25904835998722614,0.75,1.0,0.0,1.0,0.6790123456790124
449,649,0.3,0.05,8,mean,0.2,False,0.05,C_deep,92,0.75,0.75,0.26840095387139,0.5,1.0,0.0,1.0,0.9891304347826086,1.0,0.10425720702853719,1.0,1.0,0.0,1.0,0.75,0.75,0.26840095387139,0.5,1.0,0.0,1.0,0.44565217391304346
450,570,0.2,0.05,8,mean,0.1,True,0.1,A_default,84,0.7726190476190476,0.75,0.21106669319639182,0.6666666666666666,1.0,0.3333333333333333,1.0,0.855952380952381,1.0,0.1924902483168278,0.6666666666666666,1.0,0.4,1.0,0.9107142857142857,1.0,0.17248174451144457,1.0,1.0,0.3333333333333333,1.0,0.4166666666666667
450,570,0.2,0.05,8,mean,0.1,True,0.1,B_weak_signal,84,0.8263888888888887,1.0,0.21554712821130964,0.6666666666666666,1.0,0.25,1.0,0.8521825396825397,1.0,0.20467723246775915,0.6666666666666666,1.0,0.25,1.0,0.9642857142857143,1.0,0.1012684893836871,1.0,1.0,0.5,1.0,0.5476190476190477
450,570,0.2,0.05,8,mean,0.1,True,0.1,C_deep,92,0.7990942028985507,0.875,0.23181563095440985,0.6666666666666666,1.0,0.25,1.0,0.9302536231884058,1.0,0.14208738106285895,1.0,1.0,0.5,1.0,0.8586956521739131,1.0,0.21812664294359146,0.75,1.0,0.25,1.0,0.5
451,554,0.2,0.05,6,max,0.05,True,0.1,A_default,84,0.7791666666666667,0.75,0.20830923555410405,0.6666666666666666,1.0,0.3333333333333333,1.0,0.8488095238095238,1.0,0.1903773768361553,0.6666666666666666,1.0,0.4,1.0,0.9255952380952381,1.0,0.16566862678071312,1.0,1.0,0.3333333333333333,1.0,0.4166666666666667
451,554,0.2,0.05,6,max,0.05,True,0.1,B_weak_signal,84,0.8182539682539682,0.9,0.21237830671889749,0.6666666666666666,1.0,0.2,1.0,0.8291666666666666,1.0,0.2081324332544618,0.6666666666666666,1.0,0.2,1.0,0.9851190476190477,1.0,0.07104205521182928,1.0,1.0,0.5,1.0,0.5
451,554,0.2,0.05,6,max,0.05,True,0.1,C_deep,92,0.7998188405797102,0.75,0.224906635970678,0.6666666666666666,1.0,0.25,1.0,0.909963768115942,1.0,0.14705202003754544,0.75,1.0,0.5,1.0,0.8822463768115941,1.0,0.21403450972740268,0.75,1.0,0.25,1.0,0.4782608695652174
452,123,0.2,0.05,8,max,0.05,True,0.1,A_default,84,0.7791666666666667,0.75,0.20830923555410405,0.6666666666666666,1.0,0.3333333333333333,1.0,0.8488095238095238,1.0,0.1903773768361553,0.6666666666666666,1.0,0.4,1.0,0.9255952380952381,1.0,0.16566862678071312,1.0,1.0,0.3333333333333333,1.0,0.4166666666666667
452,123,0.2,0.05,8,max,0.05,True,0.1,B_weak_signal,84,0.8182539682539682,0.9,0.21237830671889749,0.6666666666666666,1.0,0.2,1.0,0.8291666666666666,1.0,0.2081324332544618,0.6666666666666666,1.0,0.2,1.0,0.9851190476190477,1.0,0.07104205521182928,1.0,1.0,0.5,1.0,0.5
452,123,0.2,0.05,8,max,0.05,True,0.1,C_deep,92,0.7998188405797102,0.75,0.224906635970678,0.6666666666666666,1.0,0.25,1.0,0.909963768115942,1.0,0.14705202003754544,0.75,1.0,0.5,1.0,0.8822463768115941,1.0,0.21403450972740268,0.75,1.0,0.25,1.0,0.4782608695652174
453,337,0.4,0.02,8,mean,0.2,False,0.1,A_default,79,0.7964135021097046,1.0,0.23332831017297545,0.5,1.0,0.3333333333333333,1.0,0.978902953586498,1.0,0.08168057010375859,1.0,1.0,0.6666666666666666,1.0,0.8175105485232067,1.0,0.2357309468509735,0.5,1.0,0.3333333333333333,1.0,0.5189873417721519
453,337,0.4,0.02,8,mean,0.2,False,0.1,B_weak_signal,58,0.8347701149425288,1.0,0.2794502484386499,0.75,1.0,0.0,1.0,0.9310344827586207,1.0,0.23160277792655054,1.0,1.0,0.0,1.0,0.8520114942528736,1.0,0.2788181264262579,0.75,1.0,0.0,1.0,0.6724137931034483
453,337,0.4,0.02,8,mean,0.2,False,0.1,C_deep,86,0.7655038759689922,0.75,0.271317178033222,0.5,1.0,0.0,1.0,0.9883720930232558,1.0,0.10783277320343844,1.0,1.0,0.0,1.0,0.7655038759689922,0.75,0.271317178033222,0.5,1.0,0.0,1.0,0.47674418604651164
454,283,0.4,0.03,4,mean,0.2,False,0.05,A_default,79,0.7964135021097046,1.0,0.23332831017297545,0.5,1.0,0.3333333333333333,1.0,0.978902953586498,1.0,0.08168057010375859,1.0,1.0,0.6666666666666666,1.0,0.8175105485232067,1.0,0.2357309468509735,0.5,1.0,0.3333333333333333,1.0,0.5189873417721519
454,283,0.4,0.03,4,mean,0.2,False,0.05,B_weak_signal,58,0.8347701149425288,1.0,0.2794502484386499,0.75,1.0,0.0,1.0,0.9310344827586207,1.0,0.23160277792655054,1.0,1.0,0.0,1.0,0.8520114942528736,1.0,0.2788181264262579,0.75,1.0,0.0,1.0,0.6724137931034483
454,283,0.4,0.03,4,mean,0.2,False,0.05,C_deep,86,0.7655038759689922,0.75,0.271317178033222,0.5,1.0,0.0,1.0,0.9883720930232558,1.0,0.10783277320343844,1.0,1.0,0.0,1.0,0.7655038759689922,0.75,0.271317178033222,0.5,1.0,0.0,1.0,0.47674418604651164
455,707,0.2,0.05,4,weighted,0.2,True,0.05,A_default,84,0.8700396825396827,1.0,0.20630587372515366,0.75,1.0,0.3333333333333333,1.0,0.9523809523809523,1.0,0.1543033499620918,1.0,1.0,0.3333333333333333,1.0,0.9176587301587301,1.0,0.16336798236032424,1.0,1.0,0.5,1.0,0.6785714285714286
455,707,0.2,0.05,4,weighted,0.2,True,0.05,B_weak_signal,84,0.7309523809523809,0.75,0.29558490170748264,0.475,1.0,0.0,1.0,0.8063492063492064,1.0,0.2924519521619321,0.6666666666666666,1.0,0.0,1.0,0.9126984126984126,1.0,0.20367472570997233,1.0,1.0,0.0,1.0,0.47619047619047616
455,707,0.2,0.05,4,weighted,0.2,True,0.05,C_deep,92,0.7943840579710144,0.875,0.23842274218736587,0.6666666666666666,1.0,0.25,1.0,0.9836956521739131,1.0,0.0926472118636854,1.0,1.0,0.3333333333333333,1.0,0.8106884057971014,1.0,0.2334586466446619,0.6666666666666666,1.0,0.25,1.0,0.5
456,525,0.4,0.05,6,max,0.2,True,0.15,A_default,79,0.7890295358649788,0.75,0.23639454193853293,0.5833333333333333,1.0,0.0,1.0,0.9219409282700421,1.0,0.1741594445768292,1.0,1.0,0.0,1.0,0.8523206751054851,1.0,0.234167224460436,0.75,1.0,0.0,1.0,0.4936708860759494
456,525,0.4,0.05,6,max,0.2,True,0.15,B_weak_signal,58,0.8172413793103449,0.9,0.23201308856928707,0.6666666666666666,1.0,0.0,1.0,0.8528735632183908,1.0,0.22047127289927226,0.75,1.0,0.0,1.0,0.9224137931034483,1.0,0.2156533145748388,1.0,1.0,0.0,1.0,0.5
456,525,0.4,0.05,6,max,0.2,True,0.15,C_deep,86,0.7887596899224806,0.875,0.24611281036930327,0.5416666666666666,1.0,0.25,1.0,0.9680232558139535,1.0,0.09749191742194983,1.0,1.0,0.5,1.0,0.8187984496124031,1.0,0.24825925348059943,0.6875,1.0,0.25,1.0,0.5
457,137,0.3,0.02,8,max,0.1,False,0.15,A_default,84,0.7660714285714285,0.75,0.25256974368580165,0.5,1.0,0.0,1.0,0.8692460317460318,1.0,0.22987241161118058,0.75,1.0,0.0,1.0,0.8849206349206349,1.0,0.2183456578209975,0.9375,1.0,0.0,1.0,0.4880952380952381
457,137,0.3,0.02,8,max,0.1,False,0.15,B_weak_signal,81,0.8314814814814814,1.0,0.24877477542727033,0.6666666666666666,1.0,0.0,1.0,0.8561728395061727,1.0,0.242404684080563,0.75,1.0,0.0,1.0,0.9506172839506173,1.0,0.1829436093377704,1.0,1.0,0.0,1.0,0.6172839506172839
457,137,0.3,0.02,8,max,0.1,False,0.15,C_deep,92,0.7971014492753624,1.0,0.24629871447089055,0.5,1.0,0.25,1.0,0.9501811594202899,1.0,0.13261009353020264,1.0,1.0,0.5,1.0,0.845108695652174,1.0,0.24005923723921166,0.75,1.0,0.25,1.0,0.5217391304347826
458,368,0.2,0.05,8,harmonic,0.1,False,0.1,A_default,84,0.798611111111111,1.0,0.23220046752183404,0.5,1.0,0.3333333333333333,1.0,0.9761904761904762,1.0,0.09729561746183919,1.0,1.0,0.5,1.0,0.8224206349206349,1.0,0.23023609975555429,0.625,1.0,0.3333333333333333,1.0,0.5238095238095238
458,368,0.2,0.05,8,harmonic,0.1,False,0.1,B_weak_signal,84,0.8450396825396825,1.0,0.2616723551156268,0.6666666666666666,1.0,0.0,1.0,0.9404761904761905,1.0,0.20147192154056726,1.0,1.0,0.0,1.0,0.8640873015873015,1.0,0.2563712121993651,0.75,1.0,0.0,1.0,0.6785714285714286
458,368,0.2,0.05,8,harmonic,0.1,False,0.1,C_deep,92,0.7509057971014493,0.75,0.2551348625925169,0.5,1.0,0.0,1.0,0.9855072463768115,1.0,0.10953384943284525,1.0,1.0,0.0,1.0,0.7545289855072465,0.75,0.25628966247587864,0.5,1.0,0.0,1.0,0.41304347826086957
459,68,0.2,0.05,8,max,0.15,True,0.15,A_default,84,0.7714285714285714,0.75,0.23207594987384833,0.5,1.0,0.0,1.0,0.8857142857142858,1.0,0.19572305888013117,0.7291666666666666,1.0,0.0,1.0,0.8690476190476191,1.0,0.22266402821018833,0.75,1.0,0.0,1.0,0.44047619047619047
459,68,0.2,0.05,8,max,0.15,True,0.15,B_weak_signal,84,0.8408730158730158,1.0,0.198377028731011,0.6666666666666666,1.0,0.25,1.0,0.8746031746031746,1.0,0.17679044293369495,0.75,1.0,0.25,1.0,0.9583333333333334,1.0,0.12773120622689169,1.0,1.0,0.5,1.0,0.5476190476190477
459,68,0.2,0.05,8,max,0.15,True,0.15,C_deep,92,0.7813405797101448,0.75,0.24494701018373527,0.5,1.0,0.25,1.0,0.9489130434782609,1.0,0.11562339258232815,1.0,1.0,0.5,1.0,0.8251811594202899,1.0,0.24586314235634624,0.7291666666666666,1.0,0.25,1.0,0.4782608695652174
460,399,0.2,0.02,6,min,0.05,False,0.05,A_default,84,0.7517857142857143,0.75,0.2529612816638873,0.5,1.0,0.25,1.0,0.8142857142857144,1.0,0.2580451541635719,0.5,1.0,0.25,1.0,0.9375,1.0,0.1445547797111856,1.0,1.0,0.5,1.0,0.4642857142857143
460,399,0.2,0.02,6,min,0.05,False,0.05,B_weak_signal,84,0.7922619047619047,1.0,0.2667475583706996,0.5,1.0,0.2,1.0,0.7982142857142857,1.0,0.26854282098222254,0.5,1.0,0.2,1.0,0.9940476190476191,1.0,0.03834274872521448,1.0,1.0,0.75,1.0,0.5714285714285714
460,399,0.2,0.02,6,min,0.05,False,0.05,C_deep,92,0.8494565217391304,1.0,0.20999812614659813,0.75,1.0,0.25,1.0,0.9300724637681159,1.0,0.17824677181709628,1.0,1.0,0.4,1.0,0.9193840579710144,1.0,0.15403163919300794,0.75,1.0,0.25,1.0,0.5978260869565217
461,683,0.2,0.02,8,min,0.05,False,0.05,A_default,84,0.7517857142857143,0.75,0.2529612816638873,0.5,1.0,0.25,1.0,0.8142857142857144,1.0,0.2580451541635719,0.5,1.0,0.25,1.0,0.9375,1.0,0.1445547797111856,1.0,1.0,0.5,1.0,0.4642857142857143
461,683,0.2,0.02,8,min,0.05,False,0.05,B_weak_signal,84,0.7922619047619047,1.0,0.2667475583706996,0.5,1.0,0.2,1.0,0.7982142857142857,1.0,0.26854282098222254,0.5,1.0,0.2,1.0,0.9940476190476191,1.0,0.03834274872521448,1.0,1.0,0.75,1.0,0.5714285714285714
461,683,0.2,0.02,8,min,0.05,False,0.05,C_deep,92,0.8494565217391304,1.0,0.20999812614659813,0.75,1.0,0.25,1.0,0.9300724637681159,1.0,0.17824677181709628,1.0,1.0,0.4,1.0,0.9193840579710144,1.0,0.15403163919300794,0.75,1.0,0.25,1.0,0.5978260869565217
462,225,0.2,0.03,8,min,0.05,False,0.05,A_default,84,0.7517857142857143,0.75,0.2529612816638873,0.5,1.0,0.25,1.0,0.8142857142857144,1.0,0.2580451541635719,0.5,1.0,0.25,1.0,0.9375,1.0,0.1445547797111856,1.0,1.0,0.5,1.0,0.4642857142857143
462,225,0.2,0.03,8,min,0.05,False,0.05,B_weak_signal,84,0.7922619047619047,1.0,0.2667475583706996,0.5,1.0,0.2,1.0,0.7982142857142857,1.0,0.26854282098222254,0.5,1.0,0.2,1.0,0.9940476190476191,1.0,0.03834274872521448,1.0,1.0,0.75,1.0,0.5714285714285714
462,225,0.2,0.03,8,min,0.05,False,0.05,C_deep,92,0.8494565217391304,1.0,0.20999812614659813,0.75,1.0,0.25,1.0,0.9300724637681159,1.0,0.17824677181709628,1.0,1.0,0.4,1.0,0.9193840579710144,1.0,0.15403163919300794,0.75,1.0,0.25,1.0,0.5978260869565217
463,602,0.2,0.02,6,mean,0.05,False,0.05,A_default,84,0.7632936507936509,1.0,0.25935998564668833,0.5,1.0,0.25,1.0,0.8168650793650795,1.0,0.2596915847582229,0.5,1.0,0.25,1.0,0.9464285714285714,1.0,0.14030640185947996,1.0,1.0,0.5,1.0,0.5119047619047619
463,602,0.2,0.02,6,mean,0.05,False,0.05,B_weak_signal,84,0.7664682539682539,1.0,0.28969926297686316,0.5,1.0,0.2,1.0,0.7694444444444444,1.0,0.2908100827673945,0.5,1.0,0.2,1.0,0.9970238095238095,1.0,0.027277236279499028,1.0,1.0,0.75,1.0,0.5595238095238095
463,602,0.2,0.02,6,mean,0.05,False,0.05,C_deep,92,0.8634057971014492,1.0,0.21721175629383271,0.75,1.0,0.25,1.0,0.9376811594202898,1.0,0.16620576500232626,1.0,1.0,0.4,1.0,0.9257246376811593,1.0,0.17004655405583893,1.0,1.0,0.25,1.0,0.6739130434782609
464,257,0.2,0.03,6,mean,0.05,False,0.05,A_default,84,0.7632936507936509,1.0,0.25935998564668833,0.5,1.0,0.25,1.0,0.8168650793650795,1.0,0.2596915847582229,0.5,1.0,0.25,1.0,0.9464285714285714,1.0,0.14030640185947996,1.0,1.0,0.5,1.0,0.5119047619047619
464,257,0.2,0.03,6,mean,0.05,False,0.05,B_weak_signal,84,0.7664682539682539,1.0,0.28969926297686316,0.5,1.0,0.2,1.0,0.7694444444444444,1.0,0.2908100827673945,0.5,1.0,0.2,1.0,0.9970238095238095,1.0,0.027277236279499028,1.0,1.0,0.75,1.0,0.5595238095238095
464,257,0.2,0.03,6,mean,0.05,False,0.05,C_deep,92,0.8634057971014492,1.0,0.21721175629383271,0.75,1.0,0.25,1.0,0.9376811594202898,1.0,0.16620576500232626,1.0,1.0,0.4,1.0,0.9257246376811593,1.0,0.17004655405583893,1.0,1.0,0.25,1.0,0.6739130434782609
465,552,0.2,0.02,8,mean,0.05,False,0.05,A_default,84,0.7632936507936509,1.0,0.25935998564668833,0.5,1.0,0.25,1.0,0.8168650793650795,1.0,0.2596915847582229,0.5,1.0,0.25,1.0,0.9464285714285714,1.0,0.14030640185947996,1.0,1.0,0.5,1.0,0.5119047619047619
465,552,0.2,0.02,8,mean,0.05,False,0.05,B_weak_signal,84,0.7664682539682539,1.0,0.28969926297686316,0.5,1.0,0.2,1.0,0.7694444444444444,1.0,0.2908100827673945,0.5,1.0,0.2,1.0,0.9970238095238095,1.0,0.027277236279499028,1.0,1.0,0.75,1.0,0.5595238095238095
465,552,0.2,0.02,8,mean,0.05,False,0.05,C_deep,92,0.8634057971014492,1.0,0.21721175629383271,0.75,1.0,0.25,1.0,0.9376811594202898,1.0,0.16620576500232626,1.0,1.0,0.4,1.0,0.9257246376811593,1.0,0.17004655405583893,1.0,1.0,0.25,1.0,0.6739130434782609
466,104,0.4,0.03,6,min,0.05,False,0.1,A_default,79,0.7624472573839662,0.75,0.23853285466021892,0.5,1.0,0.3333333333333333,1.0,0.8405063291139241,1.0,0.23525889758105367,0.5833333333333333,1.0,0.4,1.0,0.9219409282700421,1.0,0.1636161928846165,1.0,1.0,0.3333333333333333,1.0,0.45569620253164556
466,104,0.4,0.03,6,min,0.05,False,0.1,B_weak_signal,58,0.8339080459770115,1.0,0.22022417953500315,0.6666666666666666,1.0,0.25,1.0,0.8554597701149426,1.0,0.223222629694535,0.6666666666666666,1.0,0.25,1.0,0.978448275862069,1.0,0.07078015690156582,1.0,1.0,0.75,1.0,0.5862068965517241
466,104,0.4,0.03,6,min,0.05,False,0.1,C_deep,86,0.7967054263565891,0.875,0.23991855599909706,0.75,1.0,0.25,1.0,0.9333333333333333,1.0,0.17719676297962525,1.0,1.0,0.4,1.0,0.8633720930232558,1.0,0.21117195185737617,0.75,1.0,0.25,1.0,0.5
467,655,0.4,0.03,4,min,0.05,False,0.1,A_default,79,0.7624472573839662,0.75,0.23853285466021892,0.5,1.0,0.3333333333333333,1.0,0.8405063291139241,1.0,0.23525889758105367,0.5833333333333333,1.0,0.4,1.0,0.9219409282700421,1.0,0.1636161928846165,1.0,1.0,0.3333333333333333,1.0,0.45569620253164556
467,655,0.4,0.03,4,min,0.05,False,0.1,B_weak_signal,58,0.8339080459770115,1.0,0.22022417953500315,0.6666666666666666,1.0,0.25,1.0,0.8554597701149426,1.0,0.223222629694535,0.6666666666666666,1.0,0.25,1.0,0.978448275862069,1.0,0.07078015690156582,1.0,1.0,0.75,1.0,0.5862068965517241
467,655,0.4,0.03,4,min,0.05,False,0.1,C_deep,86,0.7967054263565891,0.875,0.23991855599909706,0.75,1.0,0.25,1.0,0.9333333333333333,1.0,0.17719676297962525,1.0,1.0,0.4,1.0,0.8633720930232558,1.0,0.21117195185737617,0.75,1.0,0.25,1.0,0.5
468,395,0.2,0.03,4,max,0.2,True,0.15,A_default,84,0.7763888888888889,1.0,0.2557662756762812,0.5,1.0,0.0,1.0,0.8904761904761904,1.0,0.21734194605420734,1.0,1.0,0.0,1.0,0.8740079365079364,1.0,0.22940396535469124,0.75,1.0,0.0,1.0,0.5238095238095238
468,395,0.2,0.03,4,max,0.2,True,0.15,B_weak_signal,84,0.8206349206349207,1.0,0.2500283658287655,0.6666666666666666,1.0,0.0,1.0,0.8444444444444444,1.0,0.2450354908770968,0.75,1.0,0.0,1.0,0.9523809523809523,1.0,0.1798434328956954,1.0,1.0,0.0,1.0,0.5833333333333334
468,395,0.2,0.03,4,max,0.2,True,0.15,C_deep,92,0.7960144927536232,1.0,0.24460440721084348,0.5,1.0,0.25,1.0,0.9490942028985508,1.0,0.13072924350136592,1.0,1.0,0.5,1.0,0.845108695652174,1.0,0.24005923723921166,0.75,1.0,0.25,1.0,0.5108695652173914
469,549,0.2,0.03,4,max,0.1,True,0.15,A_default,84,0.7646825396825397,0.75,0.24325444011688258,0.5,1.0,0.3333333333333333,1.0,0.8678571428571429,1.0,0.2202558101758871,0.75,1.0,0.4,1.0,0.8968253968253967,1.0,0.19559192059177116,1.0,1.0,0.3333333333333333,1.0,0.47619047619047616
469,549,0.2,0.03,4,max,0.1,True,0.15,B_weak_signal,84,0.8345238095238094,1.0,0.22330404582713953,0.6666666666666666,1.0,0.25,1.0,0.8583333333333333,1.0,0.21615633442096444,0.75,1.0,0.25,1.0,0.9761904761904762,1.0,0.09984210138718562,1.0,1.0,0.5,1.0,0.5952380952380952
469,549,0.2,0.03,4,max,0.1,True,0.15,C_deep,92,0.7932971014492753,1.0,0.24694791142282832,0.5,1.0,0.25,1.0,0.9463768115942031,1.0,0.13814191016507948,1.0,1.0,0.4,1.0,0.845108695652174,1.0,0.24005923723921166,0.75,1.0,0.25,1.0,0.5108695652173914
470,701,0.4,0.03,8,min,0.2,True,0.15,A_default,79,0.7662447257383966,0.75,0.23340924716776104,0.5,1.0,0.3333333333333333,1.0,0.8886075949367089,1.0,0.20463894101781724,1.0,1.0,0.4,1.0,0.8776371308016877,1.0,0.20053145336533412,0.75,1.0,0.3333333333333333,1.0,0.45569620253164556
470,701,0.4,0.03,8,min,0.2,True,0.15,B_weak_signal,58,0.85,1.0,0.20935713352242177,0.75,1.0,0.4,1.0,0.8974137931034483,1.0,0.1989201286551724,1.0,1.0,0.4,1.0,0.9525862068965517,1.0,0.11899521359720382,1.0,1.0,0.5,1.0,0.6206896551724138
470,701,0.4,0.03,8,min,0.2,True,0.15,C_deep,86,0.775,0.75,0.2415060318060252,0.5416666666666666,1.0,0.25,1.0,0.9717054263565891,1.0,0.11643028623132208,1.0,1.0,0.4,1.0,0.8032945736434108,0.875,0.23670974155700908,0.75,1.0,0.25,1.0,0.4418604651162791
471,673,0.2,0.02,6,max,0.05,True,0.15,A_default,84,0.764484126984127,0.75,0.24763648167071164,0.5,1.0,0.3333333333333333,1.0,0.8646825396825397,1.0,0.2250599319542465,0.75,1.0,0.4,1.0,0.8998015873015872,1.0,0.19523257073937145,1.0,1.0,0.3333333333333333,1.0,0.4880952380952381
471,673,0.2,0.02,6,max,0.05,True,0.15,B_weak_signal,84,0.8333333333333334,1.0,0.22536598228337132,0.6666666666666666,1.0,0.25,1.0,0.8571428571428571,1.0,0.21841717502205837,0.75,1.0,0.25,1.0,0.9761904761904762,1.0,0.09984210138718562,1.0,1.0,0.5,1.0,0.5952380952380952
471,673,0.2,0.02,6,max,0.05,True,0.15,C_deep,92,0.7932971014492753,1.0,0.24694791142282832,0.5,1.0,0.25,1.0,0.9463768115942031,1.0,0.13814191016507948,1.0,1.0,0.4,1.0,0.845108695652174,1.0,0.24005923723921166,0.75,1.0,0.25,1.0,0.5108695652173914
472,650,0.4,0.05,6,max,0.05,False,0.1,A_default,79,0.7725738396624472,0.75,0.20995586930626792,0.6666666666666666,1.0,0.3333333333333333,1.0,0.8466244725738398,1.0,0.1926975204281826,0.6666666666666666,1.0,0.4,1.0,0.9208860759493671,1.0,0.1697884630431424,1.0,1.0,0.3333333333333333,1.0,0.4050632911392405
472,650,0.4,0.05,6,max,0.05,False,0.1,B_weak_signal,58,0.8169540229885057,0.75,0.18264067395504188,0.6666666666666666,1.0,0.25,1.0,0.8281609195402299,0.75,0.18303289834541356,0.6875,1.0,0.25,1.0,0.9870689655172413,1.0,0.055850948905528094,1.0,1.0,0.75,1.0,0.43103448275862066
472,650,0.4,0.05,6,max,0.05,False,0.1,C_deep,86,0.8015503875968992,0.75,0.2230892418955274,0.6666666666666666,1.0,0.25,1.0,0.916279069767442,1.0,0.14088832884178304,0.75,1.0,0.5,1.0,0.87984496124031,1.0,0.21564792595287402,0.75,1.0,0.25,1.0,0.47674418604651164
473,64,0.2,0.02,8,max,0.15,True,0.15,A_default,84,0.7569444444444444,0.75,0.255727017446398,0.5,1.0,0.0,1.0,0.8601190476190477,1.0,0.23738617165339415,0.7291666666666666,1.0,0.0,1.0,0.8849206349206349,1.0,0.2183456578209975,0.9375,1.0,0.0,1.0,0.47619047619047616
473,64,0.2,0.02,8,max,0.15,True,0.15,B_weak_signal,84,0.839484126984127,1.0,0.21754963368966126,0.7291666666666666,1.0,0.25,1.0,0.8632936507936508,1.0,0.20963696167940848,0.75,1.0,0.25,1.0,0.9761904761904762,1.0,0.09984210138718562,1.0,1.0,0.5,1.0,0.5952380952380952
473,64,0.2,0.02,8,max,0.15,True,0.15,C_deep,92,0.7943840579710146,1.0,0.24541307498647363,0.5,1.0,0.25,1.0,0.9474637681159421,1.0,0.1341307378600482,1.0,1.0,0.5,1.0,0.845108695652174,1.0,0.24005923723921166,0.75,1.0,0.25,1.0,0.5108695652173914
474,632,0.2,0.03,6,max,0.15,True,0.15,A_default,84,0.7569444444444444,0.75,0.255727017446398,0.5,1.0,0.0,1.0,0.8601190476190477,1.0,0.23738617165339415,0.7291666666666666,1.0,0.0,1.0,0.8849206349206349,1.0,0.2183456578209975,0.9375,1.0,0.0,1.0,0.47619047619047616
474,632,0.2,0.03,6,max,0.15,True,0.15,B_weak_signal,84,0.839484126984127,1.0,0.21754963368966126,0.7291666666666666,1.0,0.25,1.0,0.8632936507936508,1.0,0.20963696167940848,0.75,1.0,0.25,1.0,0.9761904761904762,1.0,0.09984210138718562,1.0,1.0,0.5,1.0,0.5952380952380952
474,632,0.2,0.03,6,max,0.15,True,0.15,C_deep,92,0.7943840579710146,1.0,0.24541307498647363,0.5,1.0,0.25,1.0,0.9474637681159421,1.0,0.1341307378600482,1.0,1.0,0.5,1.0,0.845108695652174,1.0,0.24005923723921166,0.75,1.0,0.25,1.0,0.5108695652173914
475,547,0.2,0.02,6,max,0.15,True,0.15,A_default,84,0.7569444444444444,0.75,0.255727017446398,0.5,1.0,0.0,1.0,0.8601190476190477,1.0,0.23738617165339415,0.7291666666666666,1.0,0.0,1.0,0.8849206349206349,1.0,0.2183456578209975,0.9375,1.0,0.0,1.0,0.47619047619047616
475,547,0.2,0.02,6,max,0.15,True,0.15,B_weak_signal,84,0.839484126984127,1.0,0.21754963368966126,0.7291666666666666,1.0,0.25,1.0,0.8632936507936508,1.0,0.20963696167940848,0.75,1.0,0.25,1.0,0.9761904761904762,1.0,0.09984210138718562,1.0,1.0,0.5,1.0,0.5952380952380952
475,547,0.2,0.02,6,max,0.15,True,0.15,C_deep,92,0.7943840579710146,1.0,0.24541307498647363,0.5,1.0,0.25,1.0,0.9474637681159421,1.0,0.1341307378600482,1.0,1.0,0.5,1.0,0.845108695652174,1.0,0.24005923723921166,0.75,1.0,0.25,1.0,0.5108695652173914
476,132,0.4,0.03,6,min,0.15,True,0.1,A_default,79,0.759493670886076,0.75,0.2355463362618496,0.5,1.0,0.3333333333333333,1.0,0.8375527426160336,1.0,0.23323362268839595,0.5833333333333333,1.0,0.4,1.0,0.9219409282700421,1.0,0.1636161928846165,1.0,1.0,0.3333333333333333,1.0,0.4430379746835443
476,132,0.4,0.03,6,min,0.15,True,0.1,B_weak_signal,58,0.8339080459770115,1.0,0.22022417953500315,0.6666666666666666,1.0,0.25,1.0,0.8554597701149426,1.0,0.223222629694535,0.6666666666666666,1.0,0.25,1.0,0.978448275862069,1.0,0.07078015690156582,1.0,1.0,0.75,1.0,0.5862068965517241
476,132,0.4,0.03,6,min,0.15,True,0.1,C_deep,86,0.7967054263565891,0.875,0.23991855599909706,0.75,1.0,0.25,1.0,0.9333333333333333,1.0,0.17719676297962525,1.0,1.0,0.4,1.0,0.8633720930232558,1.0,0.21117195185737617,0.75,1.0,0.25,1.0,0.5
477,70,0.4,0.02,4,min,0.15,True,0.1,A_default,79,0.759493670886076,0.75,0.2355463362618496,0.5,1.0,0.3333333333333333,1.0,0.8375527426160336,1.0,0.23323362268839595,0.5833333333333333,1.0,0.4,1.0,0.9219409282700421,1.0,0.1636161928846165,1.0,1.0,0.3333333333333333,1.0,0.4430379746835443
477,70,0.4,0.02,4,min,0.15,True,0.1,B_weak_signal,58,0.8339080459770115,1.0,0.22022417953500315,0.6666666666666666,1.0,0.25,1.0,0.8554597701149426,1.0,0.223222629694535,0.6666666666666666,1.0,0.25,1.0,0.978448275862069,1.0,0.07078015690156582,1.0,1.0,0.75,1.0,0.5862068965517241
477,70,0.4,0.02,4,min,0.15,True,0.1,C_deep,86,0.7967054263565891,0.875,0.23991855599909706,0.75,1.0,0.25,1.0,0.9333333333333333,1.0,0.17719676297962525,1.0,1.0,0.4,1.0,0.8633720930232558,1.0,0.21117195185737617,0.75,1.0,0.25,1.0,0.5
478,196,0.2,0.05,8,harmonic,0.1,False,0.15,A_default,84,0.798611111111111,1.0,0.23220046752183404,0.5,1.0,0.3333333333333333,1.0,0.9761904761904762,1.0,0.09729561746183919,1.0,1.0,0.5,1.0,0.8224206349206349,1.0,0.23023609975555429,0.625,1.0,0.3333333333333333,1.0,0.5238095238095238
478,196,0.2,0.05,8,harmonic,0.1,False,0.15,B_weak_signal,84,0.8430555555555553,1.0,0.2636654447513223,0.6666666666666666,1.0,0.0,1.0,0.9444444444444444,1.0,0.19928475407915422,1.0,1.0,0.0,1.0,0.8581349206349206,1.0,0.2589688910472606,0.75,1.0,0.0,1.0,0.6785714285714286
478,196,0.2,0.05,8,harmonic,0.1,False,0.15,C_deep,92,0.7481884057971016,0.75,0.2564724602044833,0.5,1.0,0.0,1.0,0.9855072463768115,1.0,0.10953384943284525,1.0,1.0,0.0,1.0,0.7518115942028986,0.75,0.2576598988081787,0.5,1.0,0.0,1.0,0.41304347826086957
479,691,0.2,0.05,6,harmonic,0.1,False,0.15,A_default,84,0.798611111111111,1.0,0.23220046752183404,0.5,1.0,0.3333333333333333,1.0,0.9761904761904762,1.0,0.09729561746183919,1.0,1.0,0.5,1.0,0.8224206349206349,1.0,0.23023609975555429,0.625,1.0,0.3333333333333333,1.0,0.5238095238095238
479,691,0.2,0.05,6,harmonic,0.1,False,0.15,B_weak_signal,84,0.8430555555555553,1.0,0.2636654447513223,0.6666666666666666,1.0,0.0,1.0,0.9444444444444444,1.0,0.19928475407915422,1.0,1.0,0.0,1.0,0.8581349206349206,1.0,0.2589688910472606,0.75,1.0,0.0,1.0,0.6785714285714286
479,691,0.2,0.05,6,harmonic,0.1,False,0.15,C_deep,92,0.7481884057971016,0.75,0.2564724602044833,0.5,1.0,0.0,1.0,0.9855072463768115,1.0,0.10953384943284525,1.0,1.0,0.0,1.0,0.7518115942028986,0.75,0.2576598988081787,0.5,1.0,0.0,1.0,0.41304347826086957
480,467,0.4,0.05,8,mean,0.15,True,0.15,A_default,79,0.781434599156118,0.75,0.21400380987123294,0.6666666666666666,1.0,0.3333333333333333,1.0,0.9217299578059073,1.0,0.1553727809852191,1.0,1.0,0.4,1.0,0.8575949367088609,1.0,0.2072200591364342,0.75,1.0,0.3333333333333333,1.0,0.4430379746835443
480,467,0.4,0.05,8,mean,0.15,True,0.15,B_weak_signal,58,0.8416666666666666,1.0,0.19100763892749156,0.6666666666666666,1.0,0.4,1.0,0.8979885057471264,1.0,0.15613127337094793,0.6875,1.0,0.5,1.0,0.9310344827586207,1.0,0.14403162812795584,1.0,1.0,0.5,1.0,0.5517241379310345
480,467,0.4,0.05,8,mean,0.15,True,0.15,C_deep,86,0.7664728682170543,0.75,0.2414619712686273,0.5,1.0,0.25,1.0,0.9728682170542634,1.0,0.09431717147036028,1.0,1.0,0.5,1.0,0.7916666666666666,0.875,0.24413044300663195,0.6666666666666666,1.0,0.25,1.0,0.43023255813953487
481,551,0.4,0.02,8,min,0.1,True,0.1,A_default,79,0.7582278481012658,0.75,0.23722147287239564,0.5,1.0,0.3333333333333333,1.0,0.8362869198312236,1.0,0.23535085486077126,0.5833333333333333,1.0,0.4,1.0,0.9219409282700421,1.0,0.1636161928846165,1.0,1.0,0.3333333333333333,1.0,0.4430379746835443
481,551,0.4,0.02,8,min,0.1,True,0.1,B_weak_signal,58,0.8339080459770115,1.0,0.22022417953500315,0.6666666666666666,1.0,0.25,1.0,0.8554597701149426,1.0,0.223222629694535,0.6666666666666666,1.0,0.25,1.0,0.978448275862069,1.0,0.07078015690156582,1.0,1.0,0.75,1.0,0.5862068965517241
481,551,0.4,0.02,8,min,0.1,True,0.1,C_deep,86,0.7967054263565891,0.875,0.23991855599909706,0.75,1.0,0.25,1.0,0.9333333333333333,1.0,0.17719676297962525,1.0,1.0,0.4,1.0,0.8633720930232558,1.0,0.21117195185737617,0.75,1.0,0.25,1.0,0.5
482,416,0.3,0.05,8,harmonic,0.1,False,0.05,A_default,84,0.798611111111111,1.0,0.23220046752183404,0.5,1.0,0.3333333333333333,1.0,0.9761904761904762,1.0,0.09729561746183919,1.0,1.0,0.5,1.0,0.8224206349206349,1.0,0.23023609975555429,0.625,1.0,0.3333333333333333,1.0,0.5238095238095238
482,416,0.3,0.05,8,harmonic,0.1,False,0.05,B_weak_signal,81,0.8393004115226338,1.0,0.2647759619257712,0.6666666666666666,1.0,0.0,1.0,0.9382716049382716,1.0,0.2048787657176201,1.0,1.0,0.0,1.0,0.8590534979423867,1.0,0.2597548173908435,0.75,1.0,0.0,1.0,0.6666666666666666
482,416,0.3,0.05,8,harmonic,0.1,False,0.05,C_deep,92,0.7509057971014493,0.75,0.2551348625925169,0.5,1.0,0.0,1.0,0.9855072463768115,1.0,0.10953384943284525,1.0,1.0,0.0,1.0,0.7545289855072465,0.75,0.25628966247587864,0.5,1.0,0.0,1.0,0.41304347826086957
483,792,0.3,0.05,8,harmonic,0.1,False,0.1,A_default,84,0.798611111111111,1.0,0.23220046752183404,0.5,1.0,0.3333333333333333,1.0,0.9761904761904762,1.0,0.09729561746183919,1.0,1.0,0.5,1.0,0.8224206349206349,1.0,0.23023609975555429,0.625,1.0,0.3333333333333333,1.0,0.5238095238095238
483,792,0.3,0.05,8,harmonic,0.1,False,0.1,B_weak_signal,81,0.8393004115226338,1.0,0.2647759619257712,0.6666666666666666,1.0,0.0,1.0,0.9382716049382716,1.0,0.2048787657176201,1.0,1.0,0.0,1.0,0.8590534979423867,1.0,0.2597548173908435,0.75,1.0,0.0,1.0,0.6666666666666666
483,792,0.3,0.05,8,harmonic,0.1,False,0.1,C_deep,92,0.7509057971014493,0.75,0.2551348625925169,0.5,1.0,0.0,1.0,0.9855072463768115,1.0,0.10953384943284525,1.0,1.0,0.0,1.0,0.7545289855072465,0.75,0.25628966247587864,0.5,1.0,0.0,1.0,0.41304347826086957
484,24,0.4,0.05,4,max,0.1,False,0.15,A_default,79,0.7780590717299577,0.75,0.23670555091360926,0.5,1.0,0.0,1.0,0.9016877637130801,1.0,0.19426600365475435,1.0,1.0,0.0,1.0,0.8607594936708861,1.0,0.22713121661998187,0.75,1.0,0.0,1.0,0.46835443037974683
484,24,0.4,0.05,4,max,0.1,False,0.15,B_weak_signal,58,0.8272988505747126,1.0,0.22477405323658287,0.6666666666666666,1.0,0.0,1.0,0.8600574712643678,1.0,0.21719323452294315,0.75,1.0,0.0,1.0,0.9310344827586207,1.0,0.20834089520456642,1.0,1.0,0.0,1.0,0.5172413793103449
484,24,0.4,0.05,4,max,0.1,False,0.15,C_deep,86,0.7821705426356589,0.75,0.247441690466418,0.5,1.0,0.25,1.0,0.9583333333333334,1.0,0.10751956806246896,1.0,1.0,0.5,1.0,0.8187984496124031,1.0,0.24825925348059943,0.6875,1.0,0.25,1.0,0.4883720930232558
485,402,0.4,0.05,8,max,0.1,False,0.15,A_default,79,0.7780590717299577,0.75,0.23670555091360926,0.5,1.0,0.0,1.0,0.9016877637130801,1.0,0.19426600365475435,1.0,1.0,0.0,1.0,0.8607594936708861,1.0,0.22713121661998187,0.75,1.0,0.0,1.0,0.46835443037974683
485,402,0.4,0.05,8,max,0.1,False,0.15,B_weak_signal,58,0.8272988505747126,1.0,0.22477405323658287,0.6666666666666666,1.0,0.0,1.0,0.8600574712643678,1.0,0.21719323452294315,0.75,1.0,0.0,1.0,0.9310344827586207,1.0,0.20834089520456642,1.0,1.0,0.0,1.0,0.5172413793103449
485,402,0.4,0.05,8,max,0.1,False,0.15,C_deep,86,0.7821705426356589,0.75,0.247441690466418,0.5,1.0,0.25,1.0,0.9583333333333334,1.0,0.10751956806246896,1.0,1.0,0.5,1.0,0.8187984496124031,1.0,0.24825925348059943,0.6875,1.0,0.25,1.0,0.4883720930232558
486,506,0.3,0.05,8,max,0.05,False,0.15,A_default,84,0.7662698412698413,0.75,0.2158228268128014,0.5,1.0,0.3333333333333333,1.0,0.8805555555555555,1.0,0.17950238619254477,0.6666666666666666,1.0,0.4,1.0,0.8809523809523809,1.0,0.2013532340948967,0.75,1.0,0.3333333333333333,1.0,0.40476190476190477
486,506,0.3,0.05,8,max,0.05,False,0.15,B_weak_signal,81,0.8462962962962962,1.0,0.18020050561034012,0.75,1.0,0.3333333333333333,1.0,0.8792181069958848,1.0,0.15991601233576241,0.75,1.0,0.3333333333333333,1.0,0.9629629629629629,1.0,0.11931517552730284,1.0,1.0,0.5,1.0,0.5308641975308642
486,506,0.3,0.05,8,max,0.05,False,0.15,C_deep,92,0.7742753623188404,0.75,0.24345414537517263,0.5,1.0,0.25,1.0,0.9407608695652173,1.0,0.12049866196863726,1.0,1.0,0.5,1.0,0.8251811594202899,1.0,0.24586314235634624,0.7291666666666666,1.0,0.25,1.0,0.45652173913043476
487,594,0.2,0.03,8,max,0.2,False,0.15,A_default,84,0.7914682539682539,1.0,0.26899702211938453,0.5,1.0,0.0,1.0,0.9164682539682539,1.0,0.22338958183380275,1.0,1.0,0.0,1.0,0.8392857142857143,1.0,0.26345509432892716,0.7291666666666666,1.0,0.0,1.0,0.5595238095238095
487,594,0.2,0.03,8,max,0.2,False,0.15,B_weak_signal,84,0.8029761904761905,1.0,0.32866368428029424,0.7291666666666666,1.0,0.0,1.0,0.8436507936507938,1.0,0.32078702541624066,0.95,1.0,0.0,1.0,0.8521825396825397,1.0,0.3255494764124206,1.0,1.0,0.0,1.0,0.6547619047619048
487,594,0.2,0.03,8,max,0.2,False,0.15,C_deep,92,0.7914855072463768,1.0,0.2555548270507168,0.6666666666666666,1.0,0.0,1.0,0.9643115942028986,1.0,0.13071096845932495,1.0,1.0,0.0,1.0,0.8134057971014492,1.0,0.25688610488264096,0.75,1.0,0.0,1.0,0.5108695652173914
488,236,0.3,0.05,6,max,0.1,True,0.15,A_default,84,0.7722222222222221,0.75,0.2152849569127251,0.625,1.0,0.3333333333333333,1.0,0.8865079365079367,1.0,0.17496368317901725,0.7291666666666666,1.0,0.4,1.0,0.8809523809523809,1.0,0.2013532340948967,0.75,1.0,0.3333333333333333,1.0,0.4166666666666667
488,236,0.3,0.05,6,max,0.1,True,0.15,B_weak_signal,81,0.8442386831275719,1.0,0.18320375143666234,0.75,1.0,0.3333333333333333,1.0,0.8771604938271604,1.0,0.16371224001541299,0.75,1.0,0.3333333333333333,1.0,0.9629629629629629,1.0,0.11931517552730284,1.0,1.0,0.5,1.0,0.5308641975308642
488,236,0.3,0.05,6,max,0.1,True,0.15,C_deep,92,0.7688405797101447,0.75,0.24394020103446393,0.5,1.0,0.25,1.0,0.9353260869565218,1.0,0.12878796288959768,1.0,1.0,0.5,1.0,0.8251811594202899,1.0,0.24586314235634624,0.7291666666666666,1.0,0.25,1.0,0.44565217391304346
489,232,0.3,0.05,4,max,0.1,True,0.15,A_default,84,0.7722222222222221,0.75,0.2152849569127251,0.625,1.0,0.3333333333333333,1.0,0.8865079365079367,1.0,0.17496368317901725,0.7291666666666666,1.0,0.4,1.0,0.8809523809523809,1.0,0.2013532340948967,0.75,1.0,0.3333333333333333,1.0,0.4166666666666667
489,232,0.3,0.05,4,max,0.1,True,0.15,B_weak_signal,81,0.8442386831275719,1.0,0.18320375143666234,0.75,1.0,0.3333333333333333,1.0,0.8771604938271604,1.0,0.16371224001541299,0.75,1.0,0.3333333333333333,1.0,0.9629629629629629,1.0,0.11931517552730284,1.0,1.0,0.5,1.0,0.5308641975308642
489,232,0.3,0.05,4,max,0.1,True,0.15,C_deep,92,0.7688405797101447,0.75,0.24394020103446393,0.5,1.0,0.25,1.0,0.9353260869565218,1.0,0.12878796288959768,1.0,1.0,0.5,1.0,0.8251811594202899,1.0,0.24586314235634624,0.7291666666666666,1.0,0.25,1.0,0.44565217391304346
490,764,0.4,0.02,4,max,0.1,False,0.1,A_default,79,0.7626582278481012,0.75,0.2576080968288943,0.5,1.0,0.0,1.0,0.8375527426160339,1.0,0.2476739130324336,0.5833333333333333,1.0,0.0,1.0,0.9124472573839661,1.0,0.2010029757407254,1.0,1.0,0.0,1.0,0.4936708860759494
490,764,0.4,0.02,4,max,0.1,False,0.1,B_weak_signal,58,0.7905172413793102,1.0,0.26575340819362125,0.6666666666666666,1.0,0.0,1.0,0.7948275862068964,1.0,0.26710867783611597,0.6666666666666666,1.0,0.0,1.0,0.9612068965517241,1.0,0.1861529043857554,1.0,1.0,0.0,1.0,0.5172413793103449
490,764,0.4,0.02,4,max,0.1,False,0.1,C_deep,86,0.8317829457364341,1.0,0.23293562614583582,0.75,1.0,0.25,1.0,0.9364341085271317,1.0,0.14811476798794912,1.0,1.0,0.5,1.0,0.8953488372093024,1.0,0.21396736607186148,1.0,1.0,0.25,1.0,0.5930232558139535
491,331,0.4,0.03,8,max,0.1,False,0.1,A_default,79,0.7626582278481012,0.75,0.2576080968288943,0.5,1.0,0.0,1.0,0.8375527426160339,1.0,0.2476739130324336,0.5833333333333333,1.0,0.0,1.0,0.9124472573839661,1.0,0.2010029757407254,1.0,1.0,0.0,1.0,0.4936708860759494
491,331,0.4,0.03,8,max,0.1,False,0.1,B_weak_signal,58,0.7905172413793102,1.0,0.26575340819362125,0.6666666666666666,1.0,0.0,1.0,0.7948275862068964,1.0,0.26710867783611597,0.6666666666666666,1.0,0.0,1.0,0.9612068965517241,1.0,0.1861529043857554,1.0,1.0,0.0,1.0,0.5172413793103449
491,331,0.4,0.03,8,max,0.1,False,0.1,C_deep,86,0.8317829457364341,1.0,0.23293562614583582,0.75,1.0,0.25,1.0,0.9364341085271317,1.0,0.14811476798794912,1.0,1.0,0.5,1.0,0.8953488372093024,1.0,0.21396736607186148,1.0,1.0,0.25,1.0,0.5930232558139535
492,369,0.4,0.02,6,max,0.1,False,0.1,A_default,79,0.7626582278481012,0.75,0.2576080968288943,0.5,1.0,0.0,1.0,0.8375527426160339,1.0,0.2476739130324336,0.5833333333333333,1.0,0.0,1.0,0.9124472573839661,1.0,0.2010029757407254,1.0,1.0,0.0,1.0,0.4936708860759494
492,369,0.4,0.02,6,max,0.1,False,0.1,B_weak_signal,58,0.7905172413793102,1.0,0.26575340819362125,0.6666666666666666,1.0,0.0,1.0,0.7948275862068964,1.0,0.26710867783611597,0.6666666666666666,1.0,0.0,1.0,0.9612068965517241,1.0,0.1861529043857554,1.0,1.0,0.0,1.0,0.5172413793103449
492,369,0.4,0.02,6,max,0.1,False,0.1,C_deep,86,0.8317829457364341,1.0,0.23293562614583582,0.75,1.0,0.25,1.0,0.9364341085271317,1.0,0.14811476798794912,1.0,1.0,0.5,1.0,0.8953488372093024,1.0,0.21396736607186148,1.0,1.0,0.25,1.0,0.5930232558139535
493,720,0.4,0.03,4,mean,0.2,False,0.15,A_default,79,0.7943037974683544,1.0,0.2352619634028009,0.5,1.0,0.3333333333333333,1.0,0.9831223628691982,1.0,0.07354929694011461,1.0,1.0,0.6666666666666666,1.0,0.811181434599156,1.0,0.23747426789657697,0.5,1.0,0.3333333333333333,1.0,0.5189873417721519
493,720,0.4,0.03,4,mean,0.2,False,0.15,B_weak_signal,58,0.8347701149425288,1.0,0.2794502484386499,0.75,1.0,0.0,1.0,0.9310344827586207,1.0,0.23160277792655054,1.0,1.0,0.0,1.0,0.8520114942528736,1.0,0.2788181264262579,0.75,1.0,0.0,1.0,0.6724137931034483
493,720,0.4,0.03,4,mean,0.2,False,0.15,C_deep,86,0.753875968992248,0.75,0.2717370222695572,0.5,1.0,0.0,1.0,0.9883720930232558,1.0,0.10783277320343844,1.0,1.0,0.0,1.0,0.753875968992248,0.75,0.2717370222695572,0.5,1.0,0.0,1.0,0.45348837209302323
494,400,0.3,0.02,4,weighted,0.05,False,0.05,A_default,84,0.7863095238095238,1.0,0.25089079201912673,0.5,1.0,0.25,1.0,0.9390873015873015,1.0,0.16560897413298756,1.0,1.0,0.25,1.0,0.8472222222222221,1.0,0.23314440620669144,0.75,1.0,0.3333333333333333,1.0,0.5357142857142857
494,400,0.3,0.02,4,weighted,0.05,False,0.05,B_weak_signal,81,0.8216049382716049,1.0,0.26078732880298744,0.6666666666666666,1.0,0.0,1.0,0.8853909465020576,1.0,0.23523603270688853,1.0,1.0,0.0,1.0,0.9238683127572016,1.0,0.1955217072277564,1.0,1.0,0.0,1.0,0.6172839506172839
494,400,0.3,0.02,4,weighted,0.05,False,0.05,C_deep,92,0.7742753623188404,0.75,0.25481220841964447,0.625,1.0,0.25,1.0,0.989855072463768,1.0,0.07122495797269417,1.0,1.0,0.4,1.0,0.7844202898550724,0.75,0.25353188127313114,0.6666666666666666,1.0,0.25,1.0,0.4673913043478261
495,275,0.2,0.02,4,max,0.1,False,0.05,A_default,84,0.7656746031746031,1.0,0.2628663847179781,0.5,1.0,0.0,1.0,0.8162698412698413,1.0,0.2591559798475381,0.5,1.0,0.0,1.0,0.9375,1.0,0.17730835573104894,1.0,1.0,0.0,1.0,0.5119047619047619
495,275,0.2,0.02,4,max,0.1,False,0.05,B_weak_signal,84,0.7501984126984127,1.0,0.31388541945052933,0.5,1.0,0.0,1.0,0.7501984126984127,1.0,0.31388541945052933,0.5,1.0,0.0,1.0,0.9642857142857143,1.0,0.18669145807013005,1.0,1.0,0.0,1.0,0.5357142857142857
495,275,0.2,0.02,4,max,0.1,False,0.05,C_deep,92,0.8659420289855071,1.0,0.20229020008828844,0.75,1.0,0.25,1.0,0.9347826086956522,1.0,0.1472095383879297,1.0,1.0,0.5,1.0,0.931159420289855,1.0,0.1683108894352012,1.0,1.0,0.25,1.0,0.6413043478260869
496,620,0.2,0.02,8,max,0.1,False,0.05,A_default,84,0.7656746031746031,1.0,0.2628663847179781,0.5,1.0,0.0,1.0,0.8162698412698413,1.0,0.2591559798475381,0.5,1.0,0.0,1.0,0.9375,1.0,0.17730835573104894,1.0,1.0,0.0,1.0,0.5119047619047619
496,620,0.2,0.02,8,max,0.1,False,0.05,B_weak_signal,84,0.7501984126984127,1.0,0.31388541945052933,0.5,1.0,0.0,1.0,0.7501984126984127,1.0,0.31388541945052933,0.5,1.0,0.0,1.0,0.9642857142857143,1.0,0.18669145807013005,1.0,1.0,0.0,1.0,0.5357142857142857
496,620,0.2,0.02,8,max,0.1,False,0.05,C_deep,92,0.8659420289855071,1.0,0.20229020008828844,0.75,1.0,0.25,1.0,0.9347826086956522,1.0,0.1472095383879297,1.0,1.0,0.5,1.0,0.931159420289855,1.0,0.1683108894352012,1.0,1.0,0.25,1.0,0.6413043478260869
497,25,0.4,0.02,8,min,0.15,True,0.15,A_default,79,0.7565400843881857,0.75,0.23703440975274112,0.5,1.0,0.3333333333333333,1.0,0.878902953586498,1.0,0.21444802365308566,0.8333333333333333,1.0,0.4,1.0,0.8776371308016877,1.0,0.20053145336533412,0.75,1.0,0.3333333333333333,1.0,0.4430379746835443
497,25,0.4,0.02,8,min,0.15,True,0.15,B_weak_signal,58,0.85,1.0,0.20935713352242177,0.75,1.0,0.4,1.0,0.8974137931034483,1.0,0.1989201286551724,1.0,1.0,0.4,1.0,0.9525862068965517,1.0,0.11899521359720382,1.0,1.0,0.5,1.0,0.6206896551724138
497,25,0.4,0.02,8,min,0.15,True,0.15,C_deep,86,0.775,0.75,0.2415060318060252,0.5416666666666666,1.0,0.25,1.0,0.9717054263565891,1.0,0.11643028623132208,1.0,1.0,0.4,1.0,0.8032945736434108,0.875,0.23670974155700908,0.75,1.0,0.25,1.0,0.4418604651162791
498,245,0.4,0.03,6,min,0.05,True,0.15,A_default,79,0.7565400843881857,0.75,0.23703440975274112,0.5,1.0,0.3333333333333333,1.0,0.878902953586498,1.0,0.21444802365308566,0.8333333333333333,1.0,0.4,1.0,0.8776371308016877,1.0,0.20053145336533412,0.75,1.0,0.3333333333333333,1.0,0.4430379746835443
498,245,0.4,0.03,6,min,0.05,True,0.15,B_weak_signal,58,0.85,1.0,0.20935713352242177,0.75,1.0,0.4,1.0,0.8974137931034483,1.0,0.1989201286551724,1.0,1.0,0.4,1.0,0.9525862068965517,1.0,0.11899521359720382,1.0,1.0,0.5,1.0,0.6206896551724138
498,245,0.4,0.03,6,min,0.05,True,0.15,C_deep,86,0.775,0.75,0.2415060318060252,0.5416666666666666,1.0,0.25,1.0,0.9717054263565891,1.0,0.11643028623132208,1.0,1.0,0.4,1.0,0.8032945736434108,0.875,0.23670974155700908,0.75,1.0,0.25,1.0,0.4418604651162791
499,347,0.4,0.03,4,min,0.05,False,0.15,A_default,79,0.7565400843881857,0.75,0.23703440975274112,0.5,1.0,0.3333333333333333,1.0,0.878902953586498,1.0,0.21444802365308566,0.8333333333333333,1.0,0.4,1.0,0.8776371308016877,1.0,0.20053145336533412,0.75,1.0,0.3333333333333333,1.0,0.4430379746835443
499,347,0.4,0.03,4,min,0.05,False,0.15,B_weak_signal,58,0.85,1.0,0.20935713352242177,0.75,1.0,0.4,1.0,0.8974137931034483,1.0,0.1989201286551724,1.0,1.0,0.4,1.0,0.9525862068965517,1.0,0.11899521359720382,1.0,1.0,0.5,1.0,0.6206896551724138
499,347,0.4,0.03,4,min,0.05,False,0.15,C_deep,86,0.775,0.75,0.2415060318060252,0.5416666666666666,1.0,0.25,1.0,0.9717054263565891,1.0,0.11643028623132208,1.0,1.0,0.4,1.0,0.8032945736434108,0.875,0.23670974155700908,0.75,1.0,0.25,1.0,0.4418604651162791
500,626,0.4,0.03,8,min,0.05,False,0.15,A_default,79,0.7565400843881857,0.75,0.23703440975274112,0.5,1.0,0.3333333333333333,1.0,0.878902953586498,1.0,0.21444802365308566,0.8333333333333333,1.0,0.4,1.0,0.8776371308016877,1.0,0.20053145336533412,0.75,1.0,0.3333333333333333,1.0,0.4430379746835443
500,626,0.4,0.03,8,min,0.05,False,0.15,B_weak_signal,58,0.85,1.0,0.20935713352242177,0.75,1.0,0.4,1.0,0.8974137931034483,1.0,0.1989201286551724,1.0,1.0,0.4,1.0,0.9525862068965517,1.0,0.11899521359720382,1.0,1.0,0.5,1.0,0.6206896551724138
500,626,0.4,0.03,8,min,0.05,False,0.15,C_deep,86,0.775,0.75,0.2415060318060252,0.5416666666666666,1.0,0.25,1.0,0.9717054263565891,1.0,0.11643028623132208,1.0,1.0,0.4,1.0,0.8032945736434108,0.875,0.23670974155700908,0.75,1.0,0.25,1.0,0.4418604651162791
501,218,0.4,0.02,6,min,0.05,True,0.15,A_default,79,0.7565400843881857,0.75,0.23703440975274112,0.5,1.0,0.3333333333333333,1.0,0.878902953586498,1.0,0.21444802365308566,0.8333333333333333,1.0,0.4,1.0,0.8776371308016877,1.0,0.20053145336533412,0.75,1.0,0.3333333333333333,1.0,0.4430379746835443
501,218,0.4,0.02,6,min,0.05,True,0.15,B_weak_signal,58,0.85,1.0,0.20935713352242177,0.75,1.0,0.4,1.0,0.8974137931034483,1.0,0.1989201286551724,1.0,1.0,0.4,1.0,0.9525862068965517,1.0,0.11899521359720382,1.0,1.0,0.5,1.0,0.6206896551724138
501,218,0.4,0.02,6,min,0.05,True,0.15,C_deep,86,0.775,0.75,0.2415060318060252,0.5416666666666666,1.0,0.25,1.0,0.9717054263565891,1.0,0.11643028623132208,1.0,1.0,0.4,1.0,0.8032945736434108,0.875,0.23670974155700908,0.75,1.0,0.25,1.0,0.4418604651162791
502,608,0.4,0.02,8,min,0.05,False,0.15,A_default,79,0.7565400843881857,0.75,0.23703440975274112,0.5,1.0,0.3333333333333333,1.0,0.878902953586498,1.0,0.21444802365308566,0.8333333333333333,1.0,0.4,1.0,0.8776371308016877,1.0,0.20053145336533412,0.75,1.0,0.3333333333333333,1.0,0.4430379746835443
502,608,0.4,0.02,8,min,0.05,False,0.15,B_weak_signal,58,0.85,1.0,0.20935713352242177,0.75,1.0,0.4,1.0,0.8974137931034483,1.0,0.1989201286551724,1.0,1.0,0.4,1.0,0.9525862068965517,1.0,0.11899521359720382,1.0,1.0,0.5,1.0,0.6206896551724138
502,608,0.4,0.02,8,min,0.05,False,0.15,C_deep,86,0.775,0.75,0.2415060318060252,0.5416666666666666,1.0,0.25,1.0,0.9717054263565891,1.0,0.11643028623132208,1.0,1.0,0.4,1.0,0.8032945736434108,0.875,0.23670974155700908,0.75,1.0,0.25,1.0,0.4418604651162791
503,85,0.4,0.02,4,min,0.05,True,0.15,A_default,79,0.7565400843881857,0.75,0.23703440975274112,0.5,1.0,0.3333333333333333,1.0,0.878902953586498,1.0,0.21444802365308566,0.8333333333333333,1.0,0.4,1.0,0.8776371308016877,1.0,0.20053145336533412,0.75,1.0,0.3333333333333333,1.0,0.4430379746835443
503,85,0.4,0.02,4,min,0.05,True,0.15,B_weak_signal,58,0.85,1.0,0.20935713352242177,0.75,1.0,0.4,1.0,0.8974137931034483,1.0,0.1989201286551724,1.0,1.0,0.4,1.0,0.9525862068965517,1.0,0.11899521359720382,1.0,1.0,0.5,1.0,0.6206896551724138
503,85,0.4,0.02,4,min,0.05,True,0.15,C_deep,86,0.775,0.75,0.2415060318060252,0.5416666666666666,1.0,0.25,1.0,0.9717054263565891,1.0,0.11643028623132208,1.0,1.0,0.4,1.0,0.8032945736434108,0.875,0.23670974155700908,0.75,1.0,0.25,1.0,0.4418604651162791
504,353,0.2,0.05,8,mean,0.2,False,0.05,A_default,84,0.8025793650793651,1.0,0.2327660063360114,0.5,1.0,0.3333333333333333,1.0,0.9920634920634922,1.0,0.0511236649669526,1.0,1.0,0.6666666666666666,1.0,0.8105158730158729,1.0,0.23368848132628056,0.5,1.0,0.3333333333333333,1.0,0.5357142857142857
504,353,0.2,0.05,8,mean,0.2,False,0.05,B_weak_signal,84,0.8273809523809523,1.0,0.286576557906934,0.6666666666666666,1.0,0.0,1.0,0.9325396825396824,1.0,0.24148005205716522,1.0,1.0,0.0,1.0,0.8353174603174603,1.0,0.2866321633516304,0.75,1.0,0.0,1.0,0.6666666666666666
504,353,0.2,0.05,8,mean,0.2,False,0.05,C_deep,92,0.75,0.75,0.26840095387139,0.5,1.0,0.0,1.0,0.9891304347826086,1.0,0.10425720702853719,1.0,1.0,0.0,1.0,0.75,0.75,0.26840095387139,0.5,1.0,0.0,1.0,0.44565217391304346
505,488,0.2,0.05,4,mean,0.2,False,0.05,A_default,84,0.8025793650793651,1.0,0.2327660063360114,0.5,1.0,0.3333333333333333,1.0,0.9920634920634922,1.0,0.0511236649669526,1.0,1.0,0.6666666666666666,1.0,0.8105158730158729,1.0,0.23368848132628056,0.5,1.0,0.3333333333333333,1.0,0.5357142857142857
505,488,0.2,0.05,4,mean,0.2,False,0.05,B_weak_signal,84,0.8273809523809523,1.0,0.286576557906934,0.6666666666666666,1.0,0.0,1.0,0.9325396825396824,1.0,0.24148005205716522,1.0,1.0,0.0,1.0,0.8353174603174603,1.0,0.2866321633516304,0.75,1.0,0.0,1.0,0.6666666666666666
505,488,0.2,0.05,4,mean,0.2,False,0.05,C_deep,92,0.75,0.75,0.26840095387139,0.5,1.0,0.0,1.0,0.9891304347826086,1.0,0.10425720702853719,1.0,1.0,0.0,1.0,0.75,0.75,0.26840095387139,0.5,1.0,0.0,1.0,0.44565217391304346
506,447,0.2,0.05,4,mean,0.2,False,0.1,A_default,84,0.8025793650793651,1.0,0.2327660063360114,0.5,1.0,0.3333333333333333,1.0,0.9920634920634922,1.0,0.0511236649669526,1.0,1.0,0.6666666666666666,1.0,0.8105158730158729,1.0,0.23368848132628056,0.5,1.0,0.3333333333333333,1.0,0.5357142857142857
506,447,0.2,0.05,4,mean,0.2,False,0.1,B_weak_signal,84,0.8273809523809523,1.0,0.286576557906934,0.6666666666666666,1.0,0.0,1.0,0.9325396825396824,1.0,0.24148005205716522,1.0,1.0,0.0,1.0,0.8353174603174603,1.0,0.2866321633516304,0.75,1.0,0.0,1.0,0.6666666666666666
506,447,0.2,0.05,4,mean,0.2,False,0.1,C_deep,92,0.75,0.75,0.26840095387139,0.5,1.0,0.0,1.0,0.9891304347826086,1.0,0.10425720702853719,1.0,1.0,0.0,1.0,0.75,0.75,0.26840095387139,0.5,1.0,0.0,1.0,0.44565217391304346
507,140,0.3,0.05,6,mean,0.05,False,0.05,A_default,84,0.7700396825396826,0.75,0.2124123531651121,0.6,1.0,0.3333333333333333,1.0,0.8420634920634921,1.0,0.2041483466983751,0.6666666666666666,1.0,0.3333333333333333,1.0,0.9216269841269842,1.0,0.15488000627822834,1.0,1.0,0.5,1.0,0.4166666666666667
507,140,0.3,0.05,6,mean,0.05,False,0.05,B_weak_signal,81,0.7870370370370371,1.0,0.2521986650770908,0.6666666666666666,1.0,0.2,1.0,0.8045267489711933,1.0,0.2444098951454157,0.6666666666666666,1.0,0.2,1.0,0.9722222222222222,1.0,0.09409658158863504,1.0,1.0,0.5,1.0,0.5185185185185185
507,140,0.3,0.05,6,mean,0.05,False,0.05,C_deep,92,0.822644927536232,1.0,0.21381729562421584,0.6666666666666666,1.0,0.25,1.0,0.9184782608695652,1.0,0.14720548133364847,0.9375,1.0,0.5,1.0,0.8903985507246376,1.0,0.18692345131719892,0.75,1.0,0.25,1.0,0.532608695652174
508,366,0.2,0.05,6,max,0.05,False,0.15,A_default,84,0.7662698412698413,0.75,0.2158228268128014,0.5,1.0,0.3333333333333333,1.0,0.8805555555555555,1.0,0.17950238619254477,0.6666666666666666,1.0,0.4,1.0,0.8809523809523809,1.0,0.2013532340948967,0.75,1.0,0.3333333333333333,1.0,0.40476190476190477
508,366,0.2,0.05,6,max,0.05,False,0.15,B_weak_signal,84,0.8388888888888889,1.0,0.19026391403387422,0.6666666666666666,1.0,0.25,1.0,0.8706349206349205,1.0,0.17339084324789436,0.75,1.0,0.25,1.0,0.9642857142857143,1.0,0.11734292976977144,1.0,1.0,0.5,1.0,0.5238095238095238
508,366,0.2,0.05,6,max,0.05,False,0.15,C_deep,92,0.7742753623188404,0.75,0.24345414537517263,0.5,1.0,0.25,1.0,0.9407608695652173,1.0,0.12049866196863726,1.0,1.0,0.5,1.0,0.8251811594202899,1.0,0.24586314235634624,0.7291666666666666,1.0,0.25,1.0,0.45652173913043476
509,358,0.4,0.03,6,max,0.05,False,0.1,A_default,79,0.7706751054852321,1.0,0.2477852781894387,0.5,1.0,0.3333333333333333,1.0,0.8265822784810128,1.0,0.23847388401486475,0.5,1.0,0.4,1.0,0.9440928270042194,1.0,0.1554571874878119,1.0,1.0,0.3333333333333333,1.0,0.5063291139240507
509,358,0.4,0.03,6,max,0.05,False,0.1,B_weak_signal,58,0.7959770114942528,0.775,0.2278877999472356,0.6666666666666666,1.0,0.25,1.0,0.800287356321839,0.9,0.22936243906384754,0.6666666666666666,1.0,0.25,1.0,0.9956896551724138,1.0,0.03282660821493064,1.0,1.0,0.75,1.0,0.4827586206896552
509,358,0.4,0.03,6,max,0.05,False,0.1,C_deep,86,0.8125968992248062,1.0,0.2388142829520589,0.6875,1.0,0.25,1.0,0.9114341085271319,1.0,0.1752358192244419,1.0,1.0,0.4,1.0,0.9011627906976745,1.0,0.20985196615047103,1.0,1.0,0.25,1.0,0.5465116279069767
510,562,0.4,0.02,8,max,0.05,False,0.1,A_default,79,0.7706751054852321,1.0,0.2477852781894387,0.5,1.0,0.3333333333333333,1.0,0.8265822784810128,1.0,0.23847388401486475,0.5,1.0,0.4,1.0,0.9440928270042194,1.0,0.1554571874878119,1.0,1.0,0.3333333333333333,1.0,0.5063291139240507
510,562,0.4,0.02,8,max,0.05,False,0.1,B_weak_signal,58,0.7959770114942528,0.775,0.2278877999472356,0.6666666666666666,1.0,0.25,1.0,0.800287356321839,0.9,0.22936243906384754,0.6666666666666666,1.0,0.25,1.0,0.9956896551724138,1.0,0.03282660821493064,1.0,1.0,0.75,1.0,0.4827586206896552
510,562,0.4,0.02,8,max,0.05,False,0.1,C_deep,86,0.8125968992248062,1.0,0.2388142829520589,0.6875,1.0,0.25,1.0,0.9114341085271319,1.0,0.1752358192244419,1.0,1.0,0.4,1.0,0.9011627906976745,1.0,0.20985196615047103,1.0,1.0,0.25,1.0,0.5465116279069767
511,579,0.4,0.05,8,mean,0.05,False,0.1,A_default,79,0.7687763713080169,0.75,0.21485712287981246,0.6333333333333333,1.0,0.3333333333333333,1.0,0.8552742616033755,1.0,0.19419173389778205,0.6666666666666666,1.0,0.4,1.0,0.9050632911392407,1.0,0.17639057668712138,0.875,1.0,0.3333333333333333,1.0,0.4177215189873418
511,579,0.4,0.05,8,mean,0.05,False,0.1,B_weak_signal,58,0.8221264367816092,0.875,0.19800141598314455,0.6666666666666666,1.0,0.25,1.0,0.8548850574712643,1.0,0.1883292868345927,0.6666666666666666,1.0,0.25,1.0,0.9568965517241379,1.0,0.10264696034190672,1.0,1.0,0.6666666666666666,1.0,0.5
511,579,0.4,0.05,8,mean,0.05,False,0.1,C_deep,86,0.7881782945736434,0.75,0.23049912138930234,0.6666666666666666,1.0,0.25,1.0,0.9215116279069767,1.0,0.14311808459349537,1.0,1.0,0.5,1.0,0.8546511627906976,1.0,0.21962015876482496,0.75,1.0,0.25,1.0,0.46511627906976744
512,190,0.4,0.03,8,max,0.2,True,0.1,A_default,79,0.7839662447257384,1.0,0.256058262127603,0.5,1.0,0.0,1.0,0.8462025316455696,1.0,0.24153694377296367,0.6666666666666666,1.0,0.0,1.0,0.9251054852320675,1.0,0.19410605630655287,1.0,1.0,0.0,1.0,0.5443037974683544
512,190,0.4,0.03,8,max,0.2,True,0.1,B_weak_signal,58,0.7793103448275862,0.75,0.25758116010910787,0.6666666666666666,1.0,0.0,1.0,0.7836206896551725,0.775,0.2591689255333076,0.6666666666666666,1.0,0.0,1.0,0.9612068965517241,1.0,0.1861529043857555,1.0,1.0,0.0,1.0,0.46551724137931033
512,190,0.4,0.03,8,max,0.2,True,0.1,C_deep,86,0.8155038759689923,1.0,0.23597649569554127,0.75,1.0,0.25,1.0,0.9143410852713179,1.0,0.16964327799611115,1.0,1.0,0.4,1.0,0.9011627906976745,1.0,0.20985196615047103,1.0,1.0,0.25,1.0,0.5465116279069767
513,486,0.4,0.05,6,mean,0.1,True,0.1,A_default,79,0.7613924050632912,0.75,0.21123271863766488,0.5833333333333333,1.0,0.3333333333333333,1.0,0.8500000000000001,1.0,0.1954066546557733,0.6666666666666666,1.0,0.4,1.0,0.9050632911392407,1.0,0.17639057668712138,0.875,1.0,0.3333333333333333,1.0,0.3924050632911392
513,486,0.4,0.05,6,mean,0.1,True,0.1,B_weak_signal,58,0.8221264367816092,0.875,0.19800141598314455,0.6666666666666666,1.0,0.25,1.0,0.8548850574712643,1.0,0.1883292868345927,0.6666666666666666,1.0,0.25,1.0,0.9568965517241379,1.0,0.10264696034190672,1.0,1.0,0.6666666666666666,1.0,0.5
513,486,0.4,0.05,6,mean,0.1,True,0.1,C_deep,86,0.7949612403100776,0.75,0.23176038120655054,0.6666666666666666,1.0,0.25,1.0,0.9321705426356588,1.0,0.14206209398320024,1.0,1.0,0.5,1.0,0.8546511627906976,1.0,0.21962015876482496,0.75,1.0,0.25,1.0,0.4883720930232558
514,326,0.4,0.05,8,mean,0.1,True,0.1,A_default,79,0.7613924050632912,0.75,0.21123271863766488,0.5833333333333333,1.0,0.3333333333333333,1.0,0.8500000000000001,1.0,0.1954066546557733,0.6666666666666666,1.0,0.4,1.0,0.9050632911392407,1.0,0.17639057668712138,0.875,1.0,0.3333333333333333,1.0,0.3924050632911392
514,326,0.4,0.05,8,mean,0.1,True,0.1,B_weak_signal,58,0.8221264367816092,0.875,0.19800141598314455,0.6666666666666666,1.0,0.25,1.0,0.8548850574712643,1.0,0.1883292868345927,0.6666666666666666,1.0,0.25,1.0,0.9568965517241379,1.0,0.10264696034190672,1.0,1.0,0.6666666666666666,1.0,0.5
514,326,0.4,0.05,8,mean,0.1,True,0.1,C_deep,86,0.7949612403100776,0.75,0.23176038120655054,0.6666666666666666,1.0,0.25,1.0,0.9321705426356588,1.0,0.14206209398320024,1.0,1.0,0.5,1.0,0.8546511627906976,1.0,0.21962015876482496,0.75,1.0,0.25,1.0,0.4883720930232558
515,740,0.4,0.03,8,mean,0.2,True,0.05,A_default,79,0.7681434599156117,0.75,0.23885693296626784,0.5,1.0,0.25,1.0,0.8219409282700423,1.0,0.23696117921380677,0.6666666666666666,1.0,0.25,1.0,0.9462025316455697,1.0,0.14249879709315363,1.0,1.0,0.5,1.0,0.46835443037974683
515,740,0.4,0.03,8,mean,0.2,True,0.05,B_weak_signal,58,0.7485632183908046,0.75,0.27535701586618627,0.5,1.0,0.2,1.0,0.7528735632183909,0.875,0.2773295435778108,0.5,1.0,0.2,1.0,0.9956896551724138,1.0,0.03282660821493064,1.0,1.0,0.75,1.0,0.4827586206896552
515,740,0.4,0.03,8,mean,0.2,True,0.05,C_deep,86,0.8616279069767441,1.0,0.2065760359062278,0.75,1.0,0.25,1.0,0.912984496124031,1.0,0.17956740251054373,1.0,1.0,0.4,1.0,0.9486434108527131,1.0,0.13954208764400147,1.0,1.0,0.25,1.0,0.6395348837209303
516,384,0.2,0.05,6,max,0.1,True,0.15,A_default,84,0.7722222222222221,0.75,0.2152849569127251,0.625,1.0,0.3333333333333333,1.0,0.8865079365079367,1.0,0.17496368317901725,0.7291666666666666,1.0,0.4,1.0,0.8809523809523809,1.0,0.2013532340948967,0.75,1.0,0.3333333333333333,1.0,0.4166666666666667
516,384,0.2,0.05,6,max,0.1,True,0.15,B_weak_signal,84,0.8369047619047618,1.0,0.1929318540964916,0.6666666666666666,1.0,0.25,1.0,0.8686507936507937,1.0,0.1766754707570749,0.75,1.0,0.25,1.0,0.9642857142857143,1.0,0.11734292976977144,1.0,1.0,0.5,1.0,0.5238095238095238
516,384,0.2,0.05,6,max,0.1,True,0.15,C_deep,92,0.7688405797101447,0.75,0.24394020103446393,0.5,1.0,0.25,1.0,0.9353260869565218,1.0,0.12878796288959768,1.0,1.0,0.5,1.0,0.8251811594202899,1.0,0.24586314235634624,0.7291666666666666,1.0,0.25,1.0,0.44565217391304346
517,248,0.4,0.02,6,max,0.15,True,0.1,A_default,79,0.7582278481012658,0.75,0.2566893293597016,0.5,1.0,0.0,1.0,0.8172995780590717,1.0,0.25129923137422916,0.5,1.0,0.0,1.0,0.9282700421940928,1.0,0.1890588934000327,1.0,1.0,0.0,1.0,0.4810126582278481
517,248,0.4,0.02,6,max,0.15,True,0.1,B_weak_signal,58,0.8048850574712645,0.775,0.21804573756769272,0.6666666666666666,1.0,0.25,1.0,0.8091954022988507,0.9,0.21940848207346209,0.6666666666666666,1.0,0.25,1.0,0.9956896551724138,1.0,0.03282660821493064,1.0,1.0,0.75,1.0,0.4827586206896552
517,248,0.4,0.02,6,max,0.15,True,0.1,C_deep,86,0.8137596899224806,1.0,0.23701840556843545,0.6875,1.0,0.25,1.0,0.9125968992248062,1.0,0.17210606333311942,1.0,1.0,0.4,1.0,0.9011627906976745,1.0,0.20985196615047103,1.0,1.0,0.25,1.0,0.5465116279069767
518,545,0.4,0.02,4,max,0.1,True,0.1,A_default,79,0.7643459915611814,0.75,0.24498872259083543,0.5,1.0,0.3333333333333333,1.0,0.8234177215189873,1.0,0.23780092627368435,0.5,1.0,0.4,1.0,0.940928270042194,1.0,0.15684290569882806,1.0,1.0,0.3333333333333333,1.0,0.4810126582278481
518,545,0.4,0.02,4,max,0.1,True,0.1,B_weak_signal,58,0.7977011494252874,0.775,0.22520184309882532,0.6666666666666666,1.0,0.25,1.0,0.8020114942528735,0.9,0.22666059473736255,0.6666666666666666,1.0,0.25,1.0,0.9956896551724138,1.0,0.03282660821493064,1.0,1.0,0.75,1.0,0.4827586206896552
518,545,0.4,0.02,4,max,0.1,True,0.1,C_deep,86,0.8125968992248062,1.0,0.2388142829520589,0.6875,1.0,0.25,1.0,0.9114341085271319,1.0,0.1752358192244419,1.0,1.0,0.4,1.0,0.9011627906976745,1.0,0.20985196615047103,1.0,1.0,0.25,1.0,0.5465116279069767
519,109,0.4,0.03,8,max,0.2,False,0.15,A_default,79,0.7782700421940928,1.0,0.27209164534076247,0.5,1.0,0.0,1.0,0.9111814345991561,1.0,0.22940405760406476,1.0,1.0,0.0,1.0,0.8291139240506329,1.0,0.26850950253535405,0.5833333333333333,1.0,0.0,1.0,0.5316455696202531
519,109,0.4,0.03,8,max,0.2,False,0.15,B_weak_signal,58,0.8137931034482759,1.0,0.29328312188264893,0.6875,1.0,0.0,1.0,0.8597701149425288,1.0,0.2795330707603655,0.7625,1.0,0.0,1.0,0.8850574712643678,1.0,0.28263052937056304,1.0,1.0,0.0,1.0,0.6206896551724138
519,109,0.4,0.03,8,max,0.2,False,0.15,C_deep,86,0.7815891472868217,0.775,0.2585154837876391,0.6666666666666666,1.0,0.0,1.0,0.9647286821705426,1.0,0.13295088789658854,1.0,1.0,0.0,1.0,0.8032945736434108,1.0,0.26162913140852795,0.75,1.0,0.0,1.0,0.4883720930232558
520,138,0.4,0.05,8,max,0.15,True,0.15,A_default,79,0.760126582278481,0.75,0.23344651896911256,0.5,1.0,0.0,1.0,0.8816455696202532,1.0,0.19960065074324956,0.6666666666666666,1.0,0.0,1.0,0.8607594936708861,1.0,0.22713121661998187,0.75,1.0,0.0,1.0,0.4177215189873418
520,138,0.4,0.05,8,max,0.15,True,0.15,B_weak_signal,58,0.8373563218390804,0.775,0.1730730824245007,0.6875,1.0,0.3333333333333333,1.0,0.8729885057471264,1.0,0.15255547631875763,0.75,1.0,0.5,1.0,0.9568965517241379,1.0,0.125113378708116,1.0,1.0,0.5,1.0,0.4827586206896552
520,138,0.4,0.05,8,max,0.15,True,0.15,C_deep,86,0.775968992248062,0.75,0.24542353216087268,0.5,1.0,0.25,1.0,0.9521317829457365,1.0,0.11303295001201069,1.0,1.0,0.5,1.0,0.8187984496124031,1.0,0.24825925348059943,0.6875,1.0,0.25,1.0,0.46511627906976744
521,431,0.4,0.05,6,min,0.1,False,0.05,A_default,79,0.770675105485232,0.75,0.20638344236880707,0.6666666666666666,1.0,0.3333333333333333,1.0,0.8900843881856542,1.0,0.1788798437089552,0.6666666666666666,1.0,0.4,1.0,0.8776371308016879,1.0,0.19098048997082642,0.75,1.0,0.3333333333333333,1.0,0.3924050632911392
521,431,0.4,0.05,6,min,0.1,False,0.05,B_weak_signal,58,0.832183908045977,1.0,0.18595578057457274,0.6666666666666666,1.0,0.5,1.0,0.8893678160919539,1.0,0.1640050121619769,0.6666666666666666,1.0,0.5,1.0,0.932471264367816,1.0,0.1310261797640399,1.0,1.0,0.5,1.0,0.5172413793103449
521,431,0.4,0.05,6,min,0.1,False,0.05,C_deep,86,0.7699612403100775,0.75,0.22711345481020964,0.6666666666666666,1.0,0.25,1.0,0.9563953488372093,1.0,0.11626453397517716,1.0,1.0,0.5,1.0,0.8003875968992249,0.75,0.21928250117480277,0.75,1.0,0.25,1.0,0.3953488372093023
522,293,0.4,0.05,8,min,0.1,False,0.05,A_default,79,0.770675105485232,0.75,0.20638344236880707,0.6666666666666666,1.0,0.3333333333333333,1.0,0.8900843881856542,1.0,0.1788798437089552,0.6666666666666666,1.0,0.4,1.0,0.8776371308016879,1.0,0.19098048997082642,0.75,1.0,0.3333333333333333,1.0,0.3924050632911392
522,293,0.4,0.05,8,min,0.1,False,0.05,B_weak_signal,58,0.832183908045977,1.0,0.18595578057457274,0.6666666666666666,1.0,0.5,1.0,0.8893678160919539,1.0,0.1640050121619769,0.6666666666666666,1.0,0.5,1.0,0.932471264367816,1.0,0.1310261797640399,1.0,1.0,0.5,1.0,0.5172413793103449
522,293,0.4,0.05,8,min,0.1,False,0.05,C_deep,86,0.7699612403100775,0.75,0.22711345481020964,0.6666666666666666,1.0,0.25,1.0,0.9563953488372093,1.0,0.11626453397517716,1.0,1.0,0.5,1.0,0.8003875968992249,0.75,0.21928250117480277,0.75,1.0,0.25,1.0,0.3953488372093023
523,332,0.4,0.02,4,max,0.05,True,0.1,A_default,79,0.7641350210970465,0.75,0.24961635246096822,0.5,1.0,0.3333333333333333,1.0,0.820042194092827,1.0,0.24191160217744556,0.5,1.0,0.4,1.0,0.9440928270042194,1.0,0.1554571874878119,1.0,1.0,0.3333333333333333,1.0,0.4936708860759494
523,332,0.4,0.02,4,max,0.05,True,0.1,B_weak_signal,58,0.7959770114942528,0.775,0.2278877999472356,0.6666666666666666,1.0,0.25,1.0,0.800287356321839,0.9,0.22936243906384754,0.6666666666666666,1.0,0.25,1.0,0.9956896551724138,1.0,0.03282660821493064,1.0,1.0,0.75,1.0,0.4827586206896552
523,332,0.4,0.02,4,max,0.05,True,0.1,C_deep,86,0.8125968992248062,1.0,0.2388142829520589,0.6875,1.0,0.25,1.0,0.9114341085271319,1.0,0.1752358192244419,1.0,1.0,0.4,1.0,0.9011627906976745,1.0,0.20985196615047103,1.0,1.0,0.25,1.0,0.5465116279069767
524,141,0.4,0.02,8,max,0.05,True,0.1,A_default,79,0.7641350210970465,0.75,0.24961635246096822,0.5,1.0,0.3333333333333333,1.0,0.820042194092827,1.0,0.24191160217744556,0.5,1.0,0.4,1.0,0.9440928270042194,1.0,0.1554571874878119,1.0,1.0,0.3333333333333333,1.0,0.4936708860759494
524,141,0.4,0.02,8,max,0.05,True,0.1,B_weak_signal,58,0.7959770114942528,0.775,0.2278877999472356,0.6666666666666666,1.0,0.25,1.0,0.800287356321839,0.9,0.22936243906384754,0.6666666666666666,1.0,0.25,1.0,0.9956896551724138,1.0,0.03282660821493064,1.0,1.0,0.75,1.0,0.4827586206896552
524,141,0.4,0.02,8,max,0.05,True,0.1,C_deep,86,0.8125968992248062,1.0,0.2388142829520589,0.6875,1.0,0.25,1.0,0.9114341085271319,1.0,0.1752358192244419,1.0,1.0,0.4,1.0,0.9011627906976745,1.0,0.20985196615047103,1.0,1.0,0.25,1.0,0.5465116279069767
525,680,0.2,0.05,8,mean,0.05,False,0.15,A_default,84,0.7666666666666667,0.75,0.22145617629396033,0.5,1.0,0.3333333333333333,1.0,0.89265873015873,1.0,0.1781834409375311,0.7291666666666666,1.0,0.4,1.0,0.8660714285714286,1.0,0.20372117906345805,0.75,1.0,0.3333333333333333,1.0,0.42857142857142855
525,680,0.2,0.05,8,mean,0.05,False,0.15,B_weak_signal,84,0.8478174603174603,1.0,0.19672315167850404,0.6666666666666666,1.0,0.3333333333333333,1.0,0.8958333333333331,1.0,0.16305063232466332,0.7291666666666666,1.0,0.3333333333333333,1.0,0.9404761904761905,1.0,0.14145177924642513,1.0,1.0,0.5,1.0,0.5833333333333334
525,680,0.2,0.05,8,mean,0.05,False,0.15,C_deep,92,0.7581521739130435,0.75,0.2445810073176601,0.5,1.0,0.25,1.0,0.9456521739130435,1.0,0.1219467037957597,1.0,1.0,0.5,1.0,0.7998188405797101,1.0,0.24273943487428112,0.6666666666666666,1.0,0.25,1.0,0.42391304347826086
526,357,0.4,0.05,4,mean,0.15,True,0.05,A_default,79,0.7793248945147678,0.75,0.21472196276905336,0.6666666666666666,1.0,0.25,1.0,0.8584388185654008,1.0,0.20561687843176252,0.6666666666666666,1.0,0.25,1.0,0.9166666666666667,1.0,0.15845137300395223,1.0,1.0,0.5,1.0,0.43037974683544306
526,357,0.4,0.05,4,mean,0.15,True,0.05,B_weak_signal,58,0.7563218390804598,0.75,0.25527242616755674,0.6,1.0,0.2,1.0,0.7761494252873564,0.75,0.25176012108138845,0.6666666666666666,1.0,0.2,1.0,0.9698275862068966,1.0,0.09061501455651391,1.0,1.0,0.6666666666666666,1.0,0.4482758620689655
526,357,0.4,0.05,4,mean,0.15,True,0.05,C_deep,86,0.8319767441860465,1.0,0.20117652503223682,0.6666666666666666,1.0,0.25,1.0,0.9069767441860465,1.0,0.15677437091046798,0.75,1.0,0.5,1.0,0.9137596899224806,1.0,0.1609041418946603,0.75,1.0,0.25,1.0,0.5348837209302325
527,261,0.4,0.02,8,harmonic,0.05,True,0.05,A_default,79,0.7632911392405064,0.75,0.25306356175475314,0.5,1.0,0.2,1.0,0.8170886075949368,1.0,0.2523250103565937,0.5833333333333333,1.0,0.2,1.0,0.9462025316455697,1.0,0.14249879709315363,1.0,1.0,0.5,1.0,0.4810126582278481
527,261,0.4,0.02,8,harmonic,0.05,True,0.05,B_weak_signal,58,0.7382183908045977,0.75,0.2744657866436377,0.5,1.0,0.2,1.0,0.7468390804597702,0.75,0.27866740984105354,0.5,1.0,0.2,1.0,0.9913793103448276,1.0,0.04601480600247988,1.0,1.0,0.75,1.0,0.43103448275862066
527,261,0.4,0.02,8,harmonic,0.05,True,0.05,C_deep,86,0.8656976744186047,1.0,0.1920027684162271,0.75,1.0,0.25,1.0,0.9228682170542637,1.0,0.15963697606847535,1.0,1.0,0.4,1.0,0.942829457364341,1.0,0.14249276320746782,1.0,1.0,0.25,1.0,0.6162790697674418
528,728,0.4,0.02,6,harmonic,0.05,True,0.05,A_default,79,0.7632911392405064,0.75,0.25306356175475314,0.5,1.0,0.2,1.0,0.8170886075949368,1.0,0.2523250103565937,0.5833333333333333,1.0,0.2,1.0,0.9462025316455697,1.0,0.14249879709315363,1.0,1.0,0.5,1.0,0.4810126582278481
528,728,0.4,0.02,6,harmonic,0.05,True,0.05,B_weak_signal,58,0.7382183908045977,0.75,0.2744657866436377,0.5,1.0,0.2,1.0,0.7468390804597702,0.75,0.27866740984105354,0.5,1.0,0.2,1.0,0.9913793103448276,1.0,0.04601480600247988,1.0,1.0,0.75,1.0,0.43103448275862066
528,728,0.4,0.02,6,harmonic,0.05,True,0.05,C_deep,86,0.8656976744186047,1.0,0.1920027684162271,0.75,1.0,0.25,1.0,0.9228682170542637,1.0,0.15963697606847535,1.0,1.0,0.4,1.0,0.942829457364341,1.0,0.14249276320746782,1.0,1.0,0.25,1.0,0.6162790697674418
529,741,0.4,0.03,8,harmonic,0.05,True,0.05,A_default,79,0.7632911392405064,0.75,0.25306356175475314,0.5,1.0,0.2,1.0,0.8170886075949368,1.0,0.2523250103565937,0.5833333333333333,1.0,0.2,1.0,0.9462025316455697,1.0,0.14249879709315363,1.0,1.0,0.5,1.0,0.4810126582278481
529,741,0.4,0.03,8,harmonic,0.05,True,0.05,B_weak_signal,58,0.7382183908045977,0.75,0.2744657866436377,0.5,1.0,0.2,1.0,0.7468390804597702,0.75,0.27866740984105354,0.5,1.0,0.2,1.0,0.9913793103448276,1.0,0.04601480600247988,1.0,1.0,0.75,1.0,0.43103448275862066
529,741,0.4,0.03,8,harmonic,0.05,True,0.05,C_deep,86,0.8656976744186047,1.0,0.1920027684162271,0.75,1.0,0.25,1.0,0.9228682170542637,1.0,0.15963697606847535,1.0,1.0,0.4,1.0,0.942829457364341,1.0,0.14249276320746782,1.0,1.0,0.25,1.0,0.6162790697674418
530,723,0.4,0.05,8,max,0.2,True,0.05,A_default,79,0.7932489451476793,0.75,0.23184075404785293,0.6666666666666666,1.0,0.0,1.0,0.8586497890295358,1.0,0.2222306744037968,0.6666666666666666,1.0,0.0,1.0,0.9198312236286921,1.0,0.18269266358005845,1.0,1.0,0.0,1.0,0.4810126582278481
530,723,0.4,0.05,8,max,0.2,True,0.05,B_weak_signal,58,0.7275862068965517,0.75,0.28355773233099674,0.6,1.0,0.0,1.0,0.735919540229885,0.75,0.28297710189390957,0.6,1.0,0.0,1.0,0.9482758620689655,1.0,0.19734321274790487,1.0,1.0,0.0,1.0,0.39655172413793105
530,723,0.4,0.05,8,max,0.2,True,0.05,C_deep,86,0.8463178294573643,1.0,0.19646219285362335,0.75,1.0,0.25,1.0,0.9065891472868217,1.0,0.15803695831848466,0.75,1.0,0.3333333333333333,1.0,0.9302325581395349,1.0,0.15385061143822237,1.0,1.0,0.25,1.0,0.5581395348837209
531,633,0.4,0.03,8,weighted,0.05,False,0.1,A_default,79,0.7822784810126582,1.0,0.24685113471004055,0.5,1.0,0.3333333333333333,1.0,0.9447257383966245,1.0,0.15124234584945015,1.0,1.0,0.4,1.0,0.8375527426160336,1.0,0.23717034933609424,0.625,1.0,0.3333333333333333,1.0,0.5189873417721519
531,633,0.4,0.03,8,weighted,0.05,False,0.1,B_weak_signal,58,0.8255747126436781,1.0,0.23636739824195377,0.6875,1.0,0.3333333333333333,1.0,0.9261494252873563,1.0,0.1706858104716092,1.0,1.0,0.4,1.0,0.8994252873563219,1.0,0.20457643012474958,1.0,1.0,0.3333333333333333,1.0,0.5862068965517241
531,633,0.4,0.03,8,weighted,0.05,False,0.1,C_deep,86,0.7585271317829456,0.75,0.25625181888143267,0.5,1.0,0.25,1.0,0.9891472868217054,1.0,0.07364317085424223,1.0,1.0,0.4,1.0,0.7693798449612402,0.75,0.25555092946373636,0.5416666666666666,1.0,0.25,1.0,0.43023255813953487
532,273,0.4,0.03,6,weighted,0.05,False,0.1,A_default,79,0.7822784810126582,1.0,0.24685113471004055,0.5,1.0,0.3333333333333333,1.0,0.9447257383966245,1.0,0.15124234584945015,1.0,1.0,0.4,1.0,0.8375527426160336,1.0,0.23717034933609424,0.625,1.0,0.3333333333333333,1.0,0.5189873417721519
532,273,0.4,0.03,6,weighted,0.05,False,0.1,B_weak_signal,58,0.8255747126436781,1.0,0.23636739824195377,0.6875,1.0,0.3333333333333333,1.0,0.9261494252873563,1.0,0.1706858104716092,1.0,1.0,0.4,1.0,0.8994252873563219,1.0,0.20457643012474958,1.0,1.0,0.3333333333333333,1.0,0.5862068965517241
532,273,0.4,0.03,6,weighted,0.05,False,0.1,C_deep,86,0.7585271317829456,0.75,0.25625181888143267,0.5,1.0,0.25,1.0,0.9891472868217054,1.0,0.07364317085424223,1.0,1.0,0.4,1.0,0.7693798449612402,0.75,0.25555092946373636,0.5416666666666666,1.0,0.25,1.0,0.43023255813953487
533,734,0.2,0.05,6,mean,0.05,False,0.05,A_default,84,0.7700396825396826,0.75,0.2124123531651121,0.6,1.0,0.3333333333333333,1.0,0.8420634920634921,1.0,0.2041483466983751,0.6666666666666666,1.0,0.3333333333333333,1.0,0.9216269841269842,1.0,0.15488000627822834,1.0,1.0,0.5,1.0,0.4166666666666667
533,734,0.2,0.05,6,mean,0.05,False,0.05,B_weak_signal,84,0.7728174603174603,0.875,0.26119870622939295,0.6499999999999999,1.0,0.2,1.0,0.7896825396825397,1.0,0.2549365981750258,0.6666666666666666,1.0,0.2,1.0,0.9732142857142857,1.0,0.09252583333113071,1.0,1.0,0.5,1.0,0.5
533,734,0.2,0.05,6,mean,0.05,False,0.05,C_deep,92,0.822644927536232,1.0,0.21381729562421584,0.6666666666666666,1.0,0.25,1.0,0.9184782608695652,1.0,0.14720548133364847,0.9375,1.0,0.5,1.0,0.8903985507246376,1.0,0.18692345131719892,0.75,1.0,0.25,1.0,0.532608695652174
534,699,0.2,0.03,6,weighted,0.05,False,0.05,A_default,84,0.7863095238095238,1.0,0.25089079201912673,0.5,1.0,0.25,1.0,0.9390873015873015,1.0,0.16560897413298756,1.0,1.0,0.25,1.0,0.8472222222222221,1.0,0.23314440620669144,0.75,1.0,0.3333333333333333,1.0,0.5357142857142857
534,699,0.2,0.03,6,weighted,0.05,False,0.05,B_weak_signal,84,0.8029761904761905,1.0,0.2752406846741671,0.6666666666666666,1.0,0.0,1.0,0.864484126984127,1.0,0.25690959871847246,0.9375,1.0,0.0,1.0,0.9265873015873015,1.0,0.19248114091835236,1.0,1.0,0.0,1.0,0.5952380952380952
534,699,0.2,0.03,6,weighted,0.05,False,0.05,C_deep,92,0.7742753623188404,0.75,0.25481220841964447,0.625,1.0,0.25,1.0,0.989855072463768,1.0,0.07122495797269417,1.0,1.0,0.4,1.0,0.7844202898550724,0.75,0.25353188127313114,0.6666666666666666,1.0,0.25,1.0,0.4673913043478261
535,597,0.2,0.02,6,weighted,0.05,False,0.05,A_default,84,0.7863095238095238,1.0,0.25089079201912673,0.5,1.0,0.25,1.0,0.9390873015873015,1.0,0.16560897413298756,1.0,1.0,0.25,1.0,0.8472222222222221,1.0,0.23314440620669144,0.75,1.0,0.3333333333333333,1.0,0.5357142857142857
535,597,0.2,0.02,6,weighted,0.05,False,0.05,B_weak_signal,84,0.8029761904761905,1.0,0.2752406846741671,0.6666666666666666,1.0,0.0,1.0,0.864484126984127,1.0,0.25690959871847246,0.9375,1.0,0.0,1.0,0.9265873015873015,1.0,0.19248114091835236,1.0,1.0,0.0,1.0,0.5952380952380952
535,597,0.2,0.02,6,weighted,0.05,False,0.05,C_deep,92,0.7742753623188404,0.75,0.25481220841964447,0.625,1.0,0.25,1.0,0.989855072463768,1.0,0.07122495797269417,1.0,1.0,0.4,1.0,0.7844202898550724,0.75,0.25353188127313114,0.6666666666666666,1.0,0.25,1.0,0.4673913043478261
536,7,0.3,0.05,6,min,0.2,True,0.1,A_default,84,0.7763888888888889,0.75,0.21015402545087827,0.6666666666666666,1.0,0.3333333333333333,1.0,0.8767857142857142,1.0,0.18683257574557124,0.6666666666666666,1.0,0.4,1.0,0.8928571428571429,1.0,0.17951082038075925,0.75,1.0,0.3333333333333333,1.0,0.4166666666666667
536,7,0.3,0.05,6,min,0.2,True,0.1,B_weak_signal,81,0.8325102880658437,1.0,0.2070443664640488,0.6666666666666666,1.0,0.25,1.0,0.8713991769547325,1.0,0.19277279674783163,0.6666666666666666,1.0,0.25,1.0,0.9516460905349794,1.0,0.11476440052074573,1.0,1.0,0.5,1.0,0.5555555555555556
536,7,0.3,0.05,6,min,0.2,True,0.1,C_deep,92,0.7530797101449275,0.75,0.22606320968493085,0.6499999999999999,1.0,0.25,1.0,0.927355072463768,1.0,0.14848813837793456,1.0,1.0,0.4,1.0,0.8097826086956522,0.75,0.21728078891765906,0.75,1.0,0.25,1.0,0.358695652173913
537,573,0.4,0.05,8,min,0.15,False,0.15,A_default,79,0.7888185654008438,0.75,0.21381625227371528,0.6666666666666666,1.0,0.3333333333333333,1.0,0.9470464135021098,1.0,0.1376895092302672,1.0,1.0,0.4,1.0,0.8417721518987343,1.0,0.20912028153436873,0.7083333333333333,1.0,0.3333333333333333,1.0,0.45569620253164556
537,573,0.4,0.05,8,min,0.15,False,0.15,B_weak_signal,58,0.8379310344827585,1.0,0.1961071708295312,0.6666666666666666,1.0,0.3333333333333333,1.0,0.942528735632184,1.0,0.12985868814550816,1.0,1.0,0.5,1.0,0.8908045977011494,1.0,0.17812025894085415,0.75,1.0,0.3333333333333333,1.0,0.5517241379310345
537,573,0.4,0.05,8,min,0.15,False,0.15,C_deep,86,0.7343023255813954,0.75,0.2309026709928931,0.5,1.0,0.25,1.0,0.9844961240310076,1.0,0.07060849889014123,1.0,1.0,0.6666666666666666,1.0,0.74515503875969,0.75,0.23127758664735173,0.5,1.0,0.25,1.0,0.32558139534883723
538,432,0.4,0.05,6,min,0.15,False,0.15,A_default,79,0.7888185654008438,0.75,0.21381625227371528,0.6666666666666666,1.0,0.3333333333333333,1.0,0.9470464135021098,1.0,0.1376895092302672,1.0,1.0,0.4,1.0,0.8417721518987343,1.0,0.20912028153436873,0.7083333333333333,1.0,0.3333333333333333,1.0,0.45569620253164556
538,432,0.4,0.05,6,min,0.15,False,0.15,B_weak_signal,58,0.8379310344827585,1.0,0.1961071708295312,0.6666666666666666,1.0,0.3333333333333333,1.0,0.942528735632184,1.0,0.12985868814550816,1.0,1.0,0.5,1.0,0.8908045977011494,1.0,0.17812025894085415,0.75,1.0,0.3333333333333333,1.0,0.5517241379310345
538,432,0.4,0.05,6,min,0.15,False,0.15,C_deep,86,0.7343023255813954,0.75,0.2309026709928931,0.5,1.0,0.25,1.0,0.9844961240310076,1.0,0.07060849889014123,1.0,1.0,0.6666666666666666,1.0,0.74515503875969,0.75,0.23127758664735173,0.5,1.0,0.25,1.0,0.32558139534883723
539,184,0.4,0.05,4,min,0.15,False,0.1,A_default,79,0.7888185654008438,0.75,0.21381625227371528,0.6666666666666666,1.0,0.3333333333333333,1.0,0.9470464135021098,1.0,0.1376895092302672,1.0,1.0,0.4,1.0,0.8417721518987343,1.0,0.20912028153436873,0.7083333333333333,1.0,0.3333333333333333,1.0,0.45569620253164556
539,184,0.4,0.05,4,min,0.15,False,0.1,B_weak_signal,58,0.8379310344827585,1.0,0.1961071708295312,0.6666666666666666,1.0,0.3333333333333333,1.0,0.942528735632184,1.0,0.12985868814550816,1.0,1.0,0.5,1.0,0.8908045977011494,1.0,0.17812025894085415,0.75,1.0,0.3333333333333333,1.0,0.5517241379310345
539,184,0.4,0.05,4,min,0.15,False,0.1,C_deep,86,0.7343023255813954,0.75,0.2309026709928931,0.5,1.0,0.25,1.0,0.9844961240310076,1.0,0.07060849889014123,1.0,1.0,0.6666666666666666,1.0,0.74515503875969,0.75,0.23127758664735173,0.5,1.0,0.25,1.0,0.32558139534883723
540,472,0.4,0.05,4,min,0.15,False,0.05,A_default,79,0.7888185654008438,0.75,0.21381625227371528,0.6666666666666666,1.0,0.3333333333333333,1.0,0.9470464135021098,1.0,0.1376895092302672,1.0,1.0,0.4,1.0,0.8417721518987343,1.0,0.20912028153436873,0.7083333333333333,1.0,0.3333333333333333,1.0,0.45569620253164556
540,472,0.4,0.05,4,min,0.15,False,0.05,B_weak_signal,58,0.8379310344827585,1.0,0.1961071708295312,0.6666666666666666,1.0,0.3333333333333333,1.0,0.942528735632184,1.0,0.12985868814550816,1.0,1.0,0.5,1.0,0.8908045977011494,1.0,0.17812025894085415,0.75,1.0,0.3333333333333333,1.0,0.5517241379310345
540,472,0.4,0.05,4,min,0.15,False,0.05,C_deep,86,0.7343023255813954,0.75,0.2309026709928931,0.5,1.0,0.25,1.0,0.9844961240310076,1.0,0.07060849889014123,1.0,1.0,0.6666666666666666,1.0,0.74515503875969,0.75,0.23127758664735173,0.5,1.0,0.25,1.0,0.32558139534883723
541,727,0.4,0.02,4,weighted,0.05,False,0.05,A_default,79,0.7822784810126582,1.0,0.24685113471004055,0.5,1.0,0.3333333333333333,1.0,0.9447257383966245,1.0,0.15124234584945015,1.0,1.0,0.4,1.0,0.8375527426160336,1.0,0.23717034933609424,0.625,1.0,0.3333333333333333,1.0,0.5189873417721519
541,727,0.4,0.02,4,weighted,0.05,False,0.05,B_weak_signal,58,0.8198275862068967,1.0,0.23867031132977293,0.6875,1.0,0.25,1.0,0.9089080459770116,1.0,0.19288553497539032,1.0,1.0,0.25,1.0,0.9109195402298851,1.0,0.19045323299555567,1.0,1.0,0.3333333333333333,1.0,0.5689655172413793
541,727,0.4,0.02,4,weighted,0.05,False,0.05,C_deep,86,0.7585271317829456,0.75,0.25625181888143267,0.5,1.0,0.25,1.0,0.9891472868217054,1.0,0.07364317085424223,1.0,1.0,0.4,1.0,0.7693798449612402,0.75,0.25555092946373636,0.5416666666666666,1.0,0.25,1.0,0.43023255813953487
542,519,0.2,0.05,8,mean,0.2,False,0.15,A_default,84,0.7966269841269842,1.0,0.23404623969483662,0.5,1.0,0.3333333333333333,1.0,0.9920634920634922,1.0,0.0511236649669526,1.0,1.0,0.6666666666666666,1.0,0.804563492063492,1.0,0.23516707994914715,0.5,1.0,0.3333333333333333,1.0,0.5238095238095238
542,519,0.2,0.05,8,mean,0.2,False,0.15,B_weak_signal,84,0.8273809523809523,1.0,0.286576557906934,0.6666666666666666,1.0,0.0,1.0,0.9325396825396824,1.0,0.24148005205716522,1.0,1.0,0.0,1.0,0.8353174603174603,1.0,0.2866321633516304,0.75,1.0,0.0,1.0,0.6666666666666666
542,519,0.2,0.05,8,mean,0.2,False,0.15,C_deep,92,0.7364130434782609,0.75,0.26933111815705496,0.5,1.0,0.0,1.0,0.9891304347826086,1.0,0.10425720702853719,1.0,1.0,0.0,1.0,0.7364130434782609,0.75,0.26933111815705496,0.5,1.0,0.0,1.0,0.42391304347826086
543,341,0.3,0.02,4,min,0.2,False,0.05,A_default,84,0.7480158730158729,0.75,0.25082734268026396,0.5,1.0,0.25,1.0,0.9384920634920635,1.0,0.1481247391781704,1.0,1.0,0.5,1.0,0.8095238095238095,1.0,0.2543370219048283,0.5,1.0,0.25,1.0,0.44047619047619047
543,341,0.3,0.02,4,min,0.2,False,0.05,B_weak_signal,81,0.8672839506172839,1.0,0.20740534059816793,0.75,1.0,0.3333333333333333,1.0,0.9557613168724278,1.0,0.13761763891473525,1.0,1.0,0.5,1.0,0.9115226337448559,1.0,0.17889789870723904,1.0,1.0,0.3333333333333333,1.0,0.6790123456790124
543,341,0.3,0.02,4,min,0.2,False,0.05,C_deep,92,0.7443840579710144,0.75,0.2590283946644622,0.5,1.0,0.25,1.0,0.982608695652174,1.0,0.08551763820231016,1.0,1.0,0.4,1.0,0.7617753623188406,0.75,0.2610738840156321,0.5,1.0,0.25,1.0,0.40217391304347827
544,434,0.3,0.03,8,min,0.2,False,0.1,A_default,84,0.7480158730158729,0.75,0.25082734268026396,0.5,1.0,0.25,1.0,0.9384920634920635,1.0,0.1481247391781704,1.0,1.0,0.5,1.0,0.8095238095238095,1.0,0.2543370219048283,0.5,1.0,0.25,1.0,0.44047619047619047
544,434,0.3,0.03,8,min,0.2,False,0.1,B_weak_signal,81,0.8672839506172839,1.0,0.20740534059816793,0.75,1.0,0.3333333333333333,1.0,0.9557613168724278,1.0,0.13761763891473525,1.0,1.0,0.5,1.0,0.9115226337448559,1.0,0.17889789870723904,1.0,1.0,0.3333333333333333,1.0,0.6790123456790124
544,434,0.3,0.03,8,min,0.2,False,0.1,C_deep,92,0.7443840579710144,0.75,0.2590283946644622,0.5,1.0,0.25,1.0,0.982608695652174,1.0,0.08551763820231016,1.0,1.0,0.4,1.0,0.7617753623188406,0.75,0.2610738840156321,0.5,1.0,0.25,1.0,0.40217391304347827
545,463,0.3,0.03,4,min,0.2,False,0.15,A_default,84,0.7480158730158729,0.75,0.25082734268026396,0.5,1.0,0.25,1.0,0.9384920634920635,1.0,0.1481247391781704,1.0,1.0,0.5,1.0,0.8095238095238095,1.0,0.2543370219048283,0.5,1.0,0.25,1.0,0.44047619047619047
545,463,0.3,0.03,4,min,0.2,False,0.15,B_weak_signal,81,0.8672839506172839,1.0,0.20740534059816793,0.75,1.0,0.3333333333333333,1.0,0.9557613168724278,1.0,0.13761763891473525,1.0,1.0,0.5,1.0,0.9115226337448559,1.0,0.17889789870723904,1.0,1.0,0.3333333333333333,1.0,0.6790123456790124
545,463,0.3,0.03,4,min,0.2,False,0.15,C_deep,92,0.7443840579710144,0.75,0.2590283946644622,0.5,1.0,0.25,1.0,0.982608695652174,1.0,0.08551763820231016,1.0,1.0,0.4,1.0,0.7617753623188406,0.75,0.2610738840156321,0.5,1.0,0.25,1.0,0.40217391304347827
546,553,0.3,0.03,8,min,0.2,False,0.05,A_default,84,0.7480158730158729,0.75,0.25082734268026396,0.5,1.0,0.25,1.0,0.9384920634920635,1.0,0.1481247391781704,1.0,1.0,0.5,1.0,0.8095238095238095,1.0,0.2543370219048283,0.5,1.0,0.25,1.0,0.44047619047619047
546,553,0.3,0.03,8,min,0.2,False,0.05,B_weak_signal,81,0.8672839506172839,1.0,0.20740534059816793,0.75,1.0,0.3333333333333333,1.0,0.9557613168724278,1.0,0.13761763891473525,1.0,1.0,0.5,1.0,0.9115226337448559,1.0,0.17889789870723904,1.0,1.0,0.3333333333333333,1.0,0.6790123456790124
546,553,0.3,0.03,8,min,0.2,False,0.05,C_deep,92,0.7443840579710144,0.75,0.2590283946644622,0.5,1.0,0.25,1.0,0.982608695652174,1.0,0.08551763820231016,1.0,1.0,0.4,1.0,0.7617753623188406,0.75,0.2610738840156321,0.5,1.0,0.25,1.0,0.40217391304347827
547,48,0.4,0.02,4,mean,0.15,True,0.05,A_default,79,0.7559071729957805,0.75,0.25001478552692946,0.5,1.0,0.25,1.0,0.8097046413502109,1.0,0.2508760660839078,0.5,1.0,0.25,1.0,0.9462025316455697,1.0,0.14249879709315363,1.0,1.0,0.5,1.0,0.46835443037974683
547,48,0.4,0.02,4,mean,0.15,True,0.05,B_weak_signal,58,0.7456896551724139,0.75,0.27709085259687216,0.5,1.0,0.2,1.0,0.7500000000000001,0.875,0.27909628596974423,0.5,1.0,0.2,1.0,0.9956896551724138,1.0,0.03282660821493064,1.0,1.0,0.75,1.0,0.4827586206896552
547,48,0.4,0.02,4,mean,0.15,True,0.05,C_deep,86,0.8565891472868218,1.0,0.21400749894880583,0.75,1.0,0.25,1.0,0.9079457364341085,1.0,0.18945616604082632,1.0,1.0,0.4,1.0,0.9486434108527131,1.0,0.13954208764400147,1.0,1.0,0.25,1.0,0.6395348837209303
548,175,0.4,0.05,8,max,0.05,False,0.15,A_default,79,0.7546413502109705,0.75,0.2159247110275746,0.5,1.0,0.3333333333333333,1.0,0.8761603375527428,1.0,0.18252899594622812,0.6666666666666666,1.0,0.4,1.0,0.8734177215189873,1.0,0.20536811135958494,0.75,1.0,0.3333333333333333,1.0,0.379746835443038
548,175,0.4,0.05,8,max,0.05,False,0.15,B_weak_signal,58,0.8344827586206897,0.75,0.15918475507166913,0.6875,1.0,0.5,1.0,0.8672413793103447,1.0,0.14666419180665077,0.75,1.0,0.6666666666666666,1.0,0.9655172413793104,1.0,0.10930678561612818,1.0,1.0,0.5,1.0,0.4482758620689655
548,175,0.4,0.05,8,max,0.05,False,0.15,C_deep,86,0.7684108527131782,0.75,0.2436518070328546,0.5,1.0,0.25,1.0,0.9434108527131784,1.0,0.11857760123573045,1.0,1.0,0.5,1.0,0.8187984496124031,1.0,0.24825925348059943,0.6875,1.0,0.25,1.0,0.4418604651162791
549,63,0.4,0.05,4,max,0.05,False,0.15,A_default,79,0.7546413502109705,0.75,0.2159247110275746,0.5,1.0,0.3333333333333333,1.0,0.8761603375527428,1.0,0.18252899594622812,0.6666666666666666,1.0,0.4,1.0,0.8734177215189873,1.0,0.20536811135958494,0.75,1.0,0.3333333333333333,1.0,0.379746835443038
549,63,0.4,0.05,4,max,0.05,False,0.15,B_weak_signal,58,0.8344827586206897,0.75,0.15918475507166913,0.6875,1.0,0.5,1.0,0.8672413793103447,1.0,0.14666419180665077,0.75,1.0,0.6666666666666666,1.0,0.9655172413793104,1.0,0.10930678561612818,1.0,1.0,0.5,1.0,0.4482758620689655
549,63,0.4,0.05,4,max,0.05,False,0.15,C_deep,86,0.7684108527131782,0.75,0.2436518070328546,0.5,1.0,0.25,1.0,0.9434108527131784,1.0,0.11857760123573045,1.0,1.0,0.5,1.0,0.8187984496124031,1.0,0.24825925348059943,0.6875,1.0,0.25,1.0,0.4418604651162791
550,265,0.4,0.02,8,max,0.15,True,0.15,A_default,79,0.7447257383966244,0.75,0.2576955775926475,0.5,1.0,0.0,1.0,0.8544303797468354,1.0,0.24243113482722176,0.6666666666666666,1.0,0.0,1.0,0.8776371308016877,1.0,0.22322241913436427,0.75,1.0,0.0,1.0,0.45569620253164556
550,265,0.4,0.02,8,max,0.15,True,0.15,B_weak_signal,58,0.8281609195402299,1.0,0.19924826796255776,0.6875,1.0,0.4,1.0,0.8540229885057471,1.0,0.19260981639726613,0.75,1.0,0.4,1.0,0.9741379310344828,1.0,0.10141169320374893,1.0,1.0,0.5,1.0,0.5172413793103449
550,265,0.4,0.02,8,max,0.15,True,0.15,C_deep,86,0.7823643410852713,0.8,0.24868746497633953,0.5,1.0,0.25,1.0,0.9461240310077519,1.0,0.137262555971852,1.0,1.0,0.5,1.0,0.8343023255813955,1.0,0.24471344655051688,0.75,1.0,0.25,1.0,0.4883720930232558
551,425,0.4,0.02,6,max,0.15,True,0.15,A_default,79,0.7447257383966244,0.75,0.2576955775926475,0.5,1.0,0.0,1.0,0.8544303797468354,1.0,0.24243113482722176,0.6666666666666666,1.0,0.0,1.0,0.8776371308016877,1.0,0.22322241913436427,0.75,1.0,0.0,1.0,0.45569620253164556
551,425,0.4,0.02,6,max,0.15,True,0.15,B_weak_signal,58,0.8281609195402299,1.0,0.19924826796255776,0.6875,1.0,0.4,1.0,0.8540229885057471,1.0,0.19260981639726613,0.75,1.0,0.4,1.0,0.9741379310344828,1.0,0.10141169320374893,1.0,1.0,0.5,1.0,0.5172413793103449
551,425,0.4,0.02,6,max,0.15,True,0.15,C_deep,86,0.7823643410852713,0.8,0.24868746497633953,0.5,1.0,0.25,1.0,0.9461240310077519,1.0,0.137262555971852,1.0,1.0,0.5,1.0,0.8343023255813955,1.0,0.24471344655051688,0.75,1.0,0.25,1.0,0.4883720930232558
552,182,0.2,0.05,4,mean,0.05,True,0.15,A_default,84,0.7517857142857143,0.75,0.2203808595909559,0.5,1.0,0.3333333333333333,1.0,0.8738095238095239,1.0,0.18276263335038717,0.6666666666666666,1.0,0.4,1.0,0.8660714285714286,1.0,0.20372117906345805,0.75,1.0,0.3333333333333333,1.0,0.39285714285714285
552,182,0.2,0.05,4,mean,0.05,True,0.15,B_weak_signal,84,0.8478174603174603,1.0,0.19672315167850404,0.6666666666666666,1.0,0.3333333333333333,1.0,0.8958333333333331,1.0,0.16305063232466332,0.7291666666666666,1.0,0.3333333333333333,1.0,0.9404761904761905,1.0,0.14145177924642513,1.0,1.0,0.5,1.0,0.5833333333333334
552,182,0.2,0.05,4,mean,0.05,True,0.15,C_deep,92,0.7554347826086957,0.75,0.24324963053895732,0.5,1.0,0.25,1.0,0.9429347826086957,1.0,0.12349790266918909,1.0,1.0,0.5,1.0,0.7998188405797101,1.0,0.24273943487428112,0.6666666666666666,1.0,0.25,1.0,0.41304347826086957
553,489,0.3,0.05,4,mean,0.05,True,0.15,A_default,84,0.7517857142857143,0.75,0.2203808595909559,0.5,1.0,0.3333333333333333,1.0,0.8738095238095239,1.0,0.18276263335038717,0.6666666666666666,1.0,0.4,1.0,0.8660714285714286,1.0,0.20372117906345805,0.75,1.0,0.3333333333333333,1.0,0.39285714285714285
553,489,0.3,0.05,4,mean,0.05,True,0.15,B_weak_signal,81,0.8462962962962962,1.0,0.1978881558411777,0.6666666666666666,1.0,0.3333333333333333,1.0,0.8960905349794238,1.0,0.16326256130289776,0.75,1.0,0.3333333333333333,1.0,0.9382716049382716,1.0,0.1436006336173648,1.0,1.0,0.5,1.0,0.5802469135802469
553,489,0.3,0.05,4,mean,0.05,True,0.15,C_deep,92,0.7554347826086957,0.75,0.24324963053895732,0.5,1.0,0.25,1.0,0.9429347826086957,1.0,0.12349790266918909,1.0,1.0,0.5,1.0,0.7998188405797101,1.0,0.24273943487428112,0.6666666666666666,1.0,0.25,1.0,0.41304347826086957
554,566,0.2,0.05,4,weighted,0.05,False,0.1,A_default,84,0.7847222222222223,0.875,0.23805054323278196,0.5,1.0,0.3333333333333333,1.0,0.959126984126984,1.0,0.12462540288215415,1.0,1.0,0.4,1.0,0.8244047619047619,1.0,0.23392704769875686,0.625,1.0,0.3333333333333333,1.0,0.5
554,566,0.2,0.05,4,weighted,0.05,False,0.1,B_weak_signal,84,0.8371031746031744,1.0,0.2416386383203062,0.6666666666666666,1.0,0.0,1.0,0.9246031746031745,1.0,0.17999844173199112,1.0,1.0,0.0,1.0,0.8938492063492063,1.0,0.21697968988514962,1.0,1.0,0.0,1.0,0.6309523809523809
554,566,0.2,0.05,4,weighted,0.05,False,0.1,C_deep,92,0.7298913043478261,0.75,0.2452670175774653,0.5,1.0,0.25,1.0,0.9864130434782609,1.0,0.06452273112369851,1.0,1.0,0.6666666666666666,1.0,0.7409420289855071,0.75,0.24845570703985287,0.5,1.0,0.25,1.0,0.34782608695652173
555,267,0.4,0.03,4,max,0.2,True,0.15,A_default,79,0.7654008438818566,1.0,0.2586780461620784,0.5,1.0,0.0,1.0,0.8867088607594936,1.0,0.22222296602710098,1.0,1.0,0.0,1.0,0.8660337552742615,1.0,0.23434522708103123,0.75,1.0,0.0,1.0,0.5063291139240507
555,267,0.4,0.03,4,max,0.2,True,0.15,B_weak_signal,58,0.8008620689655171,0.9,0.24687959858362904,0.6666666666666666,1.0,0.0,1.0,0.8267241379310345,1.0,0.2445096867048802,0.6875,1.0,0.0,1.0,0.9396551724137931,1.0,0.20578446838602063,1.0,1.0,0.0,1.0,0.5
555,267,0.4,0.03,4,max,0.2,True,0.15,C_deep,86,0.784108527131783,0.8,0.24791822097709076,0.5,1.0,0.25,1.0,0.9478682170542636,1.0,0.13371994223681216,1.0,1.0,0.5,1.0,0.8343023255813955,1.0,0.24471344655051688,0.75,1.0,0.25,1.0,0.4883720930232558
556,125,0.4,0.03,8,max,0.2,True,0.15,A_default,79,0.7654008438818566,1.0,0.2586780461620784,0.5,1.0,0.0,1.0,0.8867088607594936,1.0,0.22222296602710098,1.0,1.0,0.0,1.0,0.8660337552742615,1.0,0.23434522708103123,0.75,1.0,0.0,1.0,0.5063291139240507
556,125,0.4,0.03,8,max,0.2,True,0.15,B_weak_signal,58,0.8008620689655171,0.9,0.24687959858362904,0.6666666666666666,1.0,0.0,1.0,0.8267241379310345,1.0,0.2445096867048802,0.6875,1.0,0.0,1.0,0.9396551724137931,1.0,0.20578446838602063,1.0,1.0,0.0,1.0,0.5
556,125,0.4,0.03,8,max,0.2,True,0.15,C_deep,86,0.784108527131783,0.8,0.24791822097709076,0.5,1.0,0.25,1.0,0.9478682170542636,1.0,0.13371994223681216,1.0,1.0,0.5,1.0,0.8343023255813955,1.0,0.24471344655051688,0.75,1.0,0.25,1.0,0.4883720930232558
557,471,0.4,0.05,4,max,0.05,False,0.05,A_default,79,0.7592827004219409,0.75,0.21278151849119237,0.6333333333333333,1.0,0.3333333333333333,1.0,0.8234177215189873,1.0,0.21097924897862647,0.6666666666666666,1.0,0.3333333333333333,1.0,0.9324894514767933,1.0,0.14983130908991746,1.0,1.0,0.5,1.0,0.379746835443038
557,471,0.4,0.05,4,max,0.05,False,0.05,B_weak_signal,58,0.7531609195402298,0.75,0.23871114487522072,0.6666666666666666,1.0,0.2,1.0,0.7600574712643678,0.75,0.23998334199768592,0.6666666666666666,1.0,0.2,1.0,0.9913793103448276,1.0,0.04601480600247989,1.0,1.0,0.75,1.0,0.3793103448275862
557,471,0.4,0.05,4,max,0.05,False,0.05,C_deep,86,0.837403100775194,1.0,0.19226778790213905,0.75,1.0,0.25,1.0,0.9075581395348838,1.0,0.1482282504352196,0.75,1.0,0.5,1.0,0.9244186046511628,1.0,0.16048736383419224,1.0,1.0,0.25,1.0,0.5232558139534884
558,211,0.4,0.05,8,max,0.05,True,0.15,A_default,79,0.7546413502109705,0.75,0.2159247110275746,0.5,1.0,0.3333333333333333,1.0,0.8761603375527428,1.0,0.18252899594622812,0.6666666666666666,1.0,0.4,1.0,0.8734177215189873,1.0,0.20536811135958494,0.75,1.0,0.3333333333333333,1.0,0.379746835443038
558,211,0.4,0.05,8,max,0.05,True,0.15,B_weak_signal,58,0.8316091954022988,0.75,0.16370734285606825,0.6875,1.0,0.5,1.0,0.864367816091954,1.0,0.15219153687801149,0.75,1.0,0.5,1.0,0.9655172413793104,1.0,0.10930678561612818,1.0,1.0,0.5,1.0,0.4482758620689655
558,211,0.4,0.05,8,max,0.05,True,0.15,C_deep,86,0.7625968992248061,0.75,0.24402582160744207,0.5,1.0,0.25,1.0,0.9375968992248063,1.0,0.12767877499820923,1.0,1.0,0.5,1.0,0.8187984496124031,1.0,0.24825925348059943,0.6875,1.0,0.25,1.0,0.43023255813953487
559,540,0.4,0.03,6,weighted,0.2,True,0.15,A_default,79,0.8090717299578059,1.0,0.23726536570517023,0.5,1.0,0.3333333333333333,1.0,0.9767932489451477,1.0,0.0914203264006155,1.0,1.0,0.5,1.0,0.8322784810126582,1.0,0.23626578803050297,0.5,1.0,0.3333333333333333,1.0,0.569620253164557
559,540,0.4,0.03,6,weighted,0.2,True,0.15,B_weak_signal,58,0.8086206896551725,1.0,0.25790128707011234,0.6666666666666666,1.0,0.25,1.0,0.9580459770114942,1.0,0.1292594508974089,1.0,1.0,0.4,1.0,0.8505747126436782,1.0,0.25012600172162314,0.75,1.0,0.25,1.0,0.5862068965517241
559,540,0.4,0.03,6,weighted,0.2,True,0.15,C_deep,86,0.7296511627906976,0.75,0.2656647989059088,0.5,1.0,0.25,1.0,0.9941860465116279,1.0,0.05391638660171922,1.0,1.0,0.5,1.0,0.7354651162790696,0.75,0.26605071647362655,0.5,1.0,0.25,1.0,0.38372093023255816
560,288,0.4,0.02,6,weighted,0.2,True,0.15,A_default,79,0.8090717299578059,1.0,0.23726536570517023,0.5,1.0,0.3333333333333333,1.0,0.9767932489451477,1.0,0.0914203264006155,1.0,1.0,0.5,1.0,0.8322784810126582,1.0,0.23626578803050297,0.5,1.0,0.3333333333333333,1.0,0.569620253164557
560,288,0.4,0.02,6,weighted,0.2,True,0.15,B_weak_signal,58,0.8086206896551725,1.0,0.25790128707011234,0.6666666666666666,1.0,0.25,1.0,0.9580459770114942,1.0,0.1292594508974089,1.0,1.0,0.4,1.0,0.8505747126436782,1.0,0.25012600172162314,0.75,1.0,0.25,1.0,0.5862068965517241
560,288,0.4,0.02,6,weighted,0.2,True,0.15,C_deep,86,0.7296511627906976,0.75,0.2656647989059088,0.5,1.0,0.25,1.0,0.9941860465116279,1.0,0.05391638660171922,1.0,1.0,0.5,1.0,0.7354651162790696,0.75,0.26605071647362655,0.5,1.0,0.25,1.0,0.38372093023255816
561,440,0.4,0.03,4,weighted,0.2,True,0.15,A_default,79,0.8090717299578059,1.0,0.23726536570517023,0.5,1.0,0.3333333333333333,1.0,0.9767932489451477,1.0,0.0914203264006155,1.0,1.0,0.5,1.0,0.8322784810126582,1.0,0.23626578803050297,0.5,1.0,0.3333333333333333,1.0,0.569620253164557
561,440,0.4,0.03,4,weighted,0.2,True,0.15,B_weak_signal,58,0.8086206896551725,1.0,0.25790128707011234,0.6666666666666666,1.0,0.25,1.0,0.9580459770114942,1.0,0.1292594508974089,1.0,1.0,0.4,1.0,0.8505747126436782,1.0,0.25012600172162314,0.75,1.0,0.25,1.0,0.5862068965517241
561,440,0.4,0.03,4,weighted,0.2,True,0.15,C_deep,86,0.7296511627906976,0.75,0.2656647989059088,0.5,1.0,0.25,1.0,0.9941860465116279,1.0,0.05391638660171922,1.0,1.0,0.5,1.0,0.7354651162790696,0.75,0.26605071647362655,0.5,1.0,0.25,1.0,0.38372093023255816
562,354,0.2,0.03,6,min,0.2,False,0.05,A_default,84,0.7480158730158729,0.75,0.25082734268026396,0.5,1.0,0.25,1.0,0.9384920634920635,1.0,0.1481247391781704,1.0,1.0,0.5,1.0,0.8095238095238095,1.0,0.2543370219048283,0.5,1.0,0.25,1.0,0.44047619047619047
562,354,0.2,0.03,6,min,0.2,False,0.05,B_weak_signal,84,0.8541666666666666,1.0,0.2284467516512913,0.75,1.0,0.0,1.0,0.9394841269841269,1.0,0.17753291758620923,1.0,1.0,0.0,1.0,0.9027777777777777,1.0,0.20240907412640965,1.0,1.0,0.0,1.0,0.6666666666666666
562,354,0.2,0.03,6,min,0.2,False,0.05,C_deep,92,0.7443840579710144,0.75,0.2590283946644622,0.5,1.0,0.25,1.0,0.982608695652174,1.0,0.08551763820231016,1.0,1.0,0.4,1.0,0.7617753623188406,0.75,0.2610738840156321,0.5,1.0,0.25,1.0,0.40217391304347827
563,146,0.2,0.02,4,min,0.2,False,0.05,A_default,84,0.7480158730158729,0.75,0.25082734268026396,0.5,1.0,0.25,1.0,0.9384920634920635,1.0,0.1481247391781704,1.0,1.0,0.5,1.0,0.8095238095238095,1.0,0.2543370219048283,0.5,1.0,0.25,1.0,0.44047619047619047
563,146,0.2,0.02,4,min,0.2,False,0.05,B_weak_signal,84,0.8541666666666666,1.0,0.2284467516512913,0.75,1.0,0.0,1.0,0.9394841269841269,1.0,0.17753291758620923,1.0,1.0,0.0,1.0,0.9027777777777777,1.0,0.20240907412640965,1.0,1.0,0.0,1.0,0.6666666666666666
563,146,0.2,0.02,4,min,0.2,False,0.05,C_deep,92,0.7443840579710144,0.75,0.2590283946644622,0.5,1.0,0.25,1.0,0.982608695652174,1.0,0.08551763820231016,1.0,1.0,0.4,1.0,0.7617753623188406,0.75,0.2610738840156321,0.5,1.0,0.25,1.0,0.40217391304347827
564,487,0.2,0.03,4,min,0.2,False,0.15,A_default,84,0.7480158730158729,0.75,0.25082734268026396,0.5,1.0,0.25,1.0,0.9384920634920635,1.0,0.1481247391781704,1.0,1.0,0.5,1.0,0.8095238095238095,1.0,0.2543370219048283,0.5,1.0,0.25,1.0,0.44047619047619047
564,487,0.2,0.03,4,min,0.2,False,0.15,B_weak_signal,84,0.8541666666666666,1.0,0.2284467516512913,0.75,1.0,0.0,1.0,0.9394841269841269,1.0,0.17753291758620923,1.0,1.0,0.0,1.0,0.9027777777777777,1.0,0.20240907412640965,1.0,1.0,0.0,1.0,0.6666666666666666
564,487,0.2,0.03,4,min,0.2,False,0.15,C_deep,92,0.7443840579710144,0.75,0.2590283946644622,0.5,1.0,0.25,1.0,0.982608695652174,1.0,0.08551763820231016,1.0,1.0,0.4,1.0,0.7617753623188406,0.75,0.2610738840156321,0.5,1.0,0.25,1.0,0.40217391304347827
565,254,0.2,0.02,6,min,0.2,False,0.1,A_default,84,0.7480158730158729,0.75,0.25082734268026396,0.5,1.0,0.25,1.0,0.9384920634920635,1.0,0.1481247391781704,1.0,1.0,0.5,1.0,0.8095238095238095,1.0,0.2543370219048283,0.5,1.0,0.25,1.0,0.44047619047619047
565,254,0.2,0.02,6,min,0.2,False,0.1,B_weak_signal,84,0.8541666666666666,1.0,0.2284467516512913,0.75,1.0,0.0,1.0,0.9394841269841269,1.0,0.17753291758620923,1.0,1.0,0.0,1.0,0.9027777777777777,1.0,0.20240907412640965,1.0,1.0,0.0,1.0,0.6666666666666666
565,254,0.2,0.02,6,min,0.2,False,0.1,C_deep,92,0.7443840579710144,0.75,0.2590283946644622,0.5,1.0,0.25,1.0,0.982608695652174,1.0,0.08551763820231016,1.0,1.0,0.4,1.0,0.7617753623188406,0.75,0.2610738840156321,0.5,1.0,0.25,1.0,0.40217391304347827
566,643,0.2,0.02,8,min,0.2,False,0.15,A_default,84,0.7480158730158729,0.75,0.25082734268026396,0.5,1.0,0.25,1.0,0.9384920634920635,1.0,0.1481247391781704,1.0,1.0,0.5,1.0,0.8095238095238095,1.0,0.2543370219048283,0.5,1.0,0.25,1.0,0.44047619047619047
566,643,0.2,0.02,8,min,0.2,False,0.15,B_weak_signal,84,0.8541666666666666,1.0,0.2284467516512913,0.75,1.0,0.0,1.0,0.9394841269841269,1.0,0.17753291758620923,1.0,1.0,0.0,1.0,0.9027777777777777,1.0,0.20240907412640965,1.0,1.0,0.0,1.0,0.6666666666666666
566,643,0.2,0.02,8,min,0.2,False,0.15,C_deep,92,0.7443840579710144,0.75,0.2590283946644622,0.5,1.0,0.25,1.0,0.982608695652174,1.0,0.08551763820231016,1.0,1.0,0.4,1.0,0.7617753623188406,0.75,0.2610738840156321,0.5,1.0,0.25,1.0,0.40217391304347827
567,646,0.3,0.05,6,min,0.2,True,0.15,A_default,84,0.766468253968254,0.75,0.21432147605373505,0.5,1.0,0.3333333333333333,1.0,0.9125000000000001,1.0,0.1626601774661929,1.0,1.0,0.4,1.0,0.8472222222222223,1.0,0.2065013157241508,0.7291666666666666,1.0,0.3333333333333333,1.0,0.40476190476190477
567,646,0.3,0.05,6,min,0.2,True,0.15,B_weak_signal,81,0.851028806584362,1.0,0.19279280903437118,0.6666666666666666,1.0,0.3333333333333333,1.0,0.9104938271604939,1.0,0.15854031305695584,0.75,1.0,0.3333333333333333,1.0,0.9331275720164608,1.0,0.14277735744762066,1.0,1.0,0.5,1.0,0.5925925925925926
567,646,0.3,0.05,6,min,0.2,True,0.15,C_deep,92,0.7289855072463768,0.75,0.23337087041363014,0.5,1.0,0.25,1.0,0.960144927536232,1.0,0.11082872754039998,1.0,1.0,0.5,1.0,0.7554347826086957,0.75,0.22973559011480535,0.625,1.0,0.25,1.0,0.32608695652173914
568,160,0.2,0.05,6,min,0.1,False,0.15,A_default,84,0.7625,0.75,0.21302743819603176,0.5,1.0,0.3333333333333333,1.0,0.9105158730158729,1.0,0.1666622441562793,1.0,1.0,0.4,1.0,0.8472222222222223,1.0,0.2065013157241508,0.7291666666666666,1.0,0.3333333333333333,1.0,0.39285714285714285
568,160,0.2,0.05,6,min,0.1,False,0.15,B_weak_signal,84,0.8523809523809524,1.0,0.19174990085751778,0.6666666666666666,1.0,0.3333333333333333,1.0,0.9097222222222221,1.0,0.15854104602696284,0.75,1.0,0.3333333333333333,1.0,0.9355158730158731,1.0,0.1407281637662001,1.0,1.0,0.5,1.0,0.5952380952380952
568,160,0.2,0.05,6,min,0.1,False,0.15,C_deep,92,0.7307971014492753,0.75,0.23612840279061872,0.5,1.0,0.25,1.0,0.9601449275362318,1.0,0.11082872754039998,1.0,1.0,0.5,1.0,0.7554347826086957,0.75,0.22973559011480535,0.625,1.0,0.25,1.0,0.33695652173913043
569,761,0.2,0.05,8,min,0.1,False,0.15,A_default,84,0.7625,0.75,0.21302743819603176,0.5,1.0,0.3333333333333333,1.0,0.9105158730158729,1.0,0.1666622441562793,1.0,1.0,0.4,1.0,0.8472222222222223,1.0,0.2065013157241508,0.7291666666666666,1.0,0.3333333333333333,1.0,0.39285714285714285
569,761,0.2,0.05,8,min,0.1,False,0.15,B_weak_signal,84,0.8523809523809524,1.0,0.19174990085751778,0.6666666666666666,1.0,0.3333333333333333,1.0,0.9097222222222221,1.0,0.15854104602696284,0.75,1.0,0.3333333333333333,1.0,0.9355158730158731,1.0,0.1407281637662001,1.0,1.0,0.5,1.0,0.5952380952380952
569,761,0.2,0.05,8,min,0.1,False,0.15,C_deep,92,0.7307971014492753,0.75,0.23612840279061872,0.5,1.0,0.25,1.0,0.9601449275362318,1.0,0.11082872754039998,1.0,1.0,0.5,1.0,0.7554347826086957,0.75,0.22973559011480535,0.625,1.0,0.25,1.0,0.33695652173913043
570,507,0.4,0.03,4,mean,0.1,True,0.05,A_default,79,0.7419831223628691,0.75,0.2557022167348521,0.5,1.0,0.25,1.0,0.7957805907172995,1.0,0.2594848660072994,0.5,1.0,0.25,1.0,0.9462025316455697,1.0,0.14249879709315363,1.0,1.0,0.5,1.0,0.45569620253164556
570,507,0.4,0.03,4,mean,0.1,True,0.05,B_weak_signal,58,0.7456896551724139,0.75,0.27709085259687216,0.5,1.0,0.2,1.0,0.7500000000000001,0.875,0.27909628596974423,0.5,1.0,0.2,1.0,0.9956896551724138,1.0,0.03282660821493064,1.0,1.0,0.75,1.0,0.4827586206896552
570,507,0.4,0.03,4,mean,0.1,True,0.05,C_deep,86,0.8565891472868218,1.0,0.21400749894880583,0.75,1.0,0.25,1.0,0.9079457364341085,1.0,0.18945616604082632,1.0,1.0,0.4,1.0,0.9486434108527131,1.0,0.13954208764400147,1.0,1.0,0.25,1.0,0.6395348837209303
571,88,0.4,0.02,4,mean,0.1,True,0.05,A_default,79,0.7419831223628691,0.75,0.2557022167348521,0.5,1.0,0.25,1.0,0.7957805907172995,1.0,0.2594848660072994,0.5,1.0,0.25,1.0,0.9462025316455697,1.0,0.14249879709315363,1.0,1.0,0.5,1.0,0.45569620253164556
571,88,0.4,0.02,4,mean,0.1,True,0.05,B_weak_signal,58,0.7456896551724139,0.75,0.27709085259687216,0.5,1.0,0.2,1.0,0.7500000000000001,0.875,0.27909628596974423,0.5,1.0,0.2,1.0,0.9956896551724138,1.0,0.03282660821493064,1.0,1.0,0.75,1.0,0.4827586206896552
571,88,0.4,0.02,4,mean,0.1,True,0.05,C_deep,86,0.8565891472868218,1.0,0.21400749894880583,0.75,1.0,0.25,1.0,0.9079457364341085,1.0,0.18945616604082632,1.0,1.0,0.4,1.0,0.9486434108527131,1.0,0.13954208764400147,1.0,1.0,0.25,1.0,0.6395348837209303
572,228,0.4,0.02,4,max,0.1,False,0.15,A_default,79,0.7544303797468354,0.75,0.2548211604136974,0.5,1.0,0.0,1.0,0.8641350210970464,1.0,0.23482564010490042,0.7083333333333333,1.0,0.0,1.0,0.8776371308016877,1.0,0.22322241913436427,0.75,1.0,0.0,1.0,0.46835443037974683
572,228,0.4,0.02,4,max,0.1,False,0.15,B_weak_signal,58,0.8037356321839081,1.0,0.2552192632880541,0.6666666666666666,1.0,0.0,1.0,0.8295977011494253,1.0,0.252628349318941,0.6875,1.0,0.0,1.0,0.9396551724137931,1.0,0.20578446838602063,1.0,1.0,0.0,1.0,0.5344827586206896
572,228,0.4,0.02,4,max,0.1,False,0.15,C_deep,86,0.7852713178294574,0.9,0.24976353005479499,0.5,1.0,0.25,1.0,0.9490310077519379,1.0,0.13569849920812857,1.0,1.0,0.5,1.0,0.8343023255813955,1.0,0.24471344655051688,0.75,1.0,0.25,1.0,0.5
573,609,0.4,0.03,4,max,0.1,False,0.15,A_default,79,0.7544303797468354,0.75,0.2548211604136974,0.5,1.0,0.0,1.0,0.8641350210970464,1.0,0.23482564010490042,0.7083333333333333,1.0,0.0,1.0,0.8776371308016877,1.0,0.22322241913436427,0.75,1.0,0.0,1.0,0.46835443037974683
573,609,0.4,0.03,4,max,0.1,False,0.15,B_weak_signal,58,0.8037356321839081,1.0,0.2552192632880541,0.6666666666666666,1.0,0.0,1.0,0.8295977011494253,1.0,0.252628349318941,0.6875,1.0,0.0,1.0,0.9396551724137931,1.0,0.20578446838602063,1.0,1.0,0.0,1.0,0.5344827586206896
573,609,0.4,0.03,4,max,0.1,False,0.15,C_deep,86,0.7852713178294574,0.9,0.24976353005479499,0.5,1.0,0.25,1.0,0.9490310077519379,1.0,0.13569849920812857,1.0,1.0,0.5,1.0,0.8343023255813955,1.0,0.24471344655051688,0.75,1.0,0.25,1.0,0.5
574,266,0.4,0.03,4,mean,0.05,True,0.05,A_default,79,0.739873417721519,0.75,0.25701577048621993,0.5,1.0,0.25,1.0,0.7936708860759494,1.0,0.2612197964038147,0.5,1.0,0.25,1.0,0.9462025316455697,1.0,0.14249879709315363,1.0,1.0,0.5,1.0,0.45569620253164556
574,266,0.4,0.03,4,mean,0.05,True,0.05,B_weak_signal,58,0.7456896551724139,0.75,0.27709085259687216,0.5,1.0,0.2,1.0,0.7500000000000001,0.875,0.27909628596974423,0.5,1.0,0.2,1.0,0.9956896551724138,1.0,0.03282660821493064,1.0,1.0,0.75,1.0,0.4827586206896552
574,266,0.4,0.03,4,mean,0.05,True,0.05,C_deep,86,0.8565891472868218,1.0,0.21400749894880583,0.75,1.0,0.25,1.0,0.9079457364341085,1.0,0.18945616604082632,1.0,1.0,0.4,1.0,0.9486434108527131,1.0,0.13954208764400147,1.0,1.0,0.25,1.0,0.6395348837209303
575,565,0.4,0.05,4,mean,0.2,False,0.1,A_default,79,0.790084388185654,1.0,0.23451348358658564,0.5,1.0,0.3333333333333333,1.0,0.9915611814345991,1.0,0.05269607380628757,1.0,1.0,0.6666666666666666,1.0,0.7985232067510548,1.0,0.23593165437720146,0.5,1.0,0.3333333333333333,1.0,0.5063291139240507
575,565,0.4,0.05,4,mean,0.2,False,0.1,B_weak_signal,58,0.8103448275862069,1.0,0.28045193940122315,0.6666666666666666,1.0,0.0,1.0,0.9367816091954022,1.0,0.22904919627607073,1.0,1.0,0.0,1.0,0.8218390804597702,1.0,0.2811700507384776,0.6875,1.0,0.0,1.0,0.603448275862069
575,565,0.4,0.05,4,mean,0.2,False,0.1,C_deep,86,0.7383720930232558,0.75,0.2693986254512908,0.5,1.0,0.0,1.0,0.9883720930232558,1.0,0.10783277320343844,1.0,1.0,0.0,1.0,0.7383720930232558,0.75,0.2693986254512908,0.5,1.0,0.0,1.0,0.4186046511627907
576,9,0.4,0.05,8,mean,0.2,False,0.05,A_default,79,0.790084388185654,1.0,0.23451348358658564,0.5,1.0,0.3333333333333333,1.0,0.9915611814345991,1.0,0.05269607380628757,1.0,1.0,0.6666666666666666,1.0,0.7985232067510548,1.0,0.23593165437720146,0.5,1.0,0.3333333333333333,1.0,0.5063291139240507
576,9,0.4,0.05,8,mean,0.2,False,0.05,B_weak_signal,58,0.8103448275862069,1.0,0.28045193940122315,0.6666666666666666,1.0,0.0,1.0,0.9367816091954022,1.0,0.22904919627607073,1.0,1.0,0.0,1.0,0.8218390804597702,1.0,0.2811700507384776,0.6875,1.0,0.0,1.0,0.603448275862069
576,9,0.4,0.05,8,mean,0.2,False,0.05,C_deep,86,0.7383720930232558,0.75,0.2693986254512908,0.5,1.0,0.0,1.0,0.9883720930232558,1.0,0.10783277320343844,1.0,1.0,0.0,1.0,0.7383720930232558,0.75,0.2693986254512908,0.5,1.0,0.0,1.0,0.4186046511627907
577,214,0.4,0.05,8,max,0.15,True,0.05,A_default,79,0.7478902953586497,0.75,0.22857428625025153,0.6333333333333333,1.0,0.0,1.0,0.8120253164556961,1.0,0.23013585590118918,0.6666666666666666,1.0,0.0,1.0,0.9198312236286921,1.0,0.18269266358005845,1.0,1.0,0.0,1.0,0.3670886075949367
577,214,0.4,0.05,8,max,0.15,True,0.05,B_weak_signal,58,0.7477011494252873,0.75,0.24535545833408345,0.6166666666666667,1.0,0.2,1.0,0.7560344827586207,0.75,0.24398611223104197,0.6666666666666666,1.0,0.2,1.0,0.9827586206896551,1.0,0.07922415685662473,1.0,1.0,0.5,1.0,0.3793103448275862
577,214,0.4,0.05,8,max,0.15,True,0.05,C_deep,86,0.8405038759689922,1.0,0.19923941484868035,0.75,1.0,0.25,1.0,0.8988372093023257,1.0,0.16144346220292752,0.75,1.0,0.3333333333333333,1.0,0.9302325581395349,1.0,0.15385061143822237,1.0,1.0,0.25,1.0,0.5465116279069767
578,713,0.4,0.05,8,max,0.1,True,0.05,A_default,79,0.7561181434599156,0.75,0.21394039587156713,0.6666666666666666,1.0,0.25,1.0,0.820253164556962,1.0,0.2131147198200063,0.6666666666666666,1.0,0.25,1.0,0.9324894514767933,1.0,0.14983130908991746,1.0,1.0,0.5,1.0,0.3670886075949367
578,713,0.4,0.05,8,max,0.1,True,0.05,B_weak_signal,58,0.7502873563218391,0.75,0.24076493148918848,0.6166666666666667,1.0,0.2,1.0,0.757183908045977,0.75,0.2421096377585377,0.6666666666666666,1.0,0.2,1.0,0.9913793103448276,1.0,0.04601480600247989,1.0,1.0,0.75,1.0,0.3793103448275862
578,713,0.4,0.05,8,max,0.1,True,0.05,C_deep,86,0.828875968992248,1.0,0.2005454069589179,0.6875,1.0,0.25,1.0,0.8872093023255815,1.0,0.16720842182961168,0.75,1.0,0.3333333333333333,1.0,0.9302325581395349,1.0,0.15385061143822237,1.0,1.0,0.25,1.0,0.5116279069767442
579,150,0.4,0.05,4,max,0.1,True,0.05,A_default,79,0.7561181434599156,0.75,0.21394039587156713,0.6666666666666666,1.0,0.25,1.0,0.820253164556962,1.0,0.2131147198200063,0.6666666666666666,1.0,0.25,1.0,0.9324894514767933,1.0,0.14983130908991746,1.0,1.0,0.5,1.0,0.3670886075949367
579,150,0.4,0.05,4,max,0.1,True,0.05,B_weak_signal,58,0.7502873563218391,0.75,0.24076493148918848,0.6166666666666667,1.0,0.2,1.0,0.757183908045977,0.75,0.2421096377585377,0.6666666666666666,1.0,0.2,1.0,0.9913793103448276,1.0,0.04601480600247989,1.0,1.0,0.75,1.0,0.3793103448275862
579,150,0.4,0.05,4,max,0.1,True,0.05,C_deep,86,0.828875968992248,1.0,0.2005454069589179,0.6875,1.0,0.25,1.0,0.8872093023255815,1.0,0.16720842182961168,0.75,1.0,0.3333333333333333,1.0,0.9302325581395349,1.0,0.15385061143822237,1.0,1.0,0.25,1.0,0.5116279069767442
580,110,0.4,0.05,6,harmonic,0.1,False,0.1,A_default,79,0.7858649789029535,0.75,0.2336854578626752,0.5,1.0,0.3333333333333333,1.0,0.9746835443037974,1.0,0.10017295440444227,1.0,1.0,0.5,1.0,0.811181434599156,1.0,0.23293191231830618,0.5,1.0,0.3333333333333333,1.0,0.4936708860759494
580,110,0.4,0.05,6,harmonic,0.1,False,0.1,B_weak_signal,58,0.8100574712643678,1.0,0.2684505329607387,0.6666666666666666,1.0,0.0,1.0,0.9310344827586207,1.0,0.20480219801200034,1.0,1.0,0.0,1.0,0.8376436781609196,1.0,0.264179932052558,0.6875,1.0,0.0,1.0,0.5862068965517241
580,110,0.4,0.05,6,harmonic,0.1,False,0.1,C_deep,86,0.7393410852713178,0.75,0.2552701092908656,0.5,1.0,0.0,1.0,0.9844961240310076,1.0,0.11326383964187796,1.0,1.0,0.0,1.0,0.7432170542635659,0.75,0.256680390605548,0.5,1.0,0.0,1.0,0.38372093023255816
581,747,0.4,0.05,6,mean,0.05,False,0.15,A_default,79,0.7550632911392405,0.75,0.22193391175086546,0.5,1.0,0.3333333333333333,1.0,0.8890295358649789,1.0,0.1814370868796285,0.6666666666666666,1.0,0.4,1.0,0.8575949367088609,1.0,0.2072200591364342,0.75,1.0,0.3333333333333333,1.0,0.4050632911392405
581,747,0.4,0.05,6,mean,0.05,False,0.15,B_weak_signal,58,0.8316091954022988,1.0,0.19022633628726326,0.6666666666666666,1.0,0.4,1.0,0.8879310344827587,1.0,0.15884552745690741,0.6666666666666666,1.0,0.5,1.0,0.9310344827586207,1.0,0.14403162812795584,1.0,1.0,0.5,1.0,0.5172413793103449
581,747,0.4,0.05,6,mean,0.05,False,0.15,C_deep,86,0.7482558139534883,0.75,0.2428860927487772,0.5,1.0,0.25,1.0,0.945736434108527,1.0,0.12178374829897949,1.0,1.0,0.5,1.0,0.7916666666666666,0.875,0.24413044300663195,0.6666666666666666,1.0,0.25,1.0,0.3953488372093023
582,654,0.4,0.05,8,min,0.2,True,0.1,A_default,79,0.7685654008438818,0.75,0.20830320024424828,0.6666666666666666,1.0,0.3333333333333333,1.0,0.8732067510548523,1.0,0.18917307157196012,0.6666666666666666,1.0,0.4,1.0,0.8902953586497891,1.0,0.18176500112357258,0.75,1.0,0.3333333333333333,1.0,0.3924050632911392
582,654,0.4,0.05,8,min,0.2,True,0.1,B_weak_signal,58,0.8192528735632184,0.875,0.19965373836973124,0.6666666666666666,1.0,0.25,1.0,0.8649425287356322,1.0,0.18589883997858667,0.6666666666666666,1.0,0.25,1.0,0.9410919540229884,1.0,0.11786004177327057,1.0,1.0,0.6666666666666666,1.0,0.5
582,654,0.4,0.05,8,min,0.2,True,0.1,C_deep,86,0.7463178294573644,0.75,0.22531606214688094,0.6666666666666666,1.0,0.25,1.0,0.9290697674418605,1.0,0.14894368911175715,1.0,1.0,0.4,1.0,0.803294573643411,0.75,0.2202615760379122,0.75,1.0,0.25,1.0,0.3372093023255814
583,343,0.2,0.05,4,weighted,0.05,False,0.15,A_default,84,0.7728174603174603,0.75,0.23950221360281349,0.5,1.0,0.3333333333333333,1.0,0.959126984126984,1.0,0.12462540288215415,1.0,1.0,0.4,1.0,0.8125,1.0,0.23742644883787567,0.5,1.0,0.3333333333333333,1.0,0.47619047619047616
583,343,0.2,0.05,4,weighted,0.05,False,0.15,B_weak_signal,84,0.8331349206349207,1.0,0.2402794842950308,0.6666666666666666,1.0,0.0,1.0,0.9384920634920635,1.0,0.16111177056202042,1.0,1.0,0.0,1.0,0.8759920634920635,1.0,0.227940420455913,0.75,1.0,0.0,1.0,0.6190476190476191
583,343,0.2,0.05,4,weighted,0.05,False,0.15,C_deep,92,0.7280797101449276,0.75,0.24635225665277063,0.5,1.0,0.25,1.0,0.9900362318840579,1.0,0.05503133653904914,1.0,1.0,0.6666666666666666,1.0,0.7355072463768115,0.75,0.24819516267395683,0.5,1.0,0.25,1.0,0.34782608695652173
584,220,0.4,0.05,6,mean,0.1,True,0.05,A_default,79,0.7466244725738397,0.75,0.21319339271717153,0.5,1.0,0.25,1.0,0.8236286919831225,1.0,0.21391426636447158,0.6666666666666666,1.0,0.25,1.0,0.9166666666666667,1.0,0.15845137300395223,1.0,1.0,0.5,1.0,0.35443037974683544
584,220,0.4,0.05,6,mean,0.1,True,0.05,B_weak_signal,58,0.7563218390804598,0.75,0.25527242616755674,0.6,1.0,0.2,1.0,0.7761494252873564,0.75,0.25176012108138845,0.6666666666666666,1.0,0.2,1.0,0.9698275862068966,1.0,0.09061501455651391,1.0,1.0,0.6666666666666666,1.0,0.4482758620689655
584,220,0.4,0.05,6,mean,0.1,True,0.05,C_deep,86,0.8300387596899224,1.0,0.2035761932394561,0.6666666666666666,1.0,0.25,1.0,0.9031007751937985,1.0,0.15855787232177723,0.75,1.0,0.5,1.0,0.9137596899224806,1.0,0.1609041418946603,0.75,1.0,0.25,1.0,0.5348837209302325
585,198,0.2,0.05,6,min,0.15,True,0.1,A_default,84,0.760515873015873,0.75,0.20997194562886204,0.625,1.0,0.3333333333333333,1.0,0.8609126984126984,1.0,0.19507822972758462,0.6666666666666666,1.0,0.4,1.0,0.8928571428571429,1.0,0.17951082038075925,0.75,1.0,0.3333333333333333,1.0,0.38095238095238093
585,198,0.2,0.05,6,min,0.15,True,0.1,B_weak_signal,84,0.8234126984126983,1.0,0.216398026966731,0.6666666666666666,1.0,0.25,1.0,0.8561507936507935,1.0,0.20096453765347644,0.6666666666666666,1.0,0.25,1.0,0.953373015873016,1.0,0.11303231231469715,1.0,1.0,0.5,1.0,0.5476190476190477
585,198,0.2,0.05,6,min,0.15,True,0.1,C_deep,92,0.7476449275362319,0.75,0.226072015735636,0.575,1.0,0.25,1.0,0.9201086956521738,1.0,0.15288311917501846,1.0,1.0,0.4,1.0,0.8097826086956522,0.75,0.21728078891765906,0.75,1.0,0.25,1.0,0.34782608695652173
586,2,0.4,0.05,6,harmonic,0.1,False,0.15,A_default,79,0.7858649789029535,0.75,0.2336854578626752,0.5,1.0,0.3333333333333333,1.0,0.9746835443037974,1.0,0.10017295440444227,1.0,1.0,0.5,1.0,0.811181434599156,1.0,0.23293191231830618,0.5,1.0,0.3333333333333333,1.0,0.4936708860759494
586,2,0.4,0.05,6,harmonic,0.1,False,0.15,B_weak_signal,58,0.8071839080459771,1.0,0.27089326046787376,0.6666666666666666,1.0,0.0,1.0,0.9367816091954022,1.0,0.20190994993304667,1.0,1.0,0.0,1.0,0.8290229885057472,1.0,0.2669326222165206,0.6666666666666666,1.0,0.0,1.0,0.5862068965517241
586,2,0.4,0.05,6,harmonic,0.1,False,0.15,C_deep,86,0.7364341085271318,0.75,0.2565674831014502,0.5,1.0,0.0,1.0,0.9844961240310076,1.0,0.11326383964187796,1.0,1.0,0.0,1.0,0.7403100775193798,0.75,0.2580148589261103,0.5,1.0,0.0,1.0,0.38372093023255816
587,624,0.4,0.03,4,min,0.2,True,0.05,A_default,79,0.7489451476793249,0.75,0.24716831889287466,0.5,1.0,0.25,1.0,0.8154008438818564,1.0,0.2529283221085272,0.5,1.0,0.25,1.0,0.9335443037974683,1.0,0.14822053886089537,1.0,1.0,0.5,1.0,0.4430379746835443
587,624,0.4,0.03,4,min,0.2,True,0.05,B_weak_signal,58,0.7382183908045977,0.75,0.26602643577121976,0.5,1.0,0.2,1.0,0.7468390804597702,0.775,0.27035924581702353,0.5,1.0,0.2,1.0,0.9913793103448276,1.0,0.04601480600247988,1.0,1.0,0.75,1.0,0.41379310344827586
587,624,0.4,0.03,4,min,0.2,True,0.05,C_deep,86,0.8397286821705426,1.0,0.2155729348190031,0.75,1.0,0.25,1.0,0.9102713178294574,1.0,0.1913517208601777,1.0,1.0,0.4,1.0,0.9282945736434108,1.0,0.14861165269457663,1.0,1.0,0.25,1.0,0.5813953488372093
588,249,0.4,0.03,8,min,0.2,True,0.05,A_default,79,0.7489451476793249,0.75,0.24716831889287466,0.5,1.0,0.25,1.0,0.8154008438818564,1.0,0.2529283221085272,0.5,1.0,0.25,1.0,0.9335443037974683,1.0,0.14822053886089537,1.0,1.0,0.5,1.0,0.4430379746835443
588,249,0.4,0.03,8,min,0.2,True,0.05,B_weak_signal,58,0.7382183908045977,0.75,0.26602643577121976,0.5,1.0,0.2,1.0,0.7468390804597702,0.775,0.27035924581702353,0.5,1.0,0.2,1.0,0.9913793103448276,1.0,0.04601480600247988,1.0,1.0,0.75,1.0,0.41379310344827586
588,249,0.4,0.03,8,min,0.2,True,0.05,C_deep,86,0.8397286821705426,1.0,0.2155729348190031,0.75,1.0,0.25,1.0,0.9102713178294574,1.0,0.1913517208601777,1.0,1.0,0.4,1.0,0.9282945736434108,1.0,0.14861165269457663,1.0,1.0,0.25,1.0,0.5813953488372093
589,192,0.4,0.02,4,min,0.2,True,0.05,A_default,79,0.7489451476793249,0.75,0.24716831889287466,0.5,1.0,0.25,1.0,0.8154008438818564,1.0,0.2529283221085272,0.5,1.0,0.25,1.0,0.9335443037974683,1.0,0.14822053886089537,1.0,1.0,0.5,1.0,0.4430379746835443
589,192,0.4,0.02,4,min,0.2,True,0.05,B_weak_signal,58,0.7382183908045977,0.75,0.26602643577121976,0.5,1.0,0.2,1.0,0.7468390804597702,0.775,0.27035924581702353,0.5,1.0,0.2,1.0,0.9913793103448276,1.0,0.04601480600247988,1.0,1.0,0.75,1.0,0.41379310344827586
589,192,0.4,0.02,4,min,0.2,True,0.05,C_deep,86,0.8397286821705426,1.0,0.2155729348190031,0.75,1.0,0.25,1.0,0.9102713178294574,1.0,0.1913517208601777,1.0,1.0,0.4,1.0,0.9282945736434108,1.0,0.14861165269457663,1.0,1.0,0.25,1.0,0.5813953488372093
590,194,0.4,0.03,4,max,0.2,True,0.05,A_default,79,0.7651898734177216,1.0,0.26806776518959624,0.5,1.0,0.0,1.0,0.8158227848101266,1.0,0.2662911182242788,0.5,1.0,0.0,1.0,0.9367088607594937,1.0,0.17663319604797223,1.0,1.0,0.0,1.0,0.5189873417721519
590,194,0.4,0.03,4,max,0.2,True,0.05,B_weak_signal,58,0.707183908045977,0.75,0.2959952331712334,0.5,1.0,0.0,1.0,0.707183908045977,0.75,0.2959952331712334,0.5,1.0,0.0,1.0,0.9655172413793104,1.0,0.1840592240099195,1.0,1.0,0.0,1.0,0.41379310344827586
590,194,0.4,0.03,4,max,0.2,True,0.05,C_deep,86,0.8538759689922482,1.0,0.20541166093578136,0.75,1.0,0.25,1.0,0.8965116279069768,1.0,0.18173305638977666,0.8,1.0,0.4,1.0,0.9573643410852712,1.0,0.13451934892928266,1.0,1.0,0.25,1.0,0.6046511627906976
591,23,0.4,0.02,4,max,0.2,True,0.05,A_default,79,0.7651898734177216,1.0,0.26806776518959624,0.5,1.0,0.0,1.0,0.8158227848101266,1.0,0.2662911182242788,0.5,1.0,0.0,1.0,0.9367088607594937,1.0,0.17663319604797223,1.0,1.0,0.0,1.0,0.5189873417721519
591,23,0.4,0.02,4,max,0.2,True,0.05,B_weak_signal,58,0.707183908045977,0.75,0.2959952331712334,0.5,1.0,0.0,1.0,0.707183908045977,0.75,0.2959952331712334,0.5,1.0,0.0,1.0,0.9655172413793104,1.0,0.1840592240099195,1.0,1.0,0.0,1.0,0.41379310344827586
591,23,0.4,0.02,4,max,0.2,True,0.05,C_deep,86,0.8538759689922482,1.0,0.20541166093578136,0.75,1.0,0.25,1.0,0.8965116279069768,1.0,0.18173305638977666,0.8,1.0,0.4,1.0,0.9573643410852712,1.0,0.13451934892928266,1.0,1.0,0.25,1.0,0.6046511627906976
592,756,0.4,0.02,8,max,0.2,True,0.05,A_default,79,0.7651898734177216,1.0,0.26806776518959624,0.5,1.0,0.0,1.0,0.8158227848101266,1.0,0.2662911182242788,0.5,1.0,0.0,1.0,0.9367088607594937,1.0,0.17663319604797223,1.0,1.0,0.0,1.0,0.5189873417721519
592,756,0.4,0.02,8,max,0.2,True,0.05,B_weak_signal,58,0.707183908045977,0.75,0.2959952331712334,0.5,1.0,0.0,1.0,0.707183908045977,0.75,0.2959952331712334,0.5,1.0,0.0,1.0,0.9655172413793104,1.0,0.1840592240099195,1.0,1.0,0.0,1.0,0.41379310344827586
592,756,0.4,0.02,8,max,0.2,True,0.05,C_deep,86,0.8538759689922482,1.0,0.20541166093578136,0.75,1.0,0.25,1.0,0.8965116279069768,1.0,0.18173305638977666,0.8,1.0,0.4,1.0,0.9573643410852712,1.0,0.13451934892928266,1.0,1.0,0.25,1.0,0.6046511627906976
593,356,0.3,0.05,8,mean,0.2,True,0.05,A_default,84,0.7827380952380952,0.75,0.2288649372340013,0.6666666666666666,1.0,0.25,1.0,0.8571428571428571,1.0,0.22050638014194662,0.6666666666666666,1.0,0.25,1.0,0.9216269841269842,1.0,0.15488000627822834,1.0,1.0,0.5,1.0,0.4642857142857143
593,356,0.3,0.05,8,mean,0.2,True,0.05,B_weak_signal,81,0.7053497942386832,0.75,0.28323315827754664,0.4,1.0,0.2,1.0,0.7228395061728395,0.75,0.28150691283751555,0.5,1.0,0.2,1.0,0.9722222222222222,1.0,0.09409658158863504,1.0,1.0,0.5,1.0,0.4074074074074074
593,356,0.3,0.05,8,mean,0.2,True,0.05,C_deep,92,0.8380434782608696,1.0,0.20953064134860852,0.7291666666666666,1.0,0.25,1.0,0.9139492753623187,1.0,0.1659559420090581,1.0,1.0,0.3333333333333333,1.0,0.9139492753623187,1.0,0.16270525074421469,0.75,1.0,0.25,1.0,0.5652173913043478
594,126,0.4,0.02,8,max,0.15,True,0.05,A_default,79,0.739451476793249,0.75,0.26982870496431616,0.5,1.0,0.0,1.0,0.7869198312236286,1.0,0.2719255869343686,0.5,1.0,0.0,1.0,0.939873417721519,1.0,0.17548097764456547,1.0,1.0,0.0,1.0,0.46835443037974683
594,126,0.4,0.02,8,max,0.15,True,0.05,B_weak_signal,58,0.7344827586206897,0.75,0.26752169336834336,0.5,1.0,0.2,1.0,0.7344827586206897,0.75,0.26752169336834336,0.5,1.0,0.2,1.0,1.0,1.0,0.0,1.0,1.0,1.0,1.0,0.43103448275862066
594,126,0.4,0.02,8,max,0.15,True,0.05,C_deep,86,0.8521317829457364,1.0,0.20693525417966996,0.75,1.0,0.25,1.0,0.8947674418604652,1.0,0.18386307828095205,0.8,1.0,0.4,1.0,0.9573643410852712,1.0,0.13451934892928266,1.0,1.0,0.25,1.0,0.6046511627906976
595,448,0.2,0.05,6,min,0.15,True,0.15,A_default,84,0.754563492063492,0.75,0.21491181826124572,0.5,1.0,0.3333333333333333,1.0,0.9005952380952381,1.0,0.1738693909738379,0.7291666666666666,1.0,0.4,1.0,0.8472222222222223,1.0,0.2065013157241508,0.7291666666666666,1.0,0.3333333333333333,1.0,0.38095238095238093
595,448,0.2,0.05,6,min,0.15,True,0.15,B_weak_signal,84,0.8492063492063492,1.0,0.19699728458339566,0.6666666666666666,1.0,0.3333333333333333,1.0,0.9017857142857143,1.0,0.16216857577480204,0.7291666666666666,1.0,0.3333333333333333,1.0,0.9355158730158731,1.0,0.1407281637662001,1.0,1.0,0.5,1.0,0.5952380952380952
595,448,0.2,0.05,6,min,0.15,True,0.15,C_deep,92,0.7217391304347825,0.75,0.2339048355694606,0.5,1.0,0.25,1.0,0.9492753623188406,1.0,0.12227276508308747,1.0,1.0,0.5,1.0,0.7554347826086957,0.75,0.22973559011480535,0.625,1.0,0.25,1.0,0.31521739130434784
596,305,0.4,0.02,4,max,0.05,False,0.05,A_default,79,0.7472573839662447,0.75,0.2559885366766992,0.5,1.0,0.25,1.0,0.7947257383966244,1.0,0.25674025340673634,0.5,1.0,0.25,1.0,0.9525316455696202,1.0,0.139113201961848,1.0,1.0,0.5,1.0,0.46835443037974683
596,305,0.4,0.02,4,max,0.05,False,0.05,B_weak_signal,58,0.7281609195402298,0.75,0.27277733524847786,0.5,1.0,0.2,1.0,0.7281609195402298,0.75,0.27277733524847786,0.5,1.0,0.2,1.0,1.0,1.0,0.0,1.0,1.0,1.0,1.0,0.43103448275862066
596,305,0.4,0.02,4,max,0.05,False,0.05,C_deep,86,0.849031007751938,1.0,0.21169028201076204,0.75,1.0,0.25,1.0,0.9032945736434109,1.0,0.180536958131165,0.8500000000000001,1.0,0.4,1.0,0.945736434108527,1.0,0.15112186240733538,1.0,1.0,0.25,1.0,0.6046511627906976
597,640,0.3,0.05,4,min,0.15,True,0.15,A_default,84,0.754563492063492,0.75,0.21491181826124572,0.5,1.0,0.3333333333333333,1.0,0.9005952380952381,1.0,0.1738693909738379,0.7291666666666666,1.0,0.4,1.0,0.8472222222222223,1.0,0.2065013157241508,0.7291666666666666,1.0,0.3333333333333333,1.0,0.38095238095238093
597,640,0.3,0.05,4,min,0.15,True,0.15,B_weak_signal,81,0.8477366255144032,1.0,0.1981818939765619,0.6666666666666666,1.0,0.3333333333333333,1.0,0.9022633744855967,1.0,0.16233438326191424,0.75,1.0,0.3333333333333333,1.0,0.9331275720164608,1.0,0.14277735744762066,1.0,1.0,0.5,1.0,0.5925925925925926
597,640,0.3,0.05,4,min,0.15,True,0.15,C_deep,92,0.7217391304347825,0.75,0.2339048355694606,0.5,1.0,0.25,1.0,0.9492753623188406,1.0,0.12227276508308747,1.0,1.0,0.5,1.0,0.7554347826086957,0.75,0.22973559011480535,0.625,1.0,0.25,1.0,0.31521739130434784
598,299,0.3,0.05,4,weighted,0.05,False,0.05,A_default,84,0.7767857142857144,0.75,0.24186936323099037,0.5,1.0,0.3333333333333333,1.0,0.9511904761904763,1.0,0.14200669597609217,1.0,1.0,0.3333333333333333,1.0,0.8244047619047619,1.0,0.23392704769875686,0.625,1.0,0.3333333333333333,1.0,0.4880952380952381
598,299,0.3,0.05,4,weighted,0.05,False,0.05,B_weak_signal,81,0.8166666666666665,1.0,0.24979157978869768,0.6666666666666666,1.0,0.0,1.0,0.8991769547325102,1.0,0.2069604973473854,1.0,1.0,0.0,1.0,0.8981481481481479,1.0,0.21122986426060952,1.0,1.0,0.0,1.0,0.5925925925925926
598,299,0.3,0.05,4,weighted,0.05,False,0.05,C_deep,92,0.7298913043478261,0.75,0.2452670175774653,0.5,1.0,0.25,1.0,0.9864130434782609,1.0,0.06452273112369851,1.0,1.0,0.6666666666666666,1.0,0.7409420289855071,0.75,0.24845570703985287,0.5,1.0,0.25,1.0,0.34782608695652173
599,224,0.4,0.03,8,max,0.1,True,0.05,A_default,79,0.7424050632911392,0.75,0.25754701764691595,0.5,1.0,0.2,1.0,0.789873417721519,1.0,0.259195799356358,0.5,1.0,0.2,1.0,0.9525316455696202,1.0,0.139113201961848,1.0,1.0,0.5,1.0,0.45569620253164556
599,224,0.4,0.03,8,max,0.1,True,0.05,B_weak_signal,58,0.7298850574712644,0.75,0.2709768377470956,0.5,1.0,0.2,1.0,0.7298850574712644,0.75,0.2709768377470956,0.5,1.0,0.2,1.0,1.0,1.0,0.0,1.0,1.0,1.0,1.0,0.43103448275862066
599,224,0.4,0.03,8,max,0.1,True,0.05,C_deep,86,0.8509689922480619,1.0,0.2092056974936607,0.75,1.0,0.25,1.0,0.8936046511627908,1.0,0.1866836232608486,0.8,1.0,0.4,1.0,0.9573643410852712,1.0,0.13451934892928266,1.0,1.0,0.25,1.0,0.6046511627906976
600,200,0.4,0.03,6,max,0.1,True,0.05,A_default,79,0.7424050632911392,0.75,0.25754701764691595,0.5,1.0,0.2,1.0,0.789873417721519,1.0,0.259195799356358,0.5,1.0,0.2,1.0,0.9525316455696202,1.0,0.139113201961848,1.0,1.0,0.5,1.0,0.45569620253164556
600,200,0.4,0.03,6,max,0.1,True,0.05,B_weak_signal,58,0.7298850574712644,0.75,0.2709768377470956,0.5,1.0,0.2,1.0,0.7298850574712644,0.75,0.2709768377470956,0.5,1.0,0.2,1.0,1.0,1.0,0.0,1.0,1.0,1.0,1.0,0.43103448275862066
600,200,0.4,0.03,6,max,0.1,True,0.05,C_deep,86,0.8509689922480619,1.0,0.2092056974936607,0.75,1.0,0.25,1.0,0.8936046511627908,1.0,0.1866836232608486,0.8,1.0,0.4,1.0,0.9573643410852712,1.0,0.13451934892928266,1.0,1.0,0.25,1.0,0.6046511627906976
601,475,0.3,0.05,4,min,0.05,False,0.1,A_default,84,0.7513888888888889,0.75,0.209962837492895,0.5,1.0,0.3333333333333333,1.0,0.8470238095238096,1.0,0.19527827798293226,0.6666666666666666,1.0,0.4,1.0,0.8928571428571429,1.0,0.17951082038075925,0.75,1.0,0.3333333333333333,1.0,0.35714285714285715
601,475,0.3,0.05,4,min,0.05,False,0.1,B_weak_signal,81,0.8292181069958846,1.0,0.21178033142657393,0.6666666666666666,1.0,0.25,1.0,0.8631687242798353,1.0,0.19423489590539583,0.6666666666666666,1.0,0.25,1.0,0.9516460905349794,1.0,0.11476440052074573,1.0,1.0,0.5,1.0,0.5555555555555556
601,475,0.3,0.05,4,min,0.05,False,0.1,C_deep,92,0.7411231884057972,0.75,0.22736279506487017,0.5,1.0,0.25,1.0,0.9092391304347827,1.0,0.15862204505445504,0.75,1.0,0.4,1.0,0.8097826086956522,0.75,0.21728078891765906,0.75,1.0,0.25,1.0,0.33695652173913043
602,785,0.4,0.02,8,min,0.15,True,0.05,A_default,79,0.740506329113924,0.75,0.24842357025567044,0.5,1.0,0.25,1.0,0.8069620253164557,1.0,0.2563802319324951,0.5,1.0,0.25,1.0,0.9335443037974683,1.0,0.14822053886089537,1.0,1.0,0.5,1.0,0.43037974683544306
602,785,0.4,0.02,8,min,0.15,True,0.05,B_weak_signal,58,0.7382183908045977,0.75,0.26602643577121976,0.5,1.0,0.2,1.0,0.7468390804597702,0.775,0.27035924581702353,0.5,1.0,0.2,1.0,0.9913793103448276,1.0,0.04601480600247988,1.0,1.0,0.75,1.0,0.41379310344827586
602,785,0.4,0.02,8,min,0.15,True,0.05,C_deep,86,0.8397286821705426,1.0,0.2155729348190031,0.75,1.0,0.25,1.0,0.9102713178294574,1.0,0.1913517208601777,1.0,1.0,0.4,1.0,0.9282945736434108,1.0,0.14861165269457663,1.0,1.0,0.25,1.0,0.5813953488372093
603,509,0.4,0.02,4,min,0.15,True,0.05,A_default,79,0.740506329113924,0.75,0.24842357025567044,0.5,1.0,0.25,1.0,0.8069620253164557,1.0,0.2563802319324951,0.5,1.0,0.25,1.0,0.9335443037974683,1.0,0.14822053886089537,1.0,1.0,0.5,1.0,0.43037974683544306
603,509,0.4,0.02,4,min,0.15,True,0.05,B_weak_signal,58,0.7382183908045977,0.75,0.26602643577121976,0.5,1.0,0.2,1.0,0.7468390804597702,0.775,0.27035924581702353,0.5,1.0,0.2,1.0,0.9913793103448276,1.0,0.04601480600247988,1.0,1.0,0.75,1.0,0.41379310344827586
603,509,0.4,0.02,4,min,0.15,True,0.05,C_deep,86,0.8397286821705426,1.0,0.2155729348190031,0.75,1.0,0.25,1.0,0.9102713178294574,1.0,0.1913517208601777,1.0,1.0,0.4,1.0,0.9282945736434108,1.0,0.14861165269457663,1.0,1.0,0.25,1.0,0.5813953488372093
604,460,0.2,0.05,6,min,0.05,False,0.1,A_default,84,0.7513888888888889,0.75,0.209962837492895,0.5,1.0,0.3333333333333333,1.0,0.8470238095238096,1.0,0.19527827798293226,0.6666666666666666,1.0,0.4,1.0,0.8928571428571429,1.0,0.17951082038075925,0.75,1.0,0.3333333333333333,1.0,0.35714285714285715
604,460,0.2,0.05,6,min,0.05,False,0.1,B_weak_signal,84,0.8234126984126983,1.0,0.216398026966731,0.6666666666666666,1.0,0.25,1.0,0.8561507936507935,1.0,0.20096453765347644,0.6666666666666666,1.0,0.25,1.0,0.953373015873016,1.0,0.11303231231469715,1.0,1.0,0.5,1.0,0.5476190476190477
604,460,0.2,0.05,6,min,0.05,False,0.1,C_deep,92,0.7411231884057972,0.75,0.22736279506487017,0.5,1.0,0.25,1.0,0.9092391304347827,1.0,0.15862204505445504,0.75,1.0,0.4,1.0,0.8097826086956522,0.75,0.21728078891765906,0.75,1.0,0.25,1.0,0.33695652173913043
605,557,0.4,0.02,8,min,0.05,True,0.05,A_default,79,0.7379746835443037,0.75,0.2513912387224655,0.5,1.0,0.25,1.0,0.8044303797468354,1.0,0.2599132671020585,0.5,1.0,0.25,1.0,0.9335443037974683,1.0,0.14822053886089537,1.0,1.0,0.5,1.0,0.43037974683544306
605,557,0.4,0.02,8,min,0.05,True,0.05,B_weak_signal,58,0.7382183908045977,0.75,0.26602643577121976,0.5,1.0,0.2,1.0,0.7468390804597702,0.775,0.27035924581702353,0.5,1.0,0.2,1.0,0.9913793103448276,1.0,0.04601480600247988,1.0,1.0,0.75,1.0,0.41379310344827586
605,557,0.4,0.02,8,min,0.05,True,0.05,C_deep,86,0.8397286821705426,1.0,0.2155729348190031,0.75,1.0,0.25,1.0,0.9102713178294574,1.0,0.1913517208601777,1.0,1.0,0.4,1.0,0.9282945736434108,1.0,0.14861165269457663,1.0,1.0,0.25,1.0,0.5813953488372093
606,239,0.4,0.02,6,min,0.05,True,0.05,A_default,79,0.7379746835443037,0.75,0.2513912387224655,0.5,1.0,0.25,1.0,0.8044303797468354,1.0,0.2599132671020585,0.5,1.0,0.25,1.0,0.9335443037974683,1.0,0.14822053886089537,1.0,1.0,0.5,1.0,0.43037974683544306
606,239,0.4,0.02,6,min,0.05,True,0.05,B_weak_signal,58,0.7382183908045977,0.75,0.26602643577121976,0.5,1.0,0.2,1.0,0.7468390804597702,0.775,0.27035924581702353,0.5,1.0,0.2,1.0,0.9913793103448276,1.0,0.04601480600247988,1.0,1.0,0.75,1.0,0.41379310344827586
606,239,0.4,0.02,6,min,0.05,True,0.05,C_deep,86,0.8397286821705426,1.0,0.2155729348190031,0.75,1.0,0.25,1.0,0.9102713178294574,1.0,0.1913517208601777,1.0,1.0,0.4,1.0,0.9282945736434108,1.0,0.14861165269457663,1.0,1.0,0.25,1.0,0.5813953488372093
607,430,0.4,0.05,6,min,0.2,True,0.15,A_default,79,0.7580168776371308,0.75,0.2123646000589954,0.5,1.0,0.3333333333333333,1.0,0.9111814345991563,1.0,0.16427171395034304,1.0,1.0,0.4,1.0,0.8417721518987343,1.0,0.20912028153436873,0.7083333333333333,1.0,0.3333333333333333,1.0,0.379746835443038
607,430,0.4,0.05,6,min,0.2,True,0.15,B_weak_signal,58,0.8364942528735632,1.0,0.18691235128237949,0.6666666666666666,1.0,0.5,1.0,0.9022988505747126,1.0,0.15542334427001228,0.6875,1.0,0.5,1.0,0.9238505747126436,1.0,0.1424552208623151,1.0,1.0,0.5,1.0,0.5344827586206896
607,430,0.4,0.05,6,min,0.2,True,0.15,C_deep,86,0.7205426356589147,0.75,0.2323040944074421,0.5,1.0,0.25,1.0,0.9641472868217055,1.0,0.10736041071986302,1.0,1.0,0.5,1.0,0.74515503875969,0.75,0.23127758664735173,0.5,1.0,0.25,1.0,0.3023255813953488
608,339,0.2,0.05,4,mean,0.2,True,0.05,A_default,84,0.7827380952380952,0.75,0.2288649372340013,0.6666666666666666,1.0,0.25,1.0,0.8571428571428571,1.0,0.22050638014194662,0.6666666666666666,1.0,0.25,1.0,0.9216269841269842,1.0,0.15488000627822834,1.0,1.0,0.5,1.0,0.4642857142857143
608,339,0.2,0.05,4,mean,0.2,True,0.05,B_weak_signal,84,0.6940476190476191,0.6666666666666666,0.286716662973966,0.4,1.0,0.2,1.0,0.7109126984126984,0.7083333333333333,0.2857678780138613,0.4,1.0,0.2,1.0,0.9732142857142857,1.0,0.09252583333113071,1.0,1.0,0.5,1.0,0.39285714285714285
608,339,0.2,0.05,4,mean,0.2,True,0.05,C_deep,92,0.8380434782608696,1.0,0.20953064134860852,0.7291666666666666,1.0,0.25,1.0,0.9139492753623187,1.0,0.1659559420090581,1.0,1.0,0.3333333333333333,1.0,0.9139492753623187,1.0,0.16270525074421469,0.75,1.0,0.25,1.0,0.5652173913043478
609,669,0.4,0.05,8,min,0.1,False,0.15,A_default,79,0.7537974683544303,0.75,0.2108007621050025,0.5,1.0,0.3333333333333333,1.0,0.9090717299578058,1.0,0.16846883495205514,1.0,1.0,0.4,1.0,0.8417721518987343,1.0,0.20912028153436873,0.7083333333333333,1.0,0.3333333333333333,1.0,0.3670886075949367
609,669,0.4,0.05,8,min,0.1,False,0.15,B_weak_signal,58,0.8364942528735632,1.0,0.18691235128237949,0.6666666666666666,1.0,0.5,1.0,0.9022988505747126,1.0,0.15542334427001228,0.6875,1.0,0.5,1.0,0.9238505747126436,1.0,0.1424552208623151,1.0,1.0,0.5,1.0,0.5344827586206896
609,669,0.4,0.05,8,min,0.1,False,0.15,C_deep,86,0.7224806201550388,0.75,0.23533826915143358,0.5,1.0,0.25,1.0,0.9641472868217055,1.0,0.10736041071986302,1.0,1.0,0.5,1.0,0.74515503875969,0.75,0.23127758664735173,0.5,1.0,0.25,1.0,0.313953488372093
610,171,0.2,0.05,4,min,0.05,True,0.1,A_default,84,0.7474206349206349,0.75,0.20835130922639386,0.5,1.0,0.3333333333333333,1.0,0.8430555555555556,1.0,0.19551888081010263,0.6666666666666666,1.0,0.4,1.0,0.8928571428571429,1.0,0.17951082038075925,0.75,1.0,0.3333333333333333,1.0,0.34523809523809523
610,171,0.2,0.05,4,min,0.05,True,0.1,B_weak_signal,84,0.8234126984126983,1.0,0.216398026966731,0.6666666666666666,1.0,0.25,1.0,0.8561507936507935,1.0,0.20096453765347644,0.6666666666666666,1.0,0.25,1.0,0.953373015873016,1.0,0.11303231231469715,1.0,1.0,0.5,1.0,0.5476190476190477
610,171,0.2,0.05,4,min,0.05,True,0.1,C_deep,92,0.7411231884057972,0.75,0.22736279506487017,0.5,1.0,0.25,1.0,0.9092391304347827,1.0,0.15862204505445504,0.75,1.0,0.4,1.0,0.8097826086956522,0.75,0.21728078891765906,0.75,1.0,0.25,1.0,0.33695652173913043
611,477,0.4,0.05,4,min,0.15,True,0.1,A_default,79,0.7516877637130802,0.75,0.20742270960743267,0.5833333333333333,1.0,0.3333333333333333,1.0,0.8563291139240508,1.0,0.19747883505671862,0.6666666666666666,1.0,0.4,1.0,0.8902953586497891,1.0,0.18176500112357258,0.75,1.0,0.3333333333333333,1.0,0.35443037974683544
611,477,0.4,0.05,4,min,0.15,True,0.1,B_weak_signal,58,0.8163793103448276,0.875,0.20305875860811623,0.6666666666666666,1.0,0.25,1.0,0.8591954022988505,1.0,0.18680061019893116,0.6666666666666666,1.0,0.25,1.0,0.9410919540229884,1.0,0.11786004177327057,1.0,1.0,0.6666666666666666,1.0,0.5
611,477,0.4,0.05,4,min,0.15,True,0.1,C_deep,86,0.7405038759689923,0.75,0.225143972785265,0.5416666666666666,1.0,0.25,1.0,0.9213178294573644,1.0,0.1537048177469789,1.0,1.0,0.4,1.0,0.803294573643411,0.75,0.2202615760379122,0.75,1.0,0.25,1.0,0.32558139534883723
612,255,0.4,0.05,6,min,0.05,False,0.05,A_default,79,0.729746835443038,0.6666666666666666,0.21074536839438773,0.5,1.0,0.25,1.0,0.8162447257383967,1.0,0.21113879738962263,0.6666666666666666,1.0,0.25,1.0,0.9008438818565402,1.0,0.166707232972894,0.75,1.0,0.5,1.0,0.31645569620253167
612,255,0.4,0.05,6,min,0.05,False,0.05,B_weak_signal,58,0.8054597701149425,0.875,0.2180095123520293,0.6666666666666666,1.0,0.2,1.0,0.8439655172413792,1.0,0.2046653302969416,0.6666666666666666,1.0,0.2,1.0,0.9454022988505746,1.0,0.11529236940476872,1.0,1.0,0.6666666666666666,1.0,0.5
612,255,0.4,0.05,6,min,0.05,False,0.05,C_deep,86,0.7693798449612403,0.75,0.2046335871765922,0.6666666666666666,1.0,0.25,1.0,0.9009689922480622,1.0,0.16602532784103785,0.75,1.0,0.4,1.0,0.8478682170542634,1.0,0.1822121960509912,0.75,1.0,0.25,1.0,0.3488372093023256
613,560,0.4,0.05,6,weighted,0.05,False,0.05,A_default,79,0.7710970464135021,0.75,0.2390435127807498,0.5,1.0,0.3333333333333333,1.0,0.9565400843881858,1.0,0.12811413518714726,1.0,1.0,0.4,1.0,0.8132911392405063,1.0,0.23691361479428807,0.5,1.0,0.3333333333333333,1.0,0.46835443037974683
613,560,0.4,0.05,6,weighted,0.05,False,0.05,B_weak_signal,58,0.8158045977011494,1.0,0.22927596891085367,0.6666666666666666,1.0,0.3333333333333333,1.0,0.9224137931034483,1.0,0.15676902604057621,1.0,1.0,0.5,1.0,0.8836206896551725,1.0,0.20408812498847012,0.75,1.0,0.3333333333333333,1.0,0.5517241379310345
613,560,0.4,0.05,6,weighted,0.05,False,0.05,C_deep,86,0.7168604651162791,0.75,0.24355072462293417,0.5,1.0,0.25,1.0,0.9854651162790697,1.0,0.06665669100011157,1.0,1.0,0.6666666666666666,1.0,0.7286821705426356,0.75,0.24759828262878467,0.5,1.0,0.25,1.0,0.313953488372093
614,296,0.4,0.05,4,weighted,0.05,False,0.05,A_default,79,0.7710970464135021,0.75,0.2390435127807498,0.5,1.0,0.3333333333333333,1.0,0.9565400843881858,1.0,0.12811413518714726,1.0,1.0,0.4,1.0,0.8132911392405063,1.0,0.23691361479428807,0.5,1.0,0.3333333333333333,1.0,0.46835443037974683
614,296,0.4,0.05,4,weighted,0.05,False,0.05,B_weak_signal,58,0.8158045977011494,1.0,0.22927596891085367,0.6666666666666666,1.0,0.3333333333333333,1.0,0.9224137931034483,1.0,0.15676902604057621,1.0,1.0,0.5,1.0,0.8836206896551725,1.0,0.20408812498847012,0.75,1.0,0.3333333333333333,1.0,0.5517241379310345
614,296,0.4,0.05,4,weighted,0.05,False,0.05,C_deep,86,0.7168604651162791,0.75,0.24355072462293417,0.5,1.0,0.25,1.0,0.9854651162790697,1.0,0.06665669100011157,1.0,1.0,0.6666666666666666,1.0,0.7286821705426356,0.75,0.24759828262878467,0.5,1.0,0.25,1.0,0.313953488372093
615,520,0.4,0.02,8,min,0.2,False,0.15,A_default,79,0.7320675105485231,0.75,0.2502388054865961,0.5,1.0,0.25,1.0,0.9345991561181434,1.0,0.15195244401273705,1.0,1.0,0.5,1.0,0.7974683544303798,1.0,0.25760634691060086,0.5,1.0,0.25,1.0,0.4050632911392405
615,520,0.4,0.02,8,min,0.2,False,0.15,B_weak_signal,58,0.8405172413793104,1.0,0.21532676263592085,0.75,1.0,0.3333333333333333,1.0,0.94683908045977,1.0,0.14866058573800284,1.0,1.0,0.5,1.0,0.8936781609195402,1.0,0.1891250910389631,0.75,1.0,0.3333333333333333,1.0,0.603448275862069
615,520,0.4,0.02,8,min,0.2,False,0.15,C_deep,86,0.7294573643410853,0.75,0.2603124620516211,0.5,1.0,0.25,1.0,0.9813953488372094,1.0,0.08835529156049263,1.0,1.0,0.4,1.0,0.7480620155038761,0.75,0.26351592831334536,0.5,1.0,0.25,1.0,0.37209302325581395
616,642,0.4,0.03,4,min,0.2,False,0.15,A_default,79,0.7320675105485231,0.75,0.2502388054865961,0.5,1.0,0.25,1.0,0.9345991561181434,1.0,0.15195244401273705,1.0,1.0,0.5,1.0,0.7974683544303798,1.0,0.25760634691060086,0.5,1.0,0.25,1.0,0.4050632911392405
616,642,0.4,0.03,4,min,0.2,False,0.15,B_weak_signal,58,0.8405172413793104,1.0,0.21532676263592085,0.75,1.0,0.3333333333333333,1.0,0.94683908045977,1.0,0.14866058573800284,1.0,1.0,0.5,1.0,0.8936781609195402,1.0,0.1891250910389631,0.75,1.0,0.3333333333333333,1.0,0.603448275862069
616,642,0.4,0.03,4,min,0.2,False,0.15,C_deep,86,0.7294573643410853,0.75,0.2603124620516211,0.5,1.0,0.25,1.0,0.9813953488372094,1.0,0.08835529156049263,1.0,1.0,0.4,1.0,0.7480620155038761,0.75,0.26351592831334536,0.5,1.0,0.25,1.0,0.37209302325581395
617,165,0.4,0.02,8,min,0.2,False,0.05,A_default,79,0.7320675105485231,0.75,0.2502388054865961,0.5,1.0,0.25,1.0,0.9345991561181434,1.0,0.15195244401273705,1.0,1.0,0.5,1.0,0.7974683544303798,1.0,0.25760634691060086,0.5,1.0,0.25,1.0,0.4050632911392405
617,165,0.4,0.02,8,min,0.2,False,0.05,B_weak_signal,58,0.8405172413793104,1.0,0.21532676263592085,0.75,1.0,0.3333333333333333,1.0,0.94683908045977,1.0,0.14866058573800284,1.0,1.0,0.5,1.0,0.8936781609195402,1.0,0.1891250910389631,0.75,1.0,0.3333333333333333,1.0,0.603448275862069
617,165,0.4,0.02,8,min,0.2,False,0.05,C_deep,86,0.7294573643410853,0.75,0.2603124620516211,0.5,1.0,0.25,1.0,0.9813953488372094,1.0,0.08835529156049263,1.0,1.0,0.4,1.0,0.7480620155038761,0.75,0.26351592831334536,0.5,1.0,0.25,1.0,0.37209302325581395
618,317,0.2,0.05,4,min,0.05,False,0.15,A_default,84,0.7424603174603175,0.75,0.2163096341915328,0.5,1.0,0.3333333333333333,1.0,0.8817460317460317,1.0,0.17940514245141448,0.6666666666666666,1.0,0.4,1.0,0.8472222222222223,1.0,0.2065013157241508,0.7291666666666666,1.0,0.3333333333333333,1.0,0.35714285714285715
618,317,0.2,0.05,4,min,0.05,False,0.15,B_weak_signal,84,0.8442460317460316,1.0,0.19923706637722155,0.6666666666666666,1.0,0.3333333333333333,1.0,0.8948412698412698,1.0,0.16419810802164,0.6666666666666666,1.0,0.3333333333333333,1.0,0.9355158730158731,1.0,0.1407281637662001,1.0,1.0,0.5,1.0,0.5833333333333334
618,317,0.2,0.05,4,min,0.05,False,0.15,C_deep,92,0.7152173913043479,0.75,0.23442512978962093,0.5,1.0,0.25,1.0,0.9384057971014492,1.0,0.13183079978011267,1.0,1.0,0.5,1.0,0.7554347826086957,0.75,0.22973559011480535,0.625,1.0,0.25,1.0,0.30434782608695654
619,470,0.4,0.05,6,weighted,0.05,False,0.1,A_default,79,0.7710970464135021,0.75,0.2390435127807498,0.5,1.0,0.3333333333333333,1.0,0.9565400843881858,1.0,0.12811413518714726,1.0,1.0,0.4,1.0,0.8132911392405063,1.0,0.23691361479428807,0.5,1.0,0.3333333333333333,1.0,0.46835443037974683
619,470,0.4,0.05,6,weighted,0.05,False,0.1,B_weak_signal,58,0.8129310344827587,1.0,0.23429299527717026,0.6666666666666666,1.0,0.3333333333333333,1.0,0.9310344827586207,1.0,0.14654727583014476,1.0,1.0,0.5,1.0,0.8721264367816093,1.0,0.21585290121133366,0.75,1.0,0.3333333333333333,1.0,0.5517241379310345
619,470,0.4,0.05,6,weighted,0.05,False,0.1,C_deep,86,0.7168604651162791,0.75,0.24355072462293417,0.5,1.0,0.25,1.0,0.9854651162790697,1.0,0.06665669100011157,1.0,1.0,0.6666666666666666,1.0,0.7286821705426356,0.75,0.24759828262878467,0.5,1.0,0.25,1.0,0.313953488372093
620,639,0.4,0.05,4,weighted,0.05,False,0.1,A_default,79,0.7710970464135021,0.75,0.2390435127807498,0.5,1.0,0.3333333333333333,1.0,0.9565400843881858,1.0,0.12811413518714726,1.0,1.0,0.4,1.0,0.8132911392405063,1.0,0.23691361479428807,0.5,1.0,0.3333333333333333,1.0,0.46835443037974683
620,639,0.4,0.05,4,weighted,0.05,False,0.1,B_weak_signal,58,0.8129310344827587,1.0,0.23429299527717026,0.6666666666666666,1.0,0.3333333333333333,1.0,0.9310344827586207,1.0,0.14654727583014476,1.0,1.0,0.5,1.0,0.8721264367816093,1.0,0.21585290121133366,0.75,1.0,0.3333333333333333,1.0,0.5517241379310345
620,639,0.4,0.05,4,weighted,0.05,False,0.1,C_deep,86,0.7168604651162791,0.75,0.24355072462293417,0.5,1.0,0.25,1.0,0.9854651162790697,1.0,0.06665669100011157,1.0,1.0,0.6666666666666666,1.0,0.7286821705426356,0.75,0.24759828262878467,0.5,1.0,0.25,1.0,0.313953488372093
621,22,0.2,0.05,8,min,0.2,False,0.05,A_default,84,0.7509920634920635,0.75,0.24526781240591702,0.5,1.0,0.25,1.0,0.9662698412698412,1.0,0.10597845852432804,1.0,1.0,0.5,1.0,0.7847222222222223,1.0,0.2522351001318207,0.5,1.0,0.25,1.0,0.42857142857142855
621,22,0.2,0.05,8,min,0.2,False,0.05,B_weak_signal,84,0.8513888888888888,1.0,0.2170171452232264,0.6666666666666666,1.0,0.0,1.0,0.9652777777777779,1.0,0.1351831603278821,1.0,1.0,0.0,1.0,0.8730158730158731,1.0,0.2127449334442299,0.75,1.0,0.0,1.0,0.6309523809523809
621,22,0.2,0.05,8,min,0.2,False,0.05,C_deep,92,0.6980072463768117,0.75,0.24622723940857247,0.5,1.0,0.25,1.0,0.9855072463768115,1.0,0.06834951971718525,1.0,1.0,0.6666666666666666,1.0,0.707427536231884,0.75,0.24785236421526993,0.5,1.0,0.25,1.0,0.2826086956521739
622,469,0.2,0.05,4,min,0.2,False,0.05,A_default,84,0.7509920634920635,0.75,0.24526781240591702,0.5,1.0,0.25,1.0,0.9662698412698412,1.0,0.10597845852432804,1.0,1.0,0.5,1.0,0.7847222222222223,1.0,0.2522351001318207,0.5,1.0,0.25,1.0,0.42857142857142855
622,469,0.2,0.05,4,min,0.2,False,0.05,B_weak_signal,84,0.8513888888888888,1.0,0.2170171452232264,0.6666666666666666,1.0,0.0,1.0,0.9652777777777779,1.0,0.1351831603278821,1.0,1.0,0.0,1.0,0.8730158730158731,1.0,0.2127449334442299,0.75,1.0,0.0,1.0,0.6309523809523809
622,469,0.2,0.05,4,min,0.2,False,0.05,C_deep,92,0.6980072463768117,0.75,0.24622723940857247,0.5,1.0,0.25,1.0,0.9855072463768115,1.0,0.06834951971718525,1.0,1.0,0.6666666666666666,1.0,0.707427536231884,0.75,0.24785236421526993,0.5,1.0,0.25,1.0,0.2826086956521739
623,246,0.2,0.05,8,min,0.2,False,0.1,A_default,84,0.7509920634920635,0.75,0.24526781240591702,0.5,1.0,0.25,1.0,0.9662698412698412,1.0,0.10597845852432804,1.0,1.0,0.5,1.0,0.7847222222222223,1.0,0.2522351001318207,0.5,1.0,0.25,1.0,0.42857142857142855
623,246,0.2,0.05,8,min,0.2,False,0.1,B_weak_signal,84,0.8513888888888888,1.0,0.2170171452232264,0.6666666666666666,1.0,0.0,1.0,0.9652777777777779,1.0,0.1351831603278821,1.0,1.0,0.0,1.0,0.8730158730158731,1.0,0.2127449334442299,0.75,1.0,0.0,1.0,0.6309523809523809
623,246,0.2,0.05,8,min,0.2,False,0.1,C_deep,92,0.6980072463768117,0.75,0.24622723940857247,0.5,1.0,0.25,1.0,0.9855072463768115,1.0,0.06834951971718525,1.0,1.0,0.6666666666666666,1.0,0.707427536231884,0.75,0.24785236421526993,0.5,1.0,0.25,1.0,0.2826086956521739
624,277,0.2,0.05,4,min,0.2,False,0.1,A_default,84,0.7509920634920635,0.75,0.24526781240591702,0.5,1.0,0.25,1.0,0.9662698412698412,1.0,0.10597845852432804,1.0,1.0,0.5,1.0,0.7847222222222223,1.0,0.2522351001318207,0.5,1.0,0.25,1.0,0.42857142857142855
624,277,0.2,0.05,4,min,0.2,False,0.1,B_weak_signal,84,0.8513888888888888,1.0,0.2170171452232264,0.6666666666666666,1.0,0.0,1.0,0.9652777777777779,1.0,0.1351831603278821,1.0,1.0,0.0,1.0,0.8730158730158731,1.0,0.2127449334442299,0.75,1.0,0.0,1.0,0.6309523809523809
624,277,0.2,0.05,4,min,0.2,False,0.1,C_deep,92,0.6980072463768117,0.75,0.24622723940857247,0.5,1.0,0.25,1.0,0.9855072463768115,1.0,0.06834951971718525,1.0,1.0,0.6666666666666666,1.0,0.707427536231884,0.75,0.24785236421526993,0.5,1.0,0.25,1.0,0.2826086956521739
625,67,0.2,0.05,6,min,0.2,False,0.15,A_default,84,0.7509920634920635,0.75,0.24526781240591702,0.5,1.0,0.25,1.0,0.9662698412698412,1.0,0.10597845852432804,1.0,1.0,0.5,1.0,0.7847222222222223,1.0,0.2522351001318207,0.5,1.0,0.25,1.0,0.42857142857142855
625,67,0.2,0.05,6,min,0.2,False,0.15,B_weak_signal,84,0.8513888888888888,1.0,0.2170171452232264,0.6666666666666666,1.0,0.0,1.0,0.9652777777777779,1.0,0.1351831603278821,1.0,1.0,0.0,1.0,0.8730158730158731,1.0,0.2127449334442299,0.75,1.0,0.0,1.0,0.6309523809523809
625,67,0.2,0.05,6,min,0.2,False,0.15,C_deep,92,0.6980072463768117,0.75,0.24622723940857247,0.5,1.0,0.25,1.0,0.9855072463768115,1.0,0.06834951971718525,1.0,1.0,0.6666666666666666,1.0,0.707427536231884,0.75,0.24785236421526993,0.5,1.0,0.25,1.0,0.2826086956521739
626,426,0.3,0.05,6,min,0.05,False,0.15,A_default,84,0.7424603174603175,0.75,0.2163096341915328,0.5,1.0,0.3333333333333333,1.0,0.8817460317460317,1.0,0.17940514245141448,0.6666666666666666,1.0,0.4,1.0,0.8472222222222223,1.0,0.2065013157241508,0.7291666666666666,1.0,0.3333333333333333,1.0,0.35714285714285715
626,426,0.3,0.05,6,min,0.05,False,0.15,B_weak_signal,81,0.8425925925925926,1.0,0.20045088065547526,0.6666666666666666,1.0,0.3333333333333333,1.0,0.8950617283950617,1.0,0.16445289017350753,0.6666666666666666,1.0,0.3333333333333333,1.0,0.9331275720164608,1.0,0.14277735744762066,1.0,1.0,0.5,1.0,0.5802469135802469
626,426,0.3,0.05,6,min,0.05,False,0.15,C_deep,92,0.7152173913043479,0.75,0.23442512978962093,0.5,1.0,0.25,1.0,0.9384057971014492,1.0,0.13183079978011267,1.0,1.0,0.5,1.0,0.7554347826086957,0.75,0.22973559011480535,0.625,1.0,0.25,1.0,0.30434782608695654
627,735,0.3,0.02,6,mean,0.2,True,0.05,A_default,84,0.7551587301587303,0.75,0.25385878963867925,0.5,1.0,0.25,1.0,0.8057539682539683,1.0,0.25512804942592227,0.5,1.0,0.25,1.0,0.9494047619047619,1.0,0.13873222183271428,1.0,1.0,0.5,1.0,0.4642857142857143
627,735,0.3,0.02,6,mean,0.2,True,0.05,B_weak_signal,81,0.6890946502057613,0.75,0.3122961612287991,0.4,1.0,0.2,1.0,0.6921810699588478,0.75,0.31413556897099354,0.4,1.0,0.2,1.0,0.9969135802469136,1.0,0.027777777777777804,1.0,1.0,0.75,1.0,0.4444444444444444
627,735,0.3,0.02,6,mean,0.2,True,0.05,C_deep,92,0.8552536231884057,1.0,0.2187199042311301,0.75,1.0,0.25,1.0,0.9032608695652173,1.0,0.19717540102518646,1.0,1.0,0.25,1.0,0.9519927536231884,1.0,0.13546470444215056,1.0,1.0,0.25,1.0,0.6413043478260869
628,144,0.2,0.05,4,min,0.1,True,0.15,A_default,84,0.7384920634920634,0.75,0.2145786973098635,0.5,1.0,0.3333333333333333,1.0,0.8777777777777777,1.0,0.18044147358756168,0.6666666666666666,1.0,0.4,1.0,0.8472222222222223,1.0,0.2065013157241508,0.7291666666666666,1.0,0.3333333333333333,1.0,0.34523809523809523
628,144,0.2,0.05,4,min,0.1,True,0.15,B_weak_signal,84,0.8442460317460316,1.0,0.19923706637722155,0.6666666666666666,1.0,0.3333333333333333,1.0,0.8948412698412698,1.0,0.16419810802164,0.6666666666666666,1.0,0.3333333333333333,1.0,0.9355158730158731,1.0,0.1407281637662001,1.0,1.0,0.5,1.0,0.5833333333333334
628,144,0.2,0.05,4,min,0.1,True,0.15,C_deep,92,0.7141304347826087,0.75,0.23566256042203326,0.5,1.0,0.25,1.0,0.9347826086956522,1.0,0.13466940876676026,1.0,1.0,0.5,1.0,0.7554347826086957,0.75,0.22973559011480535,0.625,1.0,0.25,1.0,0.30434782608695654
629,259,0.3,0.05,6,min,0.05,True,0.15,A_default,84,0.7384920634920634,0.75,0.2145786973098635,0.5,1.0,0.3333333333333333,1.0,0.8777777777777777,1.0,0.18044147358756168,0.6666666666666666,1.0,0.4,1.0,0.8472222222222223,1.0,0.2065013157241508,0.7291666666666666,1.0,0.3333333333333333,1.0,0.34523809523809523
629,259,0.3,0.05,6,min,0.05,True,0.15,B_weak_signal,81,0.8425925925925926,1.0,0.20045088065547526,0.6666666666666666,1.0,0.3333333333333333,1.0,0.8950617283950617,1.0,0.16445289017350753,0.6666666666666666,1.0,0.3333333333333333,1.0,0.9331275720164608,1.0,0.14277735744762066,1.0,1.0,0.5,1.0,0.5802469135802469
629,259,0.3,0.05,6,min,0.05,True,0.15,C_deep,92,0.7141304347826087,0.75,0.23566256042203326,0.5,1.0,0.25,1.0,0.9347826086956522,1.0,0.13466940876676026,1.0,1.0,0.5,1.0,0.7554347826086957,0.75,0.22973559011480535,0.625,1.0,0.25,1.0,0.30434782608695654
630,708,0.3,0.05,4,min,0.1,True,0.15,A_default,84,0.7384920634920634,0.75,0.2145786973098635,0.5,1.0,0.3333333333333333,1.0,0.8777777777777777,1.0,0.18044147358756168,0.6666666666666666,1.0,0.4,1.0,0.8472222222222223,1.0,0.2065013157241508,0.7291666666666666,1.0,0.3333333333333333,1.0,0.34523809523809523
630,708,0.3,0.05,4,min,0.1,True,0.15,B_weak_signal,81,0.8425925925925926,1.0,0.20045088065547526,0.6666666666666666,1.0,0.3333333333333333,1.0,0.8950617283950617,1.0,0.16445289017350753,0.6666666666666666,1.0,0.3333333333333333,1.0,0.9331275720164608,1.0,0.14277735744762066,1.0,1.0,0.5,1.0,0.5802469135802469
630,708,0.3,0.05,4,min,0.1,True,0.15,C_deep,92,0.7141304347826087,0.75,0.23566256042203326,0.5,1.0,0.25,1.0,0.9347826086956522,1.0,0.13466940876676026,1.0,1.0,0.5,1.0,0.7554347826086957,0.75,0.22973559011480535,0.625,1.0,0.25,1.0,0.30434782608695654
631,797,0.3,0.05,6,min,0.1,True,0.15,A_default,84,0.7384920634920634,0.75,0.2145786973098635,0.5,1.0,0.3333333333333333,1.0,0.8777777777777777,1.0,0.18044147358756168,0.6666666666666666,1.0,0.4,1.0,0.8472222222222223,1.0,0.2065013157241508,0.7291666666666666,1.0,0.3333333333333333,1.0,0.34523809523809523
631,797,0.3,0.05,6,min,0.1,True,0.15,B_weak_signal,81,0.8425925925925926,1.0,0.20045088065547526,0.6666666666666666,1.0,0.3333333333333333,1.0,0.8950617283950617,1.0,0.16445289017350753,0.6666666666666666,1.0,0.3333333333333333,1.0,0.9331275720164608,1.0,0.14277735744762066,1.0,1.0,0.5,1.0,0.5802469135802469
631,797,0.3,0.05,6,min,0.1,True,0.15,C_deep,92,0.7141304347826087,0.75,0.23566256042203326,0.5,1.0,0.25,1.0,0.9347826086956522,1.0,0.13466940876676026,1.0,1.0,0.5,1.0,0.7554347826086957,0.75,0.22973559011480535,0.625,1.0,0.25,1.0,0.30434782608695654
632,372,0.4,0.05,8,min,0.2,True,0.05,A_default,79,0.7622362869198311,0.75,0.21466380095700105,0.6666666666666666,1.0,0.25,1.0,0.8500000000000001,1.0,0.21368760647822582,0.6666666666666666,1.0,0.25,1.0,0.909282700421941,1.0,0.16298818484967373,0.75,1.0,0.5,1.0,0.379746835443038
632,372,0.4,0.05,8,min,0.2,True,0.05,B_weak_signal,58,0.7514367816091954,0.75,0.25558640449628656,0.525,1.0,0.2,1.0,0.7899425287356321,1.0,0.2528191853850424,0.6666666666666666,1.0,0.2,1.0,0.9454022988505746,1.0,0.11529236940476872,1.0,1.0,0.6666666666666666,1.0,0.43103448275862066
632,372,0.4,0.05,8,min,0.2,True,0.05,C_deep,86,0.7813953488372093,0.75,0.20061048338377446,0.6666666666666666,1.0,0.25,1.0,0.9096899224806202,1.0,0.1613963804106744,0.8125,1.0,0.4,1.0,0.8565891472868216,1.0,0.17925552415380805,0.75,1.0,0.25,1.0,0.37209302325581395
633,376,0.4,0.05,4,min,0.05,False,0.1,A_default,79,0.7419831223628692,0.75,0.20698040631997577,0.5,1.0,0.3333333333333333,1.0,0.8415611814345991,1.0,0.19730869810640336,0.6666666666666666,1.0,0.4,1.0,0.8902953586497891,1.0,0.18176500112357258,0.75,1.0,0.3333333333333333,1.0,0.3291139240506329
633,376,0.4,0.05,4,min,0.05,False,0.1,B_weak_signal,58,0.8163793103448276,0.875,0.20305875860811623,0.6666666666666666,1.0,0.25,1.0,0.8591954022988505,1.0,0.18680061019893116,0.6666666666666666,1.0,0.25,1.0,0.9410919540229884,1.0,0.11786004177327057,1.0,1.0,0.6666666666666666,1.0,0.5
633,376,0.4,0.05,4,min,0.05,False,0.1,C_deep,86,0.7335271317829458,0.75,0.22630152518477994,0.5,1.0,0.25,1.0,0.9096899224806203,1.0,0.1598705586755602,0.8125,1.0,0.4,1.0,0.803294573643411,0.75,0.2202615760379122,0.75,1.0,0.25,1.0,0.313953488372093
634,212,0.4,0.05,6,min,0.15,True,0.15,A_default,79,0.7453586497890295,0.75,0.21246646641496184,0.5,1.0,0.3333333333333333,1.0,0.8985232067510549,1.0,0.17594251427436758,0.7083333333333333,1.0,0.4,1.0,0.8417721518987343,1.0,0.20912028153436873,0.7083333333333333,1.0,0.3333333333333333,1.0,0.35443037974683544
634,212,0.4,0.05,6,min,0.15,True,0.15,B_weak_signal,58,0.8336206896551723,1.0,0.1908095858282819,0.6666666666666666,1.0,0.5,1.0,0.896551724137931,1.0,0.15789053567039782,0.6666666666666666,1.0,0.5,1.0,0.9238505747126436,1.0,0.1424552208623151,1.0,1.0,0.5,1.0,0.5344827586206896
634,212,0.4,0.05,6,min,0.15,True,0.15,C_deep,86,0.7127906976744186,0.75,0.23258527733437928,0.5,1.0,0.25,1.0,0.9525193798449612,1.0,0.12028064790532979,1.0,1.0,0.5,1.0,0.74515503875969,0.75,0.23127758664735173,0.5,1.0,0.25,1.0,0.29069767441860467
635,762,0.3,0.05,4,max,0.2,True,0.05,A_default,84,0.7777777777777777,0.75,0.24384434066041127,0.6666666666666666,1.0,0.0,1.0,0.8392857142857143,1.0,0.23984939017535353,0.6666666666666666,1.0,0.0,1.0,0.9246031746031746,1.0,0.17812943323074668,1.0,1.0,0.0,1.0,0.4642857142857143
635,762,0.3,0.05,4,max,0.2,True,0.05,B_weak_signal,81,0.6806584362139918,0.75,0.29525714769459227,0.4,1.0,0.0,1.0,0.689917695473251,0.75,0.29409322752253697,0.4,1.0,0.0,1.0,0.9567901234567902,1.0,0.17584671706129337,1.0,1.0,0.0,1.0,0.35802469135802467
635,762,0.3,0.05,4,max,0.2,True,0.05,C_deep,92,0.8326086956521739,1.0,0.21084620837605406,0.7291666666666666,1.0,0.25,1.0,0.8918478260869565,1.0,0.17727234907378528,0.75,1.0,0.3333333333333333,1.0,0.9293478260869565,1.0,0.15623722541610482,1.0,1.0,0.25,1.0,0.5434782608695652
636,427,0.3,0.05,6,max,0.2,True,0.05,A_default,84,0.7777777777777777,0.75,0.24384434066041127,0.6666666666666666,1.0,0.0,1.0,0.8392857142857143,1.0,0.23984939017535353,0.6666666666666666,1.0,0.0,1.0,0.9246031746031746,1.0,0.17812943323074668,1.0,1.0,0.0,1.0,0.4642857142857143
636,427,0.3,0.05,6,max,0.2,True,0.05,B_weak_signal,81,0.6806584362139918,0.75,0.29525714769459227,0.4,1.0,0.0,1.0,0.689917695473251,0.75,0.29409322752253697,0.4,1.0,0.0,1.0,0.9567901234567902,1.0,0.17584671706129337,1.0,1.0,0.0,1.0,0.35802469135802467
636,427,0.3,0.05,6,max,0.2,True,0.05,C_deep,92,0.8326086956521739,1.0,0.21084620837605406,0.7291666666666666,1.0,0.25,1.0,0.8918478260869565,1.0,0.17727234907378528,0.75,1.0,0.3333333333333333,1.0,0.9293478260869565,1.0,0.15623722541610482,1.0,1.0,0.25,1.0,0.5434782608695652
637,262,0.3,0.02,4,harmonic,0.05,True,0.05,A_default,84,0.7509920634920635,0.75,0.2657155627942887,0.5,1.0,0.2,1.0,0.8015873015873017,1.0,0.2677265464339604,0.5,1.0,0.2,1.0,0.9494047619047619,1.0,0.13873222183271428,1.0,1.0,0.5,1.0,0.47619047619047616
637,262,0.3,0.02,4,harmonic,0.05,True,0.05,B_weak_signal,81,0.6798353909465021,0.75,0.311277788243952,0.4,1.0,0.2,1.0,0.6860082304526749,0.75,0.31511083577100574,0.4,1.0,0.2,1.0,0.9938271604938271,1.0,0.03903741478487551,1.0,1.0,0.75,1.0,0.4074074074074074
637,262,0.3,0.02,4,harmonic,0.05,True,0.05,C_deep,92,0.8590579710144928,1.0,0.20606513313337102,0.75,1.0,0.25,1.0,0.9125,1.0,0.18097256249517044,1.0,1.0,0.25,1.0,0.9465579710144927,1.0,0.13844456985499184,1.0,1.0,0.25,1.0,0.6195652173913043
638,615,0.3,0.02,8,harmonic,0.05,True,0.05,A_default,84,0.7509920634920635,0.75,0.2657155627942887,0.5,1.0,0.2,1.0,0.8015873015873017,1.0,0.2677265464339604,0.5,1.0,0.2,1.0,0.9494047619047619,1.0,0.13873222183271428,1.0,1.0,0.5,1.0,0.47619047619047616
638,615,0.3,0.02,8,harmonic,0.05,True,0.05,B_weak_signal,81,0.6798353909465021,0.75,0.311277788243952,0.4,1.0,0.2,1.0,0.6860082304526749,0.75,0.31511083577100574,0.4,1.0,0.2,1.0,0.9938271604938271,1.0,0.03903741478487551,1.0,1.0,0.75,1.0,0.4074074074074074
638,615,0.3,0.02,8,harmonic,0.05,True,0.05,C_deep,92,0.8590579710144928,1.0,0.20606513313337102,0.75,1.0,0.25,1.0,0.9125,1.0,0.18097256249517044,1.0,1.0,0.25,1.0,0.9465579710144927,1.0,0.13844456985499184,1.0,1.0,0.25,1.0,0.6195652173913043
639,219,0.2,0.03,8,mean,0.2,True,0.05,A_default,84,0.7551587301587303,0.75,0.25385878963867925,0.5,1.0,0.25,1.0,0.8057539682539683,1.0,0.25512804942592227,0.5,1.0,0.25,1.0,0.9494047619047619,1.0,0.13873222183271428,1.0,1.0,0.5,1.0,0.4642857142857143
639,219,0.2,0.03,8,mean,0.2,True,0.05,B_weak_signal,84,0.6757936507936508,0.75,0.31537365231578623,0.4,1.0,0.2,1.0,0.6787698412698413,0.75,0.31725638589961314,0.4,1.0,0.2,1.0,0.9970238095238095,1.0,0.027277236279499028,1.0,1.0,0.75,1.0,0.42857142857142855
639,219,0.2,0.03,8,mean,0.2,True,0.05,C_deep,92,0.8552536231884057,1.0,0.2187199042311301,0.75,1.0,0.25,1.0,0.9032608695652173,1.0,0.19717540102518646,1.0,1.0,0.25,1.0,0.9519927536231884,1.0,0.13546470444215056,1.0,1.0,0.25,1.0,0.6413043478260869
640,348,0.2,0.02,8,mean,0.2,True,0.05,A_default,84,0.7551587301587303,0.75,0.25385878963867925,0.5,1.0,0.25,1.0,0.8057539682539683,1.0,0.25512804942592227,0.5,1.0,0.25,1.0,0.9494047619047619,1.0,0.13873222183271428,1.0,1.0,0.5,1.0,0.4642857142857143
640,348,0.2,0.02,8,mean,0.2,True,0.05,B_weak_signal,84,0.6757936507936508,0.75,0.31537365231578623,0.4,1.0,0.2,1.0,0.6787698412698413,0.75,0.31725638589961314,0.4,1.0,0.2,1.0,0.9970238095238095,1.0,0.027277236279499028,1.0,1.0,0.75,1.0,0.42857142857142855
640,348,0.2,0.02,8,mean,0.2,True,0.05,C_deep,92,0.8552536231884057,1.0,0.2187199042311301,0.75,1.0,0.25,1.0,0.9032608695652173,1.0,0.19717540102518646,1.0,1.0,0.25,1.0,0.9519927536231884,1.0,0.13546470444215056,1.0,1.0,0.25,1.0,0.6413043478260869
641,191,0.2,0.02,4,mean,0.2,True,0.05,A_default,84,0.7551587301587303,0.75,0.25385878963867925,0.5,1.0,0.25,1.0,0.8057539682539683,1.0,0.25512804942592227,0.5,1.0,0.25,1.0,0.9494047619047619,1.0,0.13873222183271428,1.0,1.0,0.5,1.0,0.4642857142857143
641,191,0.2,0.02,4,mean,0.2,True,0.05,B_weak_signal,84,0.6757936507936508,0.75,0.31537365231578623,0.4,1.0,0.2,1.0,0.6787698412698413,0.75,0.31725638589961314,0.4,1.0,0.2,1.0,0.9970238095238095,1.0,0.027277236279499028,1.0,1.0,0.75,1.0,0.42857142857142855
641,191,0.2,0.02,4,mean,0.2,True,0.05,C_deep,92,0.8552536231884057,1.0,0.2187199042311301,0.75,1.0,0.25,1.0,0.9032608695652173,1.0,0.19717540102518646,1.0,1.0,0.25,1.0,0.9519927536231884,1.0,0.13546470444215056,1.0,1.0,0.25,1.0,0.6413043478260869
642,541,0.3,0.05,4,mean,0.15,True,0.05,A_default,84,0.7646825396825397,0.75,0.22776495026593452,0.6666666666666666,1.0,0.25,1.0,0.8390873015873016,1.0,0.22547724260300495,0.6666666666666666,1.0,0.25,1.0,0.9216269841269842,1.0,0.15488000627822834,1.0,1.0,0.5,1.0,0.4166666666666667
642,541,0.3,0.05,4,mean,0.15,True,0.05,B_weak_signal,81,0.7012345679012346,0.6666666666666666,0.2813136073477646,0.4,1.0,0.2,1.0,0.718724279835391,0.75,0.2798360471881677,0.5,1.0,0.2,1.0,0.9722222222222222,1.0,0.09409658158863504,1.0,1.0,0.5,1.0,0.3950617283950617
642,541,0.3,0.05,4,mean,0.15,True,0.05,C_deep,92,0.8192028985507247,1.0,0.21412192250216655,0.6666666666666666,1.0,0.25,1.0,0.8922101449275361,1.0,0.17625273033599925,0.75,1.0,0.3333333333333333,1.0,0.9139492753623187,1.0,0.16270525074421469,0.75,1.0,0.25,1.0,0.5217391304347826
643,429,0.3,0.02,8,mean,0.15,True,0.05,A_default,84,0.7436507936507937,0.75,0.2632042381178883,0.5,1.0,0.25,1.0,0.7942460317460318,1.0,0.2666477659920692,0.5,1.0,0.25,1.0,0.9494047619047619,1.0,0.13873222183271428,1.0,1.0,0.5,1.0,0.4642857142857143
643,429,0.3,0.02,8,mean,0.15,True,0.05,B_weak_signal,81,0.687037037037037,0.75,0.31299405390163204,0.4,1.0,0.2,1.0,0.6901234567901234,0.75,0.3148498074234251,0.4,1.0,0.2,1.0,0.9969135802469136,1.0,0.027777777777777804,1.0,1.0,0.75,1.0,0.4444444444444444
643,429,0.3,0.02,8,mean,0.15,True,0.05,C_deep,92,0.8505434782608694,1.0,0.22516377280680425,0.75,1.0,0.25,1.0,0.898550724637681,1.0,0.205415867735231,1.0,1.0,0.25,1.0,0.9519927536231884,1.0,0.13546470444215056,1.0,1.0,0.25,1.0,0.6413043478260869
644,291,0.3,0.03,6,mean,0.15,True,0.05,A_default,84,0.7436507936507937,0.75,0.2632042381178883,0.5,1.0,0.25,1.0,0.7942460317460318,1.0,0.2666477659920692,0.5,1.0,0.25,1.0,0.9494047619047619,1.0,0.13873222183271428,1.0,1.0,0.5,1.0,0.4642857142857143
644,291,0.3,0.03,6,mean,0.15,True,0.05,B_weak_signal,81,0.687037037037037,0.75,0.31299405390163204,0.4,1.0,0.2,1.0,0.6901234567901234,0.75,0.3148498074234251,0.4,1.0,0.2,1.0,0.9969135802469136,1.0,0.027777777777777804,1.0,1.0,0.75,1.0,0.4444444444444444
644,291,0.3,0.03,6,mean,0.15,True,0.05,C_deep,92,0.8505434782608694,1.0,0.22516377280680425,0.75,1.0,0.25,1.0,0.898550724637681,1.0,0.205415867735231,1.0,1.0,0.25,1.0,0.9519927536231884,1.0,0.13546470444215056,1.0,1.0,0.25,1.0,0.6413043478260869
645,412,0.2,0.05,8,max,0.2,True,0.05,A_default,84,0.7777777777777777,0.75,0.24384434066041127,0.6666666666666666,1.0,0.0,1.0,0.8392857142857143,1.0,0.23984939017535353,0.6666666666666666,1.0,0.0,1.0,0.9246031746031746,1.0,0.17812943323074668,1.0,1.0,0.0,1.0,0.4642857142857143
645,412,0.2,0.05,8,max,0.2,True,0.05,B_weak_signal,84,0.6696428571428571,0.6666666666666666,0.29820032163384436,0.38333333333333336,1.0,0.0,1.0,0.6785714285714286,0.7083333333333333,0.2974295437991568,0.38333333333333336,1.0,0.0,1.0,0.9583333333333334,1.0,0.17282788522587036,1.0,1.0,0.0,1.0,0.34523809523809523
645,412,0.2,0.05,8,max,0.2,True,0.05,C_deep,92,0.8326086956521739,1.0,0.21084620837605406,0.7291666666666666,1.0,0.25,1.0,0.8918478260869565,1.0,0.17727234907378528,0.75,1.0,0.3333333333333333,1.0,0.9293478260869565,1.0,0.15623722541610482,1.0,1.0,0.25,1.0,0.5434782608695652
646,450,0.4,0.05,8,weighted,0.05,False,0.15,A_default,79,0.7584388185654009,0.75,0.23983424680013363,0.5,1.0,0.3333333333333333,1.0,0.9565400843881858,1.0,0.12811413518714726,1.0,1.0,0.4,1.0,0.8006329113924051,1.0,0.23997630221878227,0.5,1.0,0.3333333333333333,1.0,0.4430379746835443
646,450,0.4,0.05,8,weighted,0.05,False,0.15,B_weak_signal,58,0.8043103448275862,1.0,0.23647756931217234,0.6666666666666666,1.0,0.3333333333333333,1.0,0.9396551724137931,1.0,0.13499792743362118,1.0,1.0,0.5,1.0,0.8548850574712644,1.0,0.22488915659777778,0.75,1.0,0.3333333333333333,1.0,0.5344827586206896
646,450,0.4,0.05,8,weighted,0.05,False,0.15,C_deep,86,0.7149224806201551,0.75,0.2446155990644698,0.5,1.0,0.25,1.0,0.9893410852713179,1.0,0.05687463513911121,1.0,1.0,0.6666666666666666,1.0,0.7228682170542635,0.75,0.24702208775877782,0.5,1.0,0.25,1.0,0.313953488372093
647,780,0.2,0.03,4,harmonic,0.05,True,0.05,A_default,84,0.7509920634920635,0.75,0.2657155627942887,0.5,1.0,0.2,1.0,0.8015873015873017,1.0,0.2677265464339604,0.5,1.0,0.2,1.0,0.9494047619047619,1.0,0.13873222183271428,1.0,1.0,0.5,1.0,0.47619047619047616
647,780,0.2,0.03,4,harmonic,0.05,True,0.05,B_weak_signal,84,0.6662698412698413,0.75,0.314869941813343,0.4,1.0,0.2,1.0,0.6722222222222223,0.75,0.318782125801428,0.4,1.0,0.2,1.0,0.9940476190476191,1.0,0.03834274872521448,1.0,1.0,0.75,1.0,0.39285714285714285
647,780,0.2,0.03,4,harmonic,0.05,True,0.05,C_deep,92,0.8590579710144928,1.0,0.20606513313337102,0.75,1.0,0.25,1.0,0.9125,1.0,0.18097256249517044,1.0,1.0,0.25,1.0,0.9465579710144927,1.0,0.13844456985499184,1.0,1.0,0.25,1.0,0.6195652173913043
648,51,0.4,0.05,4,min,0.2,False,0.1,A_default,79,0.7394514767932489,0.75,0.24618423044920085,0.5,1.0,0.25,1.0,0.9641350210970465,1.0,0.10896719910801336,1.0,1.0,0.5,1.0,0.7753164556962024,1.0,0.2550607541655163,0.5,1.0,0.25,1.0,0.4050632911392405
648,51,0.4,0.05,4,min,0.2,False,0.1,B_weak_signal,58,0.8451149425287356,1.0,0.2004140115613517,0.6666666666666666,1.0,0.3333333333333333,1.0,0.978448275862069,1.0,0.08044761596905059,1.0,1.0,0.6666666666666666,1.0,0.8649425287356322,1.0,0.19610460010659356,0.75,1.0,0.3333333333333333,1.0,0.5862068965517241
648,51,0.4,0.05,4,min,0.2,False,0.1,C_deep,86,0.6877906976744187,0.75,0.24383140562684913,0.5,0.9375,0.25,1.0,0.9883720930232558,1.0,0.06152048213271927,1.0,1.0,0.6666666666666666,1.0,0.6967054263565892,0.75,0.24717779274261314,0.5,1.0,0.25,1.0,0.2558139534883721
649,784,0.4,0.05,8,min,0.2,False,0.15,A_default,79,0.7394514767932489,0.75,0.24618423044920085,0.5,1.0,0.25,1.0,0.9641350210970465,1.0,0.10896719910801336,1.0,1.0,0.5,1.0,0.7753164556962024,1.0,0.2550607541655163,0.5,1.0,0.25,1.0,0.4050632911392405
649,784,0.4,0.05,8,min,0.2,False,0.15,B_weak_signal,58,0.8451149425287356,1.0,0.2004140115613517,0.6666666666666666,1.0,0.3333333333333333,1.0,0.978448275862069,1.0,0.08044761596905059,1.0,1.0,0.6666666666666666,1.0,0.8649425287356322,1.0,0.19610460010659356,0.75,1.0,0.3333333333333333,1.0,0.5862068965517241
649,784,0.4,0.05,8,min,0.2,False,0.15,C_deep,86,0.6877906976744187,0.75,0.24383140562684913,0.5,0.9375,0.25,1.0,0.9883720930232558,1.0,0.06152048213271927,1.0,1.0,0.6666666666666666,1.0,0.6967054263565892,0.75,0.24717779274261314,0.5,1.0,0.25,1.0,0.2558139534883721
650,286,0.4,0.05,8,min,0.2,False,0.1,A_default,79,0.7394514767932489,0.75,0.24618423044920085,0.5,1.0,0.25,1.0,0.9641350210970465,1.0,0.10896719910801336,1.0,1.0,0.5,1.0,0.7753164556962024,1.0,0.2550607541655163,0.5,1.0,0.25,1.0,0.4050632911392405
650,286,0.4,0.05,8,min,0.2,False,0.1,B_weak_signal,58,0.8451149425287356,1.0,0.2004140115613517,0.6666666666666666,1.0,0.3333333333333333,1.0,0.978448275862069,1.0,0.08044761596905059,1.0,1.0,0.6666666666666666,1.0,0.8649425287356322,1.0,0.19610460010659356,0.75,1.0,0.3333333333333333,1.0,0.5862068965517241
650,286,0.4,0.05,8,min,0.2,False,0.1,C_deep,86,0.6877906976744187,0.75,0.24383140562684913,0.5,0.9375,0.25,1.0,0.9883720930232558,1.0,0.06152048213271927,1.0,1.0,0.6666666666666666,1.0,0.6967054263565892,0.75,0.24717779274261314,0.5,1.0,0.25,1.0,0.2558139534883721
651,638,0.3,0.03,4,mean,0.1,True,0.05,A_default,84,0.7305555555555555,0.75,0.2677042231517126,0.5,1.0,0.25,1.0,0.7811507936507938,1.0,0.27355290135313876,0.5,1.0,0.25,1.0,0.9494047619047619,1.0,0.13873222183271428,1.0,1.0,0.5,1.0,0.4523809523809524
651,638,0.3,0.03,4,mean,0.1,True,0.05,B_weak_signal,81,0.687037037037037,0.75,0.31299405390163204,0.4,1.0,0.2,1.0,0.6901234567901234,0.75,0.3148498074234251,0.4,1.0,0.2,1.0,0.9969135802469136,1.0,0.027777777777777804,1.0,1.0,0.75,1.0,0.4444444444444444
651,638,0.3,0.03,4,mean,0.1,True,0.05,C_deep,92,0.8505434782608694,1.0,0.22516377280680425,0.75,1.0,0.25,1.0,0.898550724637681,1.0,0.205415867735231,1.0,1.0,0.25,1.0,0.9519927536231884,1.0,0.13546470444215056,1.0,1.0,0.25,1.0,0.6413043478260869
652,389,0.2,0.03,6,mean,0.15,True,0.05,A_default,84,0.7436507936507937,0.75,0.2632042381178883,0.5,1.0,0.25,1.0,0.7942460317460318,1.0,0.2666477659920692,0.5,1.0,0.25,1.0,0.9494047619047619,1.0,0.13873222183271428,1.0,1.0,0.5,1.0,0.4642857142857143
652,389,0.2,0.03,6,mean,0.15,True,0.05,B_weak_signal,84,0.6738095238095239,0.75,0.3159555078811144,0.4,1.0,0.2,1.0,0.6767857142857143,0.75,0.31785359735528,0.4,1.0,0.2,1.0,0.9970238095238095,1.0,0.027277236279499028,1.0,1.0,0.75,1.0,0.42857142857142855
652,389,0.2,0.03,6,mean,0.15,True,0.05,C_deep,92,0.8505434782608694,1.0,0.22516377280680425,0.75,1.0,0.25,1.0,0.898550724637681,1.0,0.205415867735231,1.0,1.0,0.25,1.0,0.9519927536231884,1.0,0.13546470444215056,1.0,1.0,0.25,1.0,0.6413043478260869
653,241,0.3,0.02,6,mean,0.05,True,0.05,A_default,84,0.7285714285714286,0.75,0.2687988482249089,0.5,1.0,0.25,1.0,0.7791666666666667,1.0,0.27499391498683357,0.5,1.0,0.25,1.0,0.9494047619047619,1.0,0.13873222183271428,1.0,1.0,0.5,1.0,0.4523809523809524
653,241,0.3,0.02,6,mean,0.05,True,0.05,B_weak_signal,81,0.687037037037037,0.75,0.31299405390163204,0.4,1.0,0.2,1.0,0.6901234567901234,0.75,0.3148498074234251,0.4,1.0,0.2,1.0,0.9969135802469136,1.0,0.027777777777777804,1.0,1.0,0.75,1.0,0.4444444444444444
653,241,0.3,0.02,6,mean,0.05,True,0.05,C_deep,92,0.8505434782608694,1.0,0.22516377280680425,0.75,1.0,0.25,1.0,0.898550724637681,1.0,0.205415867735231,1.0,1.0,0.25,1.0,0.9519927536231884,1.0,0.13546470444215056,1.0,1.0,0.25,1.0,0.6413043478260869
654,504,0.3,0.02,8,max,0.05,False,0.05,A_default,84,0.7325396825396825,0.75,0.26659015922952567,0.5,1.0,0.25,1.0,0.7771825396825397,1.0,0.2699816514404075,0.5,1.0,0.25,1.0,0.9553571428571429,1.0,0.13533044278190184,1.0,1.0,0.5,1.0,0.4523809523809524
654,504,0.3,0.02,8,max,0.05,False,0.05,B_weak_signal,81,0.684156378600823,0.75,0.30500342933600194,0.4,1.0,0.2,1.0,0.684156378600823,0.75,0.30500342933600194,0.4,1.0,0.2,1.0,1.0,1.0,0.0,1.0,1.0,1.0,1.0,0.41975308641975306
654,504,0.3,0.02,8,max,0.05,False,0.05,C_deep,92,0.8413043478260869,1.0,0.22235390534881083,0.75,1.0,0.25,1.0,0.8920289855072463,1.0,0.19748847759883992,0.8,1.0,0.25,1.0,0.9492753623188406,1.0,0.14667484666412794,1.0,1.0,0.25,1.0,0.5978260869565217
655,681,0.2,0.02,8,mean,0.1,True,0.05,A_default,84,0.7305555555555555,0.75,0.2677042231517126,0.5,1.0,0.25,1.0,0.7811507936507938,1.0,0.27355290135313876,0.5,1.0,0.25,1.0,0.9494047619047619,1.0,0.13873222183271428,1.0,1.0,0.5,1.0,0.4523809523809524
655,681,0.2,0.02,8,mean,0.1,True,0.05,B_weak_signal,84,0.6738095238095239,0.75,0.3159555078811144,0.4,1.0,0.2,1.0,0.6767857142857143,0.75,0.31785359735528,0.4,1.0,0.2,1.0,0.9970238095238095,1.0,0.027277236279499028,1.0,1.0,0.75,1.0,0.42857142857142855
655,681,0.2,0.02,8,mean,0.1,True,0.05,C_deep,92,0.8505434782608694,1.0,0.22516377280680425,0.75,1.0,0.25,1.0,0.898550724637681,1.0,0.205415867735231,1.0,1.0,0.25,1.0,0.9519927536231884,1.0,0.13546470444215056,1.0,1.0,0.25,1.0,0.6413043478260869
656,458,0.3,0.05,6,mean,0.1,True,0.05,A_default,84,0.7339285714285714,0.7083333333333333,0.22452458219353072,0.5,1.0,0.25,1.0,0.8063492063492064,1.0,0.22999483088750425,0.6666666666666666,1.0,0.25,1.0,0.9216269841269842,1.0,0.15488000627822834,1.0,1.0,0.5,1.0,0.34523809523809523
656,458,0.3,0.05,6,mean,0.1,True,0.05,B_weak_signal,81,0.7012345679012346,0.6666666666666666,0.2813136073477646,0.4,1.0,0.2,1.0,0.718724279835391,0.75,0.2798360471881677,0.5,1.0,0.2,1.0,0.9722222222222222,1.0,0.09409658158863504,1.0,1.0,0.5,1.0,0.3950617283950617
656,458,0.3,0.05,6,mean,0.1,True,0.05,C_deep,92,0.8173913043478259,1.0,0.21612235154954623,0.6666666666666666,1.0,0.25,1.0,0.8885869565217391,1.0,0.1774347349071299,0.75,1.0,0.3333333333333333,1.0,0.9139492753623187,1.0,0.16270525074421469,0.75,1.0,0.25,1.0,0.5217391304347826
657,550,0.3,0.05,8,mean,0.1,True,0.05,A_default,84,0.7339285714285714,0.7083333333333333,0.22452458219353072,0.5,1.0,0.25,1.0,0.8063492063492064,1.0,0.22999483088750425,0.6666666666666666,1.0,0.25,1.0,0.9216269841269842,1.0,0.15488000627822834,1.0,1.0,0.5,1.0,0.34523809523809523
657,550,0.3,0.05,8,mean,0.1,True,0.05,B_weak_signal,81,0.7012345679012346,0.6666666666666666,0.2813136073477646,0.4,1.0,0.2,1.0,0.718724279835391,0.75,0.2798360471881677,0.5,1.0,0.2,1.0,0.9722222222222222,1.0,0.09409658158863504,1.0,1.0,0.5,1.0,0.3950617283950617
657,550,0.3,0.05,8,mean,0.1,True,0.05,C_deep,92,0.8173913043478259,1.0,0.21612235154954623,0.6666666666666666,1.0,0.25,1.0,0.8885869565217391,1.0,0.1774347349071299,0.75,1.0,0.3333333333333333,1.0,0.9139492753623187,1.0,0.16270525074421469,0.75,1.0,0.25,1.0,0.5217391304347826
658,793,0.4,0.05,8,min,0.05,True,0.05,A_default,79,0.7286919831223628,0.75,0.21085122401138545,0.5,1.0,0.25,1.0,0.8109704641350213,1.0,0.21626995364276144,0.6666666666666666,1.0,0.25,1.0,0.909282700421941,1.0,0.16298818484967373,0.75,1.0,0.5,1.0,0.3037974683544304
658,793,0.4,0.05,8,min,0.05,True,0.05,B_weak_signal,58,0.7514367816091954,0.75,0.25558640449628656,0.525,1.0,0.2,1.0,0.7899425287356321,1.0,0.2528191853850424,0.6666666666666666,1.0,0.2,1.0,0.9454022988505746,1.0,0.11529236940476872,1.0,1.0,0.6666666666666666,1.0,0.43103448275862066
658,793,0.4,0.05,8,min,0.05,True,0.05,C_deep,86,0.7686046511627906,0.75,0.20395466952227945,0.6666666666666666,1.0,0.25,1.0,0.8903100775193798,1.0,0.16930201030889863,0.6666666666666666,1.0,0.4,1.0,0.8565891472868216,1.0,0.17925552415380805,0.75,1.0,0.25,1.0,0.3488372093023256
659,205,0.4,0.05,6,min,0.05,True,0.05,A_default,79,0.7286919831223628,0.75,0.21085122401138545,0.5,1.0,0.25,1.0,0.8109704641350213,1.0,0.21626995364276144,0.6666666666666666,1.0,0.25,1.0,0.909282700421941,1.0,0.16298818484967373,0.75,1.0,0.5,1.0,0.3037974683544304
659,205,0.4,0.05,6,min,0.05,True,0.05,B_weak_signal,58,0.7514367816091954,0.75,0.25558640449628656,0.525,1.0,0.2,1.0,0.7899425287356321,1.0,0.2528191853850424,0.6666666666666666,1.0,0.2,1.0,0.9454022988505746,1.0,0.11529236940476872,1.0,1.0,0.6666666666666666,1.0,0.43103448275862066
659,205,0.4,0.05,6,min,0.05,True,0.05,C_deep,86,0.7686046511627906,0.75,0.20395466952227945,0.6666666666666666,1.0,0.25,1.0,0.8903100775193798,1.0,0.16930201030889863,0.6666666666666666,1.0,0.4,1.0,0.8565891472868216,1.0,0.17925552415380805,0.75,1.0,0.25,1.0,0.3488372093023256
660,269,0.4,0.05,4,min,0.05,True,0.05,A_default,79,0.7286919831223628,0.75,0.21085122401138545,0.5,1.0,0.25,1.0,0.8109704641350213,1.0,0.21626995364276144,0.6666666666666666,1.0,0.25,1.0,0.909282700421941,1.0,0.16298818484967373,0.75,1.0,0.5,1.0,0.3037974683544304
660,269,0.4,0.05,4,min,0.05,True,0.05,B_weak_signal,58,0.7514367816091954,0.75,0.25558640449628656,0.525,1.0,0.2,1.0,0.7899425287356321,1.0,0.2528191853850424,0.6666666666666666,1.0,0.2,1.0,0.9454022988505746,1.0,0.11529236940476872,1.0,1.0,0.6666666666666666,1.0,0.43103448275862066
660,269,0.4,0.05,4,min,0.05,True,0.05,C_deep,86,0.7686046511627906,0.75,0.20395466952227945,0.6666666666666666,1.0,0.25,1.0,0.8903100775193798,1.0,0.16930201030889863,0.6666666666666666,1.0,0.4,1.0,0.8565891472868216,1.0,0.17925552415380805,0.75,1.0,0.25,1.0,0.3488372093023256
661,193,0.3,0.03,8,min,0.15,True,0.05,A_default,84,0.7289682539682539,0.75,0.2617662058086837,0.5,1.0,0.2,1.0,0.7914682539682539,1.0,0.2720404092308314,0.5,1.0,0.2,1.0,0.9375,1.0,0.1445547797111856,1.0,1.0,0.5,1.0,0.42857142857142855
661,193,0.3,0.03,8,min,0.15,True,0.05,B_weak_signal,81,0.6833333333333333,0.75,0.3018461712712471,0.4,1.0,0.2,1.0,0.6895061728395062,0.75,0.30572596258337437,0.4,1.0,0.2,1.0,0.9938271604938271,1.0,0.03903741478487551,1.0,1.0,0.75,1.0,0.3950617283950617
661,193,0.3,0.03,8,min,0.15,True,0.05,C_deep,92,0.8347826086956521,1.0,0.22616746599248475,0.75,1.0,0.25,1.0,0.9007246376811595,1.0,0.20715104885564034,1.0,1.0,0.25,1.0,0.9329710144927535,1.0,0.1447278246528702,1.0,1.0,0.25,1.0,0.5869565217391305
662,625,0.3,0.02,8,min,0.15,True,0.05,A_default,84,0.7289682539682539,0.75,0.2617662058086837,0.5,1.0,0.2,1.0,0.7914682539682539,1.0,0.2720404092308314,0.5,1.0,0.2,1.0,0.9375,1.0,0.1445547797111856,1.0,1.0,0.5,1.0,0.42857142857142855
662,625,0.3,0.02,8,min,0.15,True,0.05,B_weak_signal,81,0.6833333333333333,0.75,0.3018461712712471,0.4,1.0,0.2,1.0,0.6895061728395062,0.75,0.30572596258337437,0.4,1.0,0.2,1.0,0.9938271604938271,1.0,0.03903741478487551,1.0,1.0,0.75,1.0,0.3950617283950617
662,625,0.3,0.02,8,min,0.15,True,0.05,C_deep,92,0.8347826086956521,1.0,0.22616746599248475,0.75,1.0,0.25,1.0,0.9007246376811595,1.0,0.20715104885564034,1.0,1.0,0.25,1.0,0.9329710144927535,1.0,0.1447278246528702,1.0,1.0,0.25,1.0,0.5869565217391305
663,794,0.3,0.03,4,max,0.15,True,0.05,A_default,84,0.7251984126984128,0.75,0.27873656008947895,0.5,1.0,0.0,1.0,0.7698412698412699,1.0,0.28315581718149957,0.5,1.0,0.0,1.0,0.9434523809523809,1.0,0.17071426170911813,1.0,1.0,0.0,1.0,0.4523809523809524
663,794,0.3,0.03,4,max,0.15,True,0.05,B_weak_signal,81,0.6771604938271606,0.6666666666666666,0.30734576579658046,0.4,1.0,0.2,1.0,0.6771604938271606,0.6666666666666666,0.30734576579658046,0.4,1.0,0.2,1.0,1.0,1.0,0.0,1.0,1.0,1.0,1.0,0.4074074074074074
663,794,0.3,0.03,4,max,0.15,True,0.05,C_deep,92,0.8442028985507247,1.0,0.2182379595204123,0.75,1.0,0.25,1.0,0.8840579710144927,1.0,0.19989180595304273,0.8,1.0,0.25,1.0,0.9601449275362318,1.0,0.1304392064511432,1.0,1.0,0.25,1.0,0.5978260869565217
664,312,0.3,0.02,8,max,0.15,True,0.05,A_default,84,0.7251984126984128,0.75,0.27873656008947895,0.5,1.0,0.0,1.0,0.7698412698412699,1.0,0.28315581718149957,0.5,1.0,0.0,1.0,0.9434523809523809,1.0,0.17071426170911813,1.0,1.0,0.0,1.0,0.4523809523809524
664,312,0.3,0.02,8,max,0.15,True,0.05,B_weak_signal,81,0.6771604938271606,0.6666666666666666,0.30734576579658046,0.4,1.0,0.2,1.0,0.6771604938271606,0.6666666666666666,0.30734576579658046,0.4,1.0,0.2,1.0,1.0,1.0,0.0,1.0,1.0,1.0,1.0,0.4074074074074074
664,312,0.3,0.02,8,max,0.15,True,0.05,C_deep,92,0.8442028985507247,1.0,0.2182379595204123,0.75,1.0,0.25,1.0,0.8840579710144927,1.0,0.19989180595304273,0.8,1.0,0.25,1.0,0.9601449275362318,1.0,0.1304392064511432,1.0,1.0,0.25,1.0,0.5978260869565217
665,415,0.2,0.05,4,max,0.15,True,0.05,A_default,84,0.7351190476190477,0.75,0.23838504307667815,0.5,1.0,0.0,1.0,0.7954365079365081,1.0,0.24350122378978523,0.6666666666666666,1.0,0.0,1.0,0.9246031746031746,1.0,0.17812943323074668,1.0,1.0,0.0,1.0,0.35714285714285715
665,415,0.2,0.05,4,max,0.15,True,0.05,B_weak_signal,84,0.683531746031746,0.7083333333333333,0.2770625952938628,0.4,1.0,0.2,1.0,0.6924603174603176,0.75,0.2757781343706438,0.475,1.0,0.2,1.0,0.9821428571428571,1.0,0.08489641354440272,1.0,1.0,0.5,1.0,0.3333333333333333
665,415,0.2,0.05,4,max,0.15,True,0.05,C_deep,92,0.8271739130434783,1.0,0.2129179419587814,0.6666666666666666,1.0,0.25,1.0,0.8846014492753622,1.0,0.1795264714233266,0.75,1.0,0.3333333333333333,1.0,0.9293478260869565,1.0,0.15623722541610482,1.0,1.0,0.25,1.0,0.532608695652174
666,406,0.3,0.03,6,min,0.1,True,0.05,A_default,84,0.7277777777777777,0.75,0.2630443400930257,0.5,1.0,0.2,1.0,0.7902777777777779,1.0,0.2735459102520417,0.5,1.0,0.2,1.0,0.9375,1.0,0.1445547797111856,1.0,1.0,0.5,1.0,0.42857142857142855
666,406,0.3,0.03,6,min,0.1,True,0.05,B_weak_signal,81,0.6833333333333333,0.75,0.3018461712712471,0.4,1.0,0.2,1.0,0.6895061728395062,0.75,0.30572596258337437,0.4,1.0,0.2,1.0,0.9938271604938271,1.0,0.03903741478487551,1.0,1.0,0.75,1.0,0.3950617283950617
666,406,0.3,0.03,6,min,0.1,True,0.05,C_deep,92,0.8338768115942029,1.0,0.2283541351311174,0.75,1.0,0.25,1.0,0.8998188405797102,1.0,0.20982425585920816,1.0,1.0,0.25,1.0,0.9329710144927535,1.0,0.1447278246528702,1.0,1.0,0.25,1.0,0.5869565217391305
667,679,0.3,0.02,8,max,0.1,True,0.05,A_default,84,0.7279761904761906,0.75,0.2677458173705973,0.5,1.0,0.2,1.0,0.7726190476190476,1.0,0.27188226418174477,0.5,1.0,0.2,1.0,0.9553571428571429,1.0,0.13533044278190184,1.0,1.0,0.5,1.0,0.44047619047619047
667,679,0.3,0.02,8,max,0.1,True,0.05,B_weak_signal,81,0.6738683127572017,0.6666666666666666,0.3088839483573274,0.4,1.0,0.2,1.0,0.6738683127572017,0.6666666666666666,0.3088839483573274,0.4,1.0,0.2,1.0,1.0,1.0,0.0,1.0,1.0,1.0,1.0,0.4074074074074074
667,679,0.3,0.02,8,max,0.1,True,0.05,C_deep,92,0.8431159420289854,1.0,0.22021124520498853,0.75,1.0,0.25,1.0,0.8829710144927536,1.0,0.20226100264787059,0.8,1.0,0.25,1.0,0.9601449275362318,1.0,0.1304392064511432,1.0,1.0,0.25,1.0,0.5978260869565217
668,36,0.3,0.03,4,max,0.1,True,0.05,A_default,84,0.7279761904761906,0.75,0.2677458173705973,0.5,1.0,0.2,1.0,0.7726190476190476,1.0,0.27188226418174477,0.5,1.0,0.2,1.0,0.9553571428571429,1.0,0.13533044278190184,1.0,1.0,0.5,1.0,0.44047619047619047
668,36,0.3,0.03,4,max,0.1,True,0.05,B_weak_signal,81,0.6738683127572017,0.6666666666666666,0.3088839483573274,0.4,1.0,0.2,1.0,0.6738683127572017,0.6666666666666666,0.3088839483573274,0.4,1.0,0.2,1.0,1.0,1.0,0.0,1.0,1.0,1.0,1.0,0.4074074074074074
668,36,0.3,0.03,4,max,0.1,True,0.05,C_deep,92,0.8431159420289854,1.0,0.22021124520498853,0.75,1.0,0.25,1.0,0.8829710144927536,1.0,0.20226100264787059,0.8,1.0,0.25,1.0,0.9601449275362318,1.0,0.1304392064511432,1.0,1.0,0.25,1.0,0.5978260869565217
669,309,0.2,0.02,4,max,0.05,False,0.05,A_default,84,0.7325396825396825,0.75,0.26659015922952567,0.5,1.0,0.25,1.0,0.7771825396825397,1.0,0.2699816514404075,0.5,1.0,0.25,1.0,0.9553571428571429,1.0,0.13533044278190184,1.0,1.0,0.5,1.0,0.4523809523809524
669,309,0.2,0.02,4,max,0.05,False,0.05,B_weak_signal,84,0.670436507936508,0.6666666666666666,0.3090811098504297,0.4,1.0,0.2,1.0,0.670436507936508,0.6666666666666666,0.3090811098504297,0.4,1.0,0.2,1.0,1.0,1.0,0.0,1.0,1.0,1.0,1.0,0.40476190476190477
669,309,0.2,0.02,4,max,0.05,False,0.05,C_deep,92,0.8413043478260869,1.0,0.22235390534881083,0.75,1.0,0.25,1.0,0.8920289855072463,1.0,0.19748847759883992,0.8,1.0,0.25,1.0,0.9492753623188406,1.0,0.14667484666412794,1.0,1.0,0.25,1.0,0.5978260869565217
670,686,0.2,0.02,6,max,0.05,False,0.05,A_default,84,0.7325396825396825,0.75,0.26659015922952567,0.5,1.0,0.25,1.0,0.7771825396825397,1.0,0.2699816514404075,0.5,1.0,0.25,1.0,0.9553571428571429,1.0,0.13533044278190184,1.0,1.0,0.5,1.0,0.4523809523809524
670,686,0.2,0.02,6,max,0.05,False,0.05,B_weak_signal,84,0.670436507936508,0.6666666666666666,0.3090811098504297,0.4,1.0,0.2,1.0,0.670436507936508,0.6666666666666666,0.3090811098504297,0.4,1.0,0.2,1.0,1.0,1.0,0.0,1.0,1.0,1.0,1.0,0.40476190476190477
670,686,0.2,0.02,6,max,0.05,False,0.05,C_deep,92,0.8413043478260869,1.0,0.22235390534881083,0.75,1.0,0.25,1.0,0.8920289855072463,1.0,0.19748847759883992,0.8,1.0,0.25,1.0,0.9492753623188406,1.0,0.14667484666412794,1.0,1.0,0.25,1.0,0.5978260869565217
671,230,0.2,0.03,6,max,0.05,False,0.05,A_default,84,0.7325396825396825,0.75,0.26659015922952567,0.5,1.0,0.25,1.0,0.7771825396825397,1.0,0.2699816514404075,0.5,1.0,0.25,1.0,0.9553571428571429,1.0,0.13533044278190184,1.0,1.0,0.5,1.0,0.4523809523809524
671,230,0.2,0.03,6,max,0.05,False,0.05,B_weak_signal,84,0.670436507936508,0.6666666666666666,0.3090811098504297,0.4,1.0,0.2,1.0,0.670436507936508,0.6666666666666666,0.3090811098504297,0.4,1.0,0.2,1.0,1.0,1.0,0.0,1.0,1.0,1.0,1.0,0.40476190476190477
671,230,0.2,0.03,6,max,0.05,False,0.05,C_deep,92,0.8413043478260869,1.0,0.22235390534881083,0.75,1.0,0.25,1.0,0.8920289855072463,1.0,0.19748847759883992,0.8,1.0,0.25,1.0,0.9492753623188406,1.0,0.14667484666412794,1.0,1.0,0.25,1.0,0.5978260869565217
672,738,0.2,0.05,8,max,0.1,True,0.05,A_default,84,0.7428571428571429,0.75,0.2257115139109048,0.575,1.0,0.25,1.0,0.8031746031746032,1.0,0.2290553938029595,0.6666666666666666,1.0,0.25,1.0,0.9365079365079365,1.0,0.14613439813787088,1.0,1.0,0.5,1.0,0.35714285714285715
672,738,0.2,0.05,8,max,0.1,True,0.05,B_weak_signal,84,0.6833333333333333,0.7083333333333333,0.27665771505332615,0.4,1.0,0.2,1.0,0.6912698412698413,0.75,0.27683277771447096,0.4,1.0,0.2,1.0,0.9880952380952381,1.0,0.0661410721324821,1.0,1.0,0.5,1.0,0.3333333333333333
672,738,0.2,0.05,8,max,0.1,True,0.05,C_deep,92,0.8163043478260869,0.9,0.21339425442058307,0.6666666666666666,1.0,0.25,1.0,0.873731884057971,1.0,0.18356185716785473,0.75,1.0,0.3333333333333333,1.0,0.9293478260869565,1.0,0.15623722541610482,1.0,1.0,0.25,1.0,0.5
673,743,0.2,0.02,6,min,0.2,True,0.05,A_default,84,0.7369047619047618,0.75,0.26101018137793264,0.5,1.0,0.2,1.0,0.799404761904762,1.0,0.2694563721081545,0.5,1.0,0.2,1.0,0.9375,1.0,0.1445547797111856,1.0,1.0,0.5,1.0,0.44047619047619047
673,743,0.2,0.02,6,min,0.2,True,0.05,B_weak_signal,84,0.6702380952380953,0.75,0.30516604461004726,0.4,1.0,0.2,1.0,0.6761904761904762,0.75,0.30912370981066206,0.4,1.0,0.2,1.0,0.9940476190476191,1.0,0.03834274872521448,1.0,1.0,0.75,1.0,0.38095238095238093
673,743,0.2,0.02,6,min,0.2,True,0.05,C_deep,92,0.8347826086956521,1.0,0.22616746599248475,0.75,1.0,0.25,1.0,0.9007246376811595,1.0,0.20715104885564034,1.0,1.0,0.25,1.0,0.9329710144927535,1.0,0.1447278246528702,1.0,1.0,0.25,1.0,0.5869565217391305
674,494,0.2,0.03,4,min,0.2,True,0.05,A_default,84,0.7369047619047618,0.75,0.26101018137793264,0.5,1.0,0.2,1.0,0.799404761904762,1.0,0.2694563721081545,0.5,1.0,0.2,1.0,0.9375,1.0,0.1445547797111856,1.0,1.0,0.5,1.0,0.44047619047619047
674,494,0.2,0.03,4,min,0.2,True,0.05,B_weak_signal,84,0.6702380952380953,0.75,0.30516604461004726,0.4,1.0,0.2,1.0,0.6761904761904762,0.75,0.30912370981066206,0.4,1.0,0.2,1.0,0.9940476190476191,1.0,0.03834274872521448,1.0,1.0,0.75,1.0,0.38095238095238093
674,494,0.2,0.03,4,min,0.2,True,0.05,C_deep,92,0.8347826086956521,1.0,0.22616746599248475,0.75,1.0,0.25,1.0,0.9007246376811595,1.0,0.20715104885564034,1.0,1.0,0.25,1.0,0.9329710144927535,1.0,0.1447278246528702,1.0,1.0,0.25,1.0,0.5869565217391305
675,531,0.2,0.05,6,mean,0.1,True,0.05,A_default,84,0.7339285714285714,0.7083333333333333,0.22452458219353072,0.5,1.0,0.25,1.0,0.8063492063492064,1.0,0.22999483088750425,0.6666666666666666,1.0,0.25,1.0,0.9216269841269842,1.0,0.15488000627822834,1.0,1.0,0.5,1.0,0.34523809523809523
675,531,0.2,0.05,6,mean,0.1,True,0.05,B_weak_signal,84,0.6900793650793651,0.6666666666666666,0.28473100868484114,0.4,1.0,0.2,1.0,0.7069444444444445,0.6666666666666666,0.28401416350098746,0.4,1.0,0.2,1.0,0.9732142857142857,1.0,0.09252583333113071,1.0,1.0,0.5,1.0,0.38095238095238093
675,531,0.2,0.05,6,mean,0.1,True,0.05,C_deep,92,0.8173913043478259,1.0,0.21612235154954623,0.6666666666666666,1.0,0.25,1.0,0.8885869565217391,1.0,0.1774347349071299,0.75,1.0,0.3333333333333333,1.0,0.9139492753623187,1.0,0.16270525074421469,0.75,1.0,0.25,1.0,0.5217391304347826
676,682,0.3,0.03,4,max,0.05,True,0.05,A_default,84,0.7248015873015874,0.75,0.2700524770216134,0.5,1.0,0.2,1.0,0.7694444444444445,1.0,0.27467680086839635,0.5,1.0,0.2,1.0,0.9553571428571429,1.0,0.13533044278190184,1.0,1.0,0.5,1.0,0.44047619047619047
676,682,0.3,0.03,4,max,0.05,True,0.05,B_weak_signal,81,0.6726337448559672,0.6666666666666666,0.30978608930168,0.4,1.0,0.2,1.0,0.6726337448559672,0.6666666666666666,0.30978608930168,0.4,1.0,0.2,1.0,1.0,1.0,0.0,1.0,1.0,1.0,1.0,0.4074074074074074
676,682,0.3,0.03,4,max,0.05,True,0.05,C_deep,92,0.8431159420289854,1.0,0.22021124520498853,0.75,1.0,0.25,1.0,0.8829710144927536,1.0,0.20226100264787059,0.8,1.0,0.25,1.0,0.9601449275362318,1.0,0.1304392064511432,1.0,1.0,0.25,1.0,0.5978260869565217
677,631,0.3,0.02,6,max,0.05,True,0.05,A_default,84,0.7248015873015874,0.75,0.2700524770216134,0.5,1.0,0.2,1.0,0.7694444444444445,1.0,0.27467680086839635,0.5,1.0,0.2,1.0,0.9553571428571429,1.0,0.13533044278190184,1.0,1.0,0.5,1.0,0.44047619047619047
677,631,0.3,0.02,6,max,0.05,True,0.05,B_weak_signal,81,0.6726337448559672,0.6666666666666666,0.30978608930168,0.4,1.0,0.2,1.0,0.6726337448559672,0.6666666666666666,0.30978608930168,0.4,1.0,0.2,1.0,1.0,1.0,0.0,1.0,1.0,1.0,1.0,0.4074074074074074
677,631,0.3,0.02,6,max,0.05,True,0.05,C_deep,92,0.8431159420289854,1.0,0.22021124520498853,0.75,1.0,0.25,1.0,0.8829710144927536,1.0,0.20226100264787059,0.8,1.0,0.25,1.0,0.9601449275362318,1.0,0.1304392064511432,1.0,1.0,0.25,1.0,0.5978260869565217
678,300,0.2,0.02,8,max,0.2,True,0.05,A_default,84,0.7494047619047619,0.875,0.2784596955852038,0.5,1.0,0.0,1.0,0.7970238095238096,1.0,0.27984697379736967,0.5,1.0,0.0,1.0,0.9404761904761905,1.0,0.17189170562427128,1.0,1.0,0.0,1.0,0.5
678,300,0.2,0.02,8,max,0.2,True,0.05,B_weak_signal,84,0.6448412698412699,0.6333333333333333,0.3243568055177054,0.38333333333333336,1.0,0.0,1.0,0.6448412698412699,0.6333333333333333,0.3243568055177054,0.38333333333333336,1.0,0.0,1.0,0.9761904761904762,1.0,0.15337099490085784,1.0,1.0,0.0,1.0,0.38095238095238093
678,300,0.2,0.02,8,max,0.2,True,0.05,C_deep,92,0.8458333333333334,1.0,0.2169500119665995,0.75,1.0,0.25,1.0,0.8856884057971015,1.0,0.19815358804488467,0.8,1.0,0.25,1.0,0.9601449275362318,1.0,0.1304392064511432,1.0,1.0,0.25,1.0,0.5978260869565217
679,167,0.2,0.02,8,min,0.15,True,0.05,A_default,84,0.7289682539682539,0.75,0.2617662058086837,0.5,1.0,0.2,1.0,0.7914682539682539,1.0,0.2720404092308314,0.5,1.0,0.2,1.0,0.9375,1.0,0.1445547797111856,1.0,1.0,0.5,1.0,0.42857142857142855
679,167,0.2,0.02,8,min,0.15,True,0.05,B_weak_signal,84,0.6702380952380953,0.75,0.30516604461004726,0.4,1.0,0.2,1.0,0.6761904761904762,0.75,0.30912370981066206,0.4,1.0,0.2,1.0,0.9940476190476191,1.0,0.03834274872521448,1.0,1.0,0.75,1.0,0.38095238095238093
679,167,0.2,0.02,8,min,0.15,True,0.05,C_deep,92,0.8347826086956521,1.0,0.22616746599248475,0.75,1.0,0.25,1.0,0.9007246376811595,1.0,0.20715104885564034,1.0,1.0,0.25,1.0,0.9329710144927535,1.0,0.1447278246528702,1.0,1.0,0.25,1.0,0.5869565217391305
680,610,0.2,0.03,6,min,0.15,True,0.05,A_default,84,0.7289682539682539,0.75,0.2617662058086837,0.5,1.0,0.2,1.0,0.7914682539682539,1.0,0.2720404092308314,0.5,1.0,0.2,1.0,0.9375,1.0,0.1445547797111856,1.0,1.0,0.5,1.0,0.42857142857142855
680,610,0.2,0.03,6,min,0.15,True,0.05,B_weak_signal,84,0.6702380952380953,0.75,0.30516604461004726,0.4,1.0,0.2,1.0,0.6761904761904762,0.75,0.30912370981066206,0.4,1.0,0.2,1.0,0.9940476190476191,1.0,0.03834274872521448,1.0,1.0,0.75,1.0,0.38095238095238093
680,610,0.2,0.03,6,min,0.15,True,0.05,C_deep,92,0.8347826086956521,1.0,0.22616746599248475,0.75,1.0,0.25,1.0,0.9007246376811595,1.0,0.20715104885564034,1.0,1.0,0.25,1.0,0.9329710144927535,1.0,0.1447278246528702,1.0,1.0,0.25,1.0,0.5869565217391305
681,226,0.2,0.03,8,min,0.15,True,0.05,A_default,84,0.7289682539682539,0.75,0.2617662058086837,0.5,1.0,0.2,1.0,0.7914682539682539,1.0,0.2720404092308314,0.5,1.0,0.2,1.0,0.9375,1.0,0.1445547797111856,1.0,1.0,0.5,1.0,0.42857142857142855
681,226,0.2,0.03,8,min,0.15,True,0.05,B_weak_signal,84,0.6702380952380953,0.75,0.30516604461004726,0.4,1.0,0.2,1.0,0.6761904761904762,0.75,0.30912370981066206,0.4,1.0,0.2,1.0,0.9940476190476191,1.0,0.03834274872521448,1.0,1.0,0.75,1.0,0.38095238095238093
681,226,0.2,0.03,8,min,0.15,True,0.05,C_deep,92,0.8347826086956521,1.0,0.22616746599248475,0.75,1.0,0.25,1.0,0.9007246376811595,1.0,0.20715104885564034,1.0,1.0,0.25,1.0,0.9329710144927535,1.0,0.1447278246528702,1.0,1.0,0.25,1.0,0.5869565217391305
682,47,0.2,0.02,8,max,0.15,True,0.05,A_default,84,0.7251984126984128,0.75,0.27873656008947895,0.5,1.0,0.0,1.0,0.7698412698412699,1.0,0.28315581718149957,0.5,1.0,0.0,1.0,0.9434523809523809,1.0,0.17071426170911813,1.0,1.0,0.0,1.0,0.4523809523809524
682,47,0.2,0.02,8,max,0.15,True,0.05,B_weak_signal,84,0.6636904761904763,0.6666666666666666,0.31101122706747986,0.4,1.0,0.2,1.0,0.6636904761904763,0.6666666666666666,0.31101122706747986,0.4,1.0,0.2,1.0,1.0,1.0,0.0,1.0,1.0,1.0,1.0,0.39285714285714285
682,47,0.2,0.02,8,max,0.15,True,0.05,C_deep,92,0.8442028985507247,1.0,0.2182379595204123,0.75,1.0,0.25,1.0,0.8840579710144927,1.0,0.19989180595304273,0.8,1.0,0.25,1.0,0.9601449275362318,1.0,0.1304392064511432,1.0,1.0,0.25,1.0,0.5978260869565217
683,92,0.2,0.03,4,max,0.15,True,0.05,A_default,84,0.7251984126984128,0.75,0.27873656008947895,0.5,1.0,0.0,1.0,0.7698412698412699,1.0,0.28315581718149957,0.5,1.0,0.0,1.0,0.9434523809523809,1.0,0.17071426170911813,1.0,1.0,0.0,1.0,0.4523809523809524
683,92,0.2,0.03,4,max,0.15,True,0.05,B_weak_signal,84,0.6636904761904763,0.6666666666666666,0.31101122706747986,0.4,1.0,0.2,1.0,0.6636904761904763,0.6666666666666666,0.31101122706747986,0.4,1.0,0.2,1.0,1.0,1.0,0.0,1.0,1.0,1.0,1.0,0.39285714285714285
683,92,0.2,0.03,4,max,0.15,True,0.05,C_deep,92,0.8442028985507247,1.0,0.2182379595204123,0.75,1.0,0.25,1.0,0.8840579710144927,1.0,0.19989180595304273,0.8,1.0,0.25,1.0,0.9601449275362318,1.0,0.1304392064511432,1.0,1.0,0.25,1.0,0.5978260869565217
684,102,0.2,0.02,6,max,0.15,True,0.05,A_default,84,0.7251984126984128,0.75,0.27873656008947895,0.5,1.0,0.0,1.0,0.7698412698412699,1.0,0.28315581718149957,0.5,1.0,0.0,1.0,0.9434523809523809,1.0,0.17071426170911813,1.0,1.0,0.0,1.0,0.4523809523809524
684,102,0.2,0.02,6,max,0.15,True,0.05,B_weak_signal,84,0.6636904761904763,0.6666666666666666,0.31101122706747986,0.4,1.0,0.2,1.0,0.6636904761904763,0.6666666666666666,0.31101122706747986,0.4,1.0,0.2,1.0,1.0,1.0,0.0,1.0,1.0,1.0,1.0,0.39285714285714285
684,102,0.2,0.02,6,max,0.15,True,0.05,C_deep,92,0.8442028985507247,1.0,0.2182379595204123,0.75,1.0,0.25,1.0,0.8840579710144927,1.0,0.19989180595304273,0.8,1.0,0.25,1.0,0.9601449275362318,1.0,0.1304392064511432,1.0,1.0,0.25,1.0,0.5978260869565217
685,306,0.3,0.05,6,mean,0.05,True,0.05,A_default,84,0.7234126984126984,0.6666666666666666,0.22602020747611,0.5,1.0,0.25,1.0,0.7914682539682539,0.75,0.22827996104180195,0.6666666666666666,1.0,0.25,1.0,0.9216269841269842,1.0,0.15488000627822834,1.0,1.0,0.5,1.0,0.3333333333333333
685,306,0.3,0.05,6,mean,0.05,True,0.05,B_weak_signal,81,0.7012345679012346,0.6666666666666666,0.2813136073477646,0.4,1.0,0.2,1.0,0.718724279835391,0.75,0.2798360471881677,0.5,1.0,0.2,1.0,0.9722222222222222,1.0,0.09409658158863504,1.0,1.0,0.5,1.0,0.3950617283950617
685,306,0.3,0.05,6,mean,0.05,True,0.05,C_deep,92,0.8083333333333332,0.75,0.21418699394703772,0.6666666666666666,1.0,0.25,1.0,0.8795289855072462,1.0,0.17875746798900768,0.75,1.0,0.3333333333333333,1.0,0.9139492753623187,1.0,0.16270525074421469,0.75,1.0,0.25,1.0,0.4891304347826087
686,251,0.3,0.05,4,mean,0.05,True,0.05,A_default,84,0.7234126984126984,0.6666666666666666,0.22602020747611,0.5,1.0,0.25,1.0,0.7914682539682539,0.75,0.22827996104180195,0.6666666666666666,1.0,0.25,1.0,0.9216269841269842,1.0,0.15488000627822834,1.0,1.0,0.5,1.0,0.3333333333333333
686,251,0.3,0.05,4,mean,0.05,True,0.05,B_weak_signal,81,0.7012345679012346,0.6666666666666666,0.2813136073477646,0.4,1.0,0.2,1.0,0.718724279835391,0.75,0.2798360471881677,0.5,1.0,0.2,1.0,0.9722222222222222,1.0,0.09409658158863504,1.0,1.0,0.5,1.0,0.3950617283950617
686,251,0.3,0.05,4,mean,0.05,True,0.05,C_deep,92,0.8083333333333332,0.75,0.21418699394703772,0.6666666666666666,1.0,0.25,1.0,0.8795289855072462,1.0,0.17875746798900768,0.75,1.0,0.3333333333333333,1.0,0.9139492753623187,1.0,0.16270525074421469,0.75,1.0,0.25,1.0,0.4891304347826087
687,528,0.3,0.05,8,mean,0.05,True,0.05,A_default,84,0.7234126984126984,0.6666666666666666,0.22602020747611,0.5,1.0,0.25,1.0,0.7914682539682539,0.75,0.22827996104180195,0.6666666666666666,1.0,0.25,1.0,0.9216269841269842,1.0,0.15488000627822834,1.0,1.0,0.5,1.0,0.3333333333333333
687,528,0.3,0.05,8,mean,0.05,True,0.05,B_weak_signal,81,0.7012345679012346,0.6666666666666666,0.2813136073477646,0.4,1.0,0.2,1.0,0.718724279835391,0.75,0.2798360471881677,0.5,1.0,0.2,1.0,0.9722222222222222,1.0,0.09409658158863504,1.0,1.0,0.5,1.0,0.3950617283950617
687,528,0.3,0.05,8,mean,0.05,True,0.05,C_deep,92,0.8083333333333332,0.75,0.21418699394703772,0.6666666666666666,1.0,0.25,1.0,0.8795289855072462,1.0,0.17875746798900768,0.75,1.0,0.3333333333333333,1.0,0.9139492753623187,1.0,0.16270525074421469,0.75,1.0,0.25,1.0,0.4891304347826087
688,49,0.2,0.02,4,min,0.1,True,0.05,A_default,84,0.7277777777777777,0.75,0.2630443400930257,0.5,1.0,0.2,1.0,0.7902777777777779,1.0,0.2735459102520417,0.5,1.0,0.2,1.0,0.9375,1.0,0.1445547797111856,1.0,1.0,0.5,1.0,0.42857142857142855
688,49,0.2,0.02,4,min,0.1,True,0.05,B_weak_signal,84,0.6702380952380953,0.75,0.30516604461004726,0.4,1.0,0.2,1.0,0.6761904761904762,0.75,0.30912370981066206,0.4,1.0,0.2,1.0,0.9940476190476191,1.0,0.03834274872521448,1.0,1.0,0.75,1.0,0.38095238095238093
688,49,0.2,0.02,4,min,0.1,True,0.05,C_deep,92,0.8338768115942029,1.0,0.2283541351311174,0.75,1.0,0.25,1.0,0.8998188405797102,1.0,0.20982425585920816,1.0,1.0,0.25,1.0,0.9329710144927535,1.0,0.1447278246528702,1.0,1.0,0.25,1.0,0.5869565217391305
689,539,0.2,0.03,8,max,0.1,True,0.05,A_default,84,0.7279761904761906,0.75,0.2677458173705973,0.5,1.0,0.2,1.0,0.7726190476190476,1.0,0.27188226418174477,0.5,1.0,0.2,1.0,0.9553571428571429,1.0,0.13533044278190184,1.0,1.0,0.5,1.0,0.44047619047619047
689,539,0.2,0.03,8,max,0.1,True,0.05,B_weak_signal,84,0.6605158730158731,0.6333333333333333,0.3123386304847204,0.4,1.0,0.2,1.0,0.6605158730158731,0.6333333333333333,0.3123386304847204,0.4,1.0,0.2,1.0,1.0,1.0,0.0,1.0,1.0,1.0,1.0,0.39285714285714285
689,539,0.2,0.03,8,max,0.1,True,0.05,C_deep,92,0.8431159420289854,1.0,0.22021124520498853,0.75,1.0,0.25,1.0,0.8829710144927536,1.0,0.20226100264787059,0.8,1.0,0.25,1.0,0.9601449275362318,1.0,0.1304392064511432,1.0,1.0,0.25,1.0,0.5978260869565217
690,290,0.2,0.02,6,max,0.1,True,0.05,A_default,84,0.7279761904761906,0.75,0.2677458173705973,0.5,1.0,0.2,1.0,0.7726190476190476,1.0,0.27188226418174477,0.5,1.0,0.2,1.0,0.9553571428571429,1.0,0.13533044278190184,1.0,1.0,0.5,1.0,0.44047619047619047
690,290,0.2,0.02,6,max,0.1,True,0.05,B_weak_signal,84,0.6605158730158731,0.6333333333333333,0.3123386304847204,0.4,1.0,0.2,1.0,0.6605158730158731,0.6333333333333333,0.3123386304847204,0.4,1.0,0.2,1.0,1.0,1.0,0.0,1.0,1.0,1.0,1.0,0.39285714285714285
690,290,0.2,0.02,6,max,0.1,True,0.05,C_deep,92,0.8431159420289854,1.0,0.22021124520498853,0.75,1.0,0.25,1.0,0.8829710144927536,1.0,0.20226100264787059,0.8,1.0,0.25,1.0,0.9601449275362318,1.0,0.1304392064511432,1.0,1.0,0.25,1.0,0.5978260869565217
691,330,0.2,0.02,4,max,0.1,True,0.05,A_default,84,0.7279761904761906,0.75,0.2677458173705973,0.5,1.0,0.2,1.0,0.7726190476190476,1.0,0.27188226418174477,0.5,1.0,0.2,1.0,0.9553571428571429,1.0,0.13533044278190184,1.0,1.0,0.5,1.0,0.44047619047619047
691,330,0.2,0.02,4,max,0.1,True,0.05,B_weak_signal,84,0.6605158730158731,0.6333333333333333,0.3123386304847204,0.4,1.0,0.2,1.0,0.6605158730158731,0.6333333333333333,0.3123386304847204,0.4,1.0,0.2,1.0,1.0,1.0,0.0,1.0,1.0,1.0,1.0,0.39285714285714285
691,330,0.2,0.02,4,max,0.1,True,0.05,C_deep,92,0.8431159420289854,1.0,0.22021124520498853,0.75,1.0,0.25,1.0,0.8829710144927536,1.0,0.20226100264787059,0.8,1.0,0.25,1.0,0.9601449275362318,1.0,0.1304392064511432,1.0,1.0,0.25,1.0,0.5978260869565217
692,408,0.2,0.03,6,min,0.05,True,0.05,A_default,84,0.7265873015873016,0.75,0.26431086733078196,0.5,1.0,0.2,1.0,0.7890873015873016,1.0,0.2750379558523357,0.5,1.0,0.2,1.0,0.9375,1.0,0.1445547797111856,1.0,1.0,0.5,1.0,0.42857142857142855
692,408,0.2,0.03,6,min,0.05,True,0.05,B_weak_signal,84,0.6702380952380953,0.75,0.30516604461004726,0.4,1.0,0.2,1.0,0.6761904761904762,0.75,0.30912370981066206,0.4,1.0,0.2,1.0,0.9940476190476191,1.0,0.03834274872521448,1.0,1.0,0.75,1.0,0.38095238095238093
692,408,0.2,0.03,6,min,0.05,True,0.05,C_deep,92,0.8338768115942029,1.0,0.2283541351311174,0.75,1.0,0.25,1.0,0.8998188405797102,1.0,0.20982425585920816,1.0,1.0,0.25,1.0,0.9329710144927535,1.0,0.1447278246528702,1.0,1.0,0.25,1.0,0.5869565217391305
693,677,0.2,0.02,6,max,0.05,True,0.05,A_default,84,0.7248015873015874,0.75,0.2700524770216134,0.5,1.0,0.2,1.0,0.7694444444444445,1.0,0.27467680086839635,0.5,1.0,0.2,1.0,0.9553571428571429,1.0,0.13533044278190184,1.0,1.0,0.5,1.0,0.44047619047619047
693,677,0.2,0.02,6,max,0.05,True,0.05,B_weak_signal,84,0.6593253968253969,0.6333333333333333,0.31314733425067043,0.4,1.0,0.2,1.0,0.6593253968253969,0.6333333333333333,0.31314733425067043,0.4,1.0,0.2,1.0,1.0,1.0,0.0,1.0,1.0,1.0,1.0,0.39285714285714285
693,677,0.2,0.02,6,max,0.05,True,0.05,C_deep,92,0.8431159420289854,1.0,0.22021124520498853,0.75,1.0,0.25,1.0,0.8829710144927536,1.0,0.20226100264787059,0.8,1.0,0.25,1.0,0.9601449275362318,1.0,0.1304392064511432,1.0,1.0,0.25,1.0,0.5978260869565217
694,151,0.2,0.05,6,min,0.15,True,0.05,A_default,84,0.7228174603174603,0.7083333333333333,0.2272703360213104,0.5,1.0,0.25,1.0,0.8053571428571429,1.0,0.23721894825854378,0.6666666666666666,1.0,0.25,1.0,0.9107142857142859,1.0,0.16145761039388049,0.75,1.0,0.5,1.0,0.32142857142857145
694,151,0.2,0.05,6,min,0.15,True,0.05,B_weak_signal,84,0.6823412698412699,0.6666666666666666,0.28480425169516443,0.475,1.0,0.2,1.0,0.7121031746031746,0.6666666666666666,0.2881802666169987,0.5,1.0,0.2,1.0,0.9563492063492065,1.0,0.11088377968132858,1.0,1.0,0.5,1.0,0.36904761904761907
694,151,0.2,0.05,6,min,0.15,True,0.05,C_deep,92,0.7659420289855072,0.75,0.21068689688588443,0.6666666666666666,1.0,0.25,1.0,0.8875000000000001,1.0,0.18265149598776634,0.7291666666666666,1.0,0.3333333333333333,1.0,0.8596014492753624,1.0,0.17728507591434392,0.75,1.0,0.25,1.0,0.358695652173913
695,790,0.3,0.05,4,min,0.1,True,0.05,A_default,84,0.7130952380952381,0.6666666666666666,0.22462331146169495,0.5,1.0,0.25,1.0,0.7924603174603175,0.875,0.23371175226179688,0.6666666666666666,1.0,0.25,1.0,0.9107142857142859,1.0,0.16145761039388049,0.75,1.0,0.5,1.0,0.2976190476190476
695,790,0.3,0.05,4,min,0.1,True,0.05,B_weak_signal,81,0.6921810699588477,0.6666666666666666,0.28318729593966374,0.5,1.0,0.2,1.0,0.7230452674897119,0.75,0.2855740794779603,0.5,1.0,0.2,1.0,0.9547325102880658,1.0,0.11261520545341168,1.0,1.0,0.5,1.0,0.38271604938271603
695,790,0.3,0.05,4,min,0.1,True,0.05,C_deep,92,0.7594202898550726,0.75,0.21263944426895845,0.6666666666666666,1.0,0.25,1.0,0.8766304347826087,1.0,0.18556023120654233,0.6666666666666666,1.0,0.3333333333333333,1.0,0.8596014492753624,1.0,0.17728507591434392,0.75,1.0,0.25,1.0,0.34782608695652173
696,588,0.3,0.05,6,min,0.05,True,0.05,A_default,84,0.7130952380952381,0.6666666666666666,0.22462331146169495,0.5,1.0,0.25,1.0,0.7924603174603175,0.875,0.23371175226179688,0.6666666666666666,1.0,0.25,1.0,0.9107142857142859,1.0,0.16145761039388049,0.75,1.0,0.5,1.0,0.2976190476190476
696,588,0.3,0.05,6,min,0.05,True,0.05,B_weak_signal,81,0.6901234567901234,0.6666666666666666,0.28519946452947836,0.5,1.0,0.2,1.0,0.7209876543209878,0.75,0.28779306051225834,0.5,1.0,0.2,1.0,0.9547325102880658,1.0,0.11261520545341168,1.0,1.0,0.5,1.0,0.38271604938271603
696,588,0.3,0.05,6,min,0.05,True,0.05,C_deep,92,0.7594202898550726,0.75,0.21263944426895845,0.6666666666666666,1.0,0.25,1.0,0.8766304347826087,1.0,0.18556023120654233,0.6666666666666666,1.0,0.3333333333333333,1.0,0.8596014492753624,1.0,0.17728507591434392,0.75,1.0,0.25,1.0,0.34782608695652173
697,490,0.3,0.03,4,harmonic,0.15,False,0.05,A_default,84,0.7480158730158729,0.875,0.2889579297290726,0.5,1.0,0.0,1.0,0.9503968253968255,1.0,0.19835292654858788,1.0,1.0,0.0,1.0,0.7619047619047619,1.0,0.2910256458860567,0.5,1.0,0.0,1.0,0.5
697,490,0.3,0.03,4,harmonic,0.15,False,0.05,B_weak_signal,81,0.7386831275720165,1.0,0.34679912493976245,0.5,1.0,0.0,1.0,0.8888888888888888,1.0,0.30276503540974925,1.0,1.0,0.0,1.0,0.7510288065843622,1.0,0.34997366645986877,0.5,1.0,0.0,1.0,0.5679012345679012
697,490,0.3,0.03,4,harmonic,0.15,False,0.05,C_deep,92,0.6422101449275363,0.75,0.31291347334480724,0.3333333333333333,1.0,0.0,1.0,0.9528985507246376,1.0,0.20720549949524886,1.0,1.0,0.0,1.0,0.6458333333333333,0.75,0.3151217858649889,0.3333333333333333,1.0,0.0,1.0,0.31521739130434784
698,98,0.3,0.02,4,harmonic,0.15,False,0.1,A_default,84,0.7480158730158729,0.875,0.2889579297290726,0.5,1.0,0.0,1.0,0.9503968253968255,1.0,0.19835292654858788,1.0,1.0,0.0,1.0,0.7619047619047619,1.0,0.2910256458860567,0.5,1.0,0.0,1.0,0.5
698,98,0.3,0.02,4,harmonic,0.15,False,0.1,B_weak_signal,81,0.7386831275720165,1.0,0.34679912493976245,0.5,1.0,0.0,1.0,0.8888888888888888,1.0,0.30276503540974925,1.0,1.0,0.0,1.0,0.7510288065843622,1.0,0.34997366645986877,0.5,1.0,0.0,1.0,0.5679012345679012
698,98,0.3,0.02,4,harmonic,0.15,False,0.1,C_deep,92,0.6422101449275363,0.75,0.31291347334480724,0.3333333333333333,1.0,0.0,1.0,0.9528985507246376,1.0,0.20720549949524886,1.0,1.0,0.0,1.0,0.6458333333333333,0.75,0.3151217858649889,0.3333333333333333,1.0,0.0,1.0,0.31521739130434784
699,285,0.3,0.03,4,harmonic,0.15,False,0.15,A_default,84,0.75,0.875,0.28780431772509046,0.5,1.0,0.0,1.0,0.9523809523809523,1.0,0.19459123492367836,1.0,1.0,0.0,1.0,0.7619047619047619,1.0,0.2910256458860567,0.5,1.0,0.0,1.0,0.5
699,285,0.3,0.03,4,harmonic,0.15,False,0.15,B_weak_signal,81,0.7386831275720165,1.0,0.34679912493976245,0.5,1.0,0.0,1.0,0.8888888888888888,1.0,0.30276503540974925,1.0,1.0,0.0,1.0,0.7510288065843622,1.0,0.34997366645986877,0.5,1.0,0.0,1.0,0.5679012345679012
699,285,0.3,0.03,4,harmonic,0.15,False,0.15,C_deep,92,0.6367753623188406,0.75,0.3109670021978398,0.3333333333333333,1.0,0.0,1.0,0.9528985507246376,1.0,0.20720549949524886,1.0,1.0,0.0,1.0,0.6403985507246377,0.75,0.31325259749784407,0.3333333333333333,1.0,0.0,1.0,0.30434782608695654
700,74,0.3,0.02,6,harmonic,0.15,False,0.15,A_default,84,0.75,0.875,0.28780431772509046,0.5,1.0,0.0,1.0,0.9523809523809523,1.0,0.19459123492367836,1.0,1.0,0.0,1.0,0.7619047619047619,1.0,0.2910256458860567,0.5,1.0,0.0,1.0,0.5
700,74,0.3,0.02,6,harmonic,0.15,False,0.15,B_weak_signal,81,0.7386831275720165,1.0,0.34679912493976245,0.5,1.0,0.0,1.0,0.8888888888888888,1.0,0.30276503540974925,1.0,1.0,0.0,1.0,0.7510288065843622,1.0,0.34997366645986877,0.5,1.0,0.0,1.0,0.5679012345679012
700,74,0.3,0.02,6,harmonic,0.15,False,0.15,C_deep,92,0.6367753623188406,0.75,0.3109670021978398,0.3333333333333333,1.0,0.0,1.0,0.9528985507246376,1.0,0.20720549949524886,1.0,1.0,0.0,1.0,0.6403985507246377,0.75,0.31325259749784407,0.3333333333333333,1.0,0.0,1.0,0.30434782608695654
701,168,0.2,0.02,4,harmonic,0.15,False,0.1,A_default,84,0.7480158730158729,0.875,0.2889579297290726,0.5,1.0,0.0,1.0,0.9503968253968255,1.0,0.19835292654858788,1.0,1.0,0.0,1.0,0.7619047619047619,1.0,0.2910256458860567,0.5,1.0,0.0,1.0,0.5
701,168,0.2,0.02,4,harmonic,0.15,False,0.1,B_weak_signal,84,0.7242063492063492,1.0,0.36011307128336084,0.5,1.0,0.0,1.0,0.8690476190476191,1.0,0.32732683535398827,1.0,1.0,0.0,1.0,0.7361111111111112,1.0,0.36354856501627203,0.5,1.0,0.0,1.0,0.5595238095238095
701,168,0.2,0.02,4,harmonic,0.15,False,0.1,C_deep,92,0.6422101449275363,0.75,0.31291347334480724,0.3333333333333333,1.0,0.0,1.0,0.9528985507246376,1.0,0.20720549949524886,1.0,1.0,0.0,1.0,0.6458333333333333,0.75,0.3151217858649889,0.3333333333333333,1.0,0.0,1.0,0.31521739130434784
702,410,0.2,0.03,4,harmonic,0.15,False,0.15,A_default,84,0.75,0.875,0.28780431772509046,0.5,1.0,0.0,1.0,0.9523809523809523,1.0,0.19459123492367836,1.0,1.0,0.0,1.0,0.7619047619047619,1.0,0.2910256458860567,0.5,1.0,0.0,1.0,0.5
702,410,0.2,0.03,4,harmonic,0.15,False,0.15,B_weak_signal,84,0.7242063492063492,1.0,0.36011307128336084,0.5,1.0,0.0,1.0,0.8690476190476191,1.0,0.32732683535398827,1.0,1.0,0.0,1.0,0.7361111111111112,1.0,0.36354856501627203,0.5,1.0,0.0,1.0,0.5595238095238095
702,410,0.2,0.03,4,harmonic,0.15,False,0.15,C_deep,92,0.6367753623188406,0.75,0.3109670021978398,0.3333333333333333,1.0,0.0,1.0,0.9528985507246376,1.0,0.20720549949524886,1.0,1.0,0.0,1.0,0.6403985507246377,0.75,0.31325259749784407,0.3333333333333333,1.0,0.0,1.0,0.30434782608695654
703,599,0.3,0.05,4,harmonic,0.15,False,0.1,A_default,84,0.7301587301587301,0.75,0.28211379627027344,0.5,1.0,0.0,1.0,0.9523809523809523,1.0,0.19459123492367836,1.0,1.0,0.0,1.0,0.742063492063492,0.75,0.28623573885166465,0.5,1.0,0.0,1.0,0.44047619047619047
703,599,0.3,0.05,4,harmonic,0.15,False,0.1,B_weak_signal,81,0.7170781893004116,1.0,0.343511031165283,0.5,1.0,0.0,1.0,0.8930041152263374,1.0,0.3019711193596129,1.0,1.0,0.0,1.0,0.7253086419753086,1.0,0.3462207780600319,0.5,1.0,0.0,1.0,0.5185185185185185
703,599,0.3,0.05,4,harmonic,0.15,False,0.1,C_deep,92,0.615036231884058,0.6666666666666666,0.30131032302385,0.3333333333333333,1.0,0.0,1.0,0.9528985507246376,1.0,0.20720549949524886,1.0,1.0,0.0,1.0,0.6186594202898551,0.6666666666666666,0.3039307242988083,0.3333333333333333,1.0,0.0,1.0,0.2608695652173913
704,503,0.3,0.05,6,harmonic,0.15,False,0.1,A_default,84,0.7301587301587301,0.75,0.28211379627027344,0.5,1.0,0.0,1.0,0.9523809523809523,1.0,0.19459123492367836,1.0,1.0,0.0,1.0,0.742063492063492,0.75,0.28623573885166465,0.5,1.0,0.0,1.0,0.44047619047619047
704,503,0.3,0.05,6,harmonic,0.15,False,0.1,B_weak_signal,81,0.7170781893004116,1.0,0.343511031165283,0.5,1.0,0.0,1.0,0.8930041152263374,1.0,0.3019711193596129,1.0,1.0,0.0,1.0,0.7253086419753086,1.0,0.3462207780600319,0.5,1.0,0.0,1.0,0.5185185185185185
704,503,0.3,0.05,6,harmonic,0.15,False,0.1,C_deep,92,0.615036231884058,0.6666666666666666,0.30131032302385,0.3333333333333333,1.0,0.0,1.0,0.9528985507246376,1.0,0.20720549949524886,1.0,1.0,0.0,1.0,0.6186594202898551,0.6666666666666666,0.3039307242988083,0.3333333333333333,1.0,0.0,1.0,0.2608695652173913
705,120,0.3,0.05,8,harmonic,0.15,False,0.05,A_default,84,0.7301587301587301,0.75,0.28211379627027344,0.5,1.0,0.0,1.0,0.9523809523809523,1.0,0.19459123492367836,1.0,1.0,0.0,1.0,0.742063492063492,0.75,0.28623573885166465,0.5,1.0,0.0,1.0,0.44047619047619047
705,120,0.3,0.05,8,harmonic,0.15,False,0.05,B_weak_signal,81,0.7170781893004116,1.0,0.343511031165283,0.5,1.0,0.0,1.0,0.8930041152263374,1.0,0.3019711193596129,1.0,1.0,0.0,1.0,0.7253086419753086,1.0,0.3462207780600319,0.5,1.0,0.0,1.0,0.5185185185185185
705,120,0.3,0.05,8,harmonic,0.15,False,0.05,C_deep,92,0.615036231884058,0.6666666666666666,0.30131032302385,0.3333333333333333,1.0,0.0,1.0,0.9528985507246376,1.0,0.20720549949524886,1.0,1.0,0.0,1.0,0.6186594202898551,0.6666666666666666,0.3039307242988083,0.3333333333333333,1.0,0.0,1.0,0.2608695652173913
706,517,0.3,0.05,8,harmonic,0.15,False,0.15,A_default,84,0.7301587301587301,0.75,0.28211379627027344,0.5,1.0,0.0,1.0,0.9523809523809523,1.0,0.19459123492367836,1.0,1.0,0.0,1.0,0.742063492063492,0.75,0.28623573885166465,0.5,1.0,0.0,1.0,0.44047619047619047
706,517,0.3,0.05,8,harmonic,0.15,False,0.15,B_weak_signal,81,0.7170781893004116,1.0,0.343511031165283,0.5,1.0,0.0,1.0,0.8930041152263374,1.0,0.3019711193596129,1.0,1.0,0.0,1.0,0.7253086419753086,1.0,0.3462207780600319,0.5,1.0,0.0,1.0,0.5185185185185185
706,517,0.3,0.05,8,harmonic,0.15,False,0.15,C_deep,92,0.6096014492753623,0.6666666666666666,0.29878910787859636,0.3333333333333333,0.8125,0.0,1.0,0.9528985507246376,1.0,0.20720549949524886,1.0,1.0,0.0,1.0,0.6132246376811594,0.6666666666666666,0.30149746376405123,0.3333333333333333,1.0,0.0,1.0,0.25
707,465,0.2,0.05,8,harmonic,0.15,False,0.05,A_default,84,0.7301587301587301,0.75,0.28211379627027344,0.5,1.0,0.0,1.0,0.9523809523809523,1.0,0.19459123492367836,1.0,1.0,0.0,1.0,0.742063492063492,0.75,0.28623573885166465,0.5,1.0,0.0,1.0,0.44047619047619047
707,465,0.2,0.05,8,harmonic,0.15,False,0.05,B_weak_signal,84,0.7033730158730159,1.0,0.35622950878764864,0.5,1.0,0.0,1.0,0.8730158730158729,1.0,0.326863975756411,1.0,1.0,0.0,1.0,0.711309523809524,1.0,0.35905909238247696,0.5,1.0,0.0,1.0,0.5119047619047619
707,465,0.2,0.05,8,harmonic,0.15,False,0.05,C_deep,92,0.615036231884058,0.6666666666666666,0.30131032302385,0.3333333333333333,1.0,0.0,1.0,0.9528985507246376,1.0,0.20720549949524886,1.0,1.0,0.0,1.0,0.6186594202898551,0.6666666666666666,0.3039307242988083,0.3333333333333333,1.0,0.0,1.0,0.2608695652173913
708,13,0.4,0.02,6,harmonic,0.15,False,0.1,A_default,79,0.7447257383966244,0.75,0.2800150624738475,0.5,1.0,0.0,1.0,0.9599156118143461,1.0,0.17340068931564498,1.0,1.0,0.0,1.0,0.759493670886076,1.0,0.28243552505683417,0.5,1.0,0.0,1.0,0.4810126582278481
708,13,0.4,0.02,6,harmonic,0.15,False,0.1,B_weak_signal,58,0.6738505747126438,0.75,0.36081335545583304,0.3333333333333333,1.0,0.0,1.0,0.8620689655172413,1.0,0.3305998019939563,1.0,1.0,0.0,1.0,0.6910919540229885,1.0,0.3680756490232842,0.3333333333333333,1.0,0.0,1.0,0.46551724137931033
708,13,0.4,0.02,6,harmonic,0.15,False,0.1,C_deep,86,0.6288759689922481,0.75,0.3037502459032829,0.3333333333333333,1.0,0.0,1.0,0.9612403100775193,1.0,0.18730007834874263,1.0,1.0,0.0,1.0,0.6327519379844961,0.75,0.3063537157914144,0.3333333333333333,1.0,0.0,1.0,0.27906976744186046
709,134,0.4,0.03,8,harmonic,0.15,False,0.05,A_default,79,0.7447257383966244,0.75,0.2800150624738475,0.5,1.0,0.0,1.0,0.9599156118143461,1.0,0.17340068931564498,1.0,1.0,0.0,1.0,0.759493670886076,1.0,0.28243552505683417,0.5,1.0,0.0,1.0,0.4810126582278481
709,134,0.4,0.03,8,harmonic,0.15,False,0.05,B_weak_signal,58,0.6738505747126438,0.75,0.36081335545583304,0.3333333333333333,1.0,0.0,1.0,0.8620689655172413,1.0,0.3305998019939563,1.0,1.0,0.0,1.0,0.6910919540229885,1.0,0.3680756490232842,0.3333333333333333,1.0,0.0,1.0,0.46551724137931033
709,134,0.4,0.03,8,harmonic,0.15,False,0.05,C_deep,86,0.6288759689922481,0.75,0.3037502459032829,0.3333333333333333,1.0,0.0,1.0,0.9612403100775193,1.0,0.18730007834874263,1.0,1.0,0.0,1.0,0.6327519379844961,0.75,0.3063537157914144,0.3333333333333333,1.0,0.0,1.0,0.27906976744186046
710,103,0.4,0.02,8,harmonic,0.15,False,0.1,A_default,79,0.7447257383966244,0.75,0.2800150624738475,0.5,1.0,0.0,1.0,0.9599156118143461,1.0,0.17340068931564498,1.0,1.0,0.0,1.0,0.759493670886076,1.0,0.28243552505683417,0.5,1.0,0.0,1.0,0.4810126582278481
710,103,0.4,0.02,8,harmonic,0.15,False,0.1,B_weak_signal,58,0.6738505747126438,0.75,0.36081335545583304,0.3333333333333333,1.0,0.0,1.0,0.8620689655172413,1.0,0.3305998019939563,1.0,1.0,0.0,1.0,0.6910919540229885,1.0,0.3680756490232842,0.3333333333333333,1.0,0.0,1.0,0.46551724137931033
710,103,0.4,0.02,8,harmonic,0.15,False,0.1,C_deep,86,0.6288759689922481,0.75,0.3037502459032829,0.3333333333333333,1.0,0.0,1.0,0.9612403100775193,1.0,0.18730007834874263,1.0,1.0,0.0,1.0,0.6327519379844961,0.75,0.3063537157914144,0.3333333333333333,1.0,0.0,1.0,0.27906976744186046
711,526,0.2,0.02,8,weighted,0.1,False,0.1,A_default,84,0.6575396825396825,0.5,0.29116169438154504,0.5,1.0,0.0,1.0,0.9511904761904761,1.0,0.1643979262069202,1.0,1.0,0.0,1.0,0.6944444444444444,0.75,0.3026360463136132,0.5,1.0,0.0,1.0,0.36904761904761907
711,526,0.2,0.02,8,weighted,0.1,False,0.1,B_weak_signal,84,0.7321428571428571,1.0,0.30695622912989506,0.5,1.0,0.0,1.0,0.9365079365079364,1.0,0.19344125554604463,1.0,1.0,0.0,1.0,0.7718253968253967,1.0,0.3110307623752828,0.5,1.0,0.0,1.0,0.5119047619047619
711,526,0.2,0.02,8,weighted,0.1,False,0.1,C_deep,92,0.6014492753623188,0.5,0.3063297657095447,0.3333333333333333,1.0,0.0,1.0,0.9728260869565217,1.0,0.15485069794047326,1.0,1.0,0.0,1.0,0.6068840579710145,0.5,0.30893444201355813,0.3333333333333333,1.0,0.0,1.0,0.2717391304347826
712,82,0.2,0.03,6,weighted,0.1,False,0.1,A_default,84,0.6575396825396825,0.5,0.29116169438154504,0.5,1.0,0.0,1.0,0.9511904761904761,1.0,0.1643979262069202,1.0,1.0,0.0,1.0,0.6944444444444444,0.75,0.3026360463136132,0.5,1.0,0.0,1.0,0.36904761904761907
712,82,0.2,0.03,6,weighted,0.1,False,0.1,B_weak_signal,84,0.7321428571428571,1.0,0.30695622912989506,0.5,1.0,0.0,1.0,0.9365079365079364,1.0,0.19344125554604463,1.0,1.0,0.0,1.0,0.7718253968253967,1.0,0.3110307623752828,0.5,1.0,0.0,1.0,0.5119047619047619
712,82,0.2,0.03,6,weighted,0.1,False,0.1,C_deep,92,0.6014492753623188,0.5,0.3063297657095447,0.3333333333333333,1.0,0.0,1.0,0.9728260869565217,1.0,0.15485069794047326,1.0,1.0,0.0,1.0,0.6068840579710145,0.5,0.30893444201355813,0.3333333333333333,1.0,0.0,1.0,0.2717391304347826
713,391,0.3,0.02,4,weighted,0.1,False,0.1,A_default,84,0.6575396825396825,0.5,0.29116169438154504,0.5,1.0,0.0,1.0,0.9511904761904761,1.0,0.1643979262069202,1.0,1.0,0.0,1.0,0.6944444444444444,0.75,0.3026360463136132,0.5,1.0,0.0,1.0,0.36904761904761907
713,391,0.3,0.02,4,weighted,0.1,False,0.1,B_weak_signal,81,0.7283950617283951,1.0,0.3086647368150215,0.5,1.0,0.0,1.0,0.9341563786008229,1.0,0.19663667205180818,1.0,1.0,0.0,1.0,0.7695473251028807,1.0,0.3132689442202887,0.5,1.0,0.0,1.0,0.5061728395061729
713,391,0.3,0.02,4,weighted,0.1,False,0.1,C_deep,92,0.6014492753623188,0.5,0.3063297657095447,0.3333333333333333,1.0,0.0,1.0,0.9728260869565217,1.0,0.15485069794047326,1.0,1.0,0.0,1.0,0.6068840579710145,0.5,0.30893444201355813,0.3333333333333333,1.0,0.0,1.0,0.2717391304347826
714,264,0.3,0.03,4,weighted,0.1,False,0.1,A_default,84,0.6575396825396825,0.5,0.29116169438154504,0.5,1.0,0.0,1.0,0.9511904761904761,1.0,0.1643979262069202,1.0,1.0,0.0,1.0,0.6944444444444444,0.75,0.3026360463136132,0.5,1.0,0.0,1.0,0.36904761904761907
714,264,0.3,0.03,4,weighted,0.1,False,0.1,B_weak_signal,81,0.7283950617283951,1.0,0.3086647368150215,0.5,1.0,0.0,1.0,0.9341563786008229,1.0,0.19663667205180818,1.0,1.0,0.0,1.0,0.7695473251028807,1.0,0.3132689442202887,0.5,1.0,0.0,1.0,0.5061728395061729
714,264,0.3,0.03,4,weighted,0.1,False,0.1,C_deep,92,0.6014492753623188,0.5,0.3063297657095447,0.3333333333333333,1.0,0.0,1.0,0.9728260869565217,1.0,0.15485069794047326,1.0,1.0,0.0,1.0,0.6068840579710145,0.5,0.30893444201355813,0.3333333333333333,1.0,0.0,1.0,0.2717391304347826
715,244,0.3,0.03,6,weighted,0.1,False,0.1,A_default,84,0.6575396825396825,0.5,0.29116169438154504,0.5,1.0,0.0,1.0,0.9511904761904761,1.0,0.1643979262069202,1.0,1.0,0.0,1.0,0.6944444444444444,0.75,0.3026360463136132,0.5,1.0,0.0,1.0,0.36904761904761907
715,244,0.3,0.03,6,weighted,0.1,False,0.1,B_weak_signal,81,0.7283950617283951,1.0,0.3086647368150215,0.5,1.0,0.0,1.0,0.9341563786008229,1.0,0.19663667205180818,1.0,1.0,0.0,1.0,0.7695473251028807,1.0,0.3132689442202887,0.5,1.0,0.0,1.0,0.5061728395061729
715,244,0.3,0.03,6,weighted,0.1,False,0.1,C_deep,92,0.6014492753623188,0.5,0.3063297657095447,0.3333333333333333,1.0,0.0,1.0,0.9728260869565217,1.0,0.15485069794047326,1.0,1.0,0.0,1.0,0.6068840579710145,0.5,0.30893444201355813,0.3333333333333333,1.0,0.0,1.0,0.2717391304347826
716,558,0.3,0.03,8,weighted,0.1,False,0.1,A_default,84,0.6575396825396825,0.5,0.29116169438154504,0.5,1.0,0.0,1.0,0.9511904761904761,1.0,0.1643979262069202,1.0,1.0,0.0,1.0,0.6944444444444444,0.75,0.3026360463136132,0.5,1.0,0.0,1.0,0.36904761904761907
716,558,0.3,0.03,8,weighted,0.1,False,0.1,B_weak_signal,81,0.7283950617283951,1.0,0.3086647368150215,0.5,1.0,0.0,1.0,0.9341563786008229,1.0,0.19663667205180818,1.0,1.0,0.0,1.0,0.7695473251028807,1.0,0.3132689442202887,0.5,1.0,0.0,1.0,0.5061728395061729
716,558,0.3,0.03,8,weighted,0.1,False,0.1,C_deep,92,0.6014492753623188,0.5,0.3063297657095447,0.3333333333333333,1.0,0.0,1.0,0.9728260869565217,1.0,0.15485069794047326,1.0,1.0,0.0,1.0,0.6068840579710145,0.5,0.30893444201355813,0.3333333333333333,1.0,0.0,1.0,0.2717391304347826
717,451,0.2,0.02,4,weighted,0.1,False,0.15,A_default,84,0.6587301587301587,0.5,0.29029916008471585,0.5,1.0,0.0,1.0,0.9523809523809523,1.0,0.16067842399662086,1.0,1.0,0.0,1.0,0.6944444444444444,0.75,0.3026360463136132,0.5,1.0,0.0,1.0,0.36904761904761907
717,451,0.2,0.02,4,weighted,0.1,False,0.15,B_weak_signal,84,0.7301587301587302,1.0,0.3079216962485597,0.5,1.0,0.0,1.0,0.9464285714285714,1.0,0.18505166666226142,1.0,1.0,0.0,1.0,0.759920634920635,1.0,0.3116450183364765,0.5,1.0,0.0,1.0,0.5119047619047619
717,451,0.2,0.02,4,weighted,0.1,False,0.15,C_deep,92,0.5960144927536232,0.5,0.3036044109878685,0.3333333333333333,1.0,0.0,1.0,0.9728260869565217,1.0,0.15485069794047326,1.0,1.0,0.0,1.0,0.6014492753623188,0.5,0.3063297657095447,0.3333333333333333,1.0,0.0,1.0,0.2608695652173913
718,361,0.2,0.03,8,weighted,0.1,False,0.15,A_default,84,0.6587301587301587,0.5,0.29029916008471585,0.5,1.0,0.0,1.0,0.9523809523809523,1.0,0.16067842399662086,1.0,1.0,0.0,1.0,0.6944444444444444,0.75,0.3026360463136132,0.5,1.0,0.0,1.0,0.36904761904761907
718,361,0.2,0.03,8,weighted,0.1,False,0.15,B_weak_signal,84,0.7301587301587302,1.0,0.3079216962485597,0.5,1.0,0.0,1.0,0.9464285714285714,1.0,0.18505166666226142,1.0,1.0,0.0,1.0,0.759920634920635,1.0,0.3116450183364765,0.5,1.0,0.0,1.0,0.5119047619047619
718,361,0.2,0.03,8,weighted,0.1,False,0.15,C_deep,92,0.5960144927536232,0.5,0.3036044109878685,0.3333333333333333,1.0,0.0,1.0,0.9728260869565217,1.0,0.15485069794047326,1.0,1.0,0.0,1.0,0.6014492753623188,0.5,0.3063297657095447,0.3333333333333333,1.0,0.0,1.0,0.2608695652173913
719,733,0.2,0.03,6,weighted,0.1,False,0.15,A_default,84,0.6587301587301587,0.5,0.29029916008471585,0.5,1.0,0.0,1.0,0.9523809523809523,1.0,0.16067842399662086,1.0,1.0,0.0,1.0,0.6944444444444444,0.75,0.3026360463136132,0.5,1.0,0.0,1.0,0.36904761904761907
719,733,0.2,0.03,6,weighted,0.1,False,0.15,B_weak_signal,84,0.7301587301587302,1.0,0.3079216962485597,0.5,1.0,0.0,1.0,0.9464285714285714,1.0,0.18505166666226142,1.0,1.0,0.0,1.0,0.759920634920635,1.0,0.3116450183364765,0.5,1.0,0.0,1.0,0.5119047619047619
719,733,0.2,0.03,6,weighted,0.1,False,0.15,C_deep,92,0.5960144927536232,0.5,0.3036044109878685,0.3333333333333333,1.0,0.0,1.0,0.9728260869565217,1.0,0.15485069794047326,1.0,1.0,0.0,1.0,0.6014492753623188,0.5,0.3063297657095447,0.3333333333333333,1.0,0.0,1.0,0.2608695652173913
720,782,0.2,0.03,8,weighted,0.1,False,0.05,A_default,84,0.6575396825396825,0.5,0.29116169438154504,0.5,1.0,0.0,1.0,0.9511904761904761,1.0,0.1643979262069202,1.0,1.0,0.0,1.0,0.6944444444444444,0.75,0.3026360463136132,0.5,1.0,0.0,1.0,0.36904761904761907
720,782,0.2,0.03,8,weighted,0.1,False,0.05,B_weak_signal,84,0.7242063492063492,0.875,0.308561510728375,0.5,1.0,0.0,1.0,0.9285714285714286,1.0,0.20418269224166327,1.0,1.0,0.0,1.0,0.7718253968253967,1.0,0.3110307623752828,0.5,1.0,0.0,1.0,0.5
720,782,0.2,0.03,8,weighted,0.1,False,0.05,C_deep,92,0.6014492753623188,0.5,0.3063297657095447,0.3333333333333333,1.0,0.0,1.0,0.9728260869565217,1.0,0.15485069794047326,1.0,1.0,0.0,1.0,0.6068840579710145,0.5,0.30893444201355813,0.3333333333333333,1.0,0.0,1.0,0.2717391304347826
721,32,0.3,0.02,8,weighted,0.1,False,0.15,A_default,84,0.6587301587301587,0.5,0.29029916008471585,0.5,1.0,0.0,1.0,0.9523809523809523,1.0,0.16067842399662086,1.0,1.0,0.0,1.0,0.6944444444444444,0.75,0.3026360463136132,0.5,1.0,0.0,1.0,0.36904761904761907
721,32,0.3,0.02,8,weighted,0.1,False,0.15,B_weak_signal,81,0.7263374485596709,1.0,0.3096353612352723,0.5,1.0,0.0,1.0,0.9444444444444444,1.0,0.1881931631772701,1.0,1.0,0.0,1.0,0.757201646090535,1.0,0.31380215670516376,0.5,1.0,0.0,1.0,0.5061728395061729
721,32,0.3,0.02,8,weighted,0.1,False,0.15,C_deep,92,0.5960144927536232,0.5,0.3036044109878685,0.3333333333333333,1.0,0.0,1.0,0.9728260869565217,1.0,0.15485069794047326,1.0,1.0,0.0,1.0,0.6014492753623188,0.5,0.3063297657095447,0.3333333333333333,1.0,0.0,1.0,0.2608695652173913
722,534,0.3,0.02,6,weighted,0.1,False,0.05,A_default,84,0.6575396825396825,0.5,0.29116169438154504,0.5,1.0,0.0,1.0,0.9511904761904761,1.0,0.1643979262069202,1.0,1.0,0.0,1.0,0.6944444444444444,0.75,0.3026360463136132,0.5,1.0,0.0,1.0,0.36904761904761907
722,534,0.3,0.02,6,weighted,0.1,False,0.05,B_weak_signal,81,0.720164609053498,0.75,0.3102162781541683,0.5,1.0,0.0,1.0,0.9259259259259259,1.0,0.20749832663314544,1.0,1.0,0.0,1.0,0.7695473251028807,1.0,0.3132689442202887,0.5,1.0,0.0,1.0,0.49382716049382713
722,534,0.3,0.02,6,weighted,0.1,False,0.05,C_deep,92,0.6014492753623188,0.5,0.3063297657095447,0.3333333333333333,1.0,0.0,1.0,0.9728260869565217,1.0,0.15485069794047326,1.0,1.0,0.0,1.0,0.6068840579710145,0.5,0.30893444201355813,0.3333333333333333,1.0,0.0,1.0,0.2717391304347826
723,325,0.3,0.03,8,weighted,0.1,False,0.05,A_default,84,0.6575396825396825,0.5,0.29116169438154504,0.5,1.0,0.0,1.0,0.9511904761904761,1.0,0.1643979262069202,1.0,1.0,0.0,1.0,0.6944444444444444,0.75,0.3026360463136132,0.5,1.0,0.0,1.0,0.36904761904761907
723,325,0.3,0.03,8,weighted,0.1,False,0.05,B_weak_signal,81,0.720164609053498,0.75,0.3102162781541683,0.5,1.0,0.0,1.0,0.9259259259259259,1.0,0.20749832663314544,1.0,1.0,0.0,1.0,0.7695473251028807,1.0,0.3132689442202887,0.5,1.0,0.0,1.0,0.49382716049382713
723,325,0.3,0.03,8,weighted,0.1,False,0.05,C_deep,92,0.6014492753623188,0.5,0.3063297657095447,0.3333333333333333,1.0,0.0,1.0,0.9728260869565217,1.0,0.15485069794047326,1.0,1.0,0.0,1.0,0.6068840579710145,0.5,0.30893444201355813,0.3333333333333333,1.0,0.0,1.0,0.2717391304347826
724,148,0.3,0.02,4,weighted,0.1,False,0.05,A_default,84,0.6575396825396825,0.5,0.29116169438154504,0.5,1.0,0.0,1.0,0.9511904761904761,1.0,0.1643979262069202,1.0,1.0,0.0,1.0,0.6944444444444444,0.75,0.3026360463136132,0.5,1.0,0.0,1.0,0.36904761904761907
724,148,0.3,0.02,4,weighted,0.1,False,0.05,B_weak_signal,81,0.720164609053498,0.75,0.3102162781541683,0.5,1.0,0.0,1.0,0.9259259259259259,1.0,0.20749832663314544,1.0,1.0,0.0,1.0,0.7695473251028807,1.0,0.3132689442202887,0.5,1.0,0.0,1.0,0.49382716049382713
724,148,0.3,0.02,4,weighted,0.1,False,0.05,C_deep,92,0.6014492753623188,0.5,0.3063297657095447,0.3333333333333333,1.0,0.0,1.0,0.9728260869565217,1.0,0.15485069794047326,1.0,1.0,0.0,1.0,0.6068840579710145,0.5,0.30893444201355813,0.3333333333333333,1.0,0.0,1.0,0.2717391304347826
725,29,0.4,0.05,4,harmonic,0.15,False,0.1,A_default,79,0.7257383966244725,0.75,0.2722152118627392,0.5,1.0,0.0,1.0,0.9620253164556962,1.0,0.16868303163870965,1.0,1.0,0.0,1.0,0.7383966244725738,0.75,0.2769434619702384,0.5,1.0,0.0,1.0,0.4177215189873418
725,29,0.4,0.05,4,harmonic,0.15,False,0.1,B_weak_signal,58,0.6479885057471265,0.6666666666666666,0.3501054921249472,0.3333333333333333,1.0,0.0,1.0,0.8678160919540229,1.0,0.33004019586499367,1.0,1.0,0.0,1.0,0.6594827586206896,0.75,0.35605473095075196,0.3333333333333333,1.0,0.0,1.0,0.39655172413793105
725,29,0.4,0.05,4,harmonic,0.15,False,0.1,C_deep,86,0.6036821705426357,0.5833333333333333,0.29259266073549944,0.3333333333333333,0.75,0.0,1.0,0.9612403100775193,1.0,0.18730007834874263,1.0,1.0,0.0,1.0,0.6075581395348837,0.5833333333333333,0.29562890729492847,0.3333333333333333,0.75,0.0,1.0,0.23255813953488372
726,710,0.4,0.05,8,harmonic,0.15,False,0.1,A_default,79,0.7257383966244725,0.75,0.2722152118627392,0.5,1.0,0.0,1.0,0.9620253164556962,1.0,0.16868303163870965,1.0,1.0,0.0,1.0,0.7383966244725738,0.75,0.2769434619702384,0.5,1.0,0.0,1.0,0.4177215189873418
726,710,0.4,0.05,8,harmonic,0.15,False,0.1,B_weak_signal,58,0.6479885057471265,0.6666666666666666,0.3501054921249472,0.3333333333333333,1.0,0.0,1.0,0.8678160919540229,1.0,0.33004019586499367,1.0,1.0,0.0,1.0,0.6594827586206896,0.75,0.35605473095075196,0.3333333333333333,1.0,0.0,1.0,0.39655172413793105
726,710,0.4,0.05,8,harmonic,0.15,False,0.1,C_deep,86,0.6036821705426357,0.5833333333333333,0.29259266073549944,0.3333333333333333,0.75,0.0,1.0,0.9612403100775193,1.0,0.18730007834874263,1.0,1.0,0.0,1.0,0.6075581395348837,0.5833333333333333,0.29562890729492847,0.3333333333333333,0.75,0.0,1.0,0.23255813953488372
727,97,0.2,0.05,8,weighted,0.1,False,0.1,A_default,84,0.6527777777777778,0.5,0.2857132896648668,0.5,1.0,0.0,1.0,0.959325396825397,1.0,0.1511303060744754,1.0,1.0,0.0,1.0,0.6815476190476191,0.5833333333333333,0.29756955985578126,0.5,1.0,0.0,1.0,0.34523809523809523
727,97,0.2,0.05,8,weighted,0.1,False,0.1,B_weak_signal,84,0.7212301587301587,0.75,0.3018500650714564,0.5,1.0,0.0,1.0,0.9424603174603173,1.0,0.1820124883895353,1.0,1.0,0.0,1.0,0.7529761904761905,1.0,0.3086889918184933,0.5,1.0,0.0,1.0,0.47619047619047616
727,97,0.2,0.05,8,weighted,0.1,False,0.1,C_deep,92,0.5788043478260869,0.5,0.2911400610876898,0.3333333333333333,0.75,0.0,1.0,0.9746376811594202,1.0,0.15016226999921084,1.0,1.0,0.0,1.0,0.582427536231884,0.5,0.29430247132881676,0.3333333333333333,0.75,0.0,1.0,0.21739130434782608
728,106,0.3,0.05,6,weighted,0.1,False,0.1,A_default,84,0.6527777777777778,0.5,0.2857132896648668,0.5,1.0,0.0,1.0,0.959325396825397,1.0,0.1511303060744754,1.0,1.0,0.0,1.0,0.6815476190476191,0.5833333333333333,0.29756955985578126,0.5,1.0,0.0,1.0,0.34523809523809523
728,106,0.3,0.05,6,weighted,0.1,False,0.1,B_weak_signal,81,0.7170781893004116,0.75,0.30324604179703524,0.5,1.0,0.0,1.0,0.9403292181069958,1.0,0.1850462441738639,1.0,1.0,0.0,1.0,0.75,1.0,0.31068919803845424,0.5,1.0,0.0,1.0,0.4691358024691358
728,106,0.3,0.05,6,weighted,0.1,False,0.1,C_deep,92,0.5788043478260869,0.5,0.2911400610876898,0.3333333333333333,0.75,0.0,1.0,0.9746376811594202,1.0,0.15016226999921084,1.0,1.0,0.0,1.0,0.582427536231884,0.5,0.29430247132881676,0.3333333333333333,0.75,0.0,1.0,0.21739130434782608
729,11,0.3,0.05,6,weighted,0.1,False,0.15,A_default,84,0.6527777777777778,0.5,0.2857132896648668,0.5,1.0,0.0,1.0,0.959325396825397,1.0,0.1511303060744754,1.0,1.0,0.0,1.0,0.6815476190476191,0.5833333333333333,0.29756955985578126,0.5,1.0,0.0,1.0,0.34523809523809523
729,11,0.3,0.05,6,weighted,0.1,False,0.15,B_weak_signal,81,0.7129629629629629,0.75,0.30505008696205216,0.5,1.0,0.0,1.0,0.948559670781893,1.0,0.1799729441638421,1.0,1.0,0.0,1.0,0.7376543209876543,1.0,0.3104407460210779,0.5,1.0,0.0,1.0,0.4691358024691358
729,11,0.3,0.05,6,weighted,0.1,False,0.15,C_deep,92,0.5733695652173914,0.5,0.2878391961221211,0.3333333333333333,0.75,0.0,1.0,0.9746376811594202,1.0,0.15016226999921084,1.0,1.0,0.0,1.0,0.5769927536231885,0.5,0.2911058699881205,0.3333333333333333,0.75,0.0,1.0,0.20652173913043478
730,237,0.4,0.03,8,weighted,0.1,False,0.05,A_default,79,0.6485232067510549,0.5,0.2803029226446741,0.5,1.0,0.25,1.0,0.9607594936708862,1.0,0.13017186685070806,1.0,1.0,0.4,1.0,0.6877637130801688,0.5,0.29401325702177933,0.5,1.0,0.25,1.0,0.34177215189873417
730,237,0.4,0.03,8,weighted,0.1,False,0.05,B_weak_signal,58,0.6724137931034484,0.6666666666666666,0.2923913590770814,0.3333333333333333,1.0,0.25,1.0,0.9425287356321839,1.0,0.1482573369219879,1.0,1.0,0.5,1.0,0.7298850574712644,1.0,0.30839075837446284,0.3333333333333333,1.0,0.25,1.0,0.3793103448275862
730,237,0.4,0.03,8,weighted,0.1,False,0.05,C_deep,86,0.5968992248062016,0.5,0.2906102619753904,0.3333333333333333,0.75,0.25,1.0,0.9941860465116279,1.0,0.05391638660171922,1.0,1.0,0.5,1.0,0.6027131782945737,0.5,0.29363465434024993,0.3333333333333333,0.9375,0.25,1.0,0.2441860465116279
731,441,0.4,0.02,6,weighted,0.1,False,0.15,A_default,79,0.649789029535865,0.5,0.27939053622117876,0.5,1.0,0.25,1.0,0.9620253164556962,1.0,0.12503380479819495,1.0,1.0,0.5,1.0,0.6877637130801688,0.5,0.29401325702177933,0.5,1.0,0.25,1.0,0.34177215189873417
731,441,0.4,0.02,6,weighted,0.1,False,0.15,B_weak_signal,58,0.6695402298850575,0.6666666666666666,0.29326650506414603,0.3333333333333333,1.0,0.25,1.0,0.9568965517241379,1.0,0.130825631417754,1.0,1.0,0.5,1.0,0.7126436781609196,0.75,0.306751678161424,0.3333333333333333,1.0,0.25,1.0,0.3793103448275862
731,441,0.4,0.02,6,weighted,0.1,False,0.15,C_deep,86,0.5910852713178295,0.5,0.28743510406435674,0.3333333333333333,0.75,0.25,1.0,0.9941860465116279,1.0,0.05391638660171922,1.0,1.0,0.5,1.0,0.5968992248062016,0.5,0.2906102619753904,0.3333333333333333,0.75,0.25,1.0,0.23255813953488372
732,694,0.4,0.05,6,weighted,0.1,False,0.1,A_default,79,0.6434599156118144,0.5,0.27410067557869927,0.5,1.0,0.25,1.0,0.969409282700422,1.0,0.11098594594644413,1.0,1.0,0.5,1.0,0.6740506329113924,0.5,0.2881163260671988,0.5,1.0,0.25,1.0,0.31645569620253167
732,694,0.4,0.05,6,weighted,0.1,False,0.1,B_weak_signal,58,0.6566091954022989,0.6666666666666666,0.2810093831924946,0.3333333333333333,1.0,0.25,1.0,0.9511494252873562,1.0,0.12491174541236737,1.0,1.0,0.5,1.0,0.7025862068965518,0.75,0.3007106871882983,0.3333333333333333,1.0,0.25,1.0,0.3275862068965517
732,694,0.4,0.05,6,weighted,0.1,False,0.1,C_deep,86,0.5726744186046513,0.5,0.27290392849419814,0.3333333333333333,0.75,0.25,1.0,0.9961240310077518,1.0,0.03594425773447951,1.0,1.0,0.6666666666666666,1.0,0.5765503875968994,0.5,0.2765967063326972,0.3333333333333333,0.75,0.25,1.0,0.18604651162790697
733,529,0.4,0.05,6,weighted,0.1,False,0.15,A_default,79,0.6434599156118144,0.5,0.27410067557869927,0.5,1.0,0.25,1.0,0.969409282700422,1.0,0.11098594594644413,1.0,1.0,0.5,1.0,0.6740506329113924,0.5,0.2881163260671988,0.5,1.0,0.25,1.0,0.31645569620253167
733,529,0.4,0.05,6,weighted,0.1,False,0.15,B_weak_signal,58,0.6508620689655173,0.6666666666666666,0.282470692536824,0.3333333333333333,1.0,0.25,1.0,0.9626436781609196,1.0,0.11275006190822182,1.0,1.0,0.5,1.0,0.6853448275862071,0.7083333333333333,0.29742359554548076,0.3333333333333333,1.0,0.25,1.0,0.3275862068965517
733,529,0.4,0.05,6,weighted,0.1,False,0.15,C_deep,86,0.5668604651162792,0.5,0.2689910242938057,0.3333333333333333,0.75,0.25,1.0,0.9961240310077518,1.0,0.03594425773447951,1.0,1.0,0.6666666666666666,1.0,0.5707364341085273,0.5,0.2728203704864496,0.3333333333333333,0.75,0.25,1.0,0.1744186046511628
734,202,0.3,0.02,8,harmonic,0.2,False,0.05,A_default,84,0.6160714285714286,0.5,0.3277692893157478,0.3333333333333333,1.0,0.0,1.0,0.9325396825396824,1.0,0.24148005205716525,1.0,1.0,0.0,1.0,0.6240079365079365,0.5,0.33295511866821326,0.3333333333333333,1.0,0.0,1.0,0.36904761904761907
734,202,0.3,0.02,8,harmonic,0.2,False,0.05,B_weak_signal,81,0.5606995884773662,0.5,0.39264336237063446,0.3333333333333333,1.0,0.0,1.0,0.7983539094650205,1.0,0.4002742544031496,1.0,1.0,0.0,1.0,0.5648148148148148,0.5,0.3955042491694761,0.3333333333333333,1.0,0.0,1.0,0.38271604938271603
734,202,0.3,0.02,8,harmonic,0.2,False,0.05,C_deep,92,0.45018115942028986,0.3333333333333333,0.34327211095047366,0.25,0.75,0.0,1.0,0.8369565217391305,1.0,0.37142949024106275,1.0,1.0,0.0,1.0,0.45018115942028986,0.3333333333333333,0.34327211095047366,0.25,0.75,0.0,1.0,0.21739130434782608
735,444,0.2,0.02,8,harmonic,0.2,False,0.15,A_default,84,0.6160714285714286,0.5,0.3277692893157478,0.3333333333333333,1.0,0.0,1.0,0.9325396825396824,1.0,0.24148005205716525,1.0,1.0,0.0,1.0,0.6240079365079365,0.5,0.33295511866821326,0.3333333333333333,1.0,0.0,1.0,0.36904761904761907
735,444,0.2,0.02,8,harmonic,0.2,False,0.15,B_weak_signal,84,0.5525793650793651,0.5,0.3980330996005705,0.25,1.0,0.0,1.0,0.7817460317460316,1.0,0.4123074703639652,1.0,1.0,0.0,1.0,0.5565476190476191,0.5,0.40083595593279814,0.25,1.0,0.0,1.0,0.38095238095238093
735,444,0.2,0.02,8,harmonic,0.2,False,0.15,C_deep,92,0.45018115942028986,0.3333333333333333,0.34327211095047366,0.25,0.75,0.0,1.0,0.8369565217391305,1.0,0.37142949024106275,1.0,1.0,0.0,1.0,0.45018115942028986,0.3333333333333333,0.34327211095047366,0.25,0.75,0.0,1.0,0.21739130434782608
736,788,0.2,0.03,8,harmonic,0.2,False,0.1,A_default,84,0.6160714285714286,0.5,0.3277692893157478,0.3333333333333333,1.0,0.0,1.0,0.9325396825396824,1.0,0.24148005205716525,1.0,1.0,0.0,1.0,0.6240079365079365,0.5,0.33295511866821326,0.3333333333333333,1.0,0.0,1.0,0.36904761904761907
736,788,0.2,0.03,8,harmonic,0.2,False,0.1,B_weak_signal,84,0.5525793650793651,0.5,0.3980330996005705,0.25,1.0,0.0,1.0,0.7817460317460316,1.0,0.4123074703639652,1.0,1.0,0.0,1.0,0.5565476190476191,0.5,0.40083595593279814,0.25,1.0,0.0,1.0,0.38095238095238093
736,788,0.2,0.03,8,harmonic,0.2,False,0.1,C_deep,92,0.45018115942028986,0.3333333333333333,0.34327211095047366,0.25,0.75,0.0,1.0,0.8369565217391305,1.0,0.37142949024106275,1.0,1.0,0.0,1.0,0.45018115942028986,0.3333333333333333,0.34327211095047366,0.25,0.75,0.0,1.0,0.21739130434782608
737,178,0.2,0.03,4,harmonic,0.2,False,0.1,A_default,84,0.6160714285714286,0.5,0.3277692893157478,0.3333333333333333,1.0,0.0,1.0,0.9325396825396824,1.0,0.24148005205716525,1.0,1.0,0.0,1.0,0.6240079365079365,0.5,0.33295511866821326,0.3333333333333333,1.0,0.0,1.0,0.36904761904761907
737,178,0.2,0.03,4,harmonic,0.2,False,0.1,B_weak_signal,84,0.5525793650793651,0.5,0.3980330996005705,0.25,1.0,0.0,1.0,0.7817460317460316,1.0,0.4123074703639652,1.0,1.0,0.0,1.0,0.5565476190476191,0.5,0.40083595593279814,0.25,1.0,0.0,1.0,0.38095238095238093
737,178,0.2,0.03,4,harmonic,0.2,False,0.1,C_deep,92,0.45018115942028986,0.3333333333333333,0.34327211095047366,0.25,0.75,0.0,1.0,0.8369565217391305,1.0,0.37142949024106275,1.0,1.0,0.0,1.0,0.45018115942028986,0.3333333333333333,0.34327211095047366,0.25,0.75,0.0,1.0,0.21739130434782608
738,352,0.2,0.03,4,harmonic,0.2,False,0.05,A_default,84,0.6160714285714286,0.5,0.3277692893157478,0.3333333333333333,1.0,0.0,1.0,0.9325396825396824,1.0,0.24148005205716525,1.0,1.0,0.0,1.0,0.6240079365079365,0.5,0.33295511866821326,0.3333333333333333,1.0,0.0,1.0,0.36904761904761907
738,352,0.2,0.03,4,harmonic,0.2,False,0.05,B_weak_signal,84,0.5525793650793651,0.5,0.3980330996005705,0.25,1.0,0.0,1.0,0.7817460317460316,1.0,0.4123074703639652,1.0,1.0,0.0,1.0,0.5565476190476191,0.5,0.40083595593279814,0.25,1.0,0.0,1.0,0.38095238095238093
738,352,0.2,0.03,4,harmonic,0.2,False,0.05,C_deep,92,0.45018115942028986,0.3333333333333333,0.34327211095047366,0.25,0.75,0.0,1.0,0.8369565217391305,1.0,0.37142949024106275,1.0,1.0,0.0,1.0,0.45018115942028986,0.3333333333333333,0.34327211095047366,0.25,0.75,0.0,1.0,0.21739130434782608
739,714,0.2,0.02,4,harmonic,0.2,False,0.05,A_default,84,0.6160714285714286,0.5,0.3277692893157478,0.3333333333333333,1.0,0.0,1.0,0.9325396825396824,1.0,0.24148005205716525,1.0,1.0,0.0,1.0,0.6240079365079365,0.5,0.33295511866821326,0.3333333333333333,1.0,0.0,1.0,0.36904761904761907
739,714,0.2,0.02,4,harmonic,0.2,False,0.05,B_weak_signal,84,0.5525793650793651,0.5,0.3980330996005705,0.25,1.0,0.0,1.0,0.7817460317460316,1.0,0.4123074703639652,1.0,1.0,0.0,1.0,0.5565476190476191,0.5,0.40083595593279814,0.25,1.0,0.0,1.0,0.38095238095238093
739,714,0.2,0.02,4,harmonic,0.2,False,0.05,C_deep,92,0.45018115942028986,0.3333333333333333,0.34327211095047366,0.25,0.75,0.0,1.0,0.8369565217391305,1.0,0.37142949024106275,1.0,1.0,0.0,1.0,0.45018115942028986,0.3333333333333333,0.34327211095047366,0.25,0.75,0.0,1.0,0.21739130434782608
740,765,0.2,0.02,6,harmonic,0.2,False,0.15,A_default,84,0.6160714285714286,0.5,0.3277692893157478,0.3333333333333333,1.0,0.0,1.0,0.9325396825396824,1.0,0.24148005205716525,1.0,1.0,0.0,1.0,0.6240079365079365,0.5,0.33295511866821326,0.3333333333333333,1.0,0.0,1.0,0.36904761904761907
740,765,0.2,0.02,6,harmonic,0.2,False,0.15,B_weak_signal,84,0.5525793650793651,0.5,0.3980330996005705,0.25,1.0,0.0,1.0,0.7817460317460316,1.0,0.4123074703639652,1.0,1.0,0.0,1.0,0.5565476190476191,0.5,0.40083595593279814,0.25,1.0,0.0,1.0,0.38095238095238093
740,765,0.2,0.02,6,harmonic,0.2,False,0.15,C_deep,92,0.45018115942028986,0.3333333333333333,0.34327211095047366,0.25,0.75,0.0,1.0,0.8369565217391305,1.0,0.37142949024106275,1.0,1.0,0.0,1.0,0.45018115942028986,0.3333333333333333,0.34327211095047366,0.25,0.75,0.0,1.0,0.21739130434782608
741,234,0.2,0.03,8,harmonic,0.2,False,0.15,A_default,84,0.6160714285714286,0.5,0.3277692893157478,0.3333333333333333,1.0,0.0,1.0,0.9325396825396824,1.0,0.24148005205716525,1.0,1.0,0.0,1.0,0.6240079365079365,0.5,0.33295511866821326,0.3333333333333333,1.0,0.0,1.0,0.36904761904761907
741,234,0.2,0.03,8,harmonic,0.2,False,0.15,B_weak_signal,84,0.5525793650793651,0.5,0.3980330996005705,0.25,1.0,0.0,1.0,0.7817460317460316,1.0,0.4123074703639652,1.0,1.0,0.0,1.0,0.5565476190476191,0.5,0.40083595593279814,0.25,1.0,0.0,1.0,0.38095238095238093
741,234,0.2,0.03,8,harmonic,0.2,False,0.15,C_deep,92,0.45018115942028986,0.3333333333333333,0.34327211095047366,0.25,0.75,0.0,1.0,0.8369565217391305,1.0,0.37142949024106275,1.0,1.0,0.0,1.0,0.45018115942028986,0.3333333333333333,0.34327211095047366,0.25,0.75,0.0,1.0,0.21739130434782608
742,796,0.2,0.02,8,harmonic,0.2,False,0.05,A_default,84,0.6160714285714286,0.5,0.3277692893157478,0.3333333333333333,1.0,0.0,1.0,0.9325396825396824,1.0,0.24148005205716525,1.0,1.0,0.0,1.0,0.6240079365079365,0.5,0.33295511866821326,0.3333333333333333,1.0,0.0,1.0,0.36904761904761907
742,796,0.2,0.02,8,harmonic,0.2,False,0.05,B_weak_signal,84,0.5525793650793651,0.5,0.3980330996005705,0.25,1.0,0.0,1.0,0.7817460317460316,1.0,0.4123074703639652,1.0,1.0,0.0,1.0,0.5565476190476191,0.5,0.40083595593279814,0.25,1.0,0.0,1.0,0.38095238095238093
742,796,0.2,0.02,8,harmonic,0.2,False,0.05,C_deep,92,0.45018115942028986,0.3333333333333333,0.34327211095047366,0.25,0.75,0.0,1.0,0.8369565217391305,1.0,0.37142949024106275,1.0,1.0,0.0,1.0,0.45018115942028986,0.3333333333333333,0.34327211095047366,0.25,0.75,0.0,1.0,0.21739130434782608
743,662,0.2,0.03,6,harmonic,0.2,False,0.15,A_default,84,0.6160714285714286,0.5,0.3277692893157478,0.3333333333333333,1.0,0.0,1.0,0.9325396825396824,1.0,0.24148005205716525,1.0,1.0,0.0,1.0,0.6240079365079365,0.5,0.33295511866821326,0.3333333333333333,1.0,0.0,1.0,0.36904761904761907
743,662,0.2,0.03,6,harmonic,0.2,False,0.15,B_weak_signal,84,0.5525793650793651,0.5,0.3980330996005705,0.25,1.0,0.0,1.0,0.7817460317460316,1.0,0.4123074703639652,1.0,1.0,0.0,1.0,0.5565476190476191,0.5,0.40083595593279814,0.25,1.0,0.0,1.0,0.38095238095238093
743,662,0.2,0.03,6,harmonic,0.2,False,0.15,C_deep,92,0.45018115942028986,0.3333333333333333,0.34327211095047366,0.25,0.75,0.0,1.0,0.8369565217391305,1.0,0.37142949024106275,1.0,1.0,0.0,1.0,0.45018115942028986,0.3333333333333333,0.34327211095047366,0.25,0.75,0.0,1.0,0.21739130434782608
744,340,0.3,0.02,6,weighted,0.15,False,0.15,A_default,84,0.5525793650793651,0.5,0.28569760142845946,0.3333333333333333,0.8125,0.0,1.0,0.9722222222222223,1.0,0.15701647125232981,1.0,1.0,0.0,1.0,0.5565476190476191,0.5,0.289589769592949,0.3333333333333333,1.0,0.0,1.0,0.25
744,340,0.3,0.02,6,weighted,0.15,False,0.15,B_weak_signal,81,0.5864197530864197,0.5,0.3209806059292618,0.3333333333333333,1.0,0.0,1.0,0.97119341563786,1.0,0.15983959723733415,1.0,1.0,0.0,1.0,0.5905349794238683,0.5,0.32414351107963635,0.3333333333333333,1.0,0.0,1.0,0.345679012345679
744,340,0.3,0.02,6,weighted,0.15,False,0.15,C_deep,92,0.4692028985507246,0.3333333333333333,0.30127866273046716,0.25,0.5625,0.0,1.0,0.9565217391304348,1.0,0.20504855915155534,1.0,1.0,0.0,1.0,0.4692028985507246,0.3333333333333333,0.30127866273046716,0.25,0.5625,0.0,1.0,0.1956521739130435
745,405,0.3,0.03,4,weighted,0.15,False,0.15,A_default,84,0.5525793650793651,0.5,0.28569760142845946,0.3333333333333333,0.8125,0.0,1.0,0.9722222222222223,1.0,0.15701647125232981,1.0,1.0,0.0,1.0,0.5565476190476191,0.5,0.289589769592949,0.3333333333333333,1.0,0.0,1.0,0.25
745,405,0.3,0.03,4,weighted,0.15,False,0.15,B_weak_signal,81,0.5864197530864197,0.5,0.3209806059292618,0.3333333333333333,1.0,0.0,1.0,0.97119341563786,1.0,0.15983959723733415,1.0,1.0,0.0,1.0,0.5905349794238683,0.5,0.32414351107963635,0.3333333333333333,1.0,0.0,1.0,0.345679012345679
745,405,0.3,0.03,4,weighted,0.15,False,0.15,C_deep,92,0.4692028985507246,0.3333333333333333,0.30127866273046716,0.25,0.5625,0.0,1.0,0.9565217391304348,1.0,0.20504855915155534,1.0,1.0,0.0,1.0,0.4692028985507246,0.3333333333333333,0.30127866273046716,0.25,0.5625,0.0,1.0,0.1956521739130435
746,436,0.3,0.02,6,weighted,0.15,False,0.05,A_default,84,0.5525793650793651,0.5,0.28569760142845946,0.3333333333333333,0.8125,0.0,1.0,0.9722222222222223,1.0,0.15701647125232981,1.0,1.0,0.0,1.0,0.5565476190476191,0.5,0.289589769592949,0.3333333333333333,1.0,0.0,1.0,0.25
746,436,0.3,0.02,6,weighted,0.15,False,0.05,B_weak_signal,81,0.5864197530864197,0.5,0.3209806059292618,0.3333333333333333,1.0,0.0,1.0,0.97119341563786,1.0,0.15983959723733415,1.0,1.0,0.0,1.0,0.5905349794238683,0.5,0.32414351107963635,0.3333333333333333,1.0,0.0,1.0,0.345679012345679
746,436,0.3,0.02,6,weighted,0.15,False,0.05,C_deep,92,0.4692028985507246,0.3333333333333333,0.30127866273046716,0.25,0.5625,0.0,1.0,0.9565217391304348,1.0,0.20504855915155534,1.0,1.0,0.0,1.0,0.4692028985507246,0.3333333333333333,0.30127866273046716,0.25,0.5625,0.0,1.0,0.1956521739130435
747,127,0.3,0.03,8,weighted,0.15,False,0.1,A_default,84,0.5525793650793651,0.5,0.28569760142845946,0.3333333333333333,0.8125,0.0,1.0,0.9722222222222223,1.0,0.15701647125232981,1.0,1.0,0.0,1.0,0.5565476190476191,0.5,0.289589769592949,0.3333333333333333,1.0,0.0,1.0,0.25
747,127,0.3,0.03,8,weighted,0.15,False,0.1,B_weak_signal,81,0.5864197530864197,0.5,0.3209806059292618,0.3333333333333333,1.0,0.0,1.0,0.97119341563786,1.0,0.15983959723733415,1.0,1.0,0.0,1.0,0.5905349794238683,0.5,0.32414351107963635,0.3333333333333333,1.0,0.0,1.0,0.345679012345679
747,127,0.3,0.03,8,weighted,0.15,False,0.1,C_deep,92,0.4692028985507246,0.3333333333333333,0.30127866273046716,0.25,0.5625,0.0,1.0,0.9565217391304348,1.0,0.20504855915155534,1.0,1.0,0.0,1.0,0.4692028985507246,0.3333333333333333,0.30127866273046716,0.25,0.5625,0.0,1.0,0.1956521739130435
748,521,0.2,0.03,8,weighted,0.15,False,0.15,A_default,84,0.5525793650793651,0.5,0.28569760142845946,0.3333333333333333,0.8125,0.0,1.0,0.9722222222222223,1.0,0.15701647125232981,1.0,1.0,0.0,1.0,0.5565476190476191,0.5,0.289589769592949,0.3333333333333333,1.0,0.0,1.0,0.25
748,521,0.2,0.03,8,weighted,0.15,False,0.15,B_weak_signal,84,0.5833333333333334,0.5,0.32494464568245685,0.3333333333333333,1.0,0.0,1.0,0.9603174603174602,1.0,0.18944548056487792,1.0,1.0,0.0,1.0,0.5873015873015873,0.5,0.327995606865834,0.3333333333333333,1.0,0.0,1.0,0.34523809523809523
748,521,0.2,0.03,8,weighted,0.15,False,0.15,C_deep,92,0.4692028985507246,0.3333333333333333,0.30127866273046716,0.25,0.5625,0.0,1.0,0.9565217391304348,1.0,0.20504855915155534,1.0,1.0,0.0,1.0,0.4692028985507246,0.3333333333333333,0.30127866273046716,0.25,0.5625,0.0,1.0,0.1956521739130435
749,113,0.2,0.02,6,weighted,0.15,False,0.15,A_default,84,0.5525793650793651,0.5,0.28569760142845946,0.3333333333333333,0.8125,0.0,1.0,0.9722222222222223,1.0,0.15701647125232981,1.0,1.0,0.0,1.0,0.5565476190476191,0.5,0.289589769592949,0.3333333333333333,1.0,0.0,1.0,0.25
749,113,0.2,0.02,6,weighted,0.15,False,0.15,B_weak_signal,84,0.5833333333333334,0.5,0.32494464568245685,0.3333333333333333,1.0,0.0,1.0,0.9603174603174602,1.0,0.18944548056487792,1.0,1.0,0.0,1.0,0.5873015873015873,0.5,0.327995606865834,0.3333333333333333,1.0,0.0,1.0,0.34523809523809523
749,113,0.2,0.02,6,weighted,0.15,False,0.15,C_deep,92,0.4692028985507246,0.3333333333333333,0.30127866273046716,0.25,0.5625,0.0,1.0,0.9565217391304348,1.0,0.20504855915155534,1.0,1.0,0.0,1.0,0.4692028985507246,0.3333333333333333,0.30127866273046716,0.25,0.5625,0.0,1.0,0.1956521739130435
750,388,0.2,0.02,4,weighted,0.15,False,0.05,A_default,84,0.5525793650793651,0.5,0.28569760142845946,0.3333333333333333,0.8125,0.0,1.0,0.9722222222222223,1.0,0.15701647125232981,1.0,1.0,0.0,1.0,0.5565476190476191,0.5,0.289589769592949,0.3333333333333333,1.0,0.0,1.0,0.25
750,388,0.2,0.02,4,weighted,0.15,False,0.05,B_weak_signal,84,0.5833333333333334,0.5,0.32494464568245685,0.3333333333333333,1.0,0.0,1.0,0.9603174603174602,1.0,0.18944548056487792,1.0,1.0,0.0,1.0,0.5873015873015873,0.5,0.327995606865834,0.3333333333333333,1.0,0.0,1.0,0.34523809523809523
750,388,0.2,0.02,4,weighted,0.15,False,0.05,C_deep,92,0.4692028985507246,0.3333333333333333,0.30127866273046716,0.25,0.5625,0.0,1.0,0.9565217391304348,1.0,0.20504855915155534,1.0,1.0,0.0,1.0,0.4692028985507246,0.3333333333333333,0.30127866273046716,0.25,0.5625,0.0,1.0,0.1956521739130435
751,438,0.2,0.03,8,weighted,0.15,False,0.1,A_default,84,0.5525793650793651,0.5,0.28569760142845946,0.3333333333333333,0.8125,0.0,1.0,0.9722222222222223,1.0,0.15701647125232981,1.0,1.0,0.0,1.0,0.5565476190476191,0.5,0.289589769592949,0.3333333333333333,1.0,0.0,1.0,0.25
751,438,0.2,0.03,8,weighted,0.15,False,0.1,B_weak_signal,84,0.5833333333333334,0.5,0.32494464568245685,0.3333333333333333,1.0,0.0,1.0,0.9603174603174602,1.0,0.18944548056487792,1.0,1.0,0.0,1.0,0.5873015873015873,0.5,0.327995606865834,0.3333333333333333,1.0,0.0,1.0,0.34523809523809523
751,438,0.2,0.03,8,weighted,0.15,False,0.1,C_deep,92,0.4692028985507246,0.3333333333333333,0.30127866273046716,0.25,0.5625,0.0,1.0,0.9565217391304348,1.0,0.20504855915155534,1.0,1.0,0.0,1.0,0.4692028985507246,0.3333333333333333,0.30127866273046716,0.25,0.5625,0.0,1.0,0.1956521739130435
752,635,0.2,0.02,6,weighted,0.15,False,0.05,A_default,84,0.5525793650793651,0.5,0.28569760142845946,0.3333333333333333,0.8125,0.0,1.0,0.9722222222222223,1.0,0.15701647125232981,1.0,1.0,0.0,1.0,0.5565476190476191,0.5,0.289589769592949,0.3333333333333333,1.0,0.0,1.0,0.25
752,635,0.2,0.02,6,weighted,0.15,False,0.05,B_weak_signal,84,0.5833333333333334,0.5,0.32494464568245685,0.3333333333333333,1.0,0.0,1.0,0.9603174603174602,1.0,0.18944548056487792,1.0,1.0,0.0,1.0,0.5873015873015873,0.5,0.327995606865834,0.3333333333333333,1.0,0.0,1.0,0.34523809523809523
752,635,0.2,0.02,6,weighted,0.15,False,0.05,C_deep,92,0.4692028985507246,0.3333333333333333,0.30127866273046716,0.25,0.5625,0.0,1.0,0.9565217391304348,1.0,0.20504855915155534,1.0,1.0,0.0,1.0,0.4692028985507246,0.3333333333333333,0.30127866273046716,0.25,0.5625,0.0,1.0,0.1956521739130435
753,411,0.3,0.05,6,weighted,0.15,False,0.15,A_default,84,0.5486111111111113,0.5,0.2816951024515744,0.3333333333333333,0.6875,0.0,1.0,0.9722222222222223,1.0,0.15701647125232981,1.0,1.0,0.0,1.0,0.5525793650793651,0.5,0.28569760142845946,0.3333333333333333,0.8125,0.0,1.0,0.23809523809523808
753,411,0.3,0.05,6,weighted,0.15,False,0.15,B_weak_signal,81,0.5864197530864197,0.5,0.3209806059292618,0.3333333333333333,1.0,0.0,1.0,0.97119341563786,1.0,0.15983959723733415,1.0,1.0,0.0,1.0,0.5905349794238683,0.5,0.32414351107963635,0.3333333333333333,1.0,0.0,1.0,0.345679012345679
753,411,0.3,0.05,6,weighted,0.15,False,0.15,C_deep,92,0.4664855072463768,0.3333333333333333,0.29984219053694133,0.25,0.5,0.0,1.0,0.9565217391304348,1.0,0.20504855915155534,1.0,1.0,0.0,1.0,0.4664855072463768,0.3333333333333333,0.29984219053694133,0.25,0.5,0.0,1.0,0.1956521739130435
754,659,0.3,0.05,8,weighted,0.15,False,0.1,A_default,84,0.5486111111111113,0.5,0.2816951024515744,0.3333333333333333,0.6875,0.0,1.0,0.9722222222222223,1.0,0.15701647125232981,1.0,1.0,0.0,1.0,0.5525793650793651,0.5,0.28569760142845946,0.3333333333333333,0.8125,0.0,1.0,0.23809523809523808
754,659,0.3,0.05,8,weighted,0.15,False,0.1,B_weak_signal,81,0.5864197530864197,0.5,0.3209806059292618,0.3333333333333333,1.0,0.0,1.0,0.97119341563786,1.0,0.15983959723733415,1.0,1.0,0.0,1.0,0.5905349794238683,0.5,0.32414351107963635,0.3333333333333333,1.0,0.0,1.0,0.345679012345679
754,659,0.3,0.05,8,weighted,0.15,False,0.1,C_deep,92,0.4664855072463768,0.3333333333333333,0.29984219053694133,0.25,0.5,0.0,1.0,0.9565217391304348,1.0,0.20504855915155534,1.0,1.0,0.0,1.0,0.4664855072463768,0.3333333333333333,0.29984219053694133,0.25,0.5,0.0,1.0,0.1956521739130435
755,568,0.3,0.05,8,weighted,0.15,False,0.05,A_default,84,0.5486111111111113,0.5,0.2816951024515744,0.3333333333333333,0.6875,0.0,1.0,0.9722222222222223,1.0,0.15701647125232981,1.0,1.0,0.0,1.0,0.5525793650793651,0.5,0.28569760142845946,0.3333333333333333,0.8125,0.0,1.0,0.23809523809523808
755,568,0.3,0.05,8,weighted,0.15,False,0.05,B_weak_signal,81,0.5864197530864197,0.5,0.3209806059292618,0.3333333333333333,1.0,0.0,1.0,0.97119341563786,1.0,0.15983959723733415,1.0,1.0,0.0,1.0,0.5905349794238683,0.5,0.32414351107963635,0.3333333333333333,1.0,0.0,1.0,0.345679012345679
755,568,0.3,0.05,8,weighted,0.15,False,0.05,C_deep,92,0.4664855072463768,0.3333333333333333,0.29984219053694133,0.25,0.5,0.0,1.0,0.9565217391304348,1.0,0.20504855915155534,1.0,1.0,0.0,1.0,0.4664855072463768,0.3333333333333333,0.29984219053694133,0.25,0.5,0.0,1.0,0.1956521739130435
756,457,0.3,0.05,4,weighted,0.15,False,0.1,A_default,84,0.5486111111111113,0.5,0.2816951024515744,0.3333333333333333,0.6875,0.0,1.0,0.9722222222222223,1.0,0.15701647125232981,1.0,1.0,0.0,1.0,0.5525793650793651,0.5,0.28569760142845946,0.3333333333333333,0.8125,0.0,1.0,0.23809523809523808
756,457,0.3,0.05,4,weighted,0.15,False,0.1,B_weak_signal,81,0.5864197530864197,0.5,0.3209806059292618,0.3333333333333333,1.0,0.0,1.0,0.97119341563786,1.0,0.15983959723733415,1.0,1.0,0.0,1.0,0.5905349794238683,0.5,0.32414351107963635,0.3333333333333333,1.0,0.0,1.0,0.345679012345679
756,457,0.3,0.05,4,weighted,0.15,False,0.1,C_deep,92,0.4664855072463768,0.3333333333333333,0.29984219053694133,0.25,0.5,0.0,1.0,0.9565217391304348,1.0,0.20504855915155534,1.0,1.0,0.0,1.0,0.4664855072463768,0.3333333333333333,0.29984219053694133,0.25,0.5,0.0,1.0,0.1956521739130435
757,678,0.3,0.05,6,harmonic,0.2,False,0.05,A_default,84,0.6021825396825397,0.5,0.3172187088582531,0.3333333333333333,1.0,0.0,1.0,0.9325396825396824,1.0,0.24148005205716525,1.0,1.0,0.0,1.0,0.6101190476190477,0.5,0.3229198475774707,0.3333333333333333,1.0,0.0,1.0,0.32142857142857145
757,678,0.3,0.05,6,harmonic,0.2,False,0.05,B_weak_signal,81,0.5534979423868313,0.5,0.38915610308095855,0.3333333333333333,1.0,0.0,1.0,0.7983539094650205,1.0,0.4002742544031496,1.0,1.0,0.0,1.0,0.5576131687242798,0.5,0.39211897095138426,0.3333333333333333,1.0,0.0,1.0,0.37037037037037035
757,678,0.3,0.05,6,harmonic,0.2,False,0.05,C_deep,92,0.4447463768115942,0.3333333333333333,0.33839498840799404,0.25,0.75,0.0,1.0,0.8369565217391305,1.0,0.37142949024106275,1.0,1.0,0.0,1.0,0.4447463768115942,0.3333333333333333,0.33839498840799404,0.25,0.75,0.0,1.0,0.20652173913043478
758,478,0.3,0.05,6,harmonic,0.2,False,0.15,A_default,84,0.6021825396825397,0.5,0.3172187088582531,0.3333333333333333,1.0,0.0,1.0,0.9325396825396824,1.0,0.24148005205716525,1.0,1.0,0.0,1.0,0.6101190476190477,0.5,0.3229198475774707,0.3333333333333333,1.0,0.0,1.0,0.32142857142857145
758,478,0.3,0.05,6,harmonic,0.2,False,0.15,B_weak_signal,81,0.5534979423868313,0.5,0.38915610308095855,0.3333333333333333,1.0,0.0,1.0,0.7983539094650205,1.0,0.4002742544031496,1.0,1.0,0.0,1.0,0.5576131687242798,0.5,0.39211897095138426,0.3333333333333333,1.0,0.0,1.0,0.37037037037037035
758,478,0.3,0.05,6,harmonic,0.2,False,0.15,C_deep,92,0.4447463768115942,0.3333333333333333,0.33839498840799404,0.25,0.75,0.0,1.0,0.8369565217391305,1.0,0.37142949024106275,1.0,1.0,0.0,1.0,0.4447463768115942,0.3333333333333333,0.33839498840799404,0.25,0.75,0.0,1.0,0.20652173913043478
759,183,0.2,0.05,4,weighted,0.15,False,0.1,A_default,84,0.5486111111111113,0.5,0.2816951024515744,0.3333333333333333,0.6875,0.0,1.0,0.9722222222222223,1.0,0.15701647125232981,1.0,1.0,0.0,1.0,0.5525793650793651,0.5,0.28569760142845946,0.3333333333333333,0.8125,0.0,1.0,0.23809523809523808
759,183,0.2,0.05,4,weighted,0.15,False,0.1,B_weak_signal,84,0.5833333333333334,0.5,0.32494464568245685,0.3333333333333333,1.0,0.0,1.0,0.9603174603174602,1.0,0.18944548056487792,1.0,1.0,0.0,1.0,0.5873015873015873,0.5,0.327995606865834,0.3333333333333333,1.0,0.0,1.0,0.34523809523809523
759,183,0.2,0.05,4,weighted,0.15,False,0.1,C_deep,92,0.4664855072463768,0.3333333333333333,0.29984219053694133,0.25,0.5,0.0,1.0,0.9565217391304348,1.0,0.20504855915155534,1.0,1.0,0.0,1.0,0.4664855072463768,0.3333333333333333,0.29984219053694133,0.25,0.5,0.0,1.0,0.1956521739130435
760,798,0.2,0.05,4,harmonic,0.2,False,0.05,A_default,84,0.6021825396825397,0.5,0.3172187088582531,0.3333333333333333,1.0,0.0,1.0,0.9325396825396824,1.0,0.24148005205716525,1.0,1.0,0.0,1.0,0.6101190476190477,0.5,0.3229198475774707,0.3333333333333333,1.0,0.0,1.0,0.32142857142857145
760,798,0.2,0.05,4,harmonic,0.2,False,0.05,B_weak_signal,84,0.5456349206349207,0.5,0.3945760018073445,0.25,1.0,0.0,1.0,0.7817460317460316,1.0,0.4123074703639652,1.0,1.0,0.0,1.0,0.5496031746031746,0.5,0.39747341428506683,0.25,1.0,0.0,1.0,0.36904761904761907
760,798,0.2,0.05,4,harmonic,0.2,False,0.05,C_deep,92,0.4447463768115942,0.3333333333333333,0.33839498840799404,0.25,0.75,0.0,1.0,0.8369565217391305,1.0,0.37142949024106275,1.0,1.0,0.0,1.0,0.4447463768115942,0.3333333333333333,0.33839498840799404,0.25,0.75,0.0,1.0,0.20652173913043478
761,563,0.2,0.05,6,harmonic,0.2,False,0.15,A_default,84,0.6021825396825397,0.5,0.3172187088582531,0.3333333333333333,1.0,0.0,1.0,0.9325396825396824,1.0,0.24148005205716525,1.0,1.0,0.0,1.0,0.6101190476190477,0.5,0.3229198475774707,0.3333333333333333,1.0,0.0,1.0,0.32142857142857145
761,563,0.2,0.05,6,harmonic,0.2,False,0.15,B_weak_signal,84,0.5456349206349207,0.5,0.3945760018073445,0.25,1.0,0.0,1.0,0.7817460317460316,1.0,0.4123074703639652,1.0,1.0,0.0,1.0,0.5496031746031746,0.5,0.39747341428506683,0.25,1.0,0.0,1.0,0.36904761904761907
761,563,0.2,0.05,6,harmonic,0.2,False,0.15,C_deep,92,0.4447463768115942,0.3333333333333333,0.33839498840799404,0.25,0.75,0.0,1.0,0.8369565217391305,1.0,0.37142949024106275,1.0,1.0,0.0,1.0,0.4447463768115942,0.3333333333333333,0.33839498840799404,0.25,0.75,0.0,1.0,0.20652173913043478
762,772,0.2,0.05,4,harmonic,0.2,False,0.1,A_default,84,0.6021825396825397,0.5,0.3172187088582531,0.3333333333333333,1.0,0.0,1.0,0.9325396825396824,1.0,0.24148005205716525,1.0,1.0,0.0,1.0,0.6101190476190477,0.5,0.3229198475774707,0.3333333333333333,1.0,0.0,1.0,0.32142857142857145
762,772,0.2,0.05,4,harmonic,0.2,False,0.1,B_weak_signal,84,0.5456349206349207,0.5,0.3945760018073445,0.25,1.0,0.0,1.0,0.7817460317460316,1.0,0.4123074703639652,1.0,1.0,0.0,1.0,0.5496031746031746,0.5,0.39747341428506683,0.25,1.0,0.0,1.0,0.36904761904761907
762,772,0.2,0.05,4,harmonic,0.2,False,0.1,C_deep,92,0.4447463768115942,0.3333333333333333,0.33839498840799404,0.25,0.75,0.0,1.0,0.8369565217391305,1.0,0.37142949024106275,1.0,1.0,0.0,1.0,0.4447463768115942,0.3333333333333333,0.33839498840799404,0.25,0.75,0.0,1.0,0.20652173913043478
763,623,0.4,0.02,8,harmonic,0.2,False,0.15,A_default,79,0.6044303797468354,0.5,0.31899402128871507,0.3333333333333333,1.0,0.0,1.0,0.940928270042194,1.0,0.22493743144528566,1.0,1.0,0.0,1.0,0.6128691983122363,0.5,0.32495835112367644,0.3333333333333333,1.0,0.0,1.0,0.34177215189873417
763,623,0.4,0.02,8,harmonic,0.2,False,0.15,B_weak_signal,58,0.4640804597701149,0.3333333333333333,0.3518650077317461,0.25,0.75,0.0,1.0,0.7873563218390804,1.0,0.40800124155139716,1.0,1.0,0.0,1.0,0.46982758620689646,0.3333333333333333,0.3579023914403895,0.25,0.75,0.0,1.0,0.22413793103448276
763,623,0.4,0.02,8,harmonic,0.2,False,0.15,C_deep,86,0.435077519379845,0.3333333333333333,0.32699892136464837,0.25,0.5,0.0,1.0,0.8488372093023255,1.0,0.3603084254117692,1.0,1.0,0.0,1.0,0.435077519379845,0.3333333333333333,0.32699892136464837,0.25,0.5,0.0,1.0,0.18604651162790697
764,533,0.4,0.03,8,harmonic,0.2,False,0.1,A_default,79,0.6044303797468354,0.5,0.31899402128871507,0.3333333333333333,1.0,0.0,1.0,0.940928270042194,1.0,0.22493743144528566,1.0,1.0,0.0,1.0,0.6128691983122363,0.5,0.32495835112367644,0.3333333333333333,1.0,0.0,1.0,0.34177215189873417
764,533,0.4,0.03,8,harmonic,0.2,False,0.1,B_weak_signal,58,0.4640804597701149,0.3333333333333333,0.3518650077317461,0.25,0.75,0.0,1.0,0.7873563218390804,1.0,0.40800124155139716,1.0,1.0,0.0,1.0,0.46982758620689646,0.3333333333333333,0.3579023914403895,0.25,0.75,0.0,1.0,0.22413793103448276
764,533,0.4,0.03,8,harmonic,0.2,False,0.1,C_deep,86,0.435077519379845,0.3333333333333333,0.32699892136464837,0.25,0.5,0.0,1.0,0.8488372093023255,1.0,0.3603084254117692,1.0,1.0,0.0,1.0,0.435077519379845,0.3333333333333333,0.32699892136464837,0.25,0.5,0.0,1.0,0.18604651162790697
765,775,0.4,0.03,4,harmonic,0.2,False,0.15,A_default,79,0.6044303797468354,0.5,0.31899402128871507,0.3333333333333333,1.0,0.0,1.0,0.940928270042194,1.0,0.22493743144528566,1.0,1.0,0.0,1.0,0.6128691983122363,0.5,0.32495835112367644,0.3333333333333333,1.0,0.0,1.0,0.34177215189873417
765,775,0.4,0.03,4,harmonic,0.2,False,0.15,B_weak_signal,58,0.4640804597701149,0.3333333333333333,0.3518650077317461,0.25,0.75,0.0,1.0,0.7873563218390804,1.0,0.40800124155139716,1.0,1.0,0.0,1.0,0.46982758620689646,0.3333333333333333,0.3579023914403895,0.25,0.75,0.0,1.0,0.22413793103448276
765,775,0.4,0.03,4,harmonic,0.2,False,0.15,C_deep,86,0.435077519379845,0.3333333333333333,0.32699892136464837,0.25,0.5,0.0,1.0,0.8488372093023255,1.0,0.3603084254117692,1.0,1.0,0.0,1.0,0.435077519379845,0.3333333333333333,0.32699892136464837,0.25,0.5,0.0,1.0,0.18604651162790697
766,652,0.4,0.03,6,harmonic,0.2,False,0.15,A_default,79,0.6044303797468354,0.5,0.31899402128871507,0.3333333333333333,1.0,0.0,1.0,0.940928270042194,1.0,0.22493743144528566,1.0,1.0,0.0,1.0,0.6128691983122363,0.5,0.32495835112367644,0.3333333333333333,1.0,0.0,1.0,0.34177215189873417
766,652,0.4,0.03,6,harmonic,0.2,False,0.15,B_weak_signal,58,0.4640804597701149,0.3333333333333333,0.3518650077317461,0.25,0.75,0.0,1.0,0.7873563218390804,1.0,0.40800124155139716,1.0,1.0,0.0,1.0,0.46982758620689646,0.3333333333333333,0.3579023914403895,0.25,0.75,0.0,1.0,0.22413793103448276
766,652,0.4,0.03,6,harmonic,0.2,False,0.15,C_deep,86,0.435077519379845,0.3333333333333333,0.32699892136464837,0.25,0.5,0.0,1.0,0.8488372093023255,1.0,0.3603084254117692,1.0,1.0,0.0,1.0,0.435077519379845,0.3333333333333333,0.32699892136464837,0.25,0.5,0.0,1.0,0.18604651162790697
767,292,0.4,0.03,8,harmonic,0.2,False,0.05,A_default,79,0.6044303797468354,0.5,0.31899402128871507,0.3333333333333333,1.0,0.0,1.0,0.940928270042194,1.0,0.22493743144528566,1.0,1.0,0.0,1.0,0.6128691983122363,0.5,0.32495835112367644,0.3333333333333333,1.0,0.0,1.0,0.34177215189873417
767,292,0.4,0.03,8,harmonic,0.2,False,0.05,B_weak_signal,58,0.4640804597701149,0.3333333333333333,0.3518650077317461,0.25,0.75,0.0,1.0,0.7873563218390804,1.0,0.40800124155139716,1.0,1.0,0.0,1.0,0.46982758620689646,0.3333333333333333,0.3579023914403895,0.25,0.75,0.0,1.0,0.22413793103448276
767,292,0.4,0.03,8,harmonic,0.2,False,0.05,C_deep,86,0.435077519379845,0.3333333333333333,0.32699892136464837,0.25,0.5,0.0,1.0,0.8488372093023255,1.0,0.3603084254117692,1.0,1.0,0.0,1.0,0.435077519379845,0.3333333333333333,0.32699892136464837,0.25,0.5,0.0,1.0,0.18604651162790697
768,221,0.4,0.03,6,harmonic,0.2,False,0.1,A_default,79,0.6044303797468354,0.5,0.31899402128871507,0.3333333333333333,1.0,0.0,1.0,0.940928270042194,1.0,0.22493743144528566,1.0,1.0,0.0,1.0,0.6128691983122363,0.5,0.32495835112367644,0.3333333333333333,1.0,0.0,1.0,0.34177215189873417
768,221,0.4,0.03,6,harmonic,0.2,False,0.1,B_weak_signal,58,0.4640804597701149,0.3333333333333333,0.3518650077317461,0.25,0.75,0.0,1.0,0.7873563218390804,1.0,0.40800124155139716,1.0,1.0,0.0,1.0,0.46982758620689646,0.3333333333333333,0.3579023914403895,0.25,0.75,0.0,1.0,0.22413793103448276
768,221,0.4,0.03,6,harmonic,0.2,False,0.1,C_deep,86,0.435077519379845,0.3333333333333333,0.32699892136464837,0.25,0.5,0.0,1.0,0.8488372093023255,1.0,0.3603084254117692,1.0,1.0,0.0,1.0,0.435077519379845,0.3333333333333333,0.32699892136464837,0.25,0.5,0.0,1.0,0.18604651162790697
769,459,0.4,0.02,6,harmonic,0.2,False,0.1,A_default,79,0.6044303797468354,0.5,0.31899402128871507,0.3333333333333333,1.0,0.0,1.0,0.940928270042194,1.0,0.22493743144528566,1.0,1.0,0.0,1.0,0.6128691983122363,0.5,0.32495835112367644,0.3333333333333333,1.0,0.0,1.0,0.34177215189873417
769,459,0.4,0.02,6,harmonic,0.2,False,0.1,B_weak_signal,58,0.4640804597701149,0.3333333333333333,0.3518650077317461,0.25,0.75,0.0,1.0,0.7873563218390804,1.0,0.40800124155139716,1.0,1.0,0.0,1.0,0.46982758620689646,0.3333333333333333,0.3579023914403895,0.25,0.75,0.0,1.0,0.22413793103448276
769,459,0.4,0.02,6,harmonic,0.2,False,0.1,C_deep,86,0.435077519379845,0.3333333333333333,0.32699892136464837,0.25,0.5,0.0,1.0,0.8488372093023255,1.0,0.3603084254117692,1.0,1.0,0.0,1.0,0.435077519379845,0.3333333333333333,0.32699892136464837,0.25,0.5,0.0,1.0,0.18604651162790697
770,186,0.3,0.05,6,weighted,0.2,False,0.05,A_default,84,0.5287698412698413,0.5,0.27909481710986983,0.3333333333333333,0.5,0.0,1.0,0.9761904761904762,1.0,0.15337099490085782,1.0,1.0,0.0,1.0,0.5287698412698413,0.5,0.27909481710986983,0.3333333333333333,0.5,0.0,1.0,0.2261904761904762
770,186,0.3,0.05,6,weighted,0.2,False,0.05,B_weak_signal,81,0.5442386831275721,0.5,0.35160505477092674,0.3333333333333333,1.0,0.0,1.0,0.8888888888888888,1.0,0.316227766016838,1.0,1.0,0.0,1.0,0.5442386831275721,0.5,0.35160505477092674,0.3333333333333333,1.0,0.0,1.0,0.3333333333333333
770,186,0.3,0.05,6,weighted,0.2,False,0.05,C_deep,92,0.42572463768115937,0.3333333333333333,0.30723284496039144,0.25,0.5,0.0,1.0,0.9021739130434783,1.0,0.29870720011393215,1.0,1.0,0.0,1.0,0.42572463768115937,0.3333333333333333,0.30723284496039144,0.25,0.5,0.0,1.0,0.18478260869565216
771,118,0.3,0.03,6,weighted,0.2,False,0.05,A_default,84,0.5287698412698413,0.5,0.27909481710986983,0.3333333333333333,0.5,0.0,1.0,0.9761904761904762,1.0,0.15337099490085782,1.0,1.0,0.0,1.0,0.5287698412698413,0.5,0.27909481710986983,0.3333333333333333,0.5,0.0,1.0,0.2261904761904762
771,118,0.3,0.03,6,weighted,0.2,False,0.05,B_weak_signal,81,0.5442386831275721,0.5,0.35160505477092674,0.3333333333333333,1.0,0.0,1.0,0.8888888888888888,1.0,0.316227766016838,1.0,1.0,0.0,1.0,0.5442386831275721,0.5,0.35160505477092674,0.3333333333333333,1.0,0.0,1.0,0.3333333333333333
771,118,0.3,0.03,6,weighted,0.2,False,0.05,C_deep,92,0.42572463768115937,0.3333333333333333,0.30723284496039144,0.25,0.5,0.0,1.0,0.9021739130434783,1.0,0.29870720011393215,1.0,1.0,0.0,1.0,0.42572463768115937,0.3333333333333333,0.30723284496039144,0.25,0.5,0.0,1.0,0.18478260869565216
772,84,0.3,0.02,8,weighted,0.2,False,0.05,A_default,84,0.5287698412698413,0.5,0.27909481710986983,0.3333333333333333,0.5,0.0,1.0,0.9761904761904762,1.0,0.15337099490085782,1.0,1.0,0.0,1.0,0.5287698412698413,0.5,0.27909481710986983,0.3333333333333333,0.5,0.0,1.0,0.2261904761904762
772,84,0.3,0.02,8,weighted,0.2,False,0.05,B_weak_signal,81,0.5442386831275721,0.5,0.35160505477092674,0.3333333333333333,1.0,0.0,1.0,0.8888888888888888,1.0,0.316227766016838,1.0,1.0,0.0,1.0,0.5442386831275721,0.5,0.35160505477092674,0.3333333333333333,1.0,0.0,1.0,0.3333333333333333
772,84,0.3,0.02,8,weighted,0.2,False,0.05,C_deep,92,0.42572463768115937,0.3333333333333333,0.30723284496039144,0.25,0.5,0.0,1.0,0.9021739130434783,1.0,0.29870720011393215,1.0,1.0,0.0,1.0,0.42572463768115937,0.3333333333333333,0.30723284496039144,0.25,0.5,0.0,1.0,0.18478260869565216
773,3,0.3,0.03,8,weighted,0.2,False,0.05,A_default,84,0.5287698412698413,0.5,0.27909481710986983,0.3333333333333333,0.5,0.0,1.0,0.9761904761904762,1.0,0.15337099490085782,1.0,1.0,0.0,1.0,0.5287698412698413,0.5,0.27909481710986983,0.3333333333333333,0.5,0.0,1.0,0.2261904761904762
773,3,0.3,0.03,8,weighted,0.2,False,0.05,B_weak_signal,81,0.5442386831275721,0.5,0.35160505477092674,0.3333333333333333,1.0,0.0,1.0,0.8888888888888888,1.0,0.316227766016838,1.0,1.0,0.0,1.0,0.5442386831275721,0.5,0.35160505477092674,0.3333333333333333,1.0,0.0,1.0,0.3333333333333333
773,3,0.3,0.03,8,weighted,0.2,False,0.05,C_deep,92,0.42572463768115937,0.3333333333333333,0.30723284496039144,0.25,0.5,0.0,1.0,0.9021739130434783,1.0,0.29870720011393215,1.0,1.0,0.0,1.0,0.42572463768115937,0.3333333333333333,0.30723284496039144,0.25,0.5,0.0,1.0,0.18478260869565216
774,716,0.3,0.03,4,weighted,0.2,False,0.1,A_default,84,0.5287698412698413,0.5,0.27909481710986983,0.3333333333333333,0.5,0.0,1.0,0.9761904761904762,1.0,0.15337099490085782,1.0,1.0,0.0,1.0,0.5287698412698413,0.5,0.27909481710986983,0.3333333333333333,0.5,0.0,1.0,0.2261904761904762
774,716,0.3,0.03,4,weighted,0.2,False,0.1,B_weak_signal,81,0.5442386831275721,0.5,0.35160505477092674,0.3333333333333333,1.0,0.0,1.0,0.8888888888888888,1.0,0.316227766016838,1.0,1.0,0.0,1.0,0.5442386831275721,0.5,0.35160505477092674,0.3333333333333333,1.0,0.0,1.0,0.3333333333333333
774,716,0.3,0.03,4,weighted,0.2,False,0.1,C_deep,92,0.42572463768115937,0.3333333333333333,0.30723284496039144,0.25,0.5,0.0,1.0,0.9021739130434783,1.0,0.29870720011393215,1.0,1.0,0.0,1.0,0.42572463768115937,0.3333333333333333,0.30723284496039144,0.25,0.5,0.0,1.0,0.18478260869565216
775,59,0.3,0.02,8,weighted,0.2,False,0.15,A_default,84,0.5287698412698413,0.5,0.27909481710986983,0.3333333333333333,0.5,0.0,1.0,0.9761904761904762,1.0,0.15337099490085782,1.0,1.0,0.0,1.0,0.5287698412698413,0.5,0.27909481710986983,0.3333333333333333,0.5,0.0,1.0,0.2261904761904762
775,59,0.3,0.02,8,weighted,0.2,False,0.15,B_weak_signal,81,0.5442386831275721,0.5,0.35160505477092674,0.3333333333333333,1.0,0.0,1.0,0.8888888888888888,1.0,0.316227766016838,1.0,1.0,0.0,1.0,0.5442386831275721,0.5,0.35160505477092674,0.3333333333333333,1.0,0.0,1.0,0.3333333333333333
775,59,0.3,0.02,8,weighted,0.2,False,0.15,C_deep,92,0.42572463768115937,0.3333333333333333,0.30723284496039144,0.25,0.5,0.0,1.0,0.9021739130434783,1.0,0.29870720011393215,1.0,1.0,0.0,1.0,0.42572463768115937,0.3333333333333333,0.30723284496039144,0.25,0.5,0.0,1.0,0.18478260869565216
776,10,0.3,0.02,6,weighted,0.2,False,0.05,A_default,84,0.5287698412698413,0.5,0.27909481710986983,0.3333333333333333,0.5,0.0,1.0,0.9761904761904762,1.0,0.15337099490085782,1.0,1.0,0.0,1.0,0.5287698412698413,0.5,0.27909481710986983,0.3333333333333333,0.5,0.0,1.0,0.2261904761904762
776,10,0.3,0.02,6,weighted,0.2,False,0.05,B_weak_signal,81,0.5442386831275721,0.5,0.35160505477092674,0.3333333333333333,1.0,0.0,1.0,0.8888888888888888,1.0,0.316227766016838,1.0,1.0,0.0,1.0,0.5442386831275721,0.5,0.35160505477092674,0.3333333333333333,1.0,0.0,1.0,0.3333333333333333
776,10,0.3,0.02,6,weighted,0.2,False,0.05,C_deep,92,0.42572463768115937,0.3333333333333333,0.30723284496039144,0.25,0.5,0.0,1.0,0.9021739130434783,1.0,0.29870720011393215,1.0,1.0,0.0,1.0,0.42572463768115937,0.3333333333333333,0.30723284496039144,0.25,0.5,0.0,1.0,0.18478260869565216
777,240,0.3,0.05,8,weighted,0.2,False,0.1,A_default,84,0.5287698412698413,0.5,0.27909481710986983,0.3333333333333333,0.5,0.0,1.0,0.9761904761904762,1.0,0.15337099490085782,1.0,1.0,0.0,1.0,0.5287698412698413,0.5,0.27909481710986983,0.3333333333333333,0.5,0.0,1.0,0.2261904761904762
777,240,0.3,0.05,8,weighted,0.2,False,0.1,B_weak_signal,81,0.5442386831275721,0.5,0.35160505477092674,0.3333333333333333,1.0,0.0,1.0,0.8888888888888888,1.0,0.316227766016838,1.0,1.0,0.0,1.0,0.5442386831275721,0.5,0.35160505477092674,0.3333333333333333,1.0,0.0,1.0,0.3333333333333333
777,240,0.3,0.05,8,weighted,0.2,False,0.1,C_deep,92,0.42572463768115937,0.3333333333333333,0.30723284496039144,0.25,0.5,0.0,1.0,0.9021739130434783,1.0,0.29870720011393215,1.0,1.0,0.0,1.0,0.42572463768115937,0.3333333333333333,0.30723284496039144,0.25,0.5,0.0,1.0,0.18478260869565216
778,736,0.3,0.05,8,weighted,0.2,False,0.05,A_default,84,0.5287698412698413,0.5,0.27909481710986983,0.3333333333333333,0.5,0.0,1.0,0.9761904761904762,1.0,0.15337099490085782,1.0,1.0,0.0,1.0,0.5287698412698413,0.5,0.27909481710986983,0.3333333333333333,0.5,0.0,1.0,0.2261904761904762
778,736,0.3,0.05,8,weighted,0.2,False,0.05,B_weak_signal,81,0.5442386831275721,0.5,0.35160505477092674,0.3333333333333333,1.0,0.0,1.0,0.8888888888888888,1.0,0.316227766016838,1.0,1.0,0.0,1.0,0.5442386831275721,0.5,0.35160505477092674,0.3333333333333333,1.0,0.0,1.0,0.3333333333333333
778,736,0.3,0.05,8,weighted,0.2,False,0.05,C_deep,92,0.42572463768115937,0.3333333333333333,0.30723284496039144,0.25,0.5,0.0,1.0,0.9021739130434783,1.0,0.29870720011393215,1.0,1.0,0.0,1.0,0.42572463768115937,0.3333333333333333,0.30723284496039144,0.25,0.5,0.0,1.0,0.18478260869565216
779,101,0.2,0.05,4,weighted,0.2,False,0.15,A_default,84,0.5287698412698413,0.5,0.27909481710986983,0.3333333333333333,0.5,0.0,1.0,0.9761904761904762,1.0,0.15337099490085782,1.0,1.0,0.0,1.0,0.5287698412698413,0.5,0.27909481710986983,0.3333333333333333,0.5,0.0,1.0,0.2261904761904762
779,101,0.2,0.05,4,weighted,0.2,False,0.15,B_weak_signal,84,0.5367063492063492,0.5,0.35880378906708027,0.3333333333333333,1.0,0.0,1.0,0.8690476190476191,1.0,0.3393744033614102,1.0,1.0,0.0,1.0,0.5367063492063492,0.5,0.35880378906708027,0.3333333333333333,1.0,0.0,1.0,0.3333333333333333
779,101,0.2,0.05,4,weighted,0.2,False,0.15,C_deep,92,0.42572463768115937,0.3333333333333333,0.30723284496039144,0.25,0.5,0.0,1.0,0.9021739130434783,1.0,0.29870720011393215,1.0,1.0,0.0,1.0,0.42572463768115937,0.3333333333333333,0.30723284496039144,0.25,0.5,0.0,1.0,0.18478260869565216
780,107,0.2,0.02,8,weighted,0.2,False,0.05,A_default,84,0.5287698412698413,0.5,0.27909481710986983,0.3333333333333333,0.5,0.0,1.0,0.9761904761904762,1.0,0.15337099490085782,1.0,1.0,0.0,1.0,0.5287698412698413,0.5,0.27909481710986983,0.3333333333333333,0.5,0.0,1.0,0.2261904761904762
780,107,0.2,0.02,8,weighted,0.2,False,0.05,B_weak_signal,84,0.5367063492063492,0.5,0.35880378906708027,0.3333333333333333,1.0,0.0,1.0,0.8690476190476191,1.0,0.3393744033614102,1.0,1.0,0.0,1.0,0.5367063492063492,0.5,0.35880378906708027,0.3333333333333333,1.0,0.0,1.0,0.3333333333333333
780,107,0.2,0.02,8,weighted,0.2,False,0.05,C_deep,92,0.42572463768115937,0.3333333333333333,0.30723284496039144,0.25,0.5,0.0,1.0,0.9021739130434783,1.0,0.29870720011393215,1.0,1.0,0.0,1.0,0.42572463768115937,0.3333333333333333,0.30723284496039144,0.25,0.5,0.0,1.0,0.18478260869565216
781,28,0.2,0.03,4,weighted,0.2,False,0.15,A_default,84,0.5287698412698413,0.5,0.27909481710986983,0.3333333333333333,0.5,0.0,1.0,0.9761904761904762,1.0,0.15337099490085782,1.0,1.0,0.0,1.0,0.5287698412698413,0.5,0.27909481710986983,0.3333333333333333,0.5,0.0,1.0,0.2261904761904762
781,28,0.2,0.03,4,weighted,0.2,False,0.15,B_weak_signal,84,0.5367063492063492,0.5,0.35880378906708027,0.3333333333333333,1.0,0.0,1.0,0.8690476190476191,1.0,0.3393744033614102,1.0,1.0,0.0,1.0,0.5367063492063492,0.5,0.35880378906708027,0.3333333333333333,1.0,0.0,1.0,0.3333333333333333
781,28,0.2,0.03,4,weighted,0.2,False,0.15,C_deep,92,0.42572463768115937,0.3333333333333333,0.30723284496039144,0.25,0.5,0.0,1.0,0.9021739130434783,1.0,0.29870720011393215,1.0,1.0,0.0,1.0,0.42572463768115937,0.3333333333333333,0.30723284496039144,0.25,0.5,0.0,1.0,0.18478260869565216
782,484,0.2,0.05,6,weighted,0.2,False,0.15,A_default,84,0.5287698412698413,0.5,0.27909481710986983,0.3333333333333333,0.5,0.0,1.0,0.9761904761904762,1.0,0.15337099490085782,1.0,1.0,0.0,1.0,0.5287698412698413,0.5,0.27909481710986983,0.3333333333333333,0.5,0.0,1.0,0.2261904761904762
782,484,0.2,0.05,6,weighted,0.2,False,0.15,B_weak_signal,84,0.5367063492063492,0.5,0.35880378906708027,0.3333333333333333,1.0,0.0,1.0,0.8690476190476191,1.0,0.3393744033614102,1.0,1.0,0.0,1.0,0.5367063492063492,0.5,0.35880378906708027,0.3333333333333333,1.0,0.0,1.0,0.3333333333333333
782,484,0.2,0.05,6,weighted,0.2,False,0.15,C_deep,92,0.42572463768115937,0.3333333333333333,0.30723284496039144,0.25,0.5,0.0,1.0,0.9021739130434783,1.0,0.29870720011393215,1.0,1.0,0.0,1.0,0.42572463768115937,0.3333333333333333,0.30723284496039144,0.25,0.5,0.0,1.0,0.18478260869565216
783,645,0.2,0.02,6,weighted,0.2,False,0.1,A_default,84,0.5287698412698413,0.5,0.27909481710986983,0.3333333333333333,0.5,0.0,1.0,0.9761904761904762,1.0,0.15337099490085782,1.0,1.0,0.0,1.0,0.5287698412698413,0.5,0.27909481710986983,0.3333333333333333,0.5,0.0,1.0,0.2261904761904762
783,645,0.2,0.02,6,weighted,0.2,False,0.1,B_weak_signal,84,0.5367063492063492,0.5,0.35880378906708027,0.3333333333333333,1.0,0.0,1.0,0.8690476190476191,1.0,0.3393744033614102,1.0,1.0,0.0,1.0,0.5367063492063492,0.5,0.35880378906708027,0.3333333333333333,1.0,0.0,1.0,0.3333333333333333
783,645,0.2,0.02,6,weighted,0.2,False,0.1,C_deep,92,0.42572463768115937,0.3333333333333333,0.30723284496039144,0.25,0.5,0.0,1.0,0.9021739130434783,1.0,0.29870720011393215,1.0,1.0,0.0,1.0,0.42572463768115937,0.3333333333333333,0.30723284496039144,0.25,0.5,0.0,1.0,0.18478260869565216
784,693,0.4,0.03,4,weighted,0.15,False,0.1,A_default,79,0.5369198312236287,0.5,0.2691215911303044,0.3333333333333333,0.5,0.0,1.0,0.9831223628691984,1.0,0.11813766388156546,1.0,1.0,0.0,1.0,0.5411392405063291,0.5,0.2737550874137063,0.3333333333333333,0.5,0.0,1.0,0.21518987341772153
784,693,0.4,0.03,4,weighted,0.15,False,0.1,B_weak_signal,58,0.48275862068965514,0.3333333333333333,0.2592154439204482,0.3333333333333333,0.5,0.25,1.0,0.9942528735632183,1.0,0.04376881095324088,1.0,1.0,0.6666666666666666,1.0,0.48850574712643674,0.3333333333333333,0.26694442582139133,0.3333333333333333,0.5,0.25,1.0,0.1724137931034483
784,693,0.4,0.03,4,weighted,0.15,False,0.1,C_deep,86,0.4554263565891473,0.3333333333333333,0.2802594719844931,0.25,0.5,0.0,1.0,0.9767441860465116,1.0,0.1515988659003453,1.0,1.0,0.0,1.0,0.4554263565891473,0.3333333333333333,0.2802594719844931,0.25,0.5,0.0,1.0,0.16279069767441862
785,355,0.4,0.03,6,weighted,0.15,False,0.1,A_default,79,0.5369198312236287,0.5,0.2691215911303044,0.3333333333333333,0.5,0.0,1.0,0.9831223628691984,1.0,0.11813766388156546,1.0,1.0,0.0,1.0,0.5411392405063291,0.5,0.2737550874137063,0.3333333333333333,0.5,0.0,1.0,0.21518987341772153
785,355,0.4,0.03,6,weighted,0.15,False,0.1,B_weak_signal,58,0.48275862068965514,0.3333333333333333,0.2592154439204482,0.3333333333333333,0.5,0.25,1.0,0.9942528735632183,1.0,0.04376881095324088,1.0,1.0,0.6666666666666666,1.0,0.48850574712643674,0.3333333333333333,0.26694442582139133,0.3333333333333333,0.5,0.25,1.0,0.1724137931034483
785,355,0.4,0.03,6,weighted,0.15,False,0.1,C_deep,86,0.4554263565891473,0.3333333333333333,0.2802594719844931,0.25,0.5,0.0,1.0,0.9767441860465116,1.0,0.1515988659003453,1.0,1.0,0.0,1.0,0.4554263565891473,0.3333333333333333,0.2802594719844931,0.25,0.5,0.0,1.0,0.16279069767441862
786,664,0.4,0.02,6,weighted,0.15,False,0.15,A_default,79,0.5369198312236287,0.5,0.2691215911303044,0.3333333333333333,0.5,0.0,1.0,0.9831223628691984,1.0,0.11813766388156546,1.0,1.0,0.0,1.0,0.5411392405063291,0.5,0.2737550874137063,0.3333333333333333,0.5,0.0,1.0,0.21518987341772153
786,664,0.4,0.02,6,weighted,0.15,False,0.15,B_weak_signal,58,0.48275862068965514,0.3333333333333333,0.2592154439204482,0.3333333333333333,0.5,0.25,1.0,0.9942528735632183,1.0,0.04376881095324088,1.0,1.0,0.6666666666666666,1.0,0.48850574712643674,0.3333333333333333,0.26694442582139133,0.3333333333333333,0.5,0.25,1.0,0.1724137931034483
786,664,0.4,0.02,6,weighted,0.15,False,0.15,C_deep,86,0.4554263565891473,0.3333333333333333,0.2802594719844931,0.25,0.5,0.0,1.0,0.9767441860465116,1.0,0.1515988659003453,1.0,1.0,0.0,1.0,0.4554263565891473,0.3333333333333333,0.2802594719844931,0.25,0.5,0.0,1.0,0.16279069767441862
787,147,0.4,0.05,4,harmonic,0.2,False,0.15,A_default,79,0.589662447257384,0.5,0.30684619184870743,0.3333333333333333,1.0,0.0,1.0,0.940928270042194,1.0,0.22493743144528566,1.0,1.0,0.0,1.0,0.5981012658227848,0.5,0.3134450080788419,0.3333333333333333,1.0,0.0,1.0,0.2911392405063291
787,147,0.4,0.05,4,harmonic,0.2,False,0.15,B_weak_signal,58,0.4540229885057471,0.3333333333333333,0.3434759589185896,0.25,0.6666666666666666,0.0,1.0,0.7873563218390804,1.0,0.40800124155139716,1.0,1.0,0.0,1.0,0.4597701149425287,0.3333333333333333,0.3498263908435023,0.25,0.7291666666666666,0.0,1.0,0.20689655172413793
787,147,0.4,0.05,4,harmonic,0.2,False,0.15,C_deep,86,0.4292635658914729,0.3333333333333333,0.3212306406415866,0.25,0.5,0.0,1.0,0.8488372093023255,1.0,0.3603084254117692,1.0,1.0,0.0,1.0,0.4292635658914729,0.3333333333333333,0.3212306406415866,0.25,0.5,0.0,1.0,0.1744186046511628
788,536,0.4,0.05,6,harmonic,0.2,False,0.1,A_default,79,0.589662447257384,0.5,0.30684619184870743,0.3333333333333333,1.0,0.0,1.0,0.940928270042194,1.0,0.22493743144528566,1.0,1.0,0.0,1.0,0.5981012658227848,0.5,0.3134450080788419,0.3333333333333333,1.0,0.0,1.0,0.2911392405063291
788,536,0.4,0.05,6,harmonic,0.2,False,0.1,B_weak_signal,58,0.4540229885057471,0.3333333333333333,0.3434759589185896,0.25,0.6666666666666666,0.0,1.0,0.7873563218390804,1.0,0.40800124155139716,1.0,1.0,0.0,1.0,0.4597701149425287,0.3333333333333333,0.3498263908435023,0.25,0.7291666666666666,0.0,1.0,0.20689655172413793
788,536,0.4,0.05,6,harmonic,0.2,False,0.1,C_deep,86,0.4292635658914729,0.3333333333333333,0.3212306406415866,0.25,0.5,0.0,1.0,0.8488372093023255,1.0,0.3603084254117692,1.0,1.0,0.0,1.0,0.4292635658914729,0.3333333333333333,0.3212306406415866,0.25,0.5,0.0,1.0,0.1744186046511628
789,154,0.4,0.05,8,weighted,0.15,False,0.05,A_default,79,0.5327004219409283,0.5,0.2643387039631638,0.3333333333333333,0.5,0.0,1.0,0.9831223628691984,1.0,0.11813766388156546,1.0,1.0,0.0,1.0,0.5369198312236287,0.5,0.2691215911303044,0.3333333333333333,0.5,0.0,1.0,0.20253164556962025
789,154,0.4,0.05,8,weighted,0.15,False,0.05,B_weak_signal,58,0.48275862068965514,0.3333333333333333,0.2592154439204482,0.3333333333333333,0.5,0.25,1.0,0.9942528735632183,1.0,0.04376881095324088,1.0,1.0,0.6666666666666666,1.0,0.48850574712643674,0.3333333333333333,0.26694442582139133,0.3333333333333333,0.5,0.25,1.0,0.1724137931034483
789,154,0.4,0.05,8,weighted,0.15,False,0.05,C_deep,86,0.4525193798449613,0.3333333333333333,0.27845884738209087,0.25,0.5,0.0,1.0,0.9767441860465116,1.0,0.1515988659003453,1.0,1.0,0.0,1.0,0.4525193798449613,0.3333333333333333,0.27845884738209087,0.25,0.5,0.0,1.0,0.16279069767441862
790,66,0.4,0.02,6,weighted,0.2,False,0.15,A_default,79,0.5116033755274262,0.5,0.26003169911928875,0.3333333333333333,0.5,0.0,1.0,0.9873417721518988,1.0,0.11250879009260244,1.0,1.0,0.0,1.0,0.5116033755274262,0.5,0.26003169911928875,0.3333333333333333,0.5,0.0,1.0,0.189873417721519
790,66,0.4,0.02,6,weighted,0.2,False,0.15,B_weak_signal,58,0.42385057471264365,0.3333333333333333,0.2875267945640137,0.3333333333333333,0.5,0.0,1.0,0.8793103448275862,1.0,0.32861144371999373,1.0,1.0,0.0,1.0,0.42385057471264365,0.3333333333333333,0.2875267945640137,0.3333333333333333,0.5,0.0,1.0,0.15517241379310345
790,66,0.4,0.02,6,weighted,0.2,False,0.15,C_deep,86,0.4089147286821706,0.3333333333333333,0.2845785517574772,0.25,0.5,0.0,1.0,0.9186046511627907,1.0,0.2750450777629762,1.0,1.0,0.0,1.0,0.4089147286821706,0.3333333333333333,0.2845785517574772,0.25,0.5,0.0,1.0,0.1511627906976744
791,769,0.4,0.03,4,weighted,0.2,False,0.15,A_default,79,0.5116033755274262,0.5,0.26003169911928875,0.3333333333333333,0.5,0.0,1.0,0.9873417721518988,1.0,0.11250879009260244,1.0,1.0,0.0,1.0,0.5116033755274262,0.5,0.26003169911928875,0.3333333333333333,0.5,0.0,1.0,0.189873417721519
791,769,0.4,0.03,4,weighted,0.2,False,0.15,B_weak_signal,58,0.42385057471264365,0.3333333333333333,0.2875267945640137,0.3333333333333333,0.5,0.0,1.0,0.8793103448275862,1.0,0.32861144371999373,1.0,1.0,0.0,1.0,0.42385057471264365,0.3333333333333333,0.2875267945640137,0.3333333333333333,0.5,0.0,1.0,0.15517241379310345
791,769,0.4,0.03,4,weighted,0.2,False,0.15,C_deep,86,0.4089147286821706,0.3333333333333333,0.2845785517574772,0.25,0.5,0.0,1.0,0.9186046511627907,1.0,0.2750450777629762,1.0,1.0,0.0,1.0,0.4089147286821706,0.3333333333333333,0.2845785517574772,0.25,0.5,0.0,1.0,0.1511627906976744
792,589,0.4,0.03,6,weighted,0.2,False,0.05,A_default,79,0.5116033755274262,0.5,0.26003169911928875,0.3333333333333333,0.5,0.0,1.0,0.9873417721518988,1.0,0.11250879009260244,1.0,1.0,0.0,1.0,0.5116033755274262,0.5,0.26003169911928875,0.3333333333333333,0.5,0.0,1.0,0.189873417721519
792,589,0.4,0.03,6,weighted,0.2,False,0.05,B_weak_signal,58,0.42385057471264365,0.3333333333333333,0.2875267945640137,0.3333333333333333,0.5,0.0,1.0,0.8793103448275862,1.0,0.32861144371999373,1.0,1.0,0.0,1.0,0.42385057471264365,0.3333333333333333,0.2875267945640137,0.3333333333333333,0.5,0.0,1.0,0.15517241379310345
792,589,0.4,0.03,6,weighted,0.2,False,0.05,C_deep,86,0.4089147286821706,0.3333333333333333,0.2845785517574772,0.25,0.5,0.0,1.0,0.9186046511627907,1.0,0.2750450777629762,1.0,1.0,0.0,1.0,0.4089147286821706,0.3333333333333333,0.2845785517574772,0.25,0.5,0.0,1.0,0.1511627906976744
793,382,0.4,0.02,4,weighted,0.2,False,0.1,A_default,79,0.5116033755274262,0.5,0.26003169911928875,0.3333333333333333,0.5,0.0,1.0,0.9873417721518988,1.0,0.11250879009260244,1.0,1.0,0.0,1.0,0.5116033755274262,0.5,0.26003169911928875,0.3333333333333333,0.5,0.0,1.0,0.189873417721519
793,382,0.4,0.02,4,weighted,0.2,False,0.1,B_weak_signal,58,0.42385057471264365,0.3333333333333333,0.2875267945640137,0.3333333333333333,0.5,0.0,1.0,0.8793103448275862,1.0,0.32861144371999373,1.0,1.0,0.0,1.0,0.42385057471264365,0.3333333333333333,0.2875267945640137,0.3333333333333333,0.5,0.0,1.0,0.15517241379310345
793,382,0.4,0.02,4,weighted,0.2,False,0.1,C_deep,86,0.4089147286821706,0.3333333333333333,0.2845785517574772,0.25,0.5,0.0,1.0,0.9186046511627907,1.0,0.2750450777629762,1.0,1.0,0.0,1.0,0.4089147286821706,0.3333333333333333,0.2845785517574772,0.25,0.5,0.0,1.0,0.1511627906976744
794,375,0.4,0.03,6,weighted,0.2,False,0.15,A_default,79,0.5116033755274262,0.5,0.26003169911928875,0.3333333333333333,0.5,0.0,1.0,0.9873417721518988,1.0,0.11250879009260244,1.0,1.0,0.0,1.0,0.5116033755274262,0.5,0.26003169911928875,0.3333333333333333,0.5,0.0,1.0,0.189873417721519
794,375,0.4,0.03,6,weighted,0.2,False,0.15,B_weak_signal,58,0.42385057471264365,0.3333333333333333,0.2875267945640137,0.3333333333333333,0.5,0.0,1.0,0.8793103448275862,1.0,0.32861144371999373,1.0,1.0,0.0,1.0,0.42385057471264365,0.3333333333333333,0.2875267945640137,0.3333333333333333,0.5,0.0,1.0,0.15517241379310345
794,375,0.4,0.03,6,weighted,0.2,False,0.15,C_deep,86,0.4089147286821706,0.3333333333333333,0.2845785517574772,0.25,0.5,0.0,1.0,0.9186046511627907,1.0,0.2750450777629762,1.0,1.0,0.0,1.0,0.4089147286821706,0.3333333333333333,0.2845785517574772,0.25,0.5,0.0,1.0,0.1511627906976744
795,407,0.4,0.05,4,weighted,0.2,False,0.05,A_default,79,0.5116033755274262,0.5,0.26003169911928875,0.3333333333333333,0.5,0.0,1.0,0.9873417721518988,1.0,0.11250879009260244,1.0,1.0,0.0,1.0,0.5116033755274262,0.5,0.26003169911928875,0.3333333333333333,0.5,0.0,1.0,0.189873417721519
795,407,0.4,0.05,4,weighted,0.2,False,0.05,B_weak_signal,58,0.42385057471264365,0.3333333333333333,0.2875267945640137,0.3333333333333333,0.5,0.0,1.0,0.8793103448275862,1.0,0.32861144371999373,1.0,1.0,0.0,1.0,0.42385057471264365,0.3333333333333333,0.2875267945640137,0.3333333333333333,0.5,0.0,1.0,0.15517241379310345
795,407,0.4,0.05,4,weighted,0.2,False,0.05,C_deep,86,0.4089147286821706,0.3333333333333333,0.2845785517574772,0.25,0.5,0.0,1.0,0.9186046511627907,1.0,0.2750450777629762,1.0,1.0,0.0,1.0,0.4089147286821706,0.3333333333333333,0.2845785517574772,0.25,0.5,0.0,1.0,0.1511627906976744
796,671,0.4,0.05,4,weighted,0.2,False,0.15,A_default,79,0.5116033755274262,0.5,0.26003169911928875,0.3333333333333333,0.5,0.0,1.0,0.9873417721518988,1.0,0.11250879009260244,1.0,1.0,0.0,1.0,0.5116033755274262,0.5,0.26003169911928875,0.3333333333333333,0.5,0.0,1.0,0.189873417721519
796,671,0.4,0.05,4,weighted,0.2,False,0.15,B_weak_signal,58,0.42385057471264365,0.3333333333333333,0.2875267945640137,0.3333333333333333,0.5,0.0,1.0,0.8793103448275862,1.0,0.32861144371999373,1.0,1.0,0.0,1.0,0.42385057471264365,0.3333333333333333,0.2875267945640137,0.3333333333333333,0.5,0.0,1.0,0.15517241379310345
796,671,0.4,0.05,4,weighted,0.2,False,0.15,C_deep,86,0.4089147286821706,0.3333333333333333,0.2845785517574772,0.25,0.5,0.0,1.0,0.9186046511627907,1.0,0.2750450777629762,1.0,1.0,0.0,1.0,0.4089147286821706,0.3333333333333333,0.2845785517574772,0.25,0.5,0.0,1.0,0.1511627906976744
797,93,0.4,0.02,8,weighted,0.2,False,0.05,A_default,79,0.5116033755274262,0.5,0.26003169911928875,0.3333333333333333,0.5,0.0,1.0,0.9873417721518988,1.0,0.11250879009260244,1.0,1.0,0.0,1.0,0.5116033755274262,0.5,0.26003169911928875,0.3333333333333333,0.5,0.0,1.0,0.189873417721519
797,93,0.4,0.02,8,weighted,0.2,False,0.05,B_weak_signal,58,0.42385057471264365,0.3333333333333333,0.2875267945640137,0.3333333333333333,0.5,0.0,1.0,0.8793103448275862,1.0,0.32861144371999373,1.0,1.0,0.0,1.0,0.42385057471264365,0.3333333333333333,0.2875267945640137,0.3333333333333333,0.5,0.0,1.0,0.15517241379310345
797,93,0.4,0.02,8,weighted,0.2,False,0.05,C_deep,86,0.4089147286821706,0.3333333333333333,0.2845785517574772,0.25,0.5,0.0,1.0,0.9186046511627907,1.0,0.2750450777629762,1.0,1.0,0.0,1.0,0.4089147286821706,0.3333333333333333,0.2845785517574772,0.25,0.5,0.0,1.0,0.1511627906976744
798,717,0.4,0.03,8,weighted,0.2,False,0.1,A_default,79,0.5116033755274262,0.5,0.26003169911928875,0.3333333333333333,0.5,0.0,1.0,0.9873417721518988,1.0,0.11250879009260244,1.0,1.0,0.0,1.0,0.5116033755274262,0.5,0.26003169911928875,0.3333333333333333,0.5,0.0,1.0,0.189873417721519
798,717,0.4,0.03,8,weighted,0.2,False,0.1,B_weak_signal,58,0.42385057471264365,0.3333333333333333,0.2875267945640137,0.3333333333333333,0.5,0.0,1.0,0.8793103448275862,1.0,0.32861144371999373,1.0,1.0,0.0,1.0,0.42385057471264365,0.3333333333333333,0.2875267945640137,0.3333333333333333,0.5,0.0,1.0,0.15517241379310345
798,717,0.4,0.03,8,weighted,0.2,False,0.1,C_deep,86,0.4089147286821706,0.3333333333333333,0.2845785517574772,0.25,0.5,0.0,1.0,0.9186046511627907,1.0,0.2750450777629762,1.0,1.0,0.0,1.0,0.4089147286821706,0.3333333333333333,0.2845785517574772,0.25,0.5,0.0,1.0,0.1511627906976744
799,231,0.4,0.02,8,weighted,0.2,False,0.15,A_default,79,0.5116033755274262,0.5,0.26003169911928875,0.3333333333333333,0.5,0.0,1.0,0.9873417721518988,1.0,0.11250879009260244,1.0,1.0,0.0,1.0,0.5116033755274262,0.5,0.26003169911928875,0.3333333333333333,0.5,0.0,1.0,0.189873417721519
799,231,0.4,0.02,8,weighted,0.2,False,0.15,B_weak_signal,58,0.42385057471264365,0.3333333333333333,0.2875267945640137,0.3333333333333333,0.5,0.0,1.0,0.8793103448275862,1.0,0.32861144371999373,1.0,1.0,0.0,1.0,0.42385057471264365,0.3333333333333333,0.2875267945640137,0.3333333333333333,0.5,0.0,1.0,0.15517241379310345
799,231,0.4,0.02,8,weighted,0.2,False,0.15,C_deep,86,0.4089147286821706,0.3333333333333333,0.2845785517574772,0.25,0.5,0.0,1.0,0.9186046511627907,1.0,0.2750450777629762,1.0,1.0,0.0,1.0,0.4089147286821706,0.3333333333333333,0.2845785517574772,0.25,0.5,0.0,1.0,0.1511627906976744
800,209,0.4,0.02,8,weighted,0.2,False,0.1,A_default,79,0.5116033755274262,0.5,0.26003169911928875,0.3333333333333333,0.5,0.0,1.0,0.9873417721518988,1.0,0.11250879009260244,1.0,1.0,0.0,1.0,0.5116033755274262,0.5,0.26003169911928875,0.3333333333333333,0.5,0.0,1.0,0.189873417721519
800,209,0.4,0.02,8,weighted,0.2,False,0.1,B_weak_signal,58,0.42385057471264365,0.3333333333333333,0.2875267945640137,0.3333333333333333,0.5,0.0,1.0,0.8793103448275862,1.0,0.32861144371999373,1.0,1.0,0.0,1.0,0.42385057471264365,0.3333333333333333,0.2875267945640137,0.3333333333333333,0.5,0.0,1.0,0.15517241379310345
800,209,0.4,0.02,8,weighted,0.2,False,0.1,C_deep,86,0.4089147286821706,0.3333333333333333,0.2845785517574772,0.25,0.5,0.0,1.0,0.9186046511627907,1.0,0.2750450777629762,1.0,1.0,0.0,1.0,0.4089147286821706,0.3333333333333333,0.2845785517574772,0.25,0.5,0.0,1.0,0.1511627906976744
