rank,configuration_id,theta_filter,min_size_frac,max_depth,variant,h,relative_h,theta_stop,jaccard,jaccard_median,jaccard_std,jaccard_q1,jaccard_q3,jaccard_min,jaccard_max,precision,precision_median,precision_std,precision_q1,precision_q3,precision_min,precision_max,recall,recall_median,recall_std,recall_q1,recall_q3,recall_min,recall_max,exact_match
1,719,0.3,0.02,4,harmonic,0.2,True,0.1,0.8923950319079142,1.0,0.2069878374276313,0.8333333333333334,1.0,0.19444444444444442,1.0,0.9520929717387044,1.0,0.1268594660608278,1.0,1.0,0.3333333333333333,1.0,0.9279563811568643,1.0,0.18485080068191362,0.9166666666666666,1.0,0.19444444444444442,1.0,0.7402103621910386
2,238,0.3,0.03,6,harmonic,0.2,True,0.1,0.8923950319079142,1.0,0.2069878374276313,0.8333333333333334,1.0,0.19444444444444442,1.0,0.9520929717387044,1.0,0.1268594660608278,1.0,1.0,0.3333333333333333,1.0,0.9279563811568643,1.0,0.18485080068191362,0.9166666666666666,1.0,0.19444444444444442,1.0,0.7402103621910386
3,515,0.3,0.02,6,harmonic,0.2,True,0.1,0.8923950319079142,1.0,0.2069878374276313,0.8333333333333334,1.0,0.19444444444444442,1.0,0.9520929717387044,1.0,0.1268594660608278,1.0,1.0,0.3333333333333333,1.0,0.9279563811568643,1.0,0.18485080068191362,0.9166666666666666,1.0,0.19444444444444442,1.0,0.7402103621910386
4,80,0.3,0.02,4,harmonic,0.15,True,0.1,0.8875372756008826,1.0,0.20638396229737874,0.8125,1.0,0.19444444444444442,1.0,0.9463661614225222,1.0,0.1367205442411419,1.0,1.0,0.26666666666666666,1.0,0.937055887840912,1.0,0.16005568063368256,0.9166666666666666,1.0,0.19444444444444442,1.0,0.7278135623546252
5,522,0.3,0.03,4,harmonic,0.15,True,0.1,0.8875372756008826,1.0,0.20638396229737874,0.8125,1.0,0.19444444444444442,1.0,0.9463661614225222,1.0,0.1367205442411419,1.0,1.0,0.26666666666666666,1.0,0.937055887840912,1.0,0.16005568063368256,0.9166666666666666,1.0,0.19444444444444442,1.0,0.7278135623546252
6,139,0.2,0.03,4,harmonic,0.15,True,0.1,0.8844778007821485,1.0,0.20969207298019307,0.8125,1.0,0.19444444444444442,1.0,0.9431964573268922,1.0,0.1401613012920687,0.9166666666666666,1.0,0.26666666666666666,1.0,0.9373130894870024,1.0,0.15934989913743133,0.9166666666666666,1.0,0.19444444444444442,1.0,0.7232574189095927
7,377,0.4,0.03,4,harmonic,0.2,True,0.1,0.8832035986226296,1.0,0.20874447836022092,0.8333333333333334,1.0,0.19444444444444442,1.0,0.9476061253055151,1.0,0.12724151669318606,0.9166666666666666,1.0,0.3333333333333333,1.0,0.9241032204435511,1.0,0.18630834140460073,0.9166666666666666,1.0,0.19444444444444442,1.0,0.7102040678218442
8,263,0.4,0.03,6,harmonic,0.2,True,0.1,0.8832035986226296,1.0,0.20874447836022092,0.8333333333333334,1.0,0.19444444444444442,1.0,0.9476061253055151,1.0,0.12724151669318606,0.9166666666666666,1.0,0.3333333333333333,1.0,0.9241032204435511,1.0,0.18630834140460073,0.9166666666666666,1.0,0.19444444444444442,1.0,0.7102040678218442
9,78,0.3,0.02,6,weighted,0.1,True,0.1,0.8793622038187255,1.0,0.21162073230107803,0.75,1.0,0.19444444444444442,1.0,0.9449134780052653,1.0,0.14516858947169461,1.0,1.0,0.26666666666666666,1.0,0.9303334994760114,1.0,0.1638612891798352,0.9166666666666666,1.0,0.19444444444444442,1.0,0.7096464995015719
10,537,0.3,0.02,8,weighted,0.1,True,0.1,0.8793622038187255,1.0,0.21162073230107803,0.75,1.0,0.19444444444444442,1.0,0.9449134780052653,1.0,0.14516858947169461,1.0,1.0,0.26666666666666666,1.0,0.9303334994760114,1.0,0.1638612891798352,0.9166666666666666,1.0,0.19444444444444442,1.0,0.7096464995015719
11,435,0.2,0.02,6,weighted,0.1,True,0.1,0.8755923625488843,1.0,0.21574606083139747,0.75,1.0,0.19444444444444442,1.0,0.9409966643662294,1.0,0.1495156362259114,1.0,1.0,0.26666666666666666,1.0,0.9306274442144007,1.0,0.1631459445129264,0.9166666666666666,1.0,0.19444444444444442,1.0,0.7047964113181505
12,768,0.2,0.02,4,weighted,0.1,True,0.1,0.8755923625488843,1.0,0.21574606083139747,0.75,1.0,0.19444444444444442,1.0,0.9409966643662294,1.0,0.1495156362259114,1.0,1.0,0.26666666666666666,1.0,0.9306274442144007,1.0,0.1631459445129264,0.9166666666666666,1.0,0.19444444444444442,1.0,0.7047964113181505
13,658,0.3,0.03,8,weighted,0.15,True,0.1,0.8754473072105923,1.0,0.2114626491628957,0.8333333333333334,1.0,0.19444444444444442,1.0,0.9638458621952984,1.0,0.11760946880137928,1.0,1.0,0.3,1.0,0.9074862186778452,1.0,0.18628084745164486,0.9166666666666666,1.0,0.19444444444444442,1.0,0.6997610101474835
14,575,0.3,0.02,6,weighted,0.15,True,0.1,0.8754473072105923,1.0,0.2114626491628957,0.8333333333333334,1.0,0.19444444444444442,1.0,0.9638458621952984,1.0,0.11760946880137928,1.0,1.0,0.3,1.0,0.9074862186778452,1.0,0.18628084745164486,0.9166666666666666,1.0,0.19444444444444442,1.0,0.6997610101474835
15,314,0.3,0.05,4,harmonic,0.15,True,0.1,0.8749748655948334,1.0,0.20182704240937552,0.75,1.0,0.19444444444444442,1.0,0.96339642495037,1.0,0.10520645481660724,1.0,1.0,0.38888888888888884,1.0,0.9070516916732698,1.0,0.179316769429511,0.9166666666666666,1.0,0.19444444444444442,1.0,0.6750696521227922
16,433,0.3,0.05,6,harmonic,0.2,True,0.1,0.8736893898729647,1.0,0.20884740744457675,0.75,1.0,0.19444444444444442,1.0,0.9643027545604035,1.0,0.10590006928068611,1.0,1.0,0.4444444444444444,1.0,0.8966294336664706,1.0,0.20000137144525218,0.8958333333333334,1.0,0.19444444444444442,1.0,0.6755616900544438
17,86,0.2,0.05,4,harmonic,0.15,True,0.1,0.8721187025534851,1.0,0.2049052378357832,0.7430555555555555,1.0,0.19444444444444442,1.0,0.9601017943409246,1.0,0.10919405456584219,1.0,1.0,0.38888888888888884,1.0,0.907651828847481,1.0,0.17850467264376493,0.9166666666666666,1.0,0.19444444444444442,1.0,0.670807453416149
18,334,0.2,0.03,4,weighted,0.15,True,0.1,0.8720669427191167,1.0,0.2159761761188479,0.8125,1.0,0.19444444444444442,1.0,0.9601593052680008,1.0,0.12296845540282952,1.0,1.0,0.3,1.0,0.9079393834828616,1.0,0.1854943390690702,0.9166666666666666,1.0,0.19444444444444442,1.0,0.6946169772256728
19,730,0.2,0.03,8,weighted,0.15,True,0.1,0.8720669427191167,1.0,0.2159761761188479,0.8125,1.0,0.19444444444444442,1.0,0.9601593052680008,1.0,0.12296845540282952,1.0,1.0,0.3,1.0,0.9079393834828616,1.0,0.1854943390690702,0.9166666666666666,1.0,0.19444444444444442,1.0,0.6946169772256728
20,690,0.2,0.02,4,weighted,0.15,True,0.1,0.8720669427191167,1.0,0.2159761761188479,0.8125,1.0,0.19444444444444442,1.0,0.9601593052680008,1.0,0.12296845540282952,1.0,1.0,0.3,1.0,0.9079393834828616,1.0,0.1854943390690702,0.9166666666666666,1.0,0.19444444444444442,1.0,0.6946169772256728
21,629,0.2,0.03,6,weighted,0.15,True,0.1,0.8720669427191167,1.0,0.2159761761188479,0.8125,1.0,0.19444444444444442,1.0,0.9601593052680008,1.0,0.12296845540282952,1.0,1.0,0.3,1.0,0.9079393834828616,1.0,0.1854943390690702,0.9166666666666666,1.0,0.19444444444444442,1.0,0.6946169772256728
22,527,0.4,0.03,8,weighted,0.1,True,0.1,0.870944725851185,1.0,0.2094016676831398,0.75,1.0,0.27777777777777773,1.0,0.9422685048899355,1.0,0.14224285970581285,1.0,1.0,0.35000000000000003,1.0,0.9286762209612492,1.0,0.14730745436311785,0.9166666666666666,1.0,0.4444444444444444,1.0,0.6790068315856791
23,698,0.2,0.05,4,harmonic,0.2,True,0.1,0.870882217621348,1.0,0.21126196002470987,0.7430555555555555,1.0,0.19444444444444442,1.0,0.9610938578329882,1.0,0.10898714503233094,1.0,1.0,0.4444444444444444,1.0,0.8974867724867724,1.0,0.1988713786991717,0.8958333333333334,1.0,0.19444444444444442,1.0,0.671152518978606
24,215,0.3,0.03,4,weighted,0.05,True,0.1,0.8682032734367678,1.0,0.21641569824091667,0.7430555555555555,1.0,0.27777777777777773,1.0,0.9279379563598565,1.0,0.1610675027753424,0.9166666666666666,1.0,0.35000000000000003,1.0,0.9402653170769112,1.0,0.1359978751281199,0.9166666666666666,1.0,0.4444444444444444,1.0,0.6893643125527184
25,676,0.3,0.03,8,weighted,0.05,True,0.1,0.8682032734367678,1.0,0.21641569824091667,0.7430555555555555,1.0,0.27777777777777773,1.0,0.9279379563598565,1.0,0.1610675027753424,0.9166666666666666,1.0,0.35000000000000003,1.0,0.9402653170769112,1.0,0.1359978751281199,0.9166666666666666,1.0,0.4444444444444444,1.0,0.6893643125527184
26,71,0.3,0.05,4,weighted,0.1,True,0.1,0.8670344170948036,1.0,0.20586107486974922,0.75,1.0,0.19444444444444442,1.0,0.9563635840809752,1.0,0.12216309447357404,1.0,1.0,0.38888888888888884,1.0,0.904612802358374,1.0,0.17827827923524842,0.9166666666666666,1.0,0.19444444444444442,1.0,0.657541599570585
27,203,0.3,0.03,8,harmonic,0.1,True,0.1,0.8662283056002863,1.0,0.2124502093574295,0.7430555555555555,1.0,0.27777777777777773,1.0,0.9250571914219257,1.0,0.15817983367790148,0.9166666666666666,1.0,0.35000000000000003,1.0,0.9411711141783604,1.0,0.13593155111739255,0.9166666666666666,1.0,0.4444444444444444,1.0,0.6730503795721187
28,555,0.3,0.02,4,harmonic,0.1,True,0.1,0.8662283056002863,1.0,0.2124502093574295,0.7430555555555555,1.0,0.27777777777777773,1.0,0.9250571914219257,1.0,0.15817983367790148,0.9166666666666666,1.0,0.35000000000000003,1.0,0.9411711141783604,1.0,0.13593155111739255,0.9166666666666666,1.0,0.4444444444444444,1.0,0.6730503795721187
29,20,0.2,0.03,4,weighted,0.05,True,0.1,0.864604899930987,1.0,0.22039583938914142,0.7430555555555555,1.0,0.2611111111111111,1.0,0.9242293535771796,1.0,0.16518844855039158,0.9166666666666666,1.0,0.3333333333333333,1.0,0.9403755463538072,1.0,0.1357197268409205,0.9166666666666666,1.0,0.4444444444444444,1.0,0.6849551414768805
30,572,0.2,0.02,8,weighted,0.05,True,0.1,0.864604899930987,1.0,0.22039583938914142,0.7430555555555555,1.0,0.2611111111111111,1.0,0.9242293535771796,1.0,0.16518844855039158,0.9166666666666666,1.0,0.3333333333333333,1.0,0.9403755463538072,1.0,0.1357197268409205,0.9166666666666666,1.0,0.4444444444444444,1.0,0.6849551414768805
31,247,0.2,0.03,8,weighted,0.05,True,0.1,0.864604899930987,1.0,0.22039583938914142,0.7430555555555555,1.0,0.2611111111111111,1.0,0.9242293535771796,1.0,0.16518844855039158,0.9166666666666666,1.0,0.3333333333333333,1.0,0.9403755463538072,1.0,0.1357197268409205,0.9166666666666666,1.0,0.4444444444444444,1.0,0.6849551414768805
32,328,0.2,0.05,6,weighted,0.1,True,0.1,0.8640067862893951,1.0,0.20919843017622286,0.75,1.0,0.19444444444444442,1.0,0.9530567057740971,1.0,0.12624503063252793,1.0,1.0,0.38888888888888884,1.0,0.9050782148608235,1.0,0.1774828598060346,0.9166666666666666,1.0,0.19444444444444442,1.0,0.6526915113871635
33,737,0.2,0.05,8,weighted,0.1,True,0.1,0.8640067862893951,1.0,0.20919843017622286,0.75,1.0,0.19444444444444442,1.0,0.9530567057740971,1.0,0.12624503063252793,1.0,1.0,0.38888888888888884,1.0,0.9050782148608235,1.0,0.1774828598060346,0.9166666666666666,1.0,0.19444444444444442,1.0,0.6526915113871635
34,697,0.4,0.05,4,weighted,0.1,True,0.05,0.863185682205507,1.0,0.20345602080111483,0.7222222222222222,1.0,0.25,1.0,0.9238193605581665,1.0,0.147913575060475,0.8888888888888888,1.0,0.38888888888888884,1.0,0.9359715074265438,1.0,0.1340266348031817,0.9166666666666666,1.0,0.47222222222222215,1.0,0.6461854442222515
35,622,0.4,0.05,6,weighted,0.1,True,0.05,0.863185682205507,1.0,0.20345602080111483,0.7222222222222222,1.0,0.25,1.0,0.9238193605581665,1.0,0.147913575060475,0.8888888888888888,1.0,0.38888888888888884,1.0,0.9359715074265438,1.0,0.1340266348031817,0.9166666666666666,1.0,0.47222222222222215,1.0,0.6461854442222515
36,695,0.2,0.03,6,harmonic,0.1,True,0.1,0.8627156659765355,1.0,0.21645759239129983,0.7430555555555555,1.0,0.2611111111111111,1.0,0.9214343225212791,1.0,0.1623181498234389,0.9166666666666666,1.0,0.3333333333333333,1.0,0.9412813434552566,1.0,0.1356534028301932,0.9166666666666666,1.0,0.4444444444444444,1.0,0.6690821256038647
37,446,0.2,0.02,8,harmonic,0.1,True,0.1,0.8627156659765355,1.0,0.21645759239129983,0.7430555555555555,1.0,0.2611111111111111,1.0,0.9214343225212791,1.0,0.1623181498234389,0.9166666666666666,1.0,0.3333333333333333,1.0,0.9412813434552566,1.0,0.1356534028301932,0.9166666666666666,1.0,0.4444444444444444,1.0,0.6690821256038647
38,345,0.3,0.05,6,weighted,0.05,True,0.1,0.8625274774429363,1.0,0.2049679049598504,0.7430555555555555,1.0,0.27777777777777773,1.0,0.9441529492455417,1.0,0.1329168103052305,1.0,1.0,0.4388888888888889,1.0,0.9151894878545441,1.0,0.1572106484393702,0.9166666666666666,1.0,0.3611111111111111,1.0,0.6451959205582393
39,543,0.3,0.05,8,weighted,0.05,True,0.1,0.8625274774429363,1.0,0.2049679049598504,0.7430555555555555,1.0,0.27777777777777773,1.0,0.9441529492455417,1.0,0.1329168103052305,1.0,1.0,0.4388888888888889,1.0,0.9151894878545441,1.0,0.1572106484393702,0.9166666666666666,1.0,0.3611111111111111,1.0,0.6451959205582393
40,304,0.3,0.05,4,weighted,0.05,True,0.1,0.8625274774429363,1.0,0.2049679049598504,0.7430555555555555,1.0,0.27777777777777773,1.0,0.9441529492455417,1.0,0.1329168103052305,1.0,1.0,0.4388888888888889,1.0,0.9151894878545441,1.0,0.1572106484393702,0.9166666666666666,1.0,0.3611111111111111,1.0,0.6451959205582393
41,476,0.2,0.05,4,harmonic,0.1,True,0.1,0.8622642051989878,1.0,0.20637538716356055,0.7222222222222222,1.0,0.27777777777777773,1.0,0.9474177593742811,1.0,0.12834977898117753,0.9166666666666666,1.0,0.4388888888888889,1.0,0.9129428341384864,1.0,0.16214539779628168,0.9166666666666666,1.0,0.3611111111111111,1.0,0.6437198067632851
42,46,0.2,0.05,8,harmonic,0.1,True,0.1,0.8622642051989878,1.0,0.20637538716356055,0.7222222222222222,1.0,0.27777777777777773,1.0,0.9474177593742811,1.0,0.12834977898117753,0.9166666666666666,1.0,0.4388888888888889,1.0,0.9129428341384864,1.0,0.16214539779628168,0.9166666666666666,1.0,0.3611111111111111,1.0,0.6437198067632851
43,770,0.3,0.02,6,harmonic,0.15,True,0.15,0.8602323654457309,1.0,0.21888988072313076,0.7430555555555555,1.0,0.19444444444444442,1.0,0.9617982601879542,1.0,0.1203124462974926,1.0,1.0,0.3,1.0,0.8943188789203281,1.0,0.19557518339019556,0.9166666666666666,1.0,0.19444444444444442,1.0,0.6687562303504332
44,767,0.3,0.03,6,harmonic,0.15,True,0.15,0.8602323654457309,1.0,0.21888988072313076,0.7430555555555555,1.0,0.19444444444444442,1.0,0.9617982601879542,1.0,0.1203124462974926,1.0,1.0,0.3,1.0,0.8943188789203281,1.0,0.19557518339019556,0.9166666666666666,1.0,0.19444444444444442,1.0,0.6687562303504332
45,473,0.2,0.02,4,harmonic,0.15,True,0.15,0.8602225672877846,1.0,0.21835474819463166,0.7430555555555555,1.0,0.19444444444444442,1.0,0.9613842880147229,1.0,0.11998449560976705,1.0,1.0,0.3,1.0,0.8948700253048077,1.0,0.19472347234593249,0.9166666666666666,1.0,0.19444444444444442,1.0,0.6678743961352658
46,164,0.4,0.02,4,weighted,0.05,True,0.1,0.8574756067163162,1.0,0.21949778893668678,0.7222222222222222,1.0,0.27777777777777773,1.0,0.9222600626877221,1.0,0.16401155333003717,0.9166666666666666,1.0,0.35000000000000003,1.0,0.9352155440285941,1.0,0.14180601894168424,0.9166666666666666,1.0,0.4444444444444444,1.0,0.659073760146715
47,75,0.3,0.05,8,weighted,0.15,True,0.1,0.8573968637374434,1.0,0.21132793634488375,0.7430555555555555,1.0,0.19444444444444442,1.0,0.9734027937530353,1.0,0.09732541226703732,1.0,1.0,0.38888888888888884,1.0,0.8798788436469597,1.0,0.20017699522437213,0.8333333333333334,1.0,0.19444444444444442,1.0,0.6430488459473968
48,158,0.2,0.03,6,harmonic,0.2,True,0.15,0.8567259029215549,1.0,0.22849628470351083,0.75,1.0,0.19444444444444442,1.0,0.9608206809293766,1.0,0.11937687655550522,1.0,1.0,0.38888888888888884,1.0,0.8840004600874165,1.0,0.21642419651614417,0.9166666666666666,1.0,0.19444444444444442,1.0,0.6685645272601795
49,149,0.2,0.03,4,harmonic,0.2,True,0.15,0.8567259029215549,1.0,0.22849628470351083,0.75,1.0,0.19444444444444442,1.0,0.9608206809293766,1.0,0.11937687655550522,1.0,1.0,0.38888888888888884,1.0,0.8840004600874165,1.0,0.21642419651614417,0.9166666666666666,1.0,0.19444444444444442,1.0,0.6685645272601795
50,485,0.4,0.03,4,weighted,0.1,True,0.05,0.8560693343348932,0.9166666666666666,0.20740843824444452,0.7888888888888889,1.0,0.2333333333333333,1.0,0.8983380084072379,1.0,0.1720209784927259,0.8722222222222222,1.0,0.2833333333333334,1.0,0.9577313259276553,1.0,0.1157432131546376,1.0,1.0,0.5,1.0,0.6430538778299988
51,556,0.4,0.02,4,weighted,0.1,True,0.05,0.8560693343348932,0.9166666666666666,0.20740843824444452,0.7888888888888889,1.0,0.2333333333333333,1.0,0.8983380084072379,1.0,0.1720209784927259,0.8722222222222222,1.0,0.2833333333333334,1.0,0.9577313259276553,1.0,0.1157432131546376,1.0,1.0,0.5,1.0,0.6430538778299988
52,117,0.4,0.03,8,weighted,0.15,True,0.05,0.855584344762169,0.9166666666666666,0.20912194375145257,0.7222222222222222,1.0,0.25,1.0,0.9141476815806598,1.0,0.15184312726301732,0.8888888888888888,1.0,0.3333333333333333,1.0,0.9414366631815091,1.0,0.13259835323629918,0.9166666666666666,1.0,0.5,1.0,0.6324562917246116
53,739,0.4,0.02,8,harmonic,0.2,True,0.05,0.8551385209171493,0.9249999999999999,0.21428419312400027,0.7083333333333334,1.0,0.15,1.0,0.896471616267227,0.9666666666666667,0.17278377092310562,0.8416666666666667,1.0,0.2333333333333333,1.0,0.9471726517763589,1.0,0.15998734479204052,1.0,1.0,0.25,1.0,0.649487884847685
54,466,0.4,0.02,6,harmonic,0.2,True,0.05,0.8551385209171493,0.9249999999999999,0.21428419312400027,0.7083333333333334,1.0,0.15,1.0,0.896471616267227,0.9666666666666667,0.17278377092310562,0.8416666666666667,1.0,0.2333333333333333,1.0,0.9471726517763589,1.0,0.15998734479204052,1.0,1.0,0.25,1.0,0.649487884847685
55,532,0.4,0.05,4,weighted,0.15,True,0.05,0.8547483862817881,1.0,0.20582634641675712,0.7222222222222222,1.0,0.27777777777777773,1.0,0.9398496757901101,1.0,0.13114375816330726,0.8888888888888888,1.0,0.4166666666666667,1.0,0.9148987104916779,1.0,0.15693304277400857,0.9166666666666666,1.0,0.4166666666666667,1.0,0.6217453534051344
56,136,0.2,0.02,8,harmonic,0.05,False,0.1,0.8535139176443524,1.0,0.22091336601378217,0.7222222222222222,1.0,0.3055555555555555,1.0,0.9341011042097999,1.0,0.15504224550395135,1.0,1.0,0.37777777777777777,1.0,0.9194128134345525,1.0,0.15849886317232104,0.9166666666666666,1.0,0.3611111111111111,1.0,0.6549344375431332
57,590,0.2,0.03,6,harmonic,0.05,False,0.1,0.8535139176443524,1.0,0.22091336601378217,0.7222222222222222,1.0,0.3055555555555555,1.0,0.9341011042097999,1.0,0.15504224550395135,1.0,1.0,0.37777777777777777,1.0,0.9194128134345525,1.0,0.15849886317232104,0.9166666666666666,1.0,0.3611111111111111,1.0,0.6549344375431332
58,57,0.4,0.02,8,harmonic,0.1,True,0.1,0.852657968435074,1.0,0.2176106611351046,0.7222222222222222,1.0,0.27777777777777773,1.0,0.9164734321584179,1.0,0.1634403056340339,0.9166666666666666,1.0,0.35000000000000003,1.0,0.9361845362766562,1.0,0.14177230962006013,0.9166666666666666,1.0,0.4444444444444444,1.0,0.6376129715536697
59,667,0.4,0.03,6,harmonic,0.1,True,0.1,0.852657968435074,1.0,0.2176106611351046,0.7222222222222222,1.0,0.27777777777777773,1.0,0.9164734321584179,1.0,0.1634403056340339,0.9166666666666666,1.0,0.35000000000000003,1.0,0.9361845362766562,1.0,0.14177230962006013,0.9166666666666666,1.0,0.4444444444444444,1.0,0.6376129715536697
60,561,0.4,0.03,8,harmonic,0.1,True,0.1,0.852657968435074,1.0,0.2176106611351046,0.7222222222222222,1.0,0.27777777777777773,1.0,0.9164734321584179,1.0,0.1634403056340339,0.9166666666666666,1.0,0.35000000000000003,1.0,0.9361845362766562,1.0,0.14177230962006013,0.9166666666666666,1.0,0.4444444444444444,1.0,0.6376129715536697
61,133,0.4,0.03,4,harmonic,0.1,True,0.1,0.852657968435074,1.0,0.2176106611351046,0.7222222222222222,1.0,0.27777777777777773,1.0,0.9164734321584179,1.0,0.1634403056340339,0.9166666666666666,1.0,0.35000000000000003,1.0,0.9361845362766562,1.0,0.14177230962006013,0.9166666666666666,1.0,0.4444444444444444,1.0,0.6376129715536697
62,61,0.4,0.05,4,harmonic,0.15,True,0.05,0.8521775749844634,0.9166666666666666,0.20399972601669447,0.7222222222222222,1.0,0.16666666666666666,1.0,0.9213582922502049,1.0,0.14972677463257505,0.8888888888888888,1.0,0.3055555555555555,1.0,0.924109846754574,1.0,0.16133548435556008,0.9166666666666666,1.0,0.25,1.0,0.6117026856015619
63,495,0.4,0.05,8,weighted,0.05,True,0.05,0.8504968041442922,1.0,0.20880101640368745,0.7222222222222222,1.0,0.25,1.0,0.9056653267419866,1.0,0.16486053223872826,0.8888888888888888,1.0,0.38888888888888884,1.0,0.9415849797601444,1.0,0.12711819833788743,0.9166666666666666,1.0,0.47222222222222215,1.0,0.614281025516091
64,715,0.2,0.05,6,max,0.15,False,0.05,0.8503191856452726,1.0,0.23350237353509087,0.7152777777777777,1.0,0.08333333333333333,1.0,0.9250603864734299,1.0,0.17222182132198935,0.9166666666666666,1.0,0.16666666666666666,1.0,0.8998447204968943,1.0,0.2187949618493866,0.8333333333333334,1.0,0.08333333333333333,1.0,0.6383712905452036
65,302,0.4,0.03,8,harmonic,0.15,True,0.15,0.8473796182568121,1.0,0.22509578063418187,0.7222222222222222,1.0,0.19444444444444442,1.0,0.9566333884867987,1.0,0.12710470876721966,1.0,1.0,0.3,1.0,0.8849991033332317,1.0,0.20348071512955937,0.875,1.0,0.19444444444444442,1.0,0.6353408517995933
66,387,0.4,0.05,8,weighted,0.15,True,0.1,0.8472010744210859,0.9583333333333334,0.20732220222246947,0.7013888888888888,1.0,0.3611111111111111,1.0,0.9719729601394965,1.0,0.09080688248002083,1.0,1.0,0.5555555555555555,1.0,0.8752281142815895,1.0,0.192540039639043,0.8333333333333334,1.0,0.3611111111111111,1.0,0.605994471118871
67,287,0.4,0.03,6,harmonic,0.2,True,0.15,0.8469255890649513,1.0,0.23113474664552514,0.75,1.0,0.19444444444444442,1.0,0.9589415440940113,1.0,0.12128076662661343,1.0,1.0,0.38888888888888884,1.0,0.8764897920973769,1.0,0.21872933367539027,0.875,1.0,0.19444444444444442,1.0,0.6417748588172797
68,454,0.4,0.02,4,harmonic,0.2,True,0.15,0.8469255890649513,1.0,0.23113474664552514,0.75,1.0,0.19444444444444442,1.0,0.9589415440940113,1.0,0.12128076662661343,1.0,1.0,0.38888888888888884,1.0,0.8764897920973769,1.0,0.21872933367539027,0.875,1.0,0.19444444444444442,1.0,0.6417748588172797
69,33,0.3,0.05,6,max,0.15,False,0.1,0.8462041723112578,1.0,0.23097817366341197,0.7222222222222222,1.0,0.08333333333333333,1.0,0.9369602492992187,1.0,0.1577321307773153,0.9333333333333332,1.0,0.16666666666666666,1.0,0.8913107379290954,1.0,0.21687602923546997,0.8333333333333334,1.0,0.08333333333333333,1.0,0.6288308667535721
70,44,0.3,0.05,4,max,0.15,False,0.1,0.8462041723112578,1.0,0.23097817366341197,0.7222222222222222,1.0,0.08333333333333333,1.0,0.9369602492992187,1.0,0.1577321307773153,0.9333333333333332,1.0,0.16666666666666666,1.0,0.8913107379290954,1.0,0.21687602923546997,0.8333333333333334,1.0,0.08333333333333333,1.0,0.6288308667535721
71,365,0.2,0.02,6,weighted,0.2,True,0.1,0.8452610996089257,1.0,0.23305594424832068,0.75,1.0,0.19444444444444442,1.0,0.9678312629399586,1.0,0.11156651946868601,1.0,1.0,0.3333333333333333,1.0,0.873461582700713,1.0,0.21799922727440715,0.8958333333333334,1.0,0.19444444444444442,1.0,0.6418219461697722
72,197,0.2,0.02,8,weighted,0.2,True,0.1,0.8452610996089257,1.0,0.23305594424832068,0.75,1.0,0.19444444444444442,1.0,0.9678312629399586,1.0,0.11156651946868601,1.0,1.0,0.3333333333333333,1.0,0.873461582700713,1.0,0.21799922727440715,0.8958333333333334,1.0,0.19444444444444442,1.0,0.6418219461697722
73,670,0.2,0.03,4,weighted,0.2,True,0.1,0.8452610996089257,1.0,0.23305594424832068,0.75,1.0,0.19444444444444442,1.0,0.9678312629399586,1.0,0.11156651946868601,1.0,1.0,0.3333333333333333,1.0,0.873461582700713,1.0,0.21799922727440715,0.8958333333333334,1.0,0.19444444444444442,1.0,0.6418219461697722
74,456,0.3,0.02,4,harmonic,0.1,True,0.15,0.844969071901439,1.0,0.2206360163205723,0.7222222222222222,1.0,0.3277777777777778,1.0,0.9465349666436623,1.0,0.13770364173687852,1.0,1.0,0.4000000000000001,1.0,0.8984341052577767,1.0,0.1810436637314554,0.9166666666666666,1.0,0.3611111111111111,1.0,0.6293229046852234
75,122,0.3,0.05,8,harmonic,0.05,False,0.1,0.8445729920166313,1.0,0.20933932676483002,0.7222222222222222,1.0,0.3277777777777778,1.0,0.9521752975657968,1.0,0.12354633689264816,1.0,1.0,0.48888888888888893,1.0,0.887865407390367,1.0,0.17892192613175126,0.8333333333333334,1.0,0.3611111111111111,1.0,0.6027784167880786
76,131,0.3,0.05,6,harmonic,0.05,False,0.1,0.8445729920166313,1.0,0.20933932676483002,0.7222222222222222,1.0,0.3277777777777778,1.0,0.9521752975657968,1.0,0.12354633689264816,1.0,1.0,0.48888888888888893,1.0,0.887865407390367,1.0,0.17892192613175126,0.8333333333333334,1.0,0.3611111111111111,1.0,0.6027784167880786
77,586,0.2,0.02,6,harmonic,0.1,True,0.15,0.8444473199907984,1.0,0.22112747611626193,0.7222222222222222,1.0,0.3277777777777778,1.0,0.9456090407177364,1.0,0.13855403896991045,1.0,1.0,0.4000000000000001,1.0,0.8988382792730617,1.0,0.18043643320977468,0.9166666666666666,1.0,0.3611111111111111,1.0,0.6288819875776398
78,313,0.3,0.02,6,mean,0.1,False,0.05,0.8429470303061285,1.0,0.2255455052458284,0.6666666666666666,1.0,0.2611111111111111,1.0,0.9210372841210201,1.0,0.17456617617397388,1.0,1.0,0.3333333333333333,1.0,0.9219097461851086,1.0,0.1586871899054255,0.9166666666666666,1.0,0.3611111111111111,1.0,0.6389591800219819
79,712,0.2,0.05,8,harmonic,0.05,False,0.1,0.8426501035196687,1.0,0.2104580957244202,0.6944444444444443,1.0,0.3277777777777778,1.0,0.9497527030135725,1.0,0.1257687359584739,1.0,1.0,0.48888888888888893,1.0,0.8884288014722798,1.0,0.17830776775129728,0.8333333333333334,1.0,0.3611111111111111,1.0,0.5985162180814355
80,298,0.2,0.03,8,mean,0.1,False,0.05,0.8424056820795952,1.0,0.22597182258588075,0.6666666666666666,1.0,0.2611111111111111,1.0,0.9202754773406948,1.0,0.17512164997473054,1.0,1.0,0.3333333333333333,1.0,0.9221302047389003,1.0,0.1582464984525851,0.9166666666666666,1.0,0.3611111111111111,1.0,0.6383712905452036
81,271,0.3,0.03,6,weighted,0.05,True,0.15,0.8413803900518876,1.0,0.2211330357761181,0.6666666666666666,1.0,0.3277777777777778,1.0,0.9496191498606957,1.0,0.1353961918869339,1.0,1.0,0.4000000000000001,1.0,0.8917612401911917,1.0,0.18203280766270394,0.8958333333333334,1.0,0.3611111111111111,1.0,0.6179613015361808
82,700,0.2,0.02,4,weighted,0.05,True,0.15,0.8408586381412467,1.0,0.22170064701792466,0.6666666666666666,1.0,0.3277777777777778,1.0,0.9486197377501725,1.0,0.13639608237081666,1.0,1.0,0.4000000000000001,1.0,0.8922389003910743,1.0,0.18141673346635398,0.8958333333333334,1.0,0.3611111111111111,1.0,0.6176673567977916
83,169,0.2,0.03,6,weighted,0.05,True,0.15,0.8408586381412467,1.0,0.22170064701792466,0.6666666666666666,1.0,0.3277777777777778,1.0,0.9486197377501725,1.0,0.13639608237081666,1.0,1.0,0.4000000000000001,1.0,0.8922389003910743,1.0,0.18141673346635398,0.8958333333333334,1.0,0.3611111111111111,1.0,0.6176673567977916
84,445,0.2,0.02,8,weighted,0.05,True,0.15,0.8408586381412467,1.0,0.22170064701792466,0.6666666666666666,1.0,0.3277777777777778,1.0,0.9486197377501725,1.0,0.13639608237081666,1.0,1.0,0.4000000000000001,1.0,0.8922389003910743,1.0,0.18141673346635398,0.8958333333333334,1.0,0.3611111111111111,1.0,0.6176673567977916
85,179,0.2,0.02,6,weighted,0.05,True,0.15,0.8408586381412467,1.0,0.22170064701792466,0.6666666666666666,1.0,0.3277777777777778,1.0,0.9486197377501725,1.0,0.13639608237081666,1.0,1.0,0.4000000000000001,1.0,0.8922389003910743,1.0,0.18141673346635398,0.8958333333333334,1.0,0.3611111111111111,1.0,0.6176673567977916
86,222,0.2,0.05,4,harmonic,0.15,True,0.15,0.8406746031746032,0.9166666666666666,0.21510333814801827,0.6875,1.0,0.19444444444444442,1.0,0.9733293075684379,1.0,0.0926977974150311,1.0,1.0,0.38888888888888884,1.0,0.8629802162410858,0.9583333333333334,0.20577640802796085,0.8055555555555555,1.0,0.19444444444444442,1.0,0.599551414768806
87,574,0.2,0.05,8,harmonic,0.15,True,0.15,0.8406746031746032,0.9166666666666666,0.21510333814801827,0.6875,1.0,0.19444444444444442,1.0,0.9733293075684379,1.0,0.0926977974150311,1.0,1.0,0.38888888888888884,1.0,0.8629802162410858,0.9583333333333334,0.20577640802796085,0.8055555555555555,1.0,0.19444444444444442,1.0,0.599551414768806
88,705,0.2,0.05,6,harmonic,0.15,True,0.15,0.8406746031746032,0.9166666666666666,0.21510333814801827,0.6875,1.0,0.19444444444444442,1.0,0.9733293075684379,1.0,0.0926977974150311,1.0,1.0,0.38888888888888884,1.0,0.8629802162410858,0.9583333333333334,0.20577640802796085,0.8055555555555555,1.0,0.19444444444444442,1.0,0.599551414768806
89,474,0.3,0.05,8,harmonic,0.15,True,0.15,0.840542328042328,0.9166666666666666,0.21554957648076004,0.6944444444444443,1.0,0.19444444444444442,1.0,0.9739784355323806,1.0,0.09264005762407783,1.0,1.0,0.38888888888888884,1.0,0.8620371435387538,0.9583333333333334,0.20663753620679134,0.8055555555555555,1.0,0.19444444444444442,1.0,0.5996983871380006
90,207,0.3,0.05,4,harmonic,0.15,True,0.15,0.840542328042328,0.9166666666666666,0.21554957648076004,0.6944444444444443,1.0,0.19444444444444442,1.0,0.9739784355323806,1.0,0.09264005762407783,1.0,1.0,0.38888888888888884,1.0,0.8620371435387538,0.9583333333333334,0.20663753620679134,0.8055555555555555,1.0,0.19444444444444442,1.0,0.5996983871380006
91,748,0.2,0.02,8,mean,0.1,False,0.1,0.8404560616517139,1.0,0.22393359843170915,0.6666666666666666,1.0,0.27777777777777773,1.0,0.9248389694041869,1.0,0.17053885286491022,1.0,1.0,0.35000000000000003,1.0,0.9156170922475271,1.0,0.1608313768946459,0.9166666666666666,1.0,0.3611111111111111,1.0,0.6278467908902691
92,759,0.3,0.03,4,max,0.15,False,0.05,0.8404434944491306,1.0,0.2403986454972948,0.6944444444444443,1.0,0.08333333333333333,1.0,0.899674956760303,1.0,0.19803517391000758,0.8888888888888888,1.0,0.16666666666666666,1.0,0.9244546047082279,1.0,0.19823359397916748,1.0,1.0,0.08333333333333333,1.0,0.6341090918385605
93,62,0.3,0.02,8,max,0.15,False,0.05,0.8404434944491306,1.0,0.2403986454972948,0.6944444444444443,1.0,0.08333333333333333,1.0,0.899674956760303,1.0,0.19803517391000758,0.8888888888888888,1.0,0.16666666666666666,1.0,0.9244546047082279,1.0,0.19823359397916748,1.0,1.0,0.08333333333333333,1.0,0.6341090918385605
94,153,0.2,0.03,8,harmonic,0.05,False,0.15,0.8401656314699792,1.0,0.22713463367303688,0.6666666666666666,1.0,0.3055555555555555,1.0,0.945956981826547,1.0,0.14146856279315614,1.0,1.0,0.4000000000000001,1.0,0.8942086496434323,1.0,0.1886095157530269,0.8958333333333334,1.0,0.3055555555555555,1.0,0.6285369220151829
95,95,0.3,0.02,6,harmonic,0.05,False,0.15,0.8399745673900263,1.0,0.22768817582313716,0.6666666666666666,1.0,0.3055555555555555,1.0,0.9462680733413421,1.0,0.14176321300641306,1.0,1.0,0.4000000000000001,1.0,0.893706494048684,1.0,0.18932243077044486,0.8958333333333334,1.0,0.3055555555555555,1.0,0.6289778391227667
96,37,0.3,0.03,8,harmonic,0.05,False,0.15,0.8399745673900263,1.0,0.22768817582313716,0.6666666666666666,1.0,0.3055555555555555,1.0,0.9462680733413421,1.0,0.14176321300641306,1.0,1.0,0.4000000000000001,1.0,0.893706494048684,1.0,0.18932243077044486,0.8958333333333334,1.0,0.3055555555555555,1.0,0.6289778391227667
97,8,0.3,0.03,6,harmonic,0.05,False,0.15,0.8399745673900263,1.0,0.22768817582313716,0.6666666666666666,1.0,0.3055555555555555,1.0,0.9462680733413421,1.0,0.14176321300641306,1.0,1.0,0.4000000000000001,1.0,0.893706494048684,1.0,0.18932243077044486,0.8958333333333334,1.0,0.3055555555555555,1.0,0.6289778391227667
98,90,0.3,0.02,4,harmonic,0.05,False,0.15,0.8399745673900263,1.0,0.22768817582313716,0.6666666666666666,1.0,0.3055555555555555,1.0,0.9462680733413421,1.0,0.14176321300641306,1.0,1.0,0.4000000000000001,1.0,0.893706494048684,1.0,0.18932243077044486,0.8958333333333334,1.0,0.3055555555555555,1.0,0.6289778391227667
99,385,0.3,0.03,4,harmonic,0.05,False,0.15,0.8399745673900263,1.0,0.22768817582313716,0.6666666666666666,1.0,0.3055555555555555,1.0,0.9462680733413421,1.0,0.14176321300641306,1.0,1.0,0.4000000000000001,1.0,0.893706494048684,1.0,0.18932243077044486,0.8958333333333334,1.0,0.3055555555555555,1.0,0.6289778391227667
100,159,0.4,0.03,8,harmonic,0.05,False,0.1,0.8394178940850446,1.0,0.22560478652127744,0.6944444444444443,1.0,0.3277777777777778,1.0,0.9276962882507327,1.0,0.1598148324566863,0.9375,1.0,0.4000000000000001,1.0,0.9117216058343117,1.0,0.16623223936621964,0.9166666666666666,1.0,0.3611111111111111,1.0,0.6185968687719726
101,79,0.4,0.02,4,harmonic,0.05,False,0.1,0.8394178940850446,1.0,0.22560478652127744,0.6944444444444443,1.0,0.3277777777777778,1.0,0.9276962882507327,1.0,0.1598148324566863,0.9375,1.0,0.4000000000000001,1.0,0.9117216058343117,1.0,0.16623223936621964,0.9166666666666666,1.0,0.3611111111111111,1.0,0.6185968687719726
102,510,0.4,0.02,8,harmonic,0.05,False,0.1,0.8394178940850446,1.0,0.22560478652127744,0.6944444444444443,1.0,0.3277777777777778,1.0,0.9276962882507327,1.0,0.1598148324566863,0.9375,1.0,0.4000000000000001,1.0,0.9117216058343117,1.0,0.16623223936621964,0.9166666666666666,1.0,0.3611111111111111,1.0,0.6185968687719726
103,616,0.2,0.05,4,mean,0.1,False,0.05,0.8391131815044859,1.0,0.2081824282254747,0.6875,1.0,0.3055555555555555,1.0,0.938871635610766,1.0,0.13353079346284383,0.9166666666666666,1.0,0.41111111111111115,1.0,0.8960489993098689,1.0,0.17485678885001654,0.8333333333333334,1.0,0.3611111111111111,1.0,0.5816080055210491
104,496,0.3,0.05,6,mean,0.1,False,0.05,0.8388829247927477,1.0,0.20850681057560516,0.6875,1.0,0.3055555555555555,1.0,0.939092094164558,1.0,0.13361846689208293,0.9166666666666666,1.0,0.41111111111111115,1.0,0.8955345960176878,1.0,0.17545965550385403,0.8333333333333334,1.0,0.3611111111111111,1.0,0.5813140607826598
105,378,0.3,0.05,4,mean,0.1,False,0.05,0.8388829247927477,1.0,0.20850681057560516,0.6875,1.0,0.3055555555555555,1.0,0.939092094164558,1.0,0.13361846689208293,0.9166666666666666,1.0,0.41111111111111115,1.0,0.8955345960176878,1.0,0.17545965550385403,0.8333333333333334,1.0,0.3611111111111111,1.0,0.5813140607826598
106,718,0.3,0.05,6,max,0.2,False,0.05,0.8365986759706566,1.0,0.26141725235458674,0.7222222222222222,1.0,0.0,1.0,0.934705075445816,1.0,0.1978012625811767,1.0,1.0,0.0,1.0,0.8608288815615707,1.0,0.2590111449596913,0.8333333333333334,1.0,0.0,1.0,0.6401413490785471
107,166,0.4,0.03,8,weighted,0.05,True,0.05,0.8364374921753136,0.9249999999999999,0.2206254971683654,0.6722222222222222,1.0,0.2333333333333333,1.0,0.8738946185331434,0.9666666666666667,0.19338271260236028,0.8333333333333334,1.0,0.2833333333333334,1.0,0.9625428736421702,1.0,0.10716691400589766,1.0,1.0,0.5,1.0,0.6157326105860818
108,627,0.4,0.03,4,weighted,0.05,True,0.05,0.8364374921753136,0.9249999999999999,0.2206254971683654,0.6722222222222222,1.0,0.2333333333333333,1.0,0.8738946185331434,0.9666666666666667,0.19338271260236028,0.8333333333333334,1.0,0.2833333333333334,1.0,0.9625428736421702,1.0,0.10716691400589766,1.0,1.0,0.5,1.0,0.6157326105860818
109,508,0.2,0.05,4,harmonic,0.1,True,0.15,0.8363929146537842,0.9166666666666666,0.21210923798966308,0.6875,1.0,0.3611111111111111,1.0,0.9662180814354727,1.0,0.10418895858847084,1.0,1.0,0.5222222222222223,1.0,0.868271221532091,0.9583333333333334,0.19379989602011763,0.8055555555555555,1.0,0.3611111111111111,1.0,0.587991718426501
110,43,0.3,0.05,6,weighted,0.1,True,0.05,0.8357288764494885,1.0,0.22841420827633305,0.6666666666666666,1.0,0.16666666666666666,1.0,0.8951773892595148,1.0,0.188446664909127,0.8888888888888888,1.0,0.19444444444444442,1.0,0.9338075854782778,1.0,0.15264922434153236,0.9166666666666666,1.0,0.25,1.0,0.619699409554482
111,696,0.4,0.03,8,harmonic,0.05,False,0.05,0.8357261365392272,1.0,0.23027120082641814,0.7013888888888888,1.0,0.3055555555555555,1.0,0.9188161291741531,1.0,0.16823511859077933,0.9166666666666666,1.0,0.37777777777777777,1.0,0.9169100073650741,1.0,0.1623752218281588,0.9166666666666666,1.0,0.3611111111111111,1.0,0.616725711327439
112,443,0.4,0.03,4,harmonic,0.05,False,0.05,0.8357261365392272,1.0,0.23027120082641814,0.7013888888888888,1.0,0.3055555555555555,1.0,0.9188161291741531,1.0,0.16823511859077933,0.9166666666666666,1.0,0.37777777777777777,1.0,0.9169100073650741,1.0,0.1623752218281588,0.9166666666666666,1.0,0.3611111111111111,1.0,0.616725711327439
113,54,0.4,0.03,6,harmonic,0.05,False,0.05,0.8357261365392272,1.0,0.23027120082641814,0.7013888888888888,1.0,0.3055555555555555,1.0,0.9188161291741531,1.0,0.16823511859077933,0.9166666666666666,1.0,0.37777777777777777,1.0,0.9169100073650741,1.0,0.1623752218281588,0.9166666666666666,1.0,0.3611111111111111,1.0,0.616725711327439
114,776,0.2,0.03,4,max,0.15,False,0.05,0.8345180584311019,1.0,0.24878779039551094,0.6944444444444443,1.0,0.08333333333333333,1.0,0.8936392914653783,1.0,0.20667157633075442,0.8888888888888888,1.0,0.16666666666666666,1.0,0.9170692431561998,1.0,0.2133537894469025,1.0,1.0,0.08333333333333333,1.0,0.6304347826086957
115,607,0.2,0.02,6,max,0.15,False,0.05,0.8345180584311019,1.0,0.24878779039551094,0.6944444444444443,1.0,0.08333333333333333,1.0,0.8936392914653783,1.0,0.20667157633075442,0.8888888888888888,1.0,0.16666666666666666,1.0,0.9170692431561998,1.0,0.2133537894469025,1.0,1.0,0.08333333333333333,1.0,0.6304347826086957
116,112,0.2,0.03,8,max,0.15,False,0.05,0.8345180584311019,1.0,0.24878779039551094,0.6944444444444443,1.0,0.08333333333333333,1.0,0.8936392914653783,1.0,0.20667157633075442,0.8888888888888888,1.0,0.16666666666666666,1.0,0.9170692431561998,1.0,0.2133537894469025,1.0,1.0,0.08333333333333333,1.0,0.6304347826086957
117,601,0.3,0.05,4,mean,0.1,False,0.1,0.8336062972335113,1.0,0.21124280873156717,0.6666666666666666,1.0,0.3055555555555555,1.0,0.9404148454873092,1.0,0.1326685315057078,0.9166666666666666,1.0,0.41111111111111115,1.0,0.8889352171357002,1.0,0.17964461618426975,0.8333333333333334,1.0,0.3611111111111111,1.0,0.5740676839710656
118,276,0.4,0.02,8,weighted,0.1,True,0.15,0.8332920246284473,0.9166666666666666,0.22007896928495607,0.6944444444444443,1.0,0.3277777777777778,1.0,0.9573620853198168,1.0,0.1234628548127842,1.0,1.0,0.43333333333333335,1.0,0.8759299393086305,0.9583333333333334,0.19087266404770975,0.8333333333333334,1.0,0.3611111111111111,1.0,0.5894602742785217
119,742,0.3,0.03,8,weighted,0.15,True,0.05,0.8317283524610417,0.9166666666666666,0.24104133905747452,0.6666666666666666,1.0,0.16666666666666666,1.0,0.8853173538157435,1.0,0.20383837415566952,0.8333333333333334,1.0,0.16666666666666666,1.0,0.9422957723078497,1.0,0.14934356763639822,0.9166666666666666,1.0,0.25,1.0,0.6263578968892979
120,418,0.3,0.02,6,weighted,0.15,True,0.05,0.8317283524610417,0.9166666666666666,0.24104133905747452,0.6666666666666666,1.0,0.16666666666666666,1.0,0.8853173538157435,1.0,0.20383837415566952,0.8333333333333334,1.0,0.16666666666666666,1.0,0.9422957723078497,1.0,0.14934356763639822,0.9166666666666666,1.0,0.25,1.0,0.6263578968892979
121,523,0.4,0.02,6,harmonic,0.1,True,0.15,0.8316560589296166,1.0,0.22507781205046137,0.7222222222222222,1.0,0.3277777777777778,1.0,0.9409098291596033,1.0,0.14349811866063023,1.0,1.0,0.4000000000000001,1.0,0.8907462297700134,1.0,0.184704560118825,0.875,1.0,0.3611111111111111,1.0,0.5949976145280318
122,483,0.4,0.03,8,harmonic,0.1,True,0.15,0.8316560589296166,1.0,0.22507781205046137,0.7222222222222222,1.0,0.3277777777777778,1.0,0.9409098291596033,1.0,0.14349811866063023,1.0,1.0,0.4000000000000001,1.0,0.8907462297700134,1.0,0.184704560118825,0.875,1.0,0.3611111111111111,1.0,0.5949976145280318
123,333,0.4,0.02,8,harmonic,0.1,True,0.15,0.8316560589296166,1.0,0.22507781205046137,0.7222222222222222,1.0,0.3277777777777778,1.0,0.9409098291596033,1.0,0.14349811866063023,1.0,1.0,0.4000000000000001,1.0,0.8907462297700134,1.0,0.184704560118825,0.875,1.0,0.3611111111111111,1.0,0.5949976145280318
124,685,0.4,0.05,4,harmonic,0.05,False,0.05,0.8313718042852777,1.0,0.21412810259261336,0.6944444444444443,1.0,0.3277777777777778,1.0,0.9407452710696953,1.0,0.13334252134191876,0.9375,1.0,0.48888888888888893,1.0,0.8861065431860657,1.0,0.17855877738643003,0.8333333333333334,1.0,0.3611111111111111,1.0,0.5657848879504904
125,119,0.4,0.05,8,harmonic,0.05,False,0.05,0.8313718042852777,1.0,0.21412810259261336,0.6944444444444443,1.0,0.3277777777777778,1.0,0.9407452710696953,1.0,0.13334252134191876,0.9375,1.0,0.48888888888888893,1.0,0.8861065431860657,1.0,0.17855877738643003,0.8333333333333334,1.0,0.3611111111111111,1.0,0.5657848879504904
126,99,0.2,0.05,4,weighted,0.1,True,0.05,0.8313319530710835,0.9583333333333334,0.2302409143870754,0.6666666666666666,1.0,0.16666666666666666,1.0,0.8905624568668048,1.0,0.19057341467590685,0.875,1.0,0.19444444444444442,1.0,0.9342362548884288,1.0,0.15185670607160104,0.9166666666666666,1.0,0.25,1.0,0.6135265700483091
127,502,0.3,0.05,8,mean,0.2,True,0.1,0.8309953011442545,1.0,0.21250225934781922,0.6875,1.0,0.27777777777777773,1.0,0.9156245473677035,1.0,0.15672389169655912,0.8888888888888888,1.0,0.4166666666666667,1.0,0.9107909669503872,1.0,0.1645058209162022,0.9166666666666666,1.0,0.3611111111111111,1.0,0.5603928635329601
128,591,0.3,0.05,6,mean,0.2,True,0.1,0.8309953011442545,1.0,0.21250225934781922,0.6875,1.0,0.27777777777777773,1.0,0.9156245473677035,1.0,0.15672389169655912,0.8888888888888888,1.0,0.4166666666666667,1.0,0.9107909669503872,1.0,0.1645058209162022,0.9166666666666666,1.0,0.3611111111111111,1.0,0.5603928635329601
129,795,0.3,0.05,4,mean,0.2,True,0.1,0.8309953011442545,1.0,0.21250225934781922,0.6875,1.0,0.27777777777777773,1.0,0.9156245473677035,1.0,0.15672389169655912,0.8888888888888888,1.0,0.4166666666666667,1.0,0.9107909669503872,1.0,0.1645058209162022,0.9166666666666666,1.0,0.3611111111111111,1.0,0.5603928635329601
130,492,0.4,0.02,4,mean,0.1,False,0.05,0.8305040677090559,1.0,0.227688197194745,0.6666666666666666,1.0,0.3277777777777778,1.0,0.915875485130558,1.0,0.17716144973649042,1.0,1.0,0.4000000000000001,1.0,0.9146285825784979,1.0,0.1661029868877682,0.9166666666666666,1.0,0.3611111111111111,1.0,0.6067794774970477
131,581,0.4,0.05,4,harmonic,0.05,False,0.1,0.8304522978918744,0.9583333333333334,0.2134341458625465,0.6944444444444443,1.0,0.3277777777777778,1.0,0.9459831584551163,1.0,0.12804439828454667,1.0,1.0,0.48888888888888893,1.0,0.8799491494072412,1.0,0.1821638782276275,0.8333333333333334,1.0,0.3611111111111111,1.0,0.5634366361123236
132,452,0.2,0.03,4,weighted,0.15,True,0.15,0.8295864964343225,0.9166666666666666,0.23530978951108453,0.6805555555555555,1.0,0.19444444444444442,1.0,0.9673682999769956,1.0,0.11179560129322874,1.0,1.0,0.3333333333333333,1.0,0.8582499424890728,0.9583333333333334,0.22429882390811784,0.8263888888888888,1.0,0.19444444444444442,1.0,0.60351966873706
133,582,0.2,0.03,6,weighted,0.15,True,0.15,0.8295864964343225,0.9166666666666666,0.23530978951108453,0.6805555555555555,1.0,0.19444444444444442,1.0,0.9673682999769956,1.0,0.11179560129322874,1.0,1.0,0.3333333333333333,1.0,0.8582499424890728,0.9583333333333334,0.22429882390811784,0.8263888888888888,1.0,0.19444444444444442,1.0,0.60351966873706
134,208,0.2,0.02,6,weighted,0.15,True,0.15,0.8295864964343225,0.9166666666666666,0.23530978951108453,0.6805555555555555,1.0,0.19444444444444442,1.0,0.9673682999769956,1.0,0.11179560129322874,1.0,1.0,0.3333333333333333,1.0,0.8582499424890728,0.9583333333333334,0.22429882390811784,0.8263888888888888,1.0,0.19444444444444442,1.0,0.60351966873706
135,41,0.2,0.05,4,harmonic,0.2,True,0.05,0.8294398435702783,0.9166666666666666,0.23049195262823854,0.6666666666666666,1.0,0.16666666666666666,1.0,0.8961553945249597,1.0,0.18866872481996277,0.8333333333333334,1.0,0.19444444444444442,1.0,0.9206205429031517,1.0,0.17601857433323542,0.9166666666666666,1.0,0.25,1.0,0.6095583160800552
136,468,0.3,0.03,8,mean,0.15,False,0.15,0.8293387734410279,0.9583333333333334,0.22168618602538506,0.6597222222222222,1.0,0.3055555555555555,1.0,0.961141570602118,1.0,0.11586981822251402,1.0,1.0,0.4666666666666666,1.0,0.8681972028389097,1.0,0.20869789768001193,0.8125,1.0,0.3055555555555555,1.0,0.5947396672034353
137,751,0.3,0.03,8,weighted,0.15,True,0.15,0.8293268452487453,0.9166666666666666,0.23600642013255554,0.6805555555555555,1.0,0.19444444444444442,1.0,0.9680149784014517,1.0,0.11182357233484297,1.0,1.0,0.3333333333333333,1.0,0.8571966405098449,0.9583333333333334,0.2253204191978655,0.8263888888888888,1.0,0.19444444444444442,1.0,0.6038136134754492
138,491,0.3,0.03,4,weighted,0.15,True,0.15,0.8293268452487453,0.9166666666666666,0.23600642013255554,0.6805555555555555,1.0,0.19444444444444442,1.0,0.9680149784014517,1.0,0.11182357233484297,1.0,1.0,0.3333333333333333,1.0,0.8571966405098449,0.9583333333333334,0.2253204191978655,0.8263888888888888,1.0,0.19444444444444442,1.0,0.6038136134754492
139,38,0.3,0.02,6,mean,0.2,True,0.15,0.8289702775008733,1.0,0.22336087029254434,0.6597222222222222,1.0,0.3055555555555555,1.0,0.9326065656178377,1.0,0.1570309590378848,1.0,1.0,0.37777777777777777,1.0,0.8963637118830355,1.0,0.18146924250020066,0.8333333333333334,1.0,0.3611111111111111,1.0,0.5899854305651407
140,584,0.3,0.02,4,mean,0.2,True,0.15,0.8289702775008733,1.0,0.22336087029254434,0.6597222222222222,1.0,0.3055555555555555,1.0,0.9326065656178377,1.0,0.1570309590378848,1.0,1.0,0.37777777777777777,1.0,0.8963637118830355,1.0,0.18146924250020066,0.8333333333333334,1.0,0.3611111111111111,1.0,0.5899854305651407
141,213,0.2,0.05,4,harmonic,0.05,False,0.05,0.8289193696802393,1.0,0.22092478462794693,0.6944444444444443,1.0,0.27777777777777773,1.0,0.9302421210029905,1.0,0.14701248398581743,0.8888888888888888,1.0,0.4388888888888889,1.0,0.8942086496434323,1.0,0.17466572576052306,0.8333333333333334,1.0,0.3611111111111111,1.0,0.5743616287094548
142,253,0.3,0.02,8,min,0.1,False,0.1,0.8287367192359141,1.0,0.21942446928765644,0.6666666666666666,1.0,0.3055555555555555,1.0,0.9127537935911527,1.0,0.17975223391419762,0.8888888888888888,1.0,0.37777777777777777,1.0,0.9159829256447614,1.0,0.1595245646378628,0.9166666666666666,1.0,0.3611111111111111,1.0,0.5750006390103009
143,779,0.3,0.02,4,min,0.1,False,0.05,0.8287367192359141,1.0,0.21942446928765644,0.6666666666666666,1.0,0.3055555555555555,1.0,0.9127537935911527,1.0,0.17975223391419762,0.8888888888888888,1.0,0.37777777777777777,1.0,0.9159829256447614,1.0,0.1595245646378628,0.9166666666666666,1.0,0.3611111111111111,1.0,0.5750006390103009
144,577,0.3,0.03,6,max,0.15,False,0.1,0.8286045506053559,1.0,0.2441275723836448,0.6805555555555555,1.0,0.08333333333333333,1.0,0.9040253388884628,1.0,0.1929429888696028,0.9166666666666666,1.0,0.16666666666666666,1.0,0.9082652787362933,1.0,0.21167314556426664,0.9166666666666666,1.0,0.08333333333333333,1.0,0.6085486798047185
145,628,0.3,0.02,6,max,0.15,False,0.1,0.8286045506053559,1.0,0.2441275723836448,0.6805555555555555,1.0,0.08333333333333333,1.0,0.9040253388884628,1.0,0.1929429888696028,0.9166666666666666,1.0,0.16666666666666666,1.0,0.9082652787362933,1.0,0.21167314556426664,0.9166666666666666,1.0,0.08333333333333333,1.0,0.6085486798047185
146,675,0.3,0.03,8,mean,0.15,False,0.1,0.8283222145540986,0.9583333333333334,0.22299763747998388,0.6597222222222222,1.0,0.3055555555555555,1.0,0.9591329482231253,1.0,0.11887808669272147,1.0,1.0,0.4666666666666666,1.0,0.8691892663309733,1.0,0.20884191303785826,0.8125,1.0,0.3055555555555555,1.0,0.5947396672034353
147,381,0.3,0.03,4,mean,0.15,False,0.1,0.8283222145540986,0.9583333333333334,0.22299763747998388,0.6597222222222222,1.0,0.3055555555555555,1.0,0.9591329482231253,1.0,0.11887808669272147,1.0,1.0,0.4666666666666666,1.0,0.8691892663309733,1.0,0.20884191303785826,0.8125,1.0,0.3055555555555555,1.0,0.5947396672034353
148,323,0.3,0.03,6,mean,0.15,False,0.1,0.8283222145540986,0.9583333333333334,0.22299763747998388,0.6597222222222222,1.0,0.3055555555555555,1.0,0.9591329482231253,1.0,0.11887808669272147,1.0,1.0,0.4666666666666666,1.0,0.8691892663309733,1.0,0.20884191303785826,0.8125,1.0,0.3055555555555555,1.0,0.5947396672034353
149,576,0.3,0.03,6,harmonic,0.15,True,0.05,0.8283133749116036,0.9166666666666666,0.24019378454427562,0.6722222222222222,1.0,0.15,1.0,0.8668616713101415,0.9333333333333332,0.21591037679378464,0.8333333333333334,1.0,0.15,1.0,0.9573364772640134,1.0,0.13392647840246583,1.0,1.0,0.25,1.0,0.6249776346394703
150,195,0.2,0.03,4,min,0.1,False,0.1,0.8282982516678169,1.0,0.21981776209520118,0.6666666666666666,1.0,0.3055555555555555,1.0,0.9119478951000689,1.0,0.18037143293307809,0.8888888888888888,1.0,0.37777777777777777,1.0,0.9163503565677479,1.0,0.15897382395744053,0.9166666666666666,1.0,0.3611111111111111,1.0,0.5747066942719116
151,235,0.2,0.02,4,min,0.1,False,0.05,0.8282982516678169,1.0,0.21981776209520118,0.6666666666666666,1.0,0.3055555555555555,1.0,0.9119478951000689,1.0,0.18037143293307809,0.8888888888888888,1.0,0.37777777777777777,1.0,0.9163503565677479,1.0,0.15897382395744053,0.9166666666666666,1.0,0.3611111111111111,1.0,0.5747066942719116
152,321,0.2,0.03,6,min,0.1,False,0.05,0.8282982516678169,1.0,0.21981776209520118,0.6666666666666666,1.0,0.3055555555555555,1.0,0.9119478951000689,1.0,0.18037143293307809,0.8888888888888888,1.0,0.37777777777777777,1.0,0.9163503565677479,1.0,0.15897382395744053,0.9166666666666666,1.0,0.3611111111111111,1.0,0.5747066942719116
153,280,0.2,0.03,8,min,0.1,False,0.1,0.8282982516678169,1.0,0.21981776209520118,0.6666666666666666,1.0,0.3055555555555555,1.0,0.9119478951000689,1.0,0.18037143293307809,0.8888888888888888,1.0,0.37777777777777777,1.0,0.9163503565677479,1.0,0.15897382395744053,0.9166666666666666,1.0,0.3611111111111111,1.0,0.5747066942719116
154,199,0.2,0.02,8,min,0.1,False,0.05,0.8282982516678169,1.0,0.21981776209520118,0.6666666666666666,1.0,0.3055555555555555,1.0,0.9119478951000689,1.0,0.18037143293307809,0.8888888888888888,1.0,0.37777777777777777,1.0,0.9163503565677479,1.0,0.15897382395744053,0.9166666666666666,1.0,0.3611111111111111,1.0,0.5747066942719116
155,687,0.3,0.02,8,mean,0.2,True,0.1,0.8282980386643833,1.0,0.22756823794131095,0.7222222222222222,1.0,0.27777777777777773,1.0,0.8901398580545118,1.0,0.19691588032736684,0.8055555555555555,1.0,0.35000000000000003,1.0,0.9381581806098714,1.0,0.13908492239345527,0.9166666666666666,1.0,0.4444444444444444,1.0,0.5878703064693404
156,542,0.3,0.03,4,mean,0.1,False,0.15,0.8282831284240303,1.0,0.2268861626804576,0.6597222222222222,1.0,0.3055555555555555,1.0,0.9346629007659603,1.0,0.15800486760145652,1.0,1.0,0.37777777777777777,1.0,0.8936202276580697,1.0,0.18828754835630424,0.8333333333333334,1.0,0.3055555555555555,1.0,0.5938067121642
157,703,0.2,0.02,4,harmonic,0.05,True,0.1,0.8280710835058661,1.0,0.238103559143947,0.6597222222222222,1.0,0.2611111111111111,1.0,0.8867897400506095,1.0,0.20306704283493968,0.798611111111111,1.0,0.3333333333333333,1.0,0.9412813434552566,1.0,0.1356534028301932,0.9166666666666666,1.0,0.4444444444444444,1.0,0.6112836438923396
158,709,0.2,0.03,4,harmonic,0.05,True,0.1,0.8280710835058661,1.0,0.238103559143947,0.6597222222222222,1.0,0.2611111111111111,1.0,0.8867897400506095,1.0,0.20306704283493968,0.798611111111111,1.0,0.3333333333333333,1.0,0.9412813434552566,1.0,0.1356534028301932,0.9166666666666666,1.0,0.4444444444444444,1.0,0.6112836438923396
159,653,0.2,0.05,6,harmonic,0.05,True,0.1,0.8280193236714976,1.0,0.21685644381359723,0.6944444444444443,1.0,0.27777777777777773,1.0,0.9086812744421439,1.0,0.1606097902304666,0.798611111111111,1.0,0.4388888888888889,1.0,0.9129428341384864,1.0,0.16214539779628168,0.9166666666666666,1.0,0.3611111111111111,1.0,0.5581435472739821
160,5,0.2,0.05,8,harmonic,0.05,True,0.1,0.8280193236714976,1.0,0.21685644381359723,0.6944444444444443,1.0,0.27777777777777773,1.0,0.9086812744421439,1.0,0.1606097902304666,0.798611111111111,1.0,0.4388888888888889,1.0,0.9129428341384864,1.0,0.16214539779628168,0.9166666666666666,1.0,0.3611111111111111,1.0,0.5581435472739821
161,223,0.2,0.02,6,harmonic,0.2,True,0.05,0.8278410397975615,0.9166666666666666,0.24071687282845677,0.6708333333333334,1.0,0.15,1.0,0.8662295836208879,0.9166666666666666,0.2125671549172752,0.8250000000000001,1.0,0.17777777777777778,1.0,0.9497066942719116,1.0,0.15799466002179394,1.0,1.0,0.25,1.0,0.6312974465148378
162,367,0.4,0.03,8,weighted,0.05,True,0.15,0.8278324236959137,1.0,0.22486516504502418,0.6666666666666666,1.0,0.3277777777777778,1.0,0.9448905784572142,1.0,0.14057817486435856,1.0,1.0,0.4000000000000001,1.0,0.8829418452386993,1.0,0.18586186099721466,0.8333333333333334,1.0,0.3611111111111111,1.0,0.5814985501067541
163,498,0.4,0.02,6,weighted,0.05,True,0.15,0.8278324236959137,1.0,0.22486516504502418,0.6666666666666666,1.0,0.3277777777777778,1.0,0.9448905784572142,1.0,0.14057817486435856,1.0,1.0,0.4000000000000001,1.0,0.8829418452386993,1.0,0.18586186099721466,0.8333333333333334,1.0,0.3611111111111111,1.0,0.5814985501067541
164,724,0.4,0.02,8,weighted,0.05,True,0.15,0.8278324236959137,1.0,0.22486516504502418,0.6666666666666666,1.0,0.3277777777777778,1.0,0.9448905784572142,1.0,0.14057817486435856,1.0,1.0,0.4000000000000001,1.0,0.8829418452386993,1.0,0.18586186099721466,0.8333333333333334,1.0,0.3611111111111111,1.0,0.5814985501067541
165,173,0.4,0.02,6,mean,0.1,False,0.1,0.8277532745255279,1.0,0.22658197880247818,0.6666666666666666,1.0,0.3277777777777778,1.0,0.9191103655806284,1.0,0.17363406327523534,1.0,1.0,0.4000000000000001,1.0,0.9086429089448996,1.0,0.1686448623886406,0.9166666666666666,1.0,0.3611111111111111,1.0,0.5951515705203035
166,21,0.4,0.03,4,max,0.15,False,0.05,0.8276618596304832,1.0,0.24534577077519912,0.6944444444444443,1.0,0.08333333333333333,1.0,0.891878003692688,1.0,0.20291811413130392,0.8888888888888888,1.0,0.16666666666666666,1.0,0.9143230673447498,1.0,0.21299160716492702,1.0,1.0,0.08333333333333333,1.0,0.6030168607188898
167,34,0.4,0.02,6,max,0.15,False,0.05,0.8276618596304832,1.0,0.24534577077519912,0.6944444444444443,1.0,0.08333333333333333,1.0,0.891878003692688,1.0,0.20291811413130392,0.8888888888888888,1.0,0.16666666666666666,1.0,0.9143230673447498,1.0,0.21299160716492702,1.0,1.0,0.08333333333333333,1.0,0.6030168607188898
168,403,0.4,0.05,8,harmonic,0.1,True,0.15,0.8271471221508273,0.9166666666666666,0.21253924329420637,0.673611111111111,1.0,0.3611111111111111,1.0,0.9642875954329773,1.0,0.10388637185937871,1.0,1.0,0.5222222222222223,1.0,0.8613269596680415,0.9166666666666666,0.19424074856891074,0.8055555555555555,1.0,0.3611111111111111,1.0,0.5578992958628134
169,512,0.2,0.02,4,weighted,0.15,True,0.05,0.8270962732919255,0.9166666666666666,0.24332237724799036,0.6666666666666666,1.0,0.16666666666666666,1.0,0.8805383022774328,0.9666666666666667,0.20620519735531695,0.8333333333333334,1.0,0.16666666666666666,1.0,0.9425897170462388,1.0,0.1486282229694894,0.9166666666666666,1.0,0.25,1.0,0.6207729468599034
170,310,0.2,0.02,6,weighted,0.15,True,0.05,0.8270962732919255,0.9166666666666666,0.24332237724799036,0.6666666666666666,1.0,0.16666666666666666,1.0,0.8805383022774328,0.9666666666666667,0.20620519735531695,0.8333333333333334,1.0,0.16666666666666666,1.0,0.9425897170462388,1.0,0.1486282229694894,0.9166666666666666,1.0,0.25,1.0,0.6207729468599034
171,672,0.2,0.03,8,weighted,0.15,True,0.05,0.8270962732919255,0.9166666666666666,0.24332237724799036,0.6666666666666666,1.0,0.16666666666666666,1.0,0.8805383022774328,0.9666666666666667,0.20620519735531695,0.8333333333333334,1.0,0.16666666666666666,1.0,0.9425897170462388,1.0,0.1486282229694894,0.9166666666666666,1.0,0.25,1.0,0.6207729468599034
172,777,0.2,0.05,4,weighted,0.15,True,0.05,0.8267972164711296,1.0,0.23337841813796323,0.7083333333333334,1.0,0.19444444444444442,1.0,0.9065361168622038,1.0,0.1831746529947763,0.8888888888888888,1.0,0.2222222222222222,1.0,0.9162928456406717,1.0,0.16730230720599368,0.9166666666666666,1.0,0.25,1.0,0.6000690131124914
173,60,0.2,0.05,8,weighted,0.15,True,0.05,0.8267972164711296,1.0,0.23337841813796323,0.7083333333333334,1.0,0.19444444444444442,1.0,0.9065361168622038,1.0,0.1831746529947763,0.8888888888888888,1.0,0.2222222222222222,1.0,0.9162928456406717,1.0,0.16730230720599368,0.9166666666666666,1.0,0.25,1.0,0.6000690131124914
174,548,0.4,0.05,6,mean,0.1,False,0.05,0.8266630066872166,1.0,0.2082187295661664,0.673611111111111,1.0,0.3611111111111111,1.0,0.9338533718618073,1.0,0.13372427674226817,0.9166666666666666,1.0,0.4666666666666666,1.0,0.8885823867577546,1.0,0.1784833063854745,0.8333333333333334,1.0,0.3611111111111111,1.0,0.5409455266479212
175,294,0.3,0.03,8,weighted,0.1,True,0.05,0.8265362872649508,0.9166666666666666,0.24001484645843404,0.7263888888888888,1.0,0.15,1.0,0.8652075931464015,0.9166666666666666,0.21734845080524026,0.8333333333333334,1.0,0.15,1.0,0.9572134677811007,1.0,0.13442365065715248,1.0,1.0,0.25,1.0,0.6243386243386243
176,201,0.3,0.02,6,weighted,0.1,True,0.05,0.8265362872649508,0.9166666666666666,0.24001484645843404,0.7263888888888888,1.0,0.15,1.0,0.8652075931464015,0.9166666666666666,0.21734845080524026,0.8333333333333334,1.0,0.15,1.0,0.9572134677811007,1.0,0.13442365065715248,1.0,1.0,0.25,1.0,0.6243386243386243
177,674,0.3,0.05,4,weighted,0.05,True,0.15,0.8264917695473252,0.9166666666666666,0.21326705109612668,0.6944444444444443,1.0,0.3277777777777778,1.0,0.9584731700875017,1.0,0.11212169913170157,1.0,1.0,0.5222222222222223,1.0,0.8642848622719798,0.9166666666666666,0.19398922358722717,0.8055555555555555,1.0,0.3611111111111111,1.0,0.5574789765611021
178,204,0.2,0.05,4,max,0.2,False,0.05,0.8263400046008741,1.0,0.27424096899343264,0.7222222222222222,1.0,0.0,1.0,0.9241402116402115,1.0,0.21177693377658158,1.0,1.0,0.0,1.0,0.8501121463077984,1.0,0.2734244231754516,0.8333333333333334,1.0,0.0,1.0,0.6314699792960662
179,583,0.2,0.05,8,max,0.2,False,0.05,0.8263400046008741,1.0,0.27424096899343264,0.7222222222222222,1.0,0.0,1.0,0.9241402116402115,1.0,0.21177693377658158,1.0,1.0,0.0,1.0,0.8501121463077984,1.0,0.2734244231754516,0.8333333333333334,1.0,0.0,1.0,0.6314699792960662
180,145,0.2,0.05,8,weighted,0.1,True,0.15,0.8258310328962503,0.9166666666666666,0.21931844818491633,0.6805555555555555,1.0,0.19444444444444442,1.0,0.9661691971474579,1.0,0.10822820905791387,1.0,1.0,0.38888888888888884,1.0,0.8532608695652174,0.9166666666666666,0.2081798171626289,0.7916666666666666,1.0,0.19444444444444442,1.0,0.5662525879917184
181,284,0.3,0.05,4,weighted,0.1,True,0.15,0.8258285833567637,0.9166666666666666,0.21977583861748107,0.6805555555555555,1.0,0.19444444444444442,1.0,0.9668305728088337,1.0,0.1081266739813015,1.0,1.0,0.38888888888888884,1.0,0.8523912830474828,0.9166666666666666,0.20907058207477044,0.7916666666666666,1.0,0.19444444444444442,1.0,0.5668404774684968
182,598,0.4,0.02,8,harmonic,0.1,True,0.05,0.8254314715373154,0.9166666666666666,0.21980178791099,0.6388888888888888,1.0,0.21666666666666667,1.0,0.8672323562485267,0.9166666666666666,0.19460453308174586,0.75,1.0,0.26666666666666666,1.0,0.9581991152887888,1.0,0.11288070456129029,1.0,1.0,0.5,1.0,0.5706725677490957
183,721,0.4,0.02,4,harmonic,0.1,True,0.05,0.8254314715373154,0.9166666666666666,0.21980178791099,0.6388888888888888,1.0,0.21666666666666667,1.0,0.8672323562485267,0.9166666666666666,0.19460453308174586,0.75,1.0,0.26666666666666666,1.0,0.9581991152887888,1.0,0.11288070456129029,1.0,1.0,0.5,1.0,0.5706725677490957
184,482,0.4,0.03,4,harmonic,0.1,True,0.05,0.8254314715373154,0.9166666666666666,0.21980178791099,0.6388888888888888,1.0,0.21666666666666667,1.0,0.8672323562485267,0.9166666666666666,0.19460453308174586,0.75,1.0,0.26666666666666666,1.0,0.9581991152887888,1.0,0.11288070456129029,1.0,1.0,0.5,1.0,0.5706725677490957
185,422,0.3,0.03,8,max,0.2,False,0.05,0.8254159957058508,1.0,0.269171378723107,0.7083333333333334,1.0,0.0,1.0,0.9072831199038928,1.0,0.21819947060542447,0.9166666666666666,1.0,0.0,1.0,0.8775512486261278,1.0,0.25698032244786756,0.8333333333333334,1.0,0.0,1.0,0.6314188584719985
186,783,0.3,0.05,4,weighted,0.05,True,0.05,0.8251576225408753,0.9166666666666666,0.23102562753414066,0.6388888888888888,1.0,0.25,1.0,0.8791733762748256,1.0,0.19801323367559076,0.8888888888888888,1.0,0.27777777777777773,1.0,0.9424368870826197,1.0,0.13085042249001633,0.9166666666666666,1.0,0.4166666666666667,1.0,0.5923178181632288
187,15,0.3,0.05,8,weighted,0.05,True,0.05,0.8251576225408753,0.9166666666666666,0.23102562753414066,0.6388888888888888,1.0,0.25,1.0,0.8791733762748256,1.0,0.19801323367559076,0.8888888888888888,1.0,0.27777777777777773,1.0,0.9424368870826197,1.0,0.13085042249001633,0.9166666666666666,1.0,0.4166666666666667,1.0,0.5923178181632288
188,619,0.2,0.03,4,mean,0.2,True,0.1,0.8251552795031056,1.0,0.23049716075220053,0.6944444444444443,1.0,0.27777777777777773,1.0,0.8868501265240395,1.0,0.19997974035521116,0.7777777777777777,1.0,0.35000000000000003,1.0,0.938305152979066,1.0,0.13877010203164594,0.9166666666666666,1.0,0.4444444444444444,1.0,0.5841959972394755
189,593,0.2,0.02,8,mean,0.2,True,0.1,0.8251552795031056,1.0,0.23049716075220053,0.6944444444444443,1.0,0.27777777777777773,1.0,0.8868501265240395,1.0,0.19997974035521116,0.7777777777777777,1.0,0.35000000000000003,1.0,0.938305152979066,1.0,0.13877010203164594,0.9166666666666666,1.0,0.4444444444444444,1.0,0.5841959972394755
190,513,0.3,0.02,8,mean,0.05,False,0.1,0.8248784815411225,1.0,0.23276047899694033,0.6666666666666666,1.0,0.27777777777777773,1.0,0.8867203009312511,1.0,0.2042096987960218,0.7916666666666666,1.0,0.35000000000000003,1.0,0.9381581806098714,1.0,0.13908492239345527,0.9166666666666666,1.0,0.4444444444444444,1.0,0.5959537867750428
191,52,0.3,0.03,6,mean,0.05,False,0.1,0.8248784815411225,1.0,0.23276047899694033,0.6666666666666666,1.0,0.27777777777777773,1.0,0.8867203009312511,1.0,0.2042096987960218,0.7916666666666666,1.0,0.35000000000000003,1.0,0.9381581806098714,1.0,0.13908492239345527,0.9166666666666666,1.0,0.4444444444444444,1.0,0.5959537867750428
192,77,0.2,0.03,4,mean,0.15,False,0.15,0.8245744191396365,0.9583333333333334,0.23068050264910264,0.6597222222222222,1.0,0.19444444444444442,1.0,0.9557280883367839,1.0,0.13039965477614832,1.0,1.0,0.3,1.0,0.8648780768345986,1.0,0.21881777604412692,0.8125,1.0,0.19444444444444442,1.0,0.5898895790200138
193,360,0.2,0.03,4,harmonic,0.15,True,0.05,0.824134460547504,0.9166666666666666,0.24148780130458444,0.638888888888889,1.0,0.15,1.0,0.8626092707614447,0.9166666666666666,0.2172370638094363,0.7999999999999999,1.0,0.15,1.0,0.9575569358178053,1.0,0.13323181234280454,1.0,1.0,0.25,1.0,0.6193926846100759
194,69,0.2,0.03,6,harmonic,0.1,False,0.1,0.8236743731308948,1.0,0.250124357720167,0.6597222222222222,1.0,0.1111111111111111,1.0,0.9597452265930526,1.0,0.1497264579693312,1.0,1.0,0.13333333333333333,1.0,0.8484011962272832,1.0,0.24388240044184703,0.8333333333333334,1.0,0.1111111111111111,1.0,0.6067977915804003
195,755,0.2,0.03,6,harmonic,0.1,False,0.05,0.8236743731308948,1.0,0.250124357720167,0.6597222222222222,1.0,0.1111111111111111,1.0,0.9597452265930526,1.0,0.1497264579693312,1.0,1.0,0.13333333333333333,1.0,0.8484011962272832,1.0,0.24388240044184703,0.8333333333333334,1.0,0.1111111111111111,1.0,0.6067977915804003
196,462,0.2,0.02,8,harmonic,0.1,False,0.05,0.8236743731308948,1.0,0.250124357720167,0.6597222222222222,1.0,0.1111111111111111,1.0,0.9597452265930526,1.0,0.1497264579693312,1.0,1.0,0.13333333333333333,1.0,0.8484011962272832,1.0,0.24388240044184703,0.8333333333333334,1.0,0.1111111111111111,1.0,0.6067977915804003
197,423,0.2,0.03,4,mean,0.15,False,0.1,0.8235823556475731,0.9583333333333334,0.2317538366578471,0.6597222222222222,1.0,0.19444444444444442,1.0,0.9537439613526569,1.0,0.1327776570021115,1.0,1.0,0.3,1.0,0.865870140326662,1.0,0.21896179140197325,0.8125,1.0,0.19444444444444442,1.0,0.5898895790200138
198,45,0.3,0.05,8,mean,0.2,True,0.15,0.8234955567483748,0.9583333333333334,0.21558021716537934,0.6527777777777778,1.0,0.3055555555555555,1.0,0.9519592055823939,1.0,0.1173069001574567,1.0,1.0,0.5,1.0,0.8680539580298033,1.0,0.19668708251836797,0.8055555555555555,1.0,0.3611111111111111,1.0,0.5552616108171664
199,514,0.3,0.02,6,harmonic,0.1,False,0.1,0.8234049237873714,1.0,0.25108261155706185,0.6597222222222222,1.0,0.1111111111111111,1.0,0.9602718775826666,1.0,0.1502244711580856,1.0,1.0,0.13333333333333333,1.0,0.8471641787865621,1.0,0.24514104295240688,0.8333333333333334,1.0,0.1111111111111111,1.0,0.6075326534263733
200,499,0.3,0.03,6,harmonic,0.1,False,0.05,0.8234049237873714,1.0,0.25108261155706185,0.6597222222222222,1.0,0.1111111111111111,1.0,0.9602718775826666,1.0,0.1502244711580856,1.0,1.0,0.13333333333333333,1.0,0.8471641787865621,1.0,0.24514104295240688,0.8333333333333334,1.0,0.1111111111111111,1.0,0.6075326534263733
201,731,0.3,0.03,4,harmonic,0.1,False,0.05,0.8234049237873714,1.0,0.25108261155706185,0.6597222222222222,1.0,0.1111111111111111,1.0,0.9602718775826666,1.0,0.1502244711580856,1.0,1.0,0.13333333333333333,1.0,0.8471641787865621,1.0,0.24514104295240688,0.8333333333333334,1.0,0.1111111111111111,1.0,0.6075326534263733
202,380,0.3,0.03,8,harmonic,0.1,False,0.1,0.8234049237873714,1.0,0.25108261155706185,0.6597222222222222,1.0,0.1111111111111111,1.0,0.9602718775826666,1.0,0.1502244711580856,1.0,1.0,0.13333333333333333,1.0,0.8471641787865621,1.0,0.24514104295240688,0.8333333333333334,1.0,0.1111111111111111,1.0,0.6075326534263733
203,455,0.3,0.05,8,mean,0.15,False,0.1,0.8230121454557847,0.9166666666666666,0.2227411033750628,0.5833333333333334,1.0,0.3055555555555555,1.0,0.9759891879457095,1.0,0.0867908578016655,1.0,1.0,0.611111111111111,1.0,0.8439275916127768,1.0,0.21783099318050805,0.7083333333333334,1.0,0.3055555555555555,1.0,0.5764767528052552
204,370,0.3,0.02,6,mean,0.15,True,0.15,0.8229186369484277,0.9583333333333334,0.228304370544158,0.6597222222222222,1.0,0.3055555555555555,1.0,0.926554925065392,1.0,0.16736508976102704,1.0,1.0,0.37777777777777777,1.0,0.8963637118830355,1.0,0.18146924250020066,0.8333333333333334,1.0,0.3611111111111111,1.0,0.5860171765968868
205,327,0.2,0.02,4,max,0.15,False,0.1,0.8225615366919715,1.0,0.25308468387980226,0.6805555555555555,1.0,0.08333333333333333,1.0,0.8978720956981826,1.0,0.2021779227746905,0.8888888888888888,1.0,0.16666666666666666,1.0,0.9008799171842651,1.0,0.22679334103200166,0.9166666666666666,1.0,0.08333333333333333,1.0,0.6047273982056591
206,72,0.2,0.03,4,max,0.15,False,0.1,0.8225615366919715,1.0,0.25308468387980226,0.6805555555555555,1.0,0.08333333333333333,1.0,0.8978720956981826,1.0,0.2021779227746905,0.8888888888888888,1.0,0.16666666666666666,1.0,0.9008799171842651,1.0,0.22679334103200166,0.9166666666666666,1.0,0.08333333333333333,1.0,0.6047273982056591
207,778,0.2,0.03,4,mean,0.15,False,0.05,0.822524154589372,0.9583333333333334,0.23313392300769145,0.6597222222222222,1.0,0.19444444444444442,1.0,0.952685760294456,1.0,0.13548016978415553,1.0,1.0,0.3,1.0,0.865870140326662,1.0,0.21896179140197325,0.8125,1.0,0.19444444444444442,1.0,0.5898895790200138
208,746,0.2,0.02,4,mean,0.15,False,0.05,0.822524154589372,0.9583333333333334,0.23313392300769145,0.6597222222222222,1.0,0.19444444444444442,1.0,0.952685760294456,1.0,0.13548016978415553,1.0,1.0,0.3,1.0,0.865870140326662,1.0,0.21896179140197325,0.8125,1.0,0.19444444444444442,1.0,0.5898895790200138
209,315,0.2,0.02,6,mean,0.15,False,0.05,0.822524154589372,0.9583333333333334,0.23313392300769145,0.6597222222222222,1.0,0.19444444444444442,1.0,0.952685760294456,1.0,0.13548016978415553,1.0,1.0,0.3,1.0,0.865870140326662,1.0,0.21896179140197325,0.8125,1.0,0.19444444444444442,1.0,0.5898895790200138
210,666,0.2,0.02,8,harmonic,0.1,False,0.15,0.8225040257648951,0.9583333333333334,0.24994161412188662,0.6597222222222222,1.0,0.1111111111111111,1.0,0.9614648033126293,1.0,0.1473185551106775,1.0,1.0,0.16666666666666666,1.0,0.845511272141707,1.0,0.24478905145857363,0.8333333333333334,1.0,0.1111111111111111,1.0,0.6031746031746031
211,661,0.2,0.03,4,harmonic,0.1,False,0.15,0.8225040257648951,0.9583333333333334,0.24994161412188662,0.6597222222222222,1.0,0.1111111111111111,1.0,0.9614648033126293,1.0,0.1473185551106775,1.0,1.0,0.16666666666666666,1.0,0.845511272141707,1.0,0.24478905145857363,0.8333333333333334,1.0,0.1111111111111111,1.0,0.6031746031746031
212,349,0.2,0.02,4,mean,0.15,True,0.15,0.8224091327352197,0.9583333333333334,0.22875664880772328,0.6597222222222222,1.0,0.3055555555555555,1.0,0.9256412468368991,1.0,0.1681625713387119,1.0,1.0,0.37777777777777777,1.0,0.8967678858983207,1.0,0.18086201197851995,0.8333333333333334,1.0,0.3611111111111111,1.0,0.5855762594893029
213,73,0.2,0.02,8,mean,0.15,True,0.15,0.8224091327352197,0.9583333333333334,0.22875664880772328,0.6597222222222222,1.0,0.3055555555555555,1.0,0.9256412468368991,1.0,0.1681625713387119,1.0,1.0,0.37777777777777777,1.0,0.8967678858983207,1.0,0.18086201197851995,0.8333333333333334,1.0,0.3611111111111111,1.0,0.5855762594893029
214,787,0.3,0.03,8,mean,0.15,True,0.1,0.8223039090390136,1.0,0.2340389839348549,0.6666666666666666,1.0,0.27777777777777773,1.0,0.8841457284291422,1.0,0.2063883537975976,0.8055555555555555,1.0,0.35000000000000003,1.0,0.9381581806098714,1.0,0.13908492239345527,0.9166666666666666,1.0,0.4444444444444444,1.0,0.5878703064693404
215,771,0.3,0.05,4,max,0.1,False,0.1,0.8222246717617088,0.9166666666666666,0.2282773411013774,0.7222222222222222,1.0,0.08333333333333333,1.0,0.894084149136484,1.0,0.18093776061543362,0.8055555555555555,1.0,0.16666666666666666,1.0,0.9118325537407662,1.0,0.1969657066199919,0.9166666666666666,1.0,0.08333333333333333,1.0,0.5481430360657414
216,688,0.3,0.02,8,harmonic,0.1,False,0.15,0.8222100810265061,0.9583333333333334,0.25091677623648984,0.6597222222222222,1.0,0.1111111111111111,1.0,0.9620404450919748,1.0,0.14778590602060965,1.0,1.0,0.16666666666666666,1.0,0.8442007685163885,1.0,0.2460421177743608,0.8333333333333334,1.0,0.1111111111111111,1.0,0.6039094650205762
217,359,0.3,0.02,8,harmonic,0.05,True,0.15,0.8220141178675799,1.0,0.23294101298467965,0.6597222222222222,1.0,0.3055555555555555,1.0,0.9235800126098033,1.0,0.1703142371351316,1.0,1.0,0.37777777777777777,1.0,0.8984341052577767,1.0,0.1810436637314554,0.9166666666666666,1.0,0.3611111111111111,1.0,0.5901835237584029
218,766,0.3,0.03,4,harmonic,0.05,True,0.15,0.8220141178675799,1.0,0.23294101298467965,0.6597222222222222,1.0,0.3055555555555555,1.0,0.9235800126098033,1.0,0.1703142371351316,1.0,1.0,0.37777777777777777,1.0,0.8984341052577767,1.0,0.1810436637314554,0.9166666666666666,1.0,0.3611111111111111,1.0,0.5901835237584029
219,732,0.4,0.05,8,mean,0.2,True,0.1,0.8220115619258372,1.0,0.21040095922628899,0.673611111111111,1.0,0.27777777777777773,1.0,0.9116770544665848,1.0,0.1551935180109282,0.8888888888888888,1.0,0.4166666666666667,1.0,0.9055370018846921,1.0,0.16621923193128438,0.875,1.0,0.4166666666666667,1.0,0.5275801163298245
220,76,0.3,0.05,6,mean,0.15,False,0.05,0.8216893941330334,0.875,0.22249488368474676,0.5833333333333334,1.0,0.3055555555555555,1.0,0.9746664366229583,1.0,0.08853835705301362,1.0,1.0,0.611111111111111,1.0,0.8439275916127768,1.0,0.21783099318050805,0.7083333333333334,1.0,0.3055555555555555,1.0,0.5725084988370013
221,320,0.2,0.02,8,harmonic,0.05,True,0.15,0.8216442374051068,1.0,0.23318714718905234,0.6597222222222222,1.0,0.3055555555555555,1.0,0.9228059581320451,1.0,0.1708153254415882,1.0,1.0,0.37777777777777777,1.0,0.8988382792730617,1.0,0.18043643320977468,0.9166666666666666,1.0,0.3611111111111111,1.0,0.5898895790200138
222,706,0.2,0.03,6,harmonic,0.05,True,0.15,0.8216442374051068,1.0,0.23318714718905234,0.6597222222222222,1.0,0.3055555555555555,1.0,0.9228059581320451,1.0,0.1708153254415882,1.0,1.0,0.37777777777777777,1.0,0.8988382792730617,1.0,0.18043643320977468,0.9166666666666666,1.0,0.3611111111111111,1.0,0.5898895790200138
223,603,0.4,0.05,6,weighted,0.2,True,0.05,0.8204837319834833,0.9166666666666666,0.22699835407194416,0.6944444444444443,1.0,0.27777777777777773,1.0,0.948761359188917,1.0,0.12547735025269577,0.9375,1.0,0.4166666666666667,1.0,0.8717223727945663,1.0,0.20010252708143003,0.8888888888888888,1.0,0.3611111111111111,1.0,0.5654008438818566
224,217,0.3,0.05,6,max,0.1,False,0.05,0.8204735705339569,0.9166666666666666,0.22618806301527195,0.6944444444444443,1.0,0.08333333333333333,1.0,0.8746519523894726,1.0,0.19362036600948632,0.7777777777777777,1.0,0.16666666666666666,1.0,0.9300427497891266,1.0,0.17703937812729045,0.9791666666666666,1.0,0.08333333333333333,1.0,0.5461748843391355
225,362,0.3,0.02,4,min,0.15,False,0.05,0.8199137975104159,0.9166666666666666,0.2244353233768894,0.6666666666666666,1.0,0.3055555555555555,1.0,0.9416969131542401,1.0,0.15091956331584033,1.0,1.0,0.4000000000000001,1.0,0.8782168843561758,1.0,0.19376823569449322,0.8333333333333334,1.0,0.3055555555555555,1.0,0.5605078853871124
226,414,0.3,0.02,6,min,0.15,False,0.1,0.8199137975104159,0.9166666666666666,0.2244353233768894,0.6666666666666666,1.0,0.3055555555555555,1.0,0.9416969131542401,1.0,0.15091956331584033,1.0,1.0,0.4000000000000001,1.0,0.8782168843561758,1.0,0.19376823569449322,0.8333333333333334,1.0,0.3055555555555555,1.0,0.5605078853871124
227,371,0.3,0.03,4,min,0.15,False,0.15,0.8199137975104159,0.9166666666666666,0.2244353233768894,0.6666666666666666,1.0,0.3055555555555555,1.0,0.9416969131542401,1.0,0.15091956331584033,1.0,1.0,0.4000000000000001,1.0,0.8782168843561758,1.0,0.19376823569449322,0.8333333333333334,1.0,0.3055555555555555,1.0,0.5605078853871124
228,428,0.3,0.02,8,min,0.15,False,0.05,0.8199137975104159,0.9166666666666666,0.2244353233768894,0.6666666666666666,1.0,0.3055555555555555,1.0,0.9416969131542401,1.0,0.15091956331584033,1.0,1.0,0.4000000000000001,1.0,0.8782168843561758,1.0,0.19376823569449322,0.8333333333333334,1.0,0.3055555555555555,1.0,0.5605078853871124
229,393,0.3,0.02,8,min,0.15,False,0.15,0.8199137975104159,0.9166666666666666,0.2244353233768894,0.6666666666666666,1.0,0.3055555555555555,1.0,0.9416969131542401,1.0,0.15091956331584033,1.0,1.0,0.4000000000000001,1.0,0.8782168843561758,1.0,0.19376823569449322,0.8333333333333334,1.0,0.3055555555555555,1.0,0.5605078853871124
230,729,0.3,0.02,6,min,0.15,False,0.05,0.8199137975104159,0.9166666666666666,0.2244353233768894,0.6666666666666666,1.0,0.3055555555555555,1.0,0.9416969131542401,1.0,0.15091956331584033,1.0,1.0,0.4000000000000001,1.0,0.8782168843561758,1.0,0.19376823569449322,0.8333333333333334,1.0,0.3055555555555555,1.0,0.5605078853871124
231,644,0.2,0.02,6,min,0.15,False,0.15,0.8194875776397516,0.9166666666666666,0.22479829358316283,0.6666666666666666,1.0,0.3055555555555555,1.0,0.9405480791350356,1.0,0.1521186471567879,1.0,1.0,0.4000000000000001,1.0,0.878939498504716,1.0,0.19299164983144326,0.8333333333333334,1.0,0.3055555555555555,1.0,0.5602139406487233
232,30,0.2,0.02,8,min,0.15,False,0.15,0.8194875776397516,0.9166666666666666,0.22479829358316283,0.6666666666666666,1.0,0.3055555555555555,1.0,0.9405480791350356,1.0,0.1521186471567879,1.0,1.0,0.4000000000000001,1.0,0.878939498504716,1.0,0.19299164983144326,0.8333333333333334,1.0,0.3055555555555555,1.0,0.5602139406487233
233,322,0.2,0.02,4,min,0.15,False,0.05,0.8194875776397516,0.9166666666666666,0.22479829358316283,0.6666666666666666,1.0,0.3055555555555555,1.0,0.9405480791350356,1.0,0.1521186471567879,1.0,1.0,0.4000000000000001,1.0,0.878939498504716,1.0,0.19299164983144326,0.8333333333333334,1.0,0.3055555555555555,1.0,0.5602139406487233
234,268,0.2,0.03,6,min,0.15,False,0.15,0.8194875776397516,0.9166666666666666,0.22479829358316283,0.6666666666666666,1.0,0.3055555555555555,1.0,0.9405480791350356,1.0,0.1521186471567879,1.0,1.0,0.4000000000000001,1.0,0.878939498504716,1.0,0.19299164983144326,0.8333333333333334,1.0,0.3055555555555555,1.0,0.5602139406487233
235,726,0.2,0.03,4,min,0.15,False,0.05,0.8194875776397516,0.9166666666666666,0.22479829358316283,0.6666666666666666,1.0,0.3055555555555555,1.0,0.9405480791350356,1.0,0.1521186471567879,1.0,1.0,0.4000000000000001,1.0,0.878939498504716,1.0,0.19299164983144326,0.8333333333333334,1.0,0.3055555555555555,1.0,0.5602139406487233
236,744,0.2,0.03,6,min,0.15,False,0.1,0.8194875776397516,0.9166666666666666,0.22479829358316283,0.6666666666666666,1.0,0.3055555555555555,1.0,0.9405480791350356,1.0,0.1521186471567879,1.0,1.0,0.4000000000000001,1.0,0.878939498504716,1.0,0.19299164983144326,0.8333333333333334,1.0,0.3055555555555555,1.0,0.5602139406487233
237,535,0.2,0.02,4,min,0.15,False,0.15,0.8194875776397516,0.9166666666666666,0.22479829358316283,0.6666666666666666,1.0,0.3055555555555555,1.0,0.9405480791350356,1.0,0.1521186471567879,1.0,1.0,0.4000000000000001,1.0,0.878939498504716,1.0,0.19299164983144326,0.8333333333333334,1.0,0.3055555555555555,1.0,0.5602139406487233
238,750,0.2,0.03,6,min,0.15,False,0.05,0.8194875776397516,0.9166666666666666,0.22479829358316283,0.6666666666666666,1.0,0.3055555555555555,1.0,0.9405480791350356,1.0,0.1521186471567879,1.0,1.0,0.4000000000000001,1.0,0.878939498504716,1.0,0.19299164983144326,0.8333333333333334,1.0,0.3055555555555555,1.0,0.5602139406487233
239,647,0.2,0.05,8,mean,0.15,False,0.15,0.819389809063722,0.9166666666666666,0.23059040910772935,0.5833333333333334,1.0,0.19444444444444442,1.0,0.9723516218081435,1.0,0.10269197636941274,1.0,1.0,0.38888888888888884,1.0,0.8400333563377042,1.0,0.22673984903707764,0.6666666666666666,1.0,0.19444444444444442,1.0,0.5757418909592823
240,114,0.2,0.02,8,mean,0.15,True,0.1,0.8191856452726017,1.0,0.23688443738932183,0.6388888888888888,1.0,0.27777777777777773,1.0,0.8808804922935357,1.0,0.2093641969364212,0.7777777777777777,1.0,0.35000000000000003,1.0,0.938305152979066,1.0,0.13877010203164594,0.9166666666666666,1.0,0.4444444444444444,1.0,0.5841959972394755
241,181,0.2,0.02,4,mean,0.15,True,0.1,0.8191856452726017,1.0,0.23688443738932183,0.6388888888888888,1.0,0.27777777777777773,1.0,0.8808804922935357,1.0,0.2093641969364212,0.7777777777777777,1.0,0.35000000000000003,1.0,0.938305152979066,1.0,0.13877010203164594,0.9166666666666666,1.0,0.4444444444444444,1.0,0.5841959972394755
242,152,0.3,0.03,4,mean,0.1,True,0.15,0.8185535575833484,0.9166666666666666,0.23072658154267633,0.6597222222222222,1.0,0.3055555555555555,1.0,0.9221898457003125,1.0,0.17252973156886164,1.0,1.0,0.37777777777777777,1.0,0.8963637118830355,1.0,0.18146924250020066,0.8333333333333334,1.0,0.3611111111111111,1.0,0.5820489226286328
243,722,0.3,0.02,8,max,0.2,False,0.1,0.8185275711644472,1.0,0.2704879425048949,0.6666666666666666,1.0,0.0,1.0,0.911035814397328,1.0,0.2158879755241586,0.9333333333333332,1.0,0.0,1.0,0.866910129591289,1.0,0.2613197715165301,0.8333333333333334,1.0,0.0,1.0,0.6165810392863533
244,657,0.3,0.05,8,harmonic,0.1,True,0.05,0.8180511889851664,0.9166666666666666,0.22644874303938503,0.6388888888888888,1.0,0.2333333333333333,1.0,0.8810289556867658,1.0,0.19644497177321654,0.8333333333333334,1.0,0.2611111111111111,1.0,0.9347171101398155,1.0,0.13890278716081703,0.9166666666666666,1.0,0.4166666666666667,1.0,0.560181990133681
245,311,0.3,0.05,6,harmonic,0.1,True,0.05,0.8180511889851664,0.9166666666666666,0.22644874303938503,0.6388888888888888,1.0,0.2333333333333333,1.0,0.8810289556867658,1.0,0.19644497177321654,0.8333333333333334,1.0,0.2611111111111111,1.0,0.9347171101398155,1.0,0.13890278716081703,0.9166666666666666,1.0,0.4166666666666667,1.0,0.560181990133681
246,564,0.2,0.02,4,mean,0.1,True,0.15,0.8180440533701403,0.9166666666666666,0.23117885980624156,0.6597222222222222,1.0,0.3055555555555555,1.0,0.9212761674718196,1.0,0.1733272131465465,1.0,1.0,0.37777777777777777,1.0,0.8967678858983207,1.0,0.18086201197851995,0.8333333333333334,1.0,0.3611111111111111,1.0,0.581608005521049
247,252,0.2,0.02,8,mean,0.1,True,0.15,0.8180440533701403,0.9166666666666666,0.23117885980624156,0.6597222222222222,1.0,0.3055555555555555,1.0,0.9212761674718196,1.0,0.1733272131465465,1.0,1.0,0.37777777777777777,1.0,0.8967678858983207,1.0,0.18086201197851995,0.8333333333333334,1.0,0.3611111111111111,1.0,0.581608005521049
248,206,0.3,0.05,8,max,0.2,True,0.1,0.8179832408898431,1.0,0.2287115289554674,0.6666666666666666,1.0,0.08333333333333333,1.0,0.8839198382877932,1.0,0.18570277204109184,0.798611111111111,1.0,0.16666666666666666,1.0,0.9165468522352581,1.0,0.19503345287356322,0.9166666666666666,1.0,0.08333333333333333,1.0,0.5325703550341231
249,91,0.3,0.05,4,max,0.2,True,0.1,0.8179832408898431,1.0,0.2287115289554674,0.6666666666666666,1.0,0.08333333333333333,1.0,0.8839198382877932,1.0,0.18570277204109184,0.798611111111111,1.0,0.16666666666666666,1.0,0.9165468522352581,1.0,0.19503345287356322,0.9166666666666666,1.0,0.08333333333333333,1.0,0.5325703550341231
250,17,0.3,0.02,4,mean,0.05,False,0.15,0.8178921819219727,0.9166666666666666,0.23124190300886469,0.6597222222222222,1.0,0.3055555555555555,1.0,0.921528470038937,1.0,0.17345263474253012,1.0,1.0,0.37777777777777777,1.0,0.8963637118830355,1.0,0.18146924250020066,0.8333333333333334,1.0,0.3611111111111111,1.0,0.5820489226286328
251,791,0.3,0.02,8,mean,0.05,False,0.15,0.8178921819219727,0.9166666666666666,0.23124190300886469,0.6597222222222222,1.0,0.3055555555555555,1.0,0.921528470038937,1.0,0.17345263474253012,1.0,1.0,0.37777777777777777,1.0,0.8963637118830355,1.0,0.18146924250020066,0.8333333333333334,1.0,0.3611111111111111,1.0,0.5820489226286328
252,413,0.2,0.02,6,mean,0.05,True,0.15,0.8173826777087648,0.9166666666666666,0.23169418127242994,0.6597222222222222,1.0,0.3055555555555555,1.0,0.9206147918104439,1.0,0.17425011632021495,1.0,1.0,0.37777777777777777,1.0,0.8967678858983207,1.0,0.18086201197851995,0.8333333333333334,1.0,0.3611111111111111,1.0,0.581608005521049
253,711,0.3,0.02,8,mean,0.2,False,0.05,0.8172792645417445,0.9583333333333334,0.2510919414059919,0.5833333333333334,1.0,0.1111111111111111,1.0,0.9719304075181693,1.0,0.12799745514645403,1.0,1.0,0.2222222222222222,1.0,0.8293799896054322,0.9583333333333334,0.250640289113326,0.6666666666666666,1.0,0.1111111111111111,1.0,0.5920047031158142
254,419,0.3,0.03,6,mean,0.2,False,0.1,0.8172792645417445,0.9583333333333334,0.2510919414059919,0.5833333333333334,1.0,0.1111111111111111,1.0,0.9719304075181693,1.0,0.12799745514645403,1.0,1.0,0.2222222222222222,1.0,0.8293799896054322,0.9583333333333334,0.250640289113326,0.6666666666666666,1.0,0.1111111111111111,1.0,0.5920047031158142
255,449,0.4,0.05,6,weighted,0.1,True,0.15,0.8172764282660946,0.9166666666666666,0.21327444824168396,0.6527777777777777,1.0,0.3277777777777778,1.0,0.9662069416670332,1.0,0.10047620826536885,1.0,1.0,0.5555555555555555,1.0,0.8478662432594909,0.9166666666666666,0.19885039854198827,0.7638888888888888,1.0,0.3611111111111111,1.0,0.533479506934787
256,227,0.3,0.02,8,mean,0.1,True,0.1,0.8169151351719789,1.0,0.2377344402770001,0.6666666666666666,1.0,0.27777777777777773,1.0,0.8787569545621076,1.0,0.21214106439816804,0.75,1.0,0.35000000000000003,1.0,0.9381581806098714,1.0,0.13908492239345527,0.9166666666666666,1.0,0.4444444444444444,1.0,0.5839020525010863
257,773,0.3,0.03,4,mean,0.1,True,0.1,0.8169151351719789,1.0,0.2377344402770001,0.6666666666666666,1.0,0.27777777777777773,1.0,0.8787569545621076,1.0,0.21214106439816804,0.75,1.0,0.35000000000000003,1.0,0.9381581806098714,1.0,0.13908492239345527,0.9166666666666666,1.0,0.4444444444444444,1.0,0.5839020525010863
258,442,0.4,0.03,8,mean,0.2,True,0.15,0.8166682175054166,0.9166666666666666,0.22522598675353664,0.6388888888888888,1.0,0.3277777777777778,1.0,0.9271485602013044,1.0,0.16069057523618735,1.0,1.0,0.4000000000000001,1.0,0.8895196573041121,1.0,0.18528956917804607,0.8333333333333334,1.0,0.3611111111111111,1.0,0.5570229309837281
259,753,0.4,0.02,4,mean,0.2,True,0.15,0.8166682175054166,0.9166666666666666,0.22522598675353664,0.6388888888888888,1.0,0.3277777777777778,1.0,0.9271485602013044,1.0,0.16069057523618735,1.0,1.0,0.4000000000000001,1.0,0.8895196573041121,1.0,0.18528956917804607,0.8333333333333334,1.0,0.3611111111111111,1.0,0.5570229309837281
260,81,0.4,0.05,4,max,0.15,False,0.15,0.816476392850577,1.0,0.24462963576497684,0.6472222222222221,1.0,0.08333333333333333,1.0,0.933176360254766,1.0,0.16052709659513173,0.9166666666666666,1.0,0.16666666666666666,1.0,0.8602309396278213,1.0,0.24134598916441571,0.8125,1.0,0.08333333333333333,1.0,0.5612220383773376
261,500,0.4,0.03,4,mean,0.2,True,0.1,0.8163928167404867,0.9166666666666666,0.22625813298389844,0.7013888888888888,1.0,0.27777777777777773,1.0,0.8837547667143761,1.0,0.19716700342760207,0.7847222222222222,1.0,0.35000000000000003,1.0,0.9326380500261106,1.0,0.1452552127161034,0.9166666666666666,1.0,0.4444444444444444,1.0,0.5498817414960463
262,128,0.4,0.02,6,mean,0.2,True,0.1,0.8163928167404867,0.9166666666666666,0.22625813298389844,0.7013888888888888,1.0,0.27777777777777773,1.0,0.8837547667143761,1.0,0.19716700342760207,0.7847222222222222,1.0,0.35000000000000003,1.0,0.9326380500261106,1.0,0.1452552127161034,0.9166666666666666,1.0,0.4444444444444444,1.0,0.5498817414960463
263,177,0.3,0.03,4,mean,0.05,True,0.1,0.8162537595106034,1.0,0.23826283649534133,0.6666666666666666,1.0,0.27777777777777773,1.0,0.8780955789007319,1.0,0.21286889225828562,0.75,1.0,0.35000000000000003,1.0,0.9381581806098714,1.0,0.13908492239345527,0.9166666666666666,1.0,0.4444444444444444,1.0,0.5839020525010863
264,53,0.4,0.05,4,weighted,0.05,True,0.15,0.815950630317262,0.9166666666666666,0.2131616792754276,0.673611111111111,1.0,0.3277777777777778,1.0,0.9542395983835186,1.0,0.11281536769113015,1.0,1.0,0.5222222222222223,1.0,0.8580858476659031,0.9166666666666666,0.19384370773847368,0.8055555555555555,1.0,0.3611111111111111,1.0,0.5224623484548571
265,187,0.2,0.05,6,max,0.2,True,0.1,0.8157321141016792,1.0,0.23075233066190956,0.6666666666666666,1.0,0.08333333333333333,1.0,0.8815217391304349,1.0,0.18797723218687556,0.798611111111111,1.0,0.16666666666666666,1.0,0.9170979986197377,1.0,0.1940272482456481,0.9166666666666666,1.0,0.08333333333333333,1.0,0.5303657694962042
266,656,0.4,0.03,6,min,0.1,False,0.05,0.8155446771266511,0.8333333333333334,0.22004948213243822,0.6666666666666666,1.0,0.3277777777777778,1.0,0.905727642262668,1.0,0.18343205677387697,0.8888888888888888,1.0,0.4000000000000001,1.0,0.9098170348639828,1.0,0.16179527596320964,0.9166666666666666,1.0,0.3611111111111111,1.0,0.5357719285779542
267,116,0.4,0.02,4,min,0.1,False,0.05,0.8155446771266511,0.8333333333333334,0.22004948213243822,0.6666666666666666,1.0,0.3277777777777778,1.0,0.905727642262668,1.0,0.18343205677387697,0.8888888888888888,1.0,0.4000000000000001,1.0,0.9098170348639828,1.0,0.16179527596320964,0.9166666666666666,1.0,0.3611111111111111,1.0,0.5357719285779542
268,569,0.4,0.02,6,min,0.1,False,0.1,0.8155446771266511,0.8333333333333334,0.22004948213243822,0.6666666666666666,1.0,0.3277777777777778,1.0,0.905727642262668,1.0,0.18343205677387697,0.8888888888888888,1.0,0.4000000000000001,1.0,0.9098170348639828,1.0,0.16179527596320964,0.9166666666666666,1.0,0.3611111111111111,1.0,0.5357719285779542
269,390,0.2,0.03,8,max,0.2,False,0.05,0.8154071773636992,1.0,0.28085532536933583,0.7013888888888888,1.0,0.0,1.0,0.8971273291925467,1.0,0.23032699953079036,0.9166666666666666,1.0,0.0,1.0,0.866675293305728,1.0,0.27213293527565946,0.8333333333333334,1.0,0.0,1.0,0.6231884057971014
270,180,0.4,0.02,8,mean,0.1,False,0.15,0.8151565162860627,1.0,0.2294733065043246,0.5763888888888888,1.0,0.3055555555555555,1.0,0.9294682766064716,1.0,0.16142751185339393,1.0,1.0,0.4000000000000001,1.0,0.885688239679591,1.0,0.19421246052048122,0.8333333333333334,1.0,0.3055555555555555,1.0,0.5597146231123472
271,170,0.4,0.03,4,mean,0.1,False,0.15,0.8151565162860627,1.0,0.2294733065043246,0.5763888888888888,1.0,0.3055555555555555,1.0,0.9294682766064716,1.0,0.16142751185339393,1.0,1.0,0.4000000000000001,1.0,0.885688239679591,1.0,0.19421246052048122,0.8333333333333334,1.0,0.3055555555555555,1.0,0.5597146231123472
272,637,0.3,0.05,4,max,0.2,False,0.15,0.8150784065639138,1.0,0.27136350370839163,0.6388888888888888,1.0,0.0,1.0,0.9418497431178591,1.0,0.19531707263893236,1.0,1.0,0.0,1.0,0.8315600797484857,1.0,0.27108533367527865,0.7638888888888888,1.0,0.0,1.0,0.6062035120006134
273,318,0.4,0.02,4,mean,0.15,False,0.15,0.8147047710567246,0.9166666666666666,0.22725635728671315,0.6388888888888888,1.0,0.3055555555555555,1.0,0.957455248433089,1.0,0.12121833425150468,1.0,1.0,0.4666666666666666,1.0,0.8572495226236357,1.0,0.215790845961478,0.75,1.0,0.3055555555555555,1.0,0.5604218055823428
274,233,0.4,0.03,6,mean,0.15,False,0.15,0.8147047710567246,0.9166666666666666,0.22725635728671315,0.6388888888888888,1.0,0.3055555555555555,1.0,0.957455248433089,1.0,0.12121833425150468,1.0,1.0,0.4666666666666666,1.0,0.8572495226236357,1.0,0.215790845961478,0.75,1.0,0.3055555555555555,1.0,0.5604218055823428
275,618,0.3,0.05,6,mean,0.15,True,0.1,0.8141278787414054,0.9166666666666666,0.21354325014265538,0.6666666666666666,1.0,0.27777777777777773,1.0,0.8980324872836949,1.0,0.1691010157689589,0.7777777777777777,1.0,0.3833333333333333,1.0,0.9107909669503872,1.0,0.1645058209162022,0.9166666666666666,1.0,0.3611111111111111,1.0,0.5142051989878077
276,105,0.2,0.05,8,harmonic,0.1,True,0.05,0.8139090177133655,0.9166666666666666,0.22828634438006157,0.6388888888888888,1.0,0.2333333333333333,1.0,0.8765585461237636,0.9166666666666666,0.19860483887720917,0.8333333333333334,1.0,0.2611111111111111,1.0,0.935084541062802,1.0,0.13836964266960208,0.9166666666666666,1.0,0.4166666666666667,1.0,0.5550379572118702
277,606,0.2,0.02,4,mean,0.1,True,0.1,0.8137968714055671,1.0,0.24057989373146704,0.6388888888888888,1.0,0.27777777777777773,1.0,0.8754917184265011,1.0,0.21511690753699164,0.7222222222222222,1.0,0.35000000000000003,1.0,0.938305152979066,1.0,0.13877010203164594,0.9166666666666666,1.0,0.4444444444444444,1.0,0.5802277432712215
278,439,0.2,0.03,8,mean,0.1,True,0.1,0.8137968714055671,1.0,0.24057989373146704,0.6388888888888888,1.0,0.27777777777777773,1.0,0.8754917184265011,1.0,0.21511690753699164,0.7222222222222222,1.0,0.35000000000000003,1.0,0.938305152979066,1.0,0.13877010203164594,0.9166666666666666,1.0,0.4444444444444444,1.0,0.5802277432712215
279,363,0.2,0.02,4,mean,0.05,True,0.1,0.8131354957441914,1.0,0.2411082899498083,0.6388888888888888,1.0,0.27777777777777773,1.0,0.8748303427651254,1.0,0.21584473539710922,0.7222222222222222,1.0,0.35000000000000003,1.0,0.938305152979066,1.0,0.13877010203164594,0.9166666666666666,1.0,0.4444444444444444,1.0,0.5802277432712215
280,19,0.4,0.05,6,mean,0.2,True,0.15,0.8129771648863038,0.8333333333333334,0.21372816784950277,0.625,1.0,0.3611111111111111,1.0,0.9496135309835024,1.0,0.11470215244323566,1.0,1.0,0.5555555555555555,1.0,0.8600986953780493,0.9583333333333334,0.1984607100903407,0.8055555555555555,1.0,0.3611111111111111,1.0,0.5188739895580617
281,592,0.4,0.05,8,mean,0.2,True,0.15,0.8129771648863038,0.8333333333333334,0.21372816784950277,0.625,1.0,0.3611111111111111,1.0,0.9496135309835024,1.0,0.11470215244323566,1.0,1.0,0.5555555555555555,1.0,0.8600986953780493,0.9583333333333334,0.1984607100903407,0.8055555555555555,1.0,0.3611111111111111,1.0,0.5188739895580617
282,242,0.4,0.03,6,max,0.2,False,0.05,0.8127077982939644,1.0,0.27160151965705337,0.6458333333333334,1.0,0.0,1.0,0.899394749931481,1.0,0.2208046472144386,0.9166666666666666,1.0,0.0,1.0,0.8737903457750077,1.0,0.25872510976239305,0.8333333333333334,1.0,0.0,1.0,0.5998480741966373
283,479,0.3,0.03,6,min,0.2,True,0.1,0.8122571760856786,0.9166666666666666,0.23294270841484419,0.6388888888888888,1.0,0.27777777777777773,1.0,0.8844445722465046,1.0,0.20879662415043834,0.7777777777777777,1.0,0.35000000000000003,1.0,0.927812603839174,1.0,0.14237574977155032,0.9166666666666666,1.0,0.4444444444444444,1.0,0.5542264141297958
284,256,0.3,0.02,4,min,0.2,True,0.1,0.8122571760856786,0.9166666666666666,0.23294270841484419,0.6388888888888888,1.0,0.27777777777777773,1.0,0.8844445722465046,1.0,0.20879662415043834,0.7777777777777777,1.0,0.35000000000000003,1.0,0.927812603839174,1.0,0.14237574977155032,0.9166666666666666,1.0,0.4444444444444444,1.0,0.5542264141297958
285,27,0.3,0.02,6,min,0.2,True,0.1,0.8122571760856786,0.9166666666666666,0.23294270841484419,0.6388888888888888,1.0,0.27777777777777773,1.0,0.8844445722465046,1.0,0.20879662415043834,0.7777777777777777,1.0,0.35000000000000003,1.0,0.927812603839174,1.0,0.14237574977155032,0.9166666666666666,1.0,0.4444444444444444,1.0,0.5542264141297958
286,55,0.4,0.03,4,weighted,0.15,True,0.15,0.8119102724175152,0.9166666666666666,0.23618311377407872,0.5833333333333334,1.0,0.27777777777777773,1.0,0.9654173673638109,1.0,0.10782984189725049,1.0,1.0,0.4666666666666666,1.0,0.8464929050537041,0.9166666666666666,0.22458409014992228,0.7638888888888888,1.0,0.27777777777777773,1.0,0.554843861554651
287,31,0.4,0.03,8,weighted,0.15,True,0.15,0.8119102724175152,0.9166666666666666,0.23618311377407872,0.5833333333333334,1.0,0.27777777777777773,1.0,0.9654173673638109,1.0,0.10782984189725049,1.0,1.0,0.4666666666666666,1.0,0.8464929050537041,0.9166666666666666,0.22458409014992228,0.7638888888888888,1.0,0.27777777777777773,1.0,0.554843861554651
288,702,0.3,0.03,4,min,0.2,True,0.15,0.8118920882004618,0.8333333333333334,0.22778825983531903,0.6597222222222222,1.0,0.3055555555555555,1.0,0.9249186326883588,1.0,0.16985013987125655,1.0,1.0,0.37777777777777777,1.0,0.8869734555121028,1.0,0.18181514334850815,0.8333333333333334,1.0,0.3611111111111111,1.0,0.5484561511131559
289,799,0.3,0.02,6,max,0.1,False,0.1,0.8117922960918129,1.0,0.24767321558186753,0.6388888888888888,1.0,0.08333333333333333,1.0,0.8689086343071849,1.0,0.21594258045097445,0.7777777777777777,1.0,0.16666666666666666,1.0,0.9306849551414769,1.0,0.1874995539610295,1.0,1.0,0.08333333333333333,1.0,0.5751795618945378
290,188,0.4,0.05,4,harmonic,0.05,False,0.15,0.8115871058190853,0.9166666666666666,0.22170672823521317,0.611111111111111,1.0,0.3055555555555555,1.0,0.9550034569605591,1.0,0.11583642770775088,1.0,1.0,0.5222222222222223,1.0,0.8520636588290097,0.9166666666666666,0.20365079943460238,0.7916666666666666,1.0,0.3055555555555555,1.0,0.5295274058584484
291,229,0.4,0.05,8,harmonic,0.05,False,0.15,0.8115871058190853,0.9166666666666666,0.22170672823521317,0.611111111111111,1.0,0.3055555555555555,1.0,0.9550034569605591,1.0,0.11583642770775088,1.0,1.0,0.5222222222222223,1.0,0.8520636588290097,0.9166666666666666,0.20365079943460238,0.7916666666666666,1.0,0.3055555555555555,1.0,0.5295274058584484
292,636,0.3,0.03,6,weighted,0.2,True,0.05,0.8115221012362719,0.9166666666666666,0.2511781130217384,0.6333333333333333,1.0,0.16666666666666666,1.0,0.895350667552761,1.0,0.19963526456206793,0.8666666666666667,1.0,0.16666666666666666,1.0,0.9120562073460623,1.0,0.18663518915274935,0.9166666666666666,1.0,0.25,1.0,0.5889949645988294
293,350,0.3,0.02,4,weighted,0.2,True,0.05,0.8115221012362719,0.9166666666666666,0.2511781130217384,0.6333333333333333,1.0,0.16666666666666666,1.0,0.895350667552761,1.0,0.19963526456206793,0.8666666666666667,1.0,0.16666666666666666,1.0,0.9120562073460623,1.0,0.18663518915274935,0.9166666666666666,1.0,0.25,1.0,0.5889949645988294
294,392,0.3,0.02,8,weighted,0.2,True,0.05,0.8115221012362719,0.9166666666666666,0.2511781130217384,0.6333333333333333,1.0,0.16666666666666666,1.0,0.895350667552761,1.0,0.19963526456206793,0.8666666666666667,1.0,0.16666666666666666,1.0,0.9120562073460623,1.0,0.18663518915274935,0.9166666666666666,1.0,0.25,1.0,0.5889949645988294
295,401,0.2,0.03,8,min,0.2,True,0.15,0.8115050609615827,0.8333333333333334,0.2281403477545686,0.6597222222222222,1.0,0.3055555555555555,1.0,0.9240539452495975,1.0,0.1705196115068186,1.0,1.0,0.37777777777777777,1.0,0.8874511157119852,1.0,0.18119906915215825,0.8333333333333334,1.0,0.3611111111111111,1.0,0.5483091787439615
296,297,0.2,0.02,6,min,0.2,True,0.15,0.8115050609615827,0.8333333333333334,0.2281403477545686,0.6597222222222222,1.0,0.3055555555555555,1.0,0.9240539452495975,1.0,0.1705196115068186,1.0,1.0,0.37777777777777777,1.0,0.8874511157119852,1.0,0.18119906915215825,0.8333333333333334,1.0,0.3611111111111111,1.0,0.5483091787439615
297,613,0.2,0.03,4,min,0.2,True,0.15,0.8115050609615827,0.8333333333333334,0.2281403477545686,0.6597222222222222,1.0,0.3055555555555555,1.0,0.9240539452495975,1.0,0.1705196115068186,1.0,1.0,0.37777777777777777,1.0,0.8874511157119852,1.0,0.18119906915215825,0.8333333333333334,1.0,0.3611111111111111,1.0,0.5483091787439615
298,16,0.2,0.03,6,mean,0.2,False,0.05,0.810947204968944,0.9583333333333334,0.26073669999683563,0.5833333333333334,1.0,0.1111111111111111,1.0,0.9646307798481711,1.0,0.14274191222347757,1.0,1.0,0.2222222222222222,1.0,0.8228519668737059,0.9583333333333334,0.2607714329033997,0.6666666666666666,1.0,0.1111111111111111,1.0,0.5873015873015873
299,274,0.2,0.02,8,mean,0.2,False,0.05,0.810947204968944,0.9583333333333334,0.26073669999683563,0.5833333333333334,1.0,0.1111111111111111,1.0,0.9646307798481711,1.0,0.14274191222347757,1.0,1.0,0.2222222222222222,1.0,0.8228519668737059,0.9583333333333334,0.2607714329033997,0.6666666666666666,1.0,0.1111111111111111,1.0,0.5873015873015873
300,279,0.3,0.02,8,min,0.05,False,0.1,0.8105375993661018,0.9166666666666666,0.23461698350974003,0.6388888888888888,1.0,0.27777777777777773,1.0,0.882724995526928,1.0,0.2110889921472587,0.7777777777777777,1.0,0.35000000000000003,1.0,0.927812603839174,1.0,0.14237574977155032,0.9166666666666666,1.0,0.4444444444444444,1.0,0.5542264141297958
301,757,0.3,0.03,8,min,0.05,False,0.1,0.8105375993661018,0.9166666666666666,0.23461698350974003,0.6388888888888888,1.0,0.27777777777777773,1.0,0.882724995526928,1.0,0.2110889921472587,0.7777777777777777,1.0,0.35000000000000003,1.0,0.927812603839174,1.0,0.14237574977155032,0.9166666666666666,1.0,0.4444444444444444,1.0,0.5542264141297958
302,295,0.4,0.03,6,mean,0.05,False,0.05,0.8103819067308659,1.0,0.2401204473750651,0.5833333333333334,1.0,0.3,1.0,0.857291818225908,1.0,0.2228121853611887,0.6666666666666666,1.0,0.35000000000000003,1.0,0.9530900885049576,1.0,0.11721360240164552,1.0,1.0,0.5,1.0,0.5797052165704019
303,614,0.4,0.02,4,mean,0.15,True,0.15,0.8100010771280046,0.9166666666666666,0.23041017485168655,0.5972222222222222,1.0,0.3277777777777778,1.0,0.9204814198238923,1.0,0.17161806442515992,1.0,1.0,0.4000000000000001,1.0,0.8895196573041121,1.0,0.18528956917804607,0.8333333333333334,1.0,0.3611111111111111,1.0,0.5528035217010276
304,684,0.4,0.03,4,mean,0.15,True,0.1,0.8097829164114833,0.9166666666666666,0.23305580584326088,0.6458333333333334,1.0,0.27777777777777773,1.0,0.8771448663853727,1.0,0.20714895063565844,0.7847222222222222,1.0,0.35000000000000003,1.0,0.9326380500261106,1.0,0.1452552127161034,0.9166666666666666,1.0,0.4444444444444444,1.0,0.5498817414960463
305,374,0.4,0.02,8,mean,0.15,True,0.1,0.8097829164114833,0.9166666666666666,0.23305580584326088,0.6458333333333334,1.0,0.27777777777777773,1.0,0.8771448663853727,1.0,0.20714895063565844,0.7847222222222222,1.0,0.35000000000000003,1.0,0.9326380500261106,1.0,0.1452552127161034,0.9166666666666666,1.0,0.4444444444444444,1.0,0.5498817414960463
306,409,0.3,0.02,6,max,0.05,False,0.1,0.8096304177423339,1.0,0.2373794312097364,0.6388888888888888,1.0,0.27777777777777773,1.0,0.8589827808024265,1.0,0.212723458090645,0.7638888888888888,1.0,0.35000000000000003,1.0,0.9506476369399075,1.0,0.1277869743941746,1.0,1.0,0.4444444444444444,1.0,0.5564246095647062
307,480,0.4,0.05,4,max,0.1,False,0.1,0.8096249846325977,0.8833333333333333,0.2304013134083129,0.6944444444444443,1.0,0.08333333333333333,1.0,0.88497772995555,1.0,0.185441556955751,0.7847222222222222,1.0,0.16666666666666666,1.0,0.9063407593132097,1.0,0.20585366481496192,0.875,1.0,0.08333333333333333,1.0,0.5088313217544892
308,663,0.3,0.03,8,min,0.15,True,0.1,0.8096116734401759,0.9166666666666666,0.23373653949725667,0.6388888888888888,1.0,0.27777777777777773,1.0,0.881799069601002,1.0,0.21048266183978573,0.7777777777777777,1.0,0.35000000000000003,1.0,0.927812603839174,1.0,0.14237574977155032,0.9166666666666666,1.0,0.4444444444444444,1.0,0.5502581601615417
309,346,0.3,0.03,6,min,0.15,True,0.1,0.8096116734401759,0.9166666666666666,0.23373653949725667,0.6388888888888888,1.0,0.27777777777777773,1.0,0.881799069601002,1.0,0.21048266183978573,0.7777777777777777,1.0,0.35000000000000003,1.0,0.927812603839174,1.0,0.14237574977155032,0.9166666666666666,1.0,0.4444444444444444,1.0,0.5502581601615417
310,394,0.3,0.03,4,min,0.15,True,0.1,0.8096116734401759,0.9166666666666666,0.23373653949725667,0.6388888888888888,1.0,0.27777777777777773,1.0,0.881799069601002,1.0,0.21048266183978573,0.7777777777777777,1.0,0.35000000000000003,1.0,0.927812603839174,1.0,0.14237574977155032,0.9166666666666666,1.0,0.4444444444444444,1.0,0.5502581601615417
311,420,0.3,0.02,8,weighted,0.05,False,0.1,0.8093851442885258,0.9166666666666666,0.24509663162614595,0.625,1.0,0.19444444444444442,1.0,0.9561764605645443,1.0,0.1340312772544585,1.0,1.0,0.26666666666666666,1.0,0.849093457386533,0.9166666666666666,0.23090086953238428,0.8055555555555555,1.0,0.19444444444444442,1.0,0.5646742325486288
312,421,0.3,0.02,6,weighted,0.05,False,0.1,0.8093851442885258,0.9166666666666666,0.24509663162614595,0.625,1.0,0.19444444444444442,1.0,0.9561764605645443,1.0,0.1340312772544585,1.0,1.0,0.26666666666666666,1.0,0.849093457386533,0.9166666666666666,0.23090086953238428,0.8055555555555555,1.0,0.19444444444444442,1.0,0.5646742325486288
313,301,0.2,0.05,8,harmonic,0.05,True,0.15,0.8092592592592592,0.875,0.21859718735479325,0.6222222222222222,1.0,0.3611111111111111,1.0,0.9339314469749253,1.0,0.13586627350742175,0.9166666666666666,1.0,0.5222222222222223,1.0,0.868271221532091,0.9583333333333334,0.19379989602011763,0.8055555555555555,1.0,0.3611111111111111,1.0,0.5215665976535542
314,319,0.4,0.03,4,mean,0.05,False,0.1,0.8092464953863957,1.0,0.23497315086364867,0.6458333333333334,1.0,0.27777777777777773,1.0,0.8766084453602851,1.0,0.20827228474412326,0.7291666666666666,1.0,0.35000000000000003,1.0,0.9326380500261106,1.0,0.1452552127161034,0.9166666666666666,1.0,0.4444444444444444,1.0,0.5541011507787467
315,308,0.4,0.02,8,mean,0.05,False,0.1,0.8092464953863957,1.0,0.23497315086364867,0.6458333333333334,1.0,0.27777777777777773,1.0,0.8766084453602851,1.0,0.20827228474412326,0.7291666666666666,1.0,0.35000000000000003,1.0,0.9326380500261106,1.0,0.1452552127161034,0.9166666666666666,1.0,0.4444444444444444,1.0,0.5541011507787467
316,760,0.4,0.03,6,mean,0.05,False,0.1,0.8092464953863957,1.0,0.23497315086364867,0.6458333333333334,1.0,0.27777777777777773,1.0,0.8766084453602851,1.0,0.20827228474412326,0.7291666666666666,1.0,0.35000000000000003,1.0,0.9326380500261106,1.0,0.1452552127161034,0.9166666666666666,1.0,0.4444444444444444,1.0,0.5541011507787467
317,461,0.3,0.03,8,min,0.05,True,0.1,0.8092148480433505,0.9166666666666666,0.23428601982624309,0.6388888888888888,1.0,0.27777777777777773,1.0,0.8814022442041766,1.0,0.21117395946048903,0.7777777777777777,1.0,0.35000000000000003,1.0,0.927812603839174,1.0,0.14237574977155032,0.9166666666666666,1.0,0.4444444444444444,1.0,0.5502581601615417
318,692,0.3,0.03,4,min,0.1,True,0.1,0.8092148480433505,0.9166666666666666,0.23428601982624309,0.6388888888888888,1.0,0.27777777777777773,1.0,0.8814022442041766,1.0,0.21117395946048903,0.7777777777777777,1.0,0.35000000000000003,1.0,0.927812603839174,1.0,0.14237574977155032,0.9166666666666666,1.0,0.4444444444444444,1.0,0.5502581601615417
319,437,0.3,0.02,8,min,0.05,True,0.1,0.8092148480433505,0.9166666666666666,0.23428601982624309,0.6388888888888888,1.0,0.27777777777777773,1.0,0.8814022442041766,1.0,0.21117395946048903,0.7777777777777777,1.0,0.35000000000000003,1.0,0.927812603839174,1.0,0.14237574977155032,0.9166666666666666,1.0,0.4444444444444444,1.0,0.5502581601615417
320,580,0.2,0.03,8,min,0.2,True,0.1,0.8089429491603405,0.9166666666666666,0.2363318675432883,0.6388888888888888,1.0,0.2611111111111111,1.0,0.8809466298596732,1.0,0.21236037812623862,0.7777777777777777,1.0,0.3333333333333333,1.0,0.9279963193006672,1.0,0.14203095472483193,0.9166666666666666,1.0,0.4444444444444444,1.0,0.550552104899931
321,58,0.3,0.05,6,harmonic,0.05,True,0.15,0.8088697824808935,0.875,0.21896630815783005,0.6222222222222222,1.0,0.3611111111111111,1.0,0.9341764009235828,1.0,0.13585714557756362,0.9166666666666666,1.0,0.5222222222222223,1.0,0.8675241119886851,0.9583333333333334,0.1944832339889988,0.8055555555555555,1.0,0.3611111111111111,1.0,0.5209787081767758
322,660,0.3,0.02,6,min,0.05,False,0.15,0.8088497601581337,0.8333333333333334,0.22911104366941495,0.6597222222222222,1.0,0.3055555555555555,1.0,0.9218763046460309,1.0,0.17309472829510777,1.0,1.0,0.37777777777777777,1.0,0.8869734555121028,1.0,0.18181514334850815,0.8333333333333334,1.0,0.3611111111111111,1.0,0.544487897144902
323,396,0.3,0.02,8,min,0.15,True,0.15,0.8088497601581337,0.8333333333333334,0.22911104366941495,0.6597222222222222,1.0,0.3055555555555555,1.0,0.9218763046460309,1.0,0.17309472829510777,1.0,1.0,0.37777777777777777,1.0,0.8869734555121028,1.0,0.18181514334850815,0.8333333333333334,1.0,0.3611111111111111,1.0,0.544487897144902
324,453,0.3,0.03,6,min,0.05,True,0.15,0.8088497601581337,0.8333333333333334,0.22911104366941495,0.6597222222222222,1.0,0.3055555555555555,1.0,0.9218763046460309,1.0,0.17309472829510777,1.0,1.0,0.37777777777777777,1.0,0.8869734555121028,1.0,0.18181514334850815,0.8333333333333334,1.0,0.3611111111111111,1.0,0.544487897144902
325,501,0.3,0.03,8,min,0.05,True,0.15,0.8088497601581337,0.8333333333333334,0.22911104366941495,0.6597222222222222,1.0,0.3055555555555555,1.0,0.9218763046460309,1.0,0.17309472829510777,1.0,1.0,0.37777777777777777,1.0,0.8869734555121028,1.0,0.18181514334850815,0.8333333333333334,1.0,0.3611111111111111,1.0,0.544487897144902
326,155,0.3,0.03,8,min,0.15,True,0.15,0.8088497601581337,0.8333333333333334,0.22911104366941495,0.6597222222222222,1.0,0.3055555555555555,1.0,0.9218763046460309,1.0,0.17309472829510777,1.0,1.0,0.37777777777777777,1.0,0.8869734555121028,1.0,0.18181514334850815,0.8333333333333334,1.0,0.3611111111111111,1.0,0.544487897144902
327,143,0.3,0.02,8,min,0.05,True,0.15,0.8088497601581337,0.8333333333333334,0.22911104366941495,0.6597222222222222,1.0,0.3055555555555555,1.0,0.9218763046460309,1.0,0.17309472829510777,1.0,1.0,0.37777777777777777,1.0,0.8869734555121028,1.0,0.18181514334850815,0.8333333333333334,1.0,0.3611111111111111,1.0,0.544487897144902
328,397,0.4,0.05,6,weighted,0.2,True,0.1,0.8088076644142849,0.9166666666666666,0.23043318648726938,0.611111111111111,1.0,0.3055555555555555,1.0,0.9799267891321732,1.0,0.0776786118206854,1.0,1.0,0.5555555555555555,1.0,0.8288808752821116,0.9166666666666666,0.22709770812843932,0.6666666666666666,1.0,0.3055555555555555,1.0,0.5393399855856588
329,725,0.4,0.05,4,mean,0.15,False,0.15,0.8086780424918539,0.8333333333333334,0.226484411117582,0.5833333333333334,1.0,0.3055555555555555,1.0,0.9745601821305029,1.0,0.08793147430549302,1.0,1.0,0.611111111111111,1.0,0.831173014954597,0.9166666666666666,0.22274114451152452,0.6041666666666666,1.0,0.3055555555555555,1.0,0.5395142434670213
330,571,0.4,0.05,6,mean,0.15,False,0.15,0.8086780424918539,0.8333333333333334,0.226484411117582,0.5833333333333334,1.0,0.3055555555555555,1.0,0.9745601821305029,1.0,0.08793147430549302,1.0,1.0,0.611111111111111,1.0,0.831173014954597,0.9166666666666666,0.22274114451152452,0.6041666666666666,1.0,0.3055555555555555,1.0,0.5395142434670213
331,124,0.2,0.05,6,weighted,0.15,True,0.15,0.8086755233494366,0.9166666666666666,0.23205173820417815,0.611111111111111,1.0,0.19444444444444442,1.0,0.9746520588911892,1.0,0.09483245156164659,1.0,1.0,0.38888888888888884,1.0,0.8300552104899931,0.9166666666666666,0.2281389958800657,0.6666666666666666,1.0,0.19444444444444442,1.0,0.5391649413388544
332,493,0.2,0.03,8,max,0.2,False,0.1,0.8085432482171613,1.0,0.2820253502794368,0.6597222222222222,1.0,0.0,1.0,0.9008310328962502,1.0,0.22815632566208896,0.9166666666666666,1.0,0.0,1.0,0.8561076604554865,1.0,0.2760510978061291,0.8333333333333334,1.0,0.0,1.0,0.6083505866114561
333,111,0.2,0.03,6,min,0.05,True,0.15,0.8084627329192546,0.8333333333333334,0.22946313158866452,0.6597222222222222,1.0,0.3055555555555555,1.0,0.9210116172072693,1.0,0.17376419993066983,1.0,1.0,0.37777777777777777,1.0,0.8874511157119852,1.0,0.18119906915215825,0.8333333333333334,1.0,0.3611111111111111,1.0,0.5443409247757073
334,749,0.2,0.02,8,min,0.1,True,0.15,0.8084627329192546,0.8333333333333334,0.22946313158866452,0.6597222222222222,1.0,0.3055555555555555,1.0,0.9210116172072693,1.0,0.17376419993066983,1.0,1.0,0.37777777777777777,1.0,0.8874511157119852,1.0,0.18119906915215825,0.8333333333333334,1.0,0.3611111111111111,1.0,0.5443409247757073
335,210,0.2,0.03,4,min,0.05,True,0.15,0.8084627329192546,0.8333333333333334,0.22946313158866452,0.6597222222222222,1.0,0.3055555555555555,1.0,0.9210116172072693,1.0,0.17376419993066983,1.0,1.0,0.37777777777777777,1.0,0.8874511157119852,1.0,0.18119906915215825,0.8333333333333334,1.0,0.3611111111111111,1.0,0.5443409247757073
336,250,0.2,0.02,4,min,0.05,False,0.15,0.8084627329192546,0.8333333333333334,0.22946313158866452,0.6597222222222222,1.0,0.3055555555555555,1.0,0.9210116172072693,1.0,0.17376419993066983,1.0,1.0,0.37777777777777777,1.0,0.8874511157119852,1.0,0.18119906915215825,0.8333333333333334,1.0,0.3611111111111111,1.0,0.5443409247757073
337,161,0.2,0.02,6,min,0.15,True,0.15,0.8084627329192546,0.8333333333333334,0.22946313158866452,0.6597222222222222,1.0,0.3055555555555555,1.0,0.9210116172072693,1.0,0.17376419993066983,1.0,1.0,0.37777777777777777,1.0,0.8874511157119852,1.0,0.18119906915215825,0.8333333333333334,1.0,0.3611111111111111,1.0,0.5443409247757073
338,344,0.2,0.03,4,min,0.05,False,0.15,0.8084627329192546,0.8333333333333334,0.22946313158866452,0.6597222222222222,1.0,0.3055555555555555,1.0,0.9210116172072693,1.0,0.17376419993066983,1.0,1.0,0.37777777777777777,1.0,0.8874511157119852,1.0,0.18119906915215825,0.8333333333333334,1.0,0.3611111111111111,1.0,0.5443409247757073
339,417,0.2,0.02,8,min,0.05,False,0.15,0.8084627329192546,0.8333333333333334,0.22946313158866452,0.6597222222222222,1.0,0.3055555555555555,1.0,0.9210116172072693,1.0,0.17376419993066983,1.0,1.0,0.37777777777777777,1.0,0.8874511157119852,1.0,0.18119906915215825,0.8333333333333334,1.0,0.3611111111111111,1.0,0.5443409247757073
340,364,0.2,0.02,6,min,0.05,True,0.15,0.8084627329192546,0.8333333333333334,0.22946313158866452,0.6597222222222222,1.0,0.3055555555555555,1.0,0.9210116172072693,1.0,0.17376419993066983,1.0,1.0,0.37777777777777777,1.0,0.8874511157119852,1.0,0.18119906915215825,0.8333333333333334,1.0,0.3611111111111111,1.0,0.5443409247757073
341,258,0.2,0.05,8,max,0.2,True,0.15,0.8081953071083504,1.0,0.2391186663148326,0.6527777777777778,1.0,0.08333333333333333,1.0,0.917929031515988,1.0,0.1634584688199572,0.9166666666666666,1.0,0.16666666666666666,1.0,0.8736053600184035,1.0,0.22335736146017338,0.8263888888888888,1.0,0.08333333333333333,1.0,0.535024154589372
342,505,0.3,0.05,8,max,0.05,False,0.1,0.8080636709863763,0.8416666666666667,0.20886116878790836,0.6666666666666666,1.0,0.27777777777777773,1.0,0.8717652233554004,1.0,0.17285952720978973,0.7222222222222222,1.0,0.3833333333333333,1.0,0.9308031720471335,1.0,0.15066848084496523,0.9166666666666666,1.0,0.3611111111111111,1.0,0.47874012729085186
343,604,0.3,0.05,6,max,0.1,False,0.15,0.8078054043231176,0.9166666666666666,0.23556605374583497,0.625,1.0,0.08333333333333333,1.0,0.9133934429022995,1.0,0.16930412326847946,0.9166666666666666,1.0,0.16666666666666666,1.0,0.8775001278020601,1.0,0.22009144520892762,0.8263888888888888,1.0,0.08333333333333333,1.0,0.5305191319684074
344,157,0.4,0.05,8,mean,0.15,False,0.1,0.8077313259276554,0.8333333333333334,0.22630900172001334,0.5833333333333334,1.0,0.3055555555555555,1.0,0.9726444733182422,1.0,0.09042079824332598,1.0,1.0,0.611111111111111,1.0,0.8321420072026591,0.9166666666666666,0.22212951728621855,0.6180555555555555,1.0,0.3055555555555555,1.0,0.5337671170302397
345,278,0.4,0.03,8,harmonic,0.05,True,0.15,0.8077233461573599,1.0,0.23503639688403447,0.6388888888888888,1.0,0.3277777777777778,1.0,0.9169771163873465,1.0,0.17472457660160304,1.0,1.0,0.4000000000000001,1.0,0.8907462297700134,1.0,0.184704560118825,0.875,1.0,0.3611111111111111,1.0,0.5519626851278512
346,668,0.3,0.03,8,max,0.2,True,0.1,0.8076384096311632,1.0,0.2486565085506828,0.6388888888888888,1.0,0.08333333333333333,1.0,0.8589748996753827,1.0,0.2215450020257245,0.7777777777777777,1.0,0.13333333333333333,1.0,0.9364648033126294,1.0,0.18380661727720984,1.0,1.0,0.08333333333333333,1.0,0.560098918794571
347,243,0.3,0.03,4,max,0.2,True,0.1,0.8076384096311632,1.0,0.2486565085506828,0.6388888888888888,1.0,0.08333333333333333,1.0,0.8589748996753827,1.0,0.2215450020257245,0.7777777777777777,1.0,0.13333333333333333,1.0,0.9364648033126294,1.0,0.18380661727720984,1.0,1.0,0.08333333333333333,1.0,0.560098918794571
348,754,0.3,0.03,8,weighted,0.05,True,0.05,0.8073555410713221,0.9166666666666666,0.24736259717145373,0.6055555555555555,1.0,0.21666666666666667,1.0,0.8421576395811501,0.9166666666666666,0.22904373810657977,0.7166666666666667,1.0,0.21666666666666667,1.0,0.965197901490172,1.0,0.1028083532217189,1.0,1.0,0.5,1.0,0.5932827237175062
349,630,0.3,0.03,6,weighted,0.05,True,0.05,0.8073555410713221,0.9166666666666666,0.24736259717145373,0.6055555555555555,1.0,0.21666666666666667,1.0,0.8421576395811501,0.9166666666666666,0.22904373810657977,0.7166666666666667,1.0,0.21666666666666667,1.0,0.965197901490172,1.0,0.1028083532217189,1.0,1.0,0.5,1.0,0.5932827237175062
350,4,0.2,0.02,6,weighted,0.2,True,0.05,0.807188865884518,0.9166666666666666,0.2529671534080361,0.6277777777777778,1.0,0.16666666666666666,1.0,0.8903927996319302,1.0,0.20222841162708602,0.8333333333333334,1.0,0.16666666666666666,1.0,0.912827812284334,1.0,0.18561676476424327,0.9166666666666666,1.0,0.25,1.0,0.5838509316770186
351,303,0.2,0.03,8,weighted,0.2,True,0.05,0.807188865884518,0.9166666666666666,0.2529671534080361,0.6277777777777778,1.0,0.16666666666666666,1.0,0.8903927996319302,1.0,0.20222841162708602,0.8333333333333334,1.0,0.16666666666666666,1.0,0.912827812284334,1.0,0.18561676476424327,0.9166666666666666,1.0,0.25,1.0,0.5838509316770186
352,800,0.2,0.02,4,max,0.1,False,0.1,0.8067805383022774,1.0,0.25415822479939393,0.6388888888888888,1.0,0.08333333333333333,1.0,0.8638601334253507,1.0,0.2224600559736217,0.7777777777777777,1.0,0.16666666666666666,1.0,0.9270473890039108,1.0,0.19749580510509931,1.0,1.0,0.08333333333333333,1.0,0.5719461697722568
353,497,0.2,0.03,8,max,0.1,False,0.1,0.8067805383022774,1.0,0.25415822479939393,0.6388888888888888,1.0,0.08333333333333333,1.0,0.8638601334253507,1.0,0.2224600559736217,0.7777777777777777,1.0,0.16666666666666666,1.0,0.9270473890039108,1.0,0.19749580510509931,1.0,1.0,0.08333333333333333,1.0,0.5719461697722568
354,108,0.2,0.03,4,max,0.1,False,0.1,0.8067805383022774,1.0,0.25415822479939393,0.6388888888888888,1.0,0.08333333333333333,1.0,0.8638601334253507,1.0,0.2224600559736217,0.7777777777777777,1.0,0.16666666666666666,1.0,0.9270473890039108,1.0,0.19749580510509931,1.0,1.0,0.08333333333333333,1.0,0.5719461697722568
355,336,0.2,0.03,6,max,0.1,False,0.1,0.8067805383022774,1.0,0.25415822479939393,0.6388888888888888,1.0,0.08333333333333333,1.0,0.8638601334253507,1.0,0.2224600559736217,0.7777777777777777,1.0,0.16666666666666666,1.0,0.9270473890039108,1.0,0.19749580510509931,1.0,1.0,0.08333333333333333,1.0,0.5719461697722568
356,176,0.2,0.03,4,max,0.15,False,0.15,0.8067489072923856,1.0,0.2555984874989417,0.5972222222222222,1.0,0.08333333333333333,1.0,0.9059696342305038,1.0,0.19536606686629301,0.9166666666666666,1.0,0.16666666666666666,1.0,0.8763658845180583,1.0,0.24075973727645586,0.8333333333333334,1.0,0.08333333333333333,1.0,0.5631469979296067
357,156,0.2,0.02,8,max,0.15,False,0.15,0.8067489072923856,1.0,0.2555984874989417,0.5972222222222222,1.0,0.08333333333333333,1.0,0.9059696342305038,1.0,0.19536606686629301,0.9166666666666666,1.0,0.16666666666666666,1.0,0.8763658845180583,1.0,0.24075973727645586,0.8333333333333334,1.0,0.08333333333333333,1.0,0.5631469979296067
358,18,0.2,0.03,6,mean,0.2,False,0.15,0.8066626409017713,0.9166666666666666,0.26169214870327284,0.5833333333333334,1.0,0.1111111111111111,1.0,0.9659535311709225,1.0,0.14009906631279484,1.0,1.0,0.2222222222222222,1.0,0.8172446514837818,0.9166666666666666,0.2617289956257584,0.6666666666666666,1.0,0.1111111111111111,1.0,0.5800552104899931
359,26,0.2,0.03,8,max,0.05,False,0.1,0.8065562456866804,1.0,0.2404142758797729,0.6388888888888888,1.0,0.2611111111111111,1.0,0.8558718656544744,1.0,0.21578105564277772,0.7638888888888888,1.0,0.3333333333333333,1.0,0.9506843800322061,1.0,0.12762012722808166,1.0,1.0,0.4444444444444444,1.0,0.5534851621808143
360,518,0.4,0.03,6,harmonic,0.1,False,0.1,0.8065063606946404,0.9166666666666666,0.2555847821688942,0.5972222222222222,1.0,0.1111111111111111,1.0,0.9560383739540298,1.0,0.15321808449673432,1.0,1.0,0.13333333333333333,1.0,0.8350977648747994,0.9583333333333334,0.2504079697635169,0.7708333333333334,1.0,0.1111111111111111,1.0,0.5668355107109383
361,40,0.4,0.03,4,harmonic,0.1,False,0.1,0.8065063606946404,0.9166666666666666,0.2555847821688942,0.5972222222222222,1.0,0.1111111111111111,1.0,0.9560383739540298,1.0,0.15321808449673432,1.0,1.0,0.13333333333333333,1.0,0.8350977648747994,0.9583333333333334,0.2504079697635169,0.7708333333333334,1.0,0.1111111111111111,1.0,0.5668355107109383
362,42,0.4,0.02,4,harmonic,0.1,False,0.1,0.8065063606946404,0.9166666666666666,0.2555847821688942,0.5972222222222222,1.0,0.1111111111111111,1.0,0.9560383739540298,1.0,0.15321808449673432,1.0,1.0,0.13333333333333333,1.0,0.8350977648747994,0.9583333333333334,0.2504079697635169,0.7708333333333334,1.0,0.1111111111111111,1.0,0.5668355107109383
363,379,0.4,0.03,4,harmonic,0.1,False,0.05,0.8065063606946404,0.9166666666666666,0.2555847821688942,0.5972222222222222,1.0,0.1111111111111111,1.0,0.9560383739540298,1.0,0.15321808449673432,1.0,1.0,0.13333333333333333,1.0,0.8350977648747994,0.9583333333333334,0.2504079697635169,0.7708333333333334,1.0,0.1111111111111111,1.0,0.5668355107109383
364,39,0.4,0.02,8,harmonic,0.1,False,0.05,0.8065063606946404,0.9166666666666666,0.2555847821688942,0.5972222222222222,1.0,0.1111111111111111,1.0,0.9560383739540298,1.0,0.15321808449673432,1.0,1.0,0.13333333333333333,1.0,0.8350977648747994,0.9583333333333334,0.2504079697635169,0.7708333333333334,1.0,0.1111111111111111,1.0,0.5668355107109383
365,516,0.2,0.02,6,weighted,0.05,False,0.1,0.8059092477570737,0.9166666666666666,0.24848938013417654,0.625,1.0,0.19444444444444442,1.0,0.9518432252127903,1.0,0.14035971718234505,1.0,1.0,0.26666666666666666,1.0,0.8500977685760294,0.9166666666666666,0.22985240803327303,0.8055555555555555,1.0,0.19444444444444442,1.0,0.5605590062111802
366,538,0.2,0.03,8,min,0.1,True,0.1,0.8059006211180124,0.9166666666666666,0.23767517895468723,0.6388888888888888,1.0,0.2611111111111111,1.0,0.8779043018173452,1.0,0.21473771343628925,0.7777777777777777,1.0,0.3333333333333333,1.0,0.9279963193006672,1.0,0.14203095472483193,0.9166666666666666,1.0,0.4444444444444444,1.0,0.546583850931677
367,373,0.2,0.02,6,min,0.05,True,0.1,0.8059006211180124,0.9166666666666666,0.23767517895468723,0.6388888888888888,1.0,0.2611111111111111,1.0,0.8779043018173452,1.0,0.21473771343628925,0.7777777777777777,1.0,0.3333333333333333,1.0,0.9279963193006672,1.0,0.14203095472483193,0.9166666666666666,1.0,0.4444444444444444,1.0,0.546583850931677
368,35,0.2,0.03,4,min,0.05,True,0.1,0.8059006211180124,0.9166666666666666,0.23767517895468723,0.6388888888888888,1.0,0.2611111111111111,1.0,0.8779043018173452,1.0,0.21473771343628925,0.7777777777777777,1.0,0.3333333333333333,1.0,0.9279963193006672,1.0,0.14203095472483193,0.9166666666666666,1.0,0.4444444444444444,1.0,0.546583850931677
369,329,0.2,0.02,4,min,0.1,True,0.1,0.8059006211180124,0.9166666666666666,0.23767517895468723,0.6388888888888888,1.0,0.2611111111111111,1.0,0.8779043018173452,1.0,0.21473771343628925,0.7777777777777777,1.0,0.3333333333333333,1.0,0.9279963193006672,1.0,0.14203095472483193,0.9166666666666666,1.0,0.4444444444444444,1.0,0.546583850931677
370,567,0.4,0.05,4,max,0.2,False,0.15,0.8054188279719426,1.0,0.27080207248570626,0.611111111111111,1.0,0.0,1.0,0.9400056901683591,1.0,0.1951401866312126,1.0,1.0,0.0,1.0,0.8252444403840666,1.0,0.27152206595949574,0.7083333333333334,1.0,0.0,1.0,0.5742440084049821
371,172,0.4,0.02,8,mean,0.1,True,0.15,0.8053597269170342,0.9166666666666666,0.23270416484127354,0.5972222222222222,1.0,0.3277777777777778,1.0,0.9158400696129219,1.0,0.17683971617412042,0.9444444444444443,1.0,0.4000000000000001,1.0,0.8895196573041121,1.0,0.18528956917804607,0.8333333333333334,1.0,0.3611111111111111,1.0,0.5485841124183272
372,316,0.3,0.03,8,max,0.2,False,0.15,0.8052232701991157,1.0,0.2731676444027668,0.6388888888888888,1.0,0.0,1.0,0.9185589891709055,1.0,0.21177322178261224,1.0,1.0,0.0,1.0,0.8454787891180805,1.0,0.2687332472312361,0.8263888888888888,1.0,0.0,1.0,0.5831352401400711
373,641,0.3,0.03,4,max,0.2,False,0.15,0.8052232701991157,1.0,0.2731676444027668,0.6388888888888888,1.0,0.0,1.0,0.9185589891709055,1.0,0.21177322178261224,1.0,1.0,0.0,1.0,0.8454787891180805,1.0,0.2687332472312361,0.8263888888888888,1.0,0.0,1.0,0.5831352401400711
374,758,0.3,0.02,6,max,0.2,False,0.15,0.8052232701991157,1.0,0.2731676444027668,0.6388888888888888,1.0,0.0,1.0,0.9185589891709055,1.0,0.21177322178261224,1.0,1.0,0.0,1.0,0.8454787891180805,1.0,0.2687332472312361,0.8263888888888888,1.0,0.0,1.0,0.5831352401400711
375,94,0.3,0.03,6,max,0.15,True,0.1,0.8051304007020592,0.9583333333333334,0.2399998331947865,0.6388888888888888,1.0,0.16666666666666666,1.0,0.8554748272542154,1.0,0.21612445544308578,0.7638888888888888,1.0,0.21666666666666667,1.0,0.94568731947959,1.0,0.13871398733499837,1.0,1.0,0.3333333333333333,1.0,0.5443728752907496
376,281,0.2,0.05,8,max,0.2,False,0.15,0.8050034506556246,1.0,0.2832598245244342,0.6388888888888888,1.0,0.0,1.0,0.9311134115481942,1.0,0.21006103508906407,1.0,1.0,0.0,1.0,0.8211985277202668,1.0,0.28372636348940444,0.7638888888888888,1.0,0.0,1.0,0.5978260869565217
377,115,0.4,0.03,8,harmonic,0.1,False,0.15,0.8050014549687182,0.9166666666666666,0.25552184602882155,0.5972222222222222,1.0,0.1111111111111111,1.0,0.9583760236945604,1.0,0.15053657619370608,1.0,1.0,0.16666666666666666,1.0,0.8312552094083466,0.9166666666666666,0.2514896572035643,0.7708333333333334,1.0,0.1111111111111111,1.0,0.5629595417186902
378,617,0.3,0.03,6,max,0.1,True,0.1,0.8049713936388653,0.9583333333333334,0.23853050320209865,0.6388888888888888,1.0,0.27777777777777773,1.0,0.8553158201910215,1.0,0.2145168371264149,0.7638888888888888,1.0,0.35000000000000003,1.0,0.9496555734478439,1.0,0.12825553697663258,1.0,1.0,0.4444444444444444,1.0,0.5443728752907496
379,50,0.2,0.03,4,max,0.2,True,0.1,0.8048165401426272,1.0,0.2508111553831138,0.6388888888888888,1.0,0.08333333333333333,1.0,0.8561162870945479,1.0,0.22371503283006855,0.7777777777777777,1.0,0.13333333333333333,1.0,0.9367954911433172,1.0,0.18287422458364325,1.0,1.0,0.08333333333333333,1.0,0.5574534161490683
380,289,0.4,0.05,4,mean,0.15,True,0.1,0.804667206922493,0.7916666666666666,0.2110605118535365,0.6666666666666666,1.0,0.27777777777777773,1.0,0.893557505664791,1.0,0.16826108236153361,0.7777777777777777,1.0,0.3833333333333333,1.0,0.9055370018846921,1.0,0.16621923193128438,0.875,1.0,0.4166666666666667,1.0,0.48135609851830047
381,163,0.4,0.03,4,mean,0.05,True,0.15,0.804656492036584,0.9166666666666666,0.23320904059361572,0.5972222222222222,1.0,0.3277777777777778,1.0,0.9151368347324719,1.0,0.17777688016526869,0.9444444444444443,1.0,0.4000000000000001,1.0,0.8895196573041121,1.0,0.18528956917804607,0.8333333333333334,1.0,0.3611111111111111,1.0,0.5485841124183272
382,530,0.4,0.03,6,mean,0.05,False,0.15,0.804656492036584,0.9166666666666666,0.23320904059361572,0.5972222222222222,1.0,0.3277777777777778,1.0,0.9151368347324719,1.0,0.17777688016526869,0.9444444444444443,1.0,0.4000000000000001,1.0,0.8895196573041121,1.0,0.18528956917804607,0.8333333333333334,1.0,0.3611111111111111,1.0,0.5485841124183272
383,704,0.4,0.02,8,mean,0.05,True,0.15,0.804656492036584,0.9166666666666666,0.23320904059361572,0.5972222222222222,1.0,0.3277777777777778,1.0,0.9151368347324719,1.0,0.17777688016526869,0.9444444444444443,1.0,0.4000000000000001,1.0,0.8895196573041121,1.0,0.18528956917804607,0.8333333333333334,1.0,0.3611111111111111,1.0,0.5485841124183272
384,96,0.4,0.02,6,mean,0.05,True,0.15,0.804656492036584,0.9166666666666666,0.23320904059361572,0.5972222222222222,1.0,0.3277777777777778,1.0,0.9151368347324719,1.0,0.17777688016526869,0.9444444444444443,1.0,0.4000000000000001,1.0,0.8895196573041121,1.0,0.18528956917804607,0.8333333333333334,1.0,0.3611111111111111,1.0,0.5485841124183272
385,424,0.2,0.03,4,weighted,0.2,True,0.15,0.8045836208879688,0.9166666666666666,0.2507286052223931,0.5833333333333334,1.0,0.19444444444444442,1.0,0.9759661835748793,1.0,0.09867489718152067,1.0,1.0,0.3333333333333333,1.0,0.8246491833448354,0.9166666666666666,0.24678976825272667,0.7083333333333334,1.0,0.19444444444444442,1.0,0.5659075224292615
386,595,0.3,0.03,4,max,0.05,True,0.1,0.8044937334389829,1.0,0.24063520812555653,0.6388888888888888,1.0,0.27777777777777773,1.0,0.8538460964990756,1.0,0.2165032678513258,0.7222222222222222,1.0,0.35000000000000003,1.0,0.9506476369399075,1.0,0.1277869743941746,1.0,1.0,0.4444444444444444,1.0,0.5483411292590036
387,596,0.3,0.03,8,max,0.05,True,0.1,0.8044937334389829,1.0,0.24063520812555653,0.6388888888888888,1.0,0.27777777777777773,1.0,0.8538460964990756,1.0,0.2165032678513258,0.7222222222222222,1.0,0.35000000000000003,1.0,0.9506476369399075,1.0,0.1277869743941746,1.0,1.0,0.4444444444444444,1.0,0.5483411292590036
388,386,0.4,0.05,6,harmonic,0.05,True,0.05,0.8042921013244727,0.8333333333333334,0.21399792560611805,0.6944444444444443,1.0,0.2333333333333333,1.0,0.8629791668781447,0.9166666666666666,0.18878036741129958,0.7777777777777777,1.0,0.37222222222222223,1.0,0.93371066649974,1.0,0.13692308114283908,0.9166666666666666,1.0,0.47222222222222215,1.0,0.48549937571691043
389,621,0.4,0.05,4,harmonic,0.05,True,0.05,0.8042921013244727,0.8333333333333334,0.21399792560611805,0.6944444444444443,1.0,0.2333333333333333,1.0,0.8629791668781447,0.9166666666666666,0.18878036741129958,0.7777777777777777,1.0,0.37222222222222223,1.0,0.93371066649974,1.0,0.13692308114283908,0.9166666666666666,1.0,0.47222222222222215,1.0,0.48549937571691043
390,216,0.4,0.05,6,mean,0.2,True,0.05,0.8042413184046776,0.8333333333333334,0.22202791382279816,0.6722222222222222,1.0,0.2333333333333333,1.0,0.8632554135551201,0.9583333333333334,0.19751842969594144,0.7777777777777777,1.0,0.31666666666666665,1.0,0.9334179809320147,1.0,0.1366568431517088,0.9166666666666666,1.0,0.47222222222222215,1.0,0.5093084161481226
391,270,0.4,0.05,8,mean,0.2,True,0.05,0.8042413184046776,0.8333333333333334,0.22202791382279816,0.6722222222222222,1.0,0.2333333333333333,1.0,0.8632554135551201,0.9583333333333334,0.19751842969594144,0.7777777777777777,1.0,0.31666666666666665,1.0,0.9334179809320147,1.0,0.1366568431517088,0.9166666666666666,1.0,0.47222222222222215,1.0,0.5093084161481226
392,129,0.3,0.02,4,weighted,0.2,True,0.15,0.8040545203588683,0.9166666666666666,0.25164209192433945,0.5833333333333334,1.0,0.19444444444444442,1.0,0.9767843297633957,1.0,0.09846534801115481,1.0,1.0,0.3333333333333333,1.0,0.8231549642580238,0.9166666666666666,0.2479061000691868,0.7083333333333334,1.0,0.19444444444444442,1.0,0.5660544947984562
393,786,0.3,0.03,8,weighted,0.2,True,0.15,0.8040545203588683,0.9166666666666666,0.25164209192433945,0.5833333333333334,1.0,0.19444444444444442,1.0,0.9767843297633957,1.0,0.09846534801115481,1.0,1.0,0.3333333333333333,1.0,0.8231549642580238,0.9166666666666666,0.2479061000691868,0.7083333333333334,1.0,0.19444444444444442,1.0,0.5660544947984562
394,83,0.4,0.02,4,mean,0.1,True,0.1,0.8040507344208377,0.9166666666666666,0.23664171588724206,0.6458333333333334,1.0,0.27777777777777773,1.0,0.8714126843947274,1.0,0.21292907637984482,0.7291666666666666,1.0,0.35000000000000003,1.0,0.9326380500261106,1.0,0.1452552127161034,0.9166666666666666,1.0,0.4444444444444444,1.0,0.5456623322133458
395,511,0.4,0.05,6,mean,0.1,False,0.15,0.8038985548438616,0.8333333333333334,0.21897011958707244,0.611111111111111,1.0,0.3055555555555555,1.0,0.9426377454977741,1.0,0.12497168764373538,0.9166666666666666,1.0,0.4666666666666666,1.0,0.8562672777535282,0.9583333333333334,0.20501380675616857,0.8055555555555555,1.0,0.3055555555555555,1.0,0.49962779870000235
396,752,0.3,0.02,6,weighted,0.05,False,0.15,0.8037150993874022,0.9166666666666666,0.246250343560648,0.625,1.0,0.19444444444444442,1.0,0.9615533062392965,1.0,0.12583991450563994,1.0,1.0,0.26666666666666666,1.0,0.8380465668106569,0.9166666666666666,0.23671519871464253,0.7222222222222222,1.0,0.19444444444444442,1.0,0.5526224982746722
397,12,0.3,0.03,4,weighted,0.05,False,0.15,0.8037150993874022,0.9166666666666666,0.246250343560648,0.625,1.0,0.19444444444444442,1.0,0.9615533062392965,1.0,0.12583991450563994,1.0,1.0,0.26666666666666666,1.0,0.8380465668106569,0.9166666666666666,0.23671519871464253,0.7222222222222222,1.0,0.19444444444444442,1.0,0.5526224982746722
398,398,0.2,0.02,6,weighted,0.05,False,0.15,0.8034995399125834,0.9166666666666666,0.24621836816358986,0.625,1.0,0.19444444444444442,1.0,0.9602599493903842,1.0,0.12713549479352296,1.0,1.0,0.26666666666666666,1.0,0.8392713365539451,0.9166666666666666,0.23566329659579396,0.7222222222222222,1.0,0.19444444444444442,1.0,0.5526224982746722
399,763,0.3,0.03,4,mean,0.05,False,0.05,0.8032756733038536,1.0,0.2522851665946517,0.5833333333333334,1.0,0.2333333333333333,1.0,0.8469200768516388,1.0,0.23572880754822165,0.6666666666666666,1.0,0.2833333333333334,1.0,0.9563555964522147,1.0,0.11271024456436556,1.0,1.0,0.5,1.0,0.5886882396544232
400,338,0.4,0.03,6,max,0.2,False,0.1,0.8032156500495704,1.0,0.27277965771618895,0.6388888888888888,1.0,0.0,1.0,0.9019263955011013,1.0,0.218579836207071,0.9166666666666666,1.0,0.0,1.0,0.8617665519609933,1.0,0.26346688880778096,0.8194444444444443,1.0,0.0,1.0,0.5782536315004112
401,324,0.4,0.03,8,max,0.2,False,0.1,0.8032156500495704,1.0,0.27277965771618895,0.6388888888888888,1.0,0.0,1.0,0.9019263955011013,1.0,0.218579836207071,0.9166666666666666,1.0,0.0,1.0,0.8617665519609933,1.0,0.26346688880778096,0.8194444444444443,1.0,0.0,1.0,0.5782536315004112
402,307,0.4,0.02,6,max,0.2,False,0.1,0.8032156500495704,1.0,0.27277965771618895,0.6388888888888888,1.0,0.0,1.0,0.9019263955011013,1.0,0.218579836207071,0.9166666666666666,1.0,0.0,1.0,0.8617665519609933,1.0,0.26346688880778096,0.8194444444444443,1.0,0.0,1.0,0.5782536315004112
403,774,0.4,0.03,4,max,0.2,False,0.1,0.8032156500495704,1.0,0.27277965771618895,0.6388888888888888,1.0,0.0,1.0,0.9019263955011013,1.0,0.218579836207071,0.9166666666666666,1.0,0.0,1.0,0.8617665519609933,1.0,0.26346688880778096,0.8194444444444443,1.0,0.0,1.0,0.5782536315004112
404,342,0.4,0.03,8,min,0.15,False,0.05,0.8031201465796393,0.8333333333333334,0.22874765139741163,0.6458333333333334,1.0,0.3055555555555555,1.0,0.9359142391810669,1.0,0.15687816900344553,1.0,1.0,0.4000000000000001,1.0,0.8672059073985724,0.9583333333333334,0.20064257653987042,0.8333333333333334,1.0,0.3055555555555555,1.0,0.5183968951644283
405,651,0.4,0.02,6,min,0.15,False,0.15,0.8031201465796393,0.8333333333333334,0.22874765139741163,0.6458333333333334,1.0,0.3055555555555555,1.0,0.9359142391810669,1.0,0.15687816900344553,1.0,1.0,0.4000000000000001,1.0,0.8672059073985724,0.9583333333333334,0.20064257653987042,0.8333333333333334,1.0,0.3055555555555555,1.0,0.5183968951644283
406,745,0.4,0.02,8,min,0.15,False,0.15,0.8031201465796393,0.8333333333333334,0.22874765139741163,0.6458333333333334,1.0,0.3055555555555555,1.0,0.9359142391810669,1.0,0.15687816900344553,1.0,1.0,0.4000000000000001,1.0,0.8672059073985724,0.9583333333333334,0.20064257653987042,0.8333333333333334,1.0,0.3055555555555555,1.0,0.5183968951644283
407,611,0.4,0.03,4,min,0.15,False,0.05,0.8031201465796393,0.8333333333333334,0.22874765139741163,0.6458333333333334,1.0,0.3055555555555555,1.0,0.9359142391810669,1.0,0.15687816900344553,1.0,1.0,0.4000000000000001,1.0,0.8672059073985724,0.9583333333333334,0.20064257653987042,0.8333333333333334,1.0,0.3055555555555555,1.0,0.5183968951644283
408,142,0.4,0.03,4,min,0.15,False,0.1,0.8031201465796393,0.8333333333333334,0.22874765139741163,0.6458333333333334,1.0,0.3055555555555555,1.0,0.9359142391810669,1.0,0.15687816900344553,1.0,1.0,0.4000000000000001,1.0,0.8672059073985724,0.9583333333333334,0.20064257653987042,0.8333333333333334,1.0,0.3055555555555555,1.0,0.5183968951644283
409,282,0.2,0.05,6,mean,0.05,False,0.1,0.8031199677938808,0.8333333333333334,0.21839822957826235,0.6666666666666666,1.0,0.27777777777777773,1.0,0.8813463308028525,1.0,0.17678145054399638,0.7777777777777777,1.0,0.3833333333333333,1.0,0.9112318840579711,1.0,0.16395895894624105,0.9166666666666666,1.0,0.3611111111111111,1.0,0.4963768115942029
410,605,0.4,0.03,6,max,0.1,False,0.05,0.8027181691756419,1.0,0.24771710673056113,0.6166666666666667,1.0,0.08333333333333333,1.0,0.8451984622446895,1.0,0.22722197261705437,0.7000000000000001,1.0,0.16666666666666666,1.0,0.9418060447746885,1.0,0.17978415852607857,1.0,1.0,0.08333333333333333,1.0,0.554711899275561
411,781,0.4,0.02,6,max,0.1,False,0.05,0.8027181691756419,1.0,0.24771710673056113,0.6166666666666667,1.0,0.08333333333333333,1.0,0.8451984622446895,1.0,0.22722197261705437,0.7000000000000001,1.0,0.16666666666666666,1.0,0.9418060447746885,1.0,0.17978415852607857,1.0,1.0,0.08333333333333333,1.0,0.554711899275561
412,89,0.4,0.02,8,max,0.1,False,0.05,0.8027181691756419,1.0,0.24771710673056113,0.6166666666666667,1.0,0.08333333333333333,1.0,0.8451984622446895,1.0,0.22722197261705437,0.7000000000000001,1.0,0.16666666666666666,1.0,0.9418060447746885,1.0,0.17978415852607857,1.0,1.0,0.08333333333333333,1.0,0.554711899275561
413,481,0.2,0.05,6,max,0.1,False,0.15,0.8027030135725788,0.9166666666666666,0.2433952580654525,0.5972222222222222,1.0,0.08333333333333333,1.0,0.9078991258339085,1.0,0.17856059771600288,0.9166666666666666,1.0,0.16666666666666666,1.0,0.8742667356797792,1.0,0.22769985161077108,0.8263888888888888,1.0,0.08333333333333333,1.0,0.527432712215321
414,689,0.2,0.05,4,max,0.1,False,0.15,0.8027030135725788,0.9166666666666666,0.2433952580654525,0.5972222222222222,1.0,0.08333333333333333,1.0,0.9078991258339085,1.0,0.17856059771600288,0.9166666666666666,1.0,0.16666666666666666,1.0,0.8742667356797792,1.0,0.22769985161077108,0.8263888888888888,1.0,0.08333333333333333,1.0,0.527432712215321
415,130,0.3,0.05,4,weighted,0.2,True,0.05,0.8026817132292173,0.875,0.24522498778602317,0.6388888888888888,1.0,0.19444444444444442,1.0,0.9192957680477809,1.0,0.1768986249165756,0.8888888888888888,1.0,0.2222222222222222,1.0,0.8792707188439878,1.0,0.20118984315139343,0.8888888888888888,1.0,0.25,1.0,0.5574661963550852
416,185,0.2,0.03,6,weighted,0.05,True,0.05,0.8025764895330113,0.9166666666666666,0.2489698524509629,0.6055555555555555,1.0,0.21666666666666667,1.0,0.8373418449505406,0.9166666666666666,0.2306675080324476,0.7166666666666667,1.0,0.21666666666666667,1.0,0.9652346445824707,1.0,0.10264150605562598,1.0,1.0,0.5,1.0,0.587991718426501
417,587,0.2,0.02,6,weighted,0.05,True,0.05,0.8025764895330113,0.9166666666666666,0.2489698524509629,0.6055555555555555,1.0,0.21666666666666667,1.0,0.8373418449505406,0.9166666666666666,0.2306675080324476,0.7166666666666667,1.0,0.21666666666666667,1.0,0.9652346445824707,1.0,0.10264150605562598,1.0,1.0,0.5,1.0,0.587991718426501
418,121,0.3,0.02,4,min,0.05,False,0.05,0.8024716918436726,0.9166666666666666,0.2411245556862057,0.5833333333333334,1.0,0.2333333333333333,1.0,0.8522346190220587,1.0,0.23275974219567927,0.6666666666666666,1.0,0.2833333333333334,1.0,0.9502370728216137,1.0,0.11254127789635636,0.9166666666666666,1.0,0.5,1.0,0.5515681312782762
419,665,0.3,0.03,8,min,0.05,False,0.05,0.8024716918436726,0.9166666666666666,0.2411245556862057,0.5833333333333334,1.0,0.2333333333333333,1.0,0.8522346190220587,1.0,0.23275974219567927,0.6666666666666666,1.0,0.2833333333333334,1.0,0.9502370728216137,1.0,0.11254127789635636,0.9166666666666666,1.0,0.5,1.0,0.5515681312782762
420,585,0.3,0.02,8,min,0.05,False,0.05,0.8024716918436726,0.9166666666666666,0.2411245556862057,0.5833333333333334,1.0,0.2333333333333333,1.0,0.8522346190220587,1.0,0.23275974219567927,0.6666666666666666,1.0,0.2833333333333334,1.0,0.9502370728216137,1.0,0.11254127789635636,0.9166666666666666,1.0,0.5,1.0,0.5515681312782762
421,174,0.2,0.03,6,max,0.1,True,0.1,0.8019927536231882,0.9583333333333334,0.24133049299060924,0.6333333333333333,1.0,0.2611111111111111,1.0,0.8523004370830458,1.0,0.2173363243984943,0.7583333333333333,1.0,0.3333333333333333,1.0,0.9496923165401426,1.0,0.12808868981053964,1.0,1.0,0.4444444444444444,1.0,0.5415804002760525
422,189,0.2,0.02,8,max,0.1,True,0.1,0.8019927536231882,0.9583333333333334,0.24133049299060924,0.6333333333333333,1.0,0.2611111111111111,1.0,0.8523004370830458,1.0,0.2173363243984943,0.7583333333333333,1.0,0.3333333333333333,1.0,0.9496923165401426,1.0,0.12808868981053964,1.0,1.0,0.4444444444444444,1.0,0.5415804002760525
423,404,0.3,0.02,4,harmonic,0.1,True,0.05,0.8019196934454583,0.9166666666666666,0.24375654971991315,0.6055555555555555,1.0,0.21666666666666667,1.0,0.8404679898439963,0.9166666666666666,0.22607466679202648,0.7097222222222221,1.0,0.21666666666666667,1.0,0.9614517036014619,1.0,0.10790153521254868,1.0,1.0,0.5,1.0,0.5626230094829129
424,612,0.3,0.02,8,max,0.1,False,0.05,0.8015539665499407,1.0,0.2534207067739315,0.5833333333333334,1.0,0.08333333333333333,1.0,0.8413659058184018,1.0,0.2338236845836653,0.6666666666666666,1.0,0.16666666666666666,1.0,0.9479893540883878,1.0,0.16725630143525075,1.0,1.0,0.08333333333333333,1.0,0.5695882217621347
425,56,0.2,0.02,4,max,0.05,True,0.1,0.8015297906602253,1.0,0.2433769571032042,0.6333333333333333,1.0,0.2611111111111111,1.0,0.8508454106280193,1.0,0.21926407471260723,0.7166666666666667,1.0,0.3333333333333333,1.0,0.9506843800322061,1.0,0.12762012722808166,1.0,1.0,0.4444444444444444,1.0,0.5455486542443064
426,260,0.3,0.03,4,max,0.05,False,0.15,0.8015134958975537,0.9583333333333334,0.23675837983660888,0.5833333333333334,1.0,0.3055555555555555,1.0,0.8941699895202312,1.0,0.18942507270651174,0.8333333333333334,1.0,0.37777777777777777,1.0,0.9067396416430232,1.0,0.17896009071121236,0.9166666666666666,1.0,0.3611111111111111,1.0,0.5386026122741099
427,648,0.4,0.05,6,mean,0.05,False,0.05,0.801392935168173,0.9166666666666666,0.2145278423621433,0.6666666666666666,1.0,0.3,1.0,0.8666690916145302,1.0,0.185853463883931,0.7152777777777777,1.0,0.3833333333333333,1.0,0.9250200481154772,1.0,0.14529720960573067,0.9166666666666666,1.0,0.47222222222222215,1.0,0.48641634437417736
428,335,0.2,0.05,4,min,0.15,False,0.05,0.8010639521509088,0.8333333333333334,0.211825069813271,0.611111111111111,1.0,0.3055555555555555,1.0,0.9614878076834598,1.0,0.10983870130758895,1.0,1.0,0.5222222222222223,1.0,0.8362232574189097,0.9166666666666666,0.202741289987856,0.7222222222222222,1.0,0.3055555555555555,1.0,0.48498964803312633
429,464,0.2,0.05,6,min,0.15,False,0.1,0.8010639521509088,0.8333333333333334,0.211825069813271,0.611111111111111,1.0,0.3055555555555555,1.0,0.9614878076834598,1.0,0.10983870130758895,1.0,1.0,0.5222222222222223,1.0,0.8362232574189097,0.9166666666666666,0.202741289987856,0.7222222222222222,1.0,0.3055555555555555,1.0,0.48498964803312633
430,65,0.2,0.05,4,min,0.15,False,0.15,0.8010639521509088,0.8333333333333334,0.211825069813271,0.611111111111111,1.0,0.3055555555555555,1.0,0.9614878076834598,1.0,0.10983870130758895,1.0,1.0,0.5222222222222223,1.0,0.8362232574189097,0.9166666666666666,0.202741289987856,0.7222222222222222,1.0,0.3055555555555555,1.0,0.48498964803312633
431,383,0.2,0.05,4,max,0.1,True,0.1,0.8010639521509088,0.7999999999999999,0.21488751848642917,0.6666666666666666,1.0,0.2611111111111111,1.0,0.8646307798481713,1.0,0.18077110573018276,0.6944444444444443,1.0,0.3666666666666667,1.0,0.9309868875086266,1.0,0.1502483972399817,0.9166666666666666,1.0,0.3611111111111111,1.0,0.46894409937888204
432,100,0.2,0.05,4,min,0.1,False,0.1,0.8009863123993558,0.8333333333333334,0.20893698378223366,0.6666666666666666,1.0,0.3055555555555555,1.0,0.915450310559006,1.0,0.15345002544244424,0.8055555555555555,1.0,0.41111111111111115,1.0,0.8764952841039798,0.9166666666666666,0.17910893584603457,0.8333333333333334,1.0,0.3611111111111111,1.0,0.4710144927536232
433,14,0.2,0.05,6,min,0.1,False,0.05,0.8009863123993558,0.8333333333333334,0.20893698378223366,0.6666666666666666,1.0,0.3055555555555555,1.0,0.915450310559006,1.0,0.15345002544244424,0.8055555555555555,1.0,0.41111111111111115,1.0,0.8764952841039798,0.9166666666666666,0.17910893584603457,0.8333333333333334,1.0,0.3611111111111111,1.0,0.4710144927536232
434,789,0.2,0.05,8,min,0.1,False,0.1,0.8009863123993558,0.8333333333333334,0.20893698378223366,0.6666666666666666,1.0,0.3055555555555555,1.0,0.915450310559006,1.0,0.15345002544244424,0.8055555555555555,1.0,0.41111111111111115,1.0,0.8764952841039798,0.9166666666666666,0.17910893584603457,0.8333333333333334,1.0,0.3611111111111111,1.0,0.4710144927536232
435,634,0.2,0.05,4,min,0.1,False,0.05,0.8009863123993558,0.8333333333333334,0.20893698378223366,0.6666666666666666,1.0,0.3055555555555555,1.0,0.915450310559006,1.0,0.15345002544244424,0.8055555555555555,1.0,0.41111111111111115,1.0,0.8764952841039798,0.9166666666666666,0.17910893584603457,0.8333333333333334,1.0,0.3611111111111111,1.0,0.4710144927536232
436,135,0.3,0.03,4,max,0.2,True,0.15,0.8006090833184231,1.0,0.24777220057414828,0.5555555555555555,1.0,0.08333333333333333,1.0,0.89789520657073,1.0,0.19490249907856613,0.9166666666666666,1.0,0.16666666666666666,1.0,0.8899113053702425,1.0,0.21746893731055783,0.8333333333333334,1.0,0.08333333333333333,1.0,0.5424238938731692
437,600,0.3,0.03,6,max,0.2,True,0.15,0.8006090833184231,1.0,0.24777220057414828,0.5555555555555555,1.0,0.08333333333333333,1.0,0.89789520657073,1.0,0.19490249907856613,0.9166666666666666,1.0,0.16666666666666666,1.0,0.8899113053702425,1.0,0.21746893731055783,0.8333333333333334,1.0,0.08333333333333333,1.0,0.5424238938731692
438,578,0.3,0.03,6,max,0.1,True,0.15,0.8006022672085473,0.9166666666666666,0.23460864145309315,0.5833333333333334,1.0,0.3055555555555555,1.0,0.8942508243232882,1.0,0.18768849092702775,0.8333333333333334,1.0,0.37777777777777777,1.0,0.9057475781509597,1.0,0.1790798739953456,0.9166666666666666,1.0,0.3611111111111111,1.0,0.530666104337602
439,559,0.3,0.05,6,min,0.1,False,0.1,0.8004988540415271,0.8333333333333334,0.20927296799600867,0.6666666666666666,1.0,0.3055555555555555,1.0,0.9155972829282008,1.0,0.15353902083271492,0.8055555555555555,1.0,0.41111111111111115,1.0,0.8757726699554397,0.9166666666666666,0.17976396547803877,0.8333333333333334,1.0,0.3611111111111111,1.0,0.46998568616926106
440,6,0.3,0.05,8,min,0.1,False,0.05,0.8004988540415271,0.8333333333333334,0.20927296799600867,0.6666666666666666,1.0,0.3055555555555555,1.0,0.9155972829282008,1.0,0.15353902083271492,0.8055555555555555,1.0,0.41111111111111115,1.0,0.8757726699554397,0.9166666666666666,0.17976396547803877,0.8333333333333334,1.0,0.3611111111111111,1.0,0.46998568616926106
441,351,0.3,0.05,4,min,0.1,False,0.1,0.8004988540415271,0.8333333333333334,0.20927296799600867,0.6666666666666666,1.0,0.3055555555555555,1.0,0.9155972829282008,1.0,0.15353902083271492,0.8055555555555555,1.0,0.41111111111111115,1.0,0.8757726699554397,0.9166666666666666,0.17976396547803877,0.8333333333333334,1.0,0.3611111111111111,1.0,0.46998568616926106
442,546,0.3,0.05,8,max,0.15,True,0.15,0.800374353534579,0.8333333333333334,0.2220001875605617,0.5833333333333334,1.0,0.19444444444444442,1.0,0.9059868875086267,1.0,0.15828608623845467,0.8263888888888888,1.0,0.27777777777777773,1.0,0.883672967308233,1.0,0.19945718979077173,0.8263888888888888,1.0,0.25,1.0,0.49143087186565443
443,524,0.3,0.02,6,max,0.05,True,0.15,0.800124607008665,0.9166666666666666,0.2368321802885424,0.5833333333333334,1.0,0.3055555555555555,1.0,0.8927811006313423,1.0,0.19013539682323777,0.8333333333333334,1.0,0.37777777777777777,1.0,0.9067396416430232,1.0,0.17896009071121236,0.9166666666666666,1.0,0.3611111111111111,1.0,0.5346343583058559
444,544,0.3,0.03,6,max,0.05,True,0.15,0.800124607008665,0.9166666666666666,0.2368321802885424,0.5833333333333334,1.0,0.3055555555555555,1.0,0.8927811006313423,1.0,0.19013539682323777,0.8333333333333334,1.0,0.37777777777777777,1.0,0.9067396416430232,1.0,0.17896009071121236,0.9166666666666666,1.0,0.3611111111111111,1.0,0.5346343583058559
445,272,0.3,0.03,8,max,0.15,True,0.15,0.8000998986103657,0.9166666666666666,0.23609191480855096,0.5833333333333334,1.0,0.19444444444444442,1.0,0.8937484557251064,1.0,0.18958412995125298,0.8263888888888888,1.0,0.27777777777777773,1.0,0.9017793241827058,1.0,0.1866644530717544,0.8958333333333334,1.0,0.25,1.0,0.530666104337602
446,1,0.3,0.03,6,max,0.15,True,0.15,0.8000998986103657,0.9166666666666666,0.23609191480855096,0.5833333333333334,1.0,0.19444444444444442,1.0,0.8937484557251064,1.0,0.18958412995125298,0.8263888888888888,1.0,0.27777777777777773,1.0,0.9017793241827058,1.0,0.1866644530717544,0.8958333333333334,1.0,0.25,1.0,0.530666104337602
447,87,0.4,0.02,8,min,0.2,True,0.1,0.799515320595026,0.875,0.23122364089023772,0.6388888888888888,1.0,0.27777777777777773,1.0,0.8782615548765701,1.0,0.20957023063666888,0.7777777777777777,1.0,0.35000000000000003,1.0,0.9212537657184555,1.0,0.1485227672145195,0.9166666666666666,1.0,0.4444444444444444,1.0,0.5139676996944565
448,162,0.4,0.02,6,min,0.2,True,0.1,0.799515320595026,0.875,0.23122364089023772,0.6388888888888888,1.0,0.27777777777777773,1.0,0.8782615548765701,1.0,0.20957023063666888,0.7777777777777777,1.0,0.35000000000000003,1.0,0.9212537657184555,1.0,0.1485227672145195,0.9166666666666666,1.0,0.4444444444444444,1.0,0.5139676996944565
449,649,0.3,0.05,8,mean,0.2,False,0.05,0.7994194591416814,0.9166666666666666,0.25358143712203424,0.5833333333333334,1.0,0.1111111111111111,1.0,0.9786421457113889,1.0,0.1169455983291572,1.0,1.0,0.2222222222222222,1.0,0.8048084460121497,0.9166666666666666,0.25371259839496557,0.5833333333333334,1.0,0.1111111111111111,1.0,0.5534596017687805
450,570,0.2,0.05,8,mean,0.1,True,0.1,0.7993673798021623,0.875,0.21947648412070375,0.6666666666666666,1.0,0.27777777777777773,1.0,0.8794628479411087,1.0,0.17975162061581532,0.7777777777777777,1.0,0.3833333333333333,1.0,0.9112318840579711,1.0,0.16395895894624105,0.9166666666666666,1.0,0.3611111111111111,1.0,0.48809523809523814
451,554,0.2,0.05,6,max,0.05,True,0.1,0.7990798251667816,0.7999999999999999,0.21519805941455986,0.6666666666666666,1.0,0.2611111111111111,1.0,0.8626466528640441,1.0,0.18185394337605418,0.6944444444444443,1.0,0.3666666666666667,1.0,0.9309868875086266,1.0,0.1502483972399817,0.9166666666666666,1.0,0.3611111111111111,1.0,0.4649758454106281
452,123,0.2,0.05,8,max,0.05,True,0.1,0.7990798251667816,0.7999999999999999,0.21519805941455986,0.6666666666666666,1.0,0.2611111111111111,1.0,0.8626466528640441,1.0,0.18185394337605418,0.6944444444444443,1.0,0.3666666666666667,1.0,0.9309868875086266,1.0,0.1502483972399817,0.9166666666666666,1.0,0.3611111111111111,1.0,0.4649758454106281
453,337,0.4,0.02,8,mean,0.2,False,0.1,0.7988958310070752,0.9166666666666666,0.26136524554828244,0.5833333333333334,1.0,0.1111111111111111,1.0,0.9661031764561248,1.0,0.14037204041124918,1.0,1.0,0.2222222222222222,1.0,0.8116753062483575,0.9166666666666666,0.26195541710348447,0.5833333333333334,1.0,0.1111111111111111,1.0,0.5560484403073706
454,283,0.4,0.03,4,mean,0.2,False,0.05,0.7988958310070752,0.9166666666666666,0.26136524554828244,0.5833333333333334,1.0,0.1111111111111111,1.0,0.9661031764561248,1.0,0.14037204041124918,1.0,1.0,0.2222222222222222,1.0,0.8116753062483575,0.9166666666666666,0.26195541710348447,0.5833333333333334,1.0,0.1111111111111111,1.0,0.5560484403073706
455,707,0.2,0.05,4,weighted,0.2,True,0.05,0.7984587071543593,0.875,0.24677117254000072,0.6305555555555555,1.0,0.19444444444444442,1.0,0.9141419369680239,1.0,0.1798008379959031,0.8888888888888888,1.0,0.2222222222222222,1.0,0.8803485162180814,1.0,0.20016711823831948,0.8888888888888888,1.0,0.25,1.0,0.5515873015873015
456,525,0.4,0.05,6,max,0.2,True,0.15,0.7983435350326015,0.8416666666666667,0.23817348029237442,0.5972222222222222,1.0,0.08333333333333333,1.0,0.9142792491007955,1.0,0.16404087829935043,0.9166666666666666,1.0,0.16666666666666666,1.0,0.8645109726071122,1.0,0.2326932641719581,0.8125,1.0,0.08333333333333333,1.0,0.49789029535864976
457,137,0.3,0.02,8,max,0.1,False,0.15,0.7982181197760907,0.9166666666666666,0.24921441119465418,0.5555555555555555,1.0,0.08333333333333333,1.0,0.8918666768908315,1.0,0.2016290630739821,0.8333333333333334,1.0,0.16666666666666666,1.0,0.8935488715078087,1.0,0.2137828347993265,0.8958333333333334,1.0,0.08333333333333333,1.0,0.5423727730491015
458,368,0.2,0.05,8,harmonic,0.1,False,0.1,0.7981855302507476,0.9166666666666666,0.2496692284099926,0.5555555555555555,1.0,0.1111111111111111,1.0,0.967391304347826,1.0,0.13610046281175056,1.0,1.0,0.16666666666666666,1.0,0.813678974005061,0.9166666666666666,0.247632324810266,0.625,1.0,0.1111111111111111,1.0,0.5384748102139407
459,68,0.2,0.05,8,max,0.15,True,0.15,0.7978807223372439,0.8333333333333334,0.22513332959619822,0.5555555555555555,1.0,0.16666666666666666,1.0,0.9030768345985738,1.0,0.16271229813205143,0.8263888888888888,1.0,0.25,1.0,0.8841873706004142,1.0,0.1987527922644754,0.8263888888888888,1.0,0.25,1.0,0.4887853692201518
460,399,0.2,0.02,6,min,0.05,False,0.05,0.7978347135955831,0.9166666666666666,0.24323565539372835,0.5833333333333334,1.0,0.2333333333333333,1.0,0.847524154589372,1.0,0.2349449156542969,0.6666666666666666,1.0,0.2833333333333334,1.0,0.9503105590062111,1.0,0.11230972254313602,0.9166666666666666,1.0,0.5,1.0,0.5445134575569358
461,683,0.2,0.02,8,min,0.05,False,0.05,0.7978347135955831,0.9166666666666666,0.24323565539372835,0.5833333333333334,1.0,0.2333333333333333,1.0,0.847524154589372,1.0,0.2349449156542969,0.6666666666666666,1.0,0.2833333333333334,1.0,0.9503105590062111,1.0,0.11230972254313602,0.9166666666666666,1.0,0.5,1.0,0.5445134575569358
462,225,0.2,0.03,8,min,0.05,False,0.05,0.7978347135955831,0.9166666666666666,0.24323565539372835,0.5833333333333334,1.0,0.2333333333333333,1.0,0.847524154589372,1.0,0.2349449156542969,0.6666666666666666,1.0,0.2833333333333334,1.0,0.9503105590062111,1.0,0.11230972254313602,0.9166666666666666,1.0,0.5,1.0,0.5445134575569358
463,602,0.2,0.02,6,mean,0.05,False,0.05,0.7977225672877846,1.0,0.2554236683057947,0.5833333333333334,1.0,0.2333333333333333,1.0,0.8413302277432712,1.0,0.23890247750931456,0.6666666666666666,1.0,0.2833333333333334,1.0,0.9563923395445134,1.0,0.11254339739827264,1.0,1.0,0.5,1.0,0.5817805383022775
464,257,0.2,0.03,6,mean,0.05,False,0.05,0.7977225672877846,1.0,0.2554236683057947,0.5833333333333334,1.0,0.2333333333333333,1.0,0.8413302277432712,1.0,0.23890247750931456,0.6666666666666666,1.0,0.2833333333333334,1.0,0.9563923395445134,1.0,0.11254339739827264,1.0,1.0,0.5,1.0,0.5817805383022775
465,552,0.2,0.02,8,mean,0.05,False,0.05,0.7977225672877846,1.0,0.2554236683057947,0.5833333333333334,1.0,0.2333333333333333,1.0,0.8413302277432712,1.0,0.23890247750931456,0.6666666666666666,1.0,0.2833333333333334,1.0,0.9563923395445134,1.0,0.11254339739827264,1.0,1.0,0.5,1.0,0.5817805383022775
466,104,0.4,0.03,6,min,0.05,False,0.1,0.7976869099058556,0.875,0.23289186339810639,0.6388888888888888,1.0,0.27777777777777773,1.0,0.8764331441873999,1.0,0.21189276341840466,0.75,1.0,0.35000000000000003,1.0,0.9212537657184555,1.0,0.1485227672145195,0.9166666666666666,1.0,0.4444444444444444,1.0,0.5139676996944565
467,655,0.4,0.03,4,min,0.05,False,0.1,0.7976869099058556,0.875,0.23289186339810639,0.6388888888888888,1.0,0.27777777777777773,1.0,0.8764331441873999,1.0,0.21189276341840466,0.75,1.0,0.35000000000000003,1.0,0.9212537657184555,1.0,0.1485227672145195,0.9166666666666666,1.0,0.4444444444444444,1.0,0.5139676996944565
468,395,0.2,0.03,4,max,0.2,True,0.15,0.7976794340924777,1.0,0.2501330162386301,0.5555555555555555,1.0,0.08333333333333333,1.0,0.8946716126063953,1.0,0.19770222681089003,0.9166666666666666,1.0,0.16666666666666666,1.0,0.8904991948470209,1.0,0.21643554516319943,0.8333333333333334,1.0,0.08333333333333333,1.0,0.5393374741200828
469,549,0.2,0.03,4,max,0.1,True,0.15,0.7975011502185415,0.9166666666666666,0.23783546578895012,0.5555555555555555,1.0,0.27777777777777773,1.0,0.8908557625948932,1.0,0.191518018253977,0.8333333333333334,1.0,0.35000000000000003,1.0,0.9060415228893489,1.0,0.17849775307272284,0.9166666666666666,1.0,0.3611111111111111,1.0,0.527432712215321
470,701,0.4,0.03,8,min,0.2,True,0.15,0.7970815752461321,0.8333333333333334,0.2280908041654027,0.5972222222222222,1.0,0.3277777777777778,1.0,0.9192422714655821,1.0,0.17332978530143725,1.0,1.0,0.4000000000000001,1.0,0.87783930378055,0.9583333333333334,0.18541213617318233,0.8333333333333334,1.0,0.3611111111111111,1.0,0.5060821076067795
471,673,0.2,0.02,6,max,0.05,True,0.15,0.7970381872555786,0.9166666666666666,0.23998345845897043,0.5555555555555555,1.0,0.27777777777777773,1.0,0.8894007361398666,1.0,0.19387300571379482,0.8333333333333334,1.0,0.35000000000000003,1.0,0.9070335863814124,1.0,0.17837796978858958,0.9166666666666666,1.0,0.3611111111111111,1.0,0.5314009661835749
472,650,0.4,0.05,6,max,0.05,False,0.1,0.7970260834159507,0.75,0.20522859505227906,0.6666666666666666,1.0,0.27777777777777773,1.0,0.8636881539605038,0.9166666666666666,0.1722062492051264,0.7013888888888888,1.0,0.3833333333333333,1.0,0.9292666675689728,1.0,0.14709577930051485,0.9166666666666666,1.0,0.4444444444444444,1.0,0.4376139866481243
473,64,0.2,0.02,8,max,0.15,True,0.15,0.7969375431331954,0.9166666666666666,0.2395632420408443,0.5763888888888888,1.0,0.16666666666666666,1.0,0.8902921555095468,1.0,0.1937179570642836,0.8263888888888888,1.0,0.25,1.0,0.902073268921095,1.0,0.18608233214913159,0.8958333333333334,1.0,0.25,1.0,0.527432712215321
474,632,0.2,0.03,6,max,0.15,True,0.15,0.7969375431331954,0.9166666666666666,0.2395632420408443,0.5763888888888888,1.0,0.16666666666666666,1.0,0.8902921555095468,1.0,0.1937179570642836,0.8263888888888888,1.0,0.25,1.0,0.902073268921095,1.0,0.18608233214913159,0.8958333333333334,1.0,0.25,1.0,0.527432712215321
475,547,0.2,0.02,6,max,0.15,True,0.15,0.7969375431331954,0.9166666666666666,0.2395632420408443,0.5763888888888888,1.0,0.16666666666666666,1.0,0.8902921555095468,1.0,0.1937179570642836,0.8263888888888888,1.0,0.25,1.0,0.902073268921095,1.0,0.18608233214913159,0.8958333333333334,1.0,0.25,1.0,0.527432712215321
476,132,0.4,0.03,6,min,0.15,True,0.1,0.7967023810732256,0.875,0.23189635726531663,0.6388888888888888,1.0,0.27777777777777773,1.0,0.8754486153547699,1.0,0.21121767178751874,0.75,1.0,0.35000000000000003,1.0,0.9212537657184555,1.0,0.1485227672145195,0.9166666666666666,1.0,0.4444444444444444,1.0,0.5097482904117562
477,70,0.4,0.02,4,min,0.15,True,0.1,0.7967023810732256,0.875,0.23189635726531663,0.6388888888888888,1.0,0.27777777777777773,1.0,0.8754486153547699,1.0,0.21121767178751874,0.75,1.0,0.35000000000000003,1.0,0.9212537657184555,1.0,0.1485227672145195,0.9166666666666666,1.0,0.4444444444444444,1.0,0.5097482904117562
478,196,0.2,0.05,8,harmonic,0.1,False,0.15,0.7966183574879228,0.9166666666666666,0.25077945749254654,0.5555555555555555,1.0,0.1111111111111111,1.0,0.9687140556705773,1.0,0.13537140699127956,1.0,1.0,0.16666666666666666,1.0,0.8107890499194846,0.9166666666666666,0.2489549632036645,0.625,1.0,0.1111111111111111,1.0,0.5384748102139407
479,691,0.2,0.05,6,harmonic,0.1,False,0.15,0.7966183574879228,0.9166666666666666,0.25077945749254654,0.5555555555555555,1.0,0.1111111111111111,1.0,0.9687140556705773,1.0,0.13537140699127956,1.0,1.0,0.16666666666666666,1.0,0.8107890499194846,0.9166666666666666,0.2489549632036645,0.625,1.0,0.1111111111111111,1.0,0.5384748102139407
480,467,0.4,0.05,8,mean,0.15,True,0.15,0.796524711346613,0.8333333333333334,0.21549114002245062,0.611111111111111,1.0,0.3277777777777778,1.0,0.930862226869099,1.0,0.13527374194217576,0.8958333333333334,1.0,0.4666666666666666,1.0,0.8600986953780493,0.9583333333333334,0.1984607100903407,0.8055555555555555,1.0,0.3611111111111111,1.0,0.4749982235847045
481,551,0.4,0.02,8,min,0.1,True,0.1,0.7962804401449555,0.875,0.2324547361354986,0.6388888888888888,1.0,0.27777777777777773,1.0,0.8750266744265,1.0,0.21192341584497718,0.75,1.0,0.35000000000000003,1.0,0.9212537657184555,1.0,0.1485227672145195,0.9166666666666666,1.0,0.4444444444444444,1.0,0.5097482904117562
482,416,0.3,0.05,8,harmonic,0.1,False,0.05,0.7962724399117315,0.9166666666666666,0.250703764013374,0.5555555555555555,1.0,0.1111111111111111,1.0,0.966656442501853,1.0,0.13723607753743483,1.0,1.0,0.16666666666666666,1.0,0.8120010394567561,0.9166666666666666,0.24876019320742548,0.625,1.0,0.1111111111111111,1.0,0.5345065562456867
483,792,0.3,0.05,8,harmonic,0.1,False,0.1,0.7962724399117315,0.9166666666666666,0.250703764013374,0.5555555555555555,1.0,0.1111111111111111,1.0,0.966656442501853,1.0,0.13723607753743483,1.0,1.0,0.16666666666666666,1.0,0.8120010394567561,0.9166666666666666,0.24876019320742548,0.625,1.0,0.1111111111111111,1.0,0.5345065562456867
484,24,0.4,0.05,4,max,0.1,False,0.15,0.7958428216467764,0.8333333333333334,0.23630709820553672,0.5555555555555555,1.0,0.08333333333333333,1.0,0.9066928561035938,1.0,0.1729929354133888,0.9166666666666666,1.0,0.16666666666666666,1.0,0.8701974753473033,1.0,0.2279104551017159,0.8125,1.0,0.08333333333333333,1.0,0.4913226342377825
485,402,0.4,0.05,8,max,0.1,False,0.15,0.7958428216467764,0.8333333333333334,0.23630709820553672,0.5555555555555555,1.0,0.08333333333333333,1.0,0.9066928561035938,1.0,0.1729929354133888,0.9166666666666666,1.0,0.16666666666666666,1.0,0.8701974753473033,1.0,0.2279104551017159,0.8125,1.0,0.08333333333333333,1.0,0.4913226342377825
486,506,0.3,0.05,8,max,0.05,False,0.15,0.7956138332949926,0.8333333333333334,0.2131591592661047,0.5833333333333334,1.0,0.3055555555555555,1.0,0.9001781773722192,1.0,0.15330568683231482,0.8055555555555555,1.0,0.41111111111111115,1.0,0.8896988344452113,1.0,0.18884385065951526,0.8263888888888888,1.0,0.3611111111111111,1.0,0.46404928047440125
487,594,0.2,0.03,8,max,0.2,False,0.15,0.7953099838969404,1.0,0.2844051778167986,0.6319444444444443,1.0,0.0,1.0,0.9081435472739822,1.0,0.2249625252364561,0.9833333333333334,1.0,0.0,1.0,0.8349580170232344,1.0,0.2819635585413296,0.8263888888888888,1.0,0.0,1.0,0.5750517598343686
488,236,0.3,0.05,6,max,0.1,True,0.15,0.7951004950199797,0.8333333333333334,0.2141429697946171,0.625,1.0,0.3055555555555555,1.0,0.8996648390972063,1.0,0.15582129536134262,0.8263888888888888,1.0,0.41111111111111115,1.0,0.8896988344452113,1.0,0.18884385065951526,0.8263888888888888,1.0,0.3611111111111111,1.0,0.4643943460368581
489,232,0.3,0.05,4,max,0.1,True,0.15,0.7951004950199797,0.8333333333333334,0.2141429697946171,0.625,1.0,0.3055555555555555,1.0,0.8996648390972063,1.0,0.15582129536134262,0.8263888888888888,1.0,0.41111111111111115,1.0,0.8896988344452113,1.0,0.18884385065951526,0.8263888888888888,1.0,0.3611111111111111,1.0,0.4643943460368581
490,764,0.4,0.02,4,max,0.1,False,0.1,0.7949861383212818,0.9166666666666666,0.2520990437227838,0.6388888888888888,1.0,0.08333333333333333,1.0,0.8562714791166872,1.0,0.22096578628549957,0.75,1.0,0.16666666666666666,1.0,0.9230009970483307,1.0,0.20037441539944745,1.0,1.0,0.08333333333333333,1.0,0.5346451737334159
491,331,0.4,0.03,8,max,0.1,False,0.1,0.7949861383212818,0.9166666666666666,0.2520990437227838,0.6388888888888888,1.0,0.08333333333333333,1.0,0.8562714791166872,1.0,0.22096578628549957,0.75,1.0,0.16666666666666666,1.0,0.9230009970483307,1.0,0.20037441539944745,1.0,1.0,0.08333333333333333,1.0,0.5346451737334159
492,369,0.4,0.02,6,max,0.1,False,0.1,0.7949861383212818,0.9166666666666666,0.2520990437227838,0.6388888888888888,1.0,0.08333333333333333,1.0,0.8562714791166872,1.0,0.22096578628549957,0.75,1.0,0.16666666666666666,1.0,0.9230009970483307,1.0,0.20037441539944745,1.0,1.0,0.08333333333333333,1.0,0.5346451737334159
493,720,0.4,0.03,4,mean,0.2,False,0.15,0.7943166271343771,0.9166666666666666,0.2621497447036693,0.5833333333333334,1.0,0.1111111111111111,1.0,0.9675096462170248,1.0,0.13766161602336788,1.0,1.0,0.2222222222222222,1.0,0.8056896326147592,0.9166666666666666,0.26267647219746404,0.5833333333333334,1.0,0.1111111111111111,1.0,0.5482965023228744
494,400,0.3,0.02,4,weighted,0.05,False,0.05,0.7940632747999897,0.9166666666666666,0.25549677641391955,0.5972222222222222,1.0,0.16666666666666666,1.0,0.9381111068510424,1.0,0.15735665493752343,1.0,1.0,0.21666666666666667,1.0,0.8518369416114987,0.9166666666666666,0.22739933156919298,0.8055555555555555,1.0,0.19444444444444442,1.0,0.5401298468931319
495,275,0.2,0.02,4,max,0.1,False,0.05,0.7939383482861743,1.0,0.2596806680855986,0.5833333333333334,1.0,0.08333333333333333,1.0,0.8337502875546354,1.0,0.24008364589533238,0.6666666666666666,1.0,0.16666666666666666,1.0,0.9443150448585231,1.0,0.1774369010787934,1.0,1.0,0.08333333333333333,1.0,0.5629744651483781
496,620,0.2,0.02,8,max,0.1,False,0.05,0.7939383482861743,1.0,0.2596806680855986,0.5833333333333334,1.0,0.08333333333333333,1.0,0.8337502875546354,1.0,0.24008364589533238,0.6666666666666666,1.0,0.16666666666666666,1.0,0.9443150448585231,1.0,0.1774369010787934,1.0,1.0,0.08333333333333333,1.0,0.5629744651483781
497,25,0.4,0.02,8,min,0.15,True,0.15,0.7938466947960618,0.8333333333333334,0.22929919169372937,0.5972222222222222,1.0,0.3277777777777778,1.0,0.9160073910155119,1.0,0.1765994795131934,0.9444444444444443,1.0,0.4000000000000001,1.0,0.87783930378055,0.9583333333333334,0.18541213617318233,0.8333333333333334,1.0,0.3611111111111111,1.0,0.501862698324079
498,245,0.4,0.03,6,min,0.05,True,0.15,0.7938466947960618,0.8333333333333334,0.22929919169372937,0.5972222222222222,1.0,0.3277777777777778,1.0,0.9160073910155119,1.0,0.1765994795131934,0.9444444444444443,1.0,0.4000000000000001,1.0,0.87783930378055,0.9583333333333334,0.18541213617318233,0.8333333333333334,1.0,0.3611111111111111,1.0,0.501862698324079
499,347,0.4,0.03,4,min,0.05,False,0.15,0.7938466947960618,0.8333333333333334,0.22929919169372937,0.5972222222222222,1.0,0.3277777777777778,1.0,0.9160073910155119,1.0,0.1765994795131934,0.9444444444444443,1.0,0.4000000000000001,1.0,0.87783930378055,0.9583333333333334,0.18541213617318233,0.8333333333333334,1.0,0.3611111111111111,1.0,0.501862698324079
500,626,0.4,0.03,8,min,0.05,False,0.15,0.7938466947960618,0.8333333333333334,0.22929919169372937,0.5972222222222222,1.0,0.3277777777777778,1.0,0.9160073910155119,1.0,0.1765994795131934,0.9444444444444443,1.0,0.4000000000000001,1.0,0.87783930378055,0.9583333333333334,0.18541213617318233,0.8333333333333334,1.0,0.3611111111111111,1.0,0.501862698324079
501,218,0.4,0.02,6,min,0.05,True,0.15,0.7938466947960618,0.8333333333333334,0.22929919169372937,0.5972222222222222,1.0,0.3277777777777778,1.0,0.9160073910155119,1.0,0.1765994795131934,0.9444444444444443,1.0,0.4000000000000001,1.0,0.87783930378055,0.9583333333333334,0.18541213617318233,0.8333333333333334,1.0,0.3611111111111111,1.0,0.501862698324079
502,608,0.4,0.02,8,min,0.05,False,0.15,0.7938466947960618,0.8333333333333334,0.22929919169372937,0.5972222222222222,1.0,0.3277777777777778,1.0,0.9160073910155119,1.0,0.1765994795131934,0.9444444444444443,1.0,0.4000000000000001,1.0,0.87783930378055,0.9583333333333334,0.18541213617318233,0.8333333333333334,1.0,0.3611111111111111,1.0,0.501862698324079
503,85,0.4,0.02,4,min,0.05,True,0.15,0.7938466947960618,0.8333333333333334,0.22929919169372937,0.5972222222222222,1.0,0.3277777777777778,1.0,0.9160073910155119,1.0,0.1765994795131934,0.9444444444444443,1.0,0.4000000000000001,1.0,0.87783930378055,0.9583333333333334,0.18541213617318233,0.8333333333333334,1.0,0.3611111111111111,1.0,0.501862698324079
504,353,0.2,0.05,8,mean,0.2,False,0.05,0.7933201058201057,0.9166666666666666,0.2625811727047785,0.5555555555555555,1.0,0.1111111111111111,1.0,0.9712445364619278,1.0,0.13228697468421832,1.0,1.0,0.2222222222222222,1.0,0.798611111111111,0.9166666666666666,0.26290719951643365,0.5833333333333334,1.0,0.1111111111111111,1.0,0.549344375431332
505,488,0.2,0.05,4,mean,0.2,False,0.05,0.7933201058201057,0.9166666666666666,0.2625811727047785,0.5555555555555555,1.0,0.1111111111111111,1.0,0.9712445364619278,1.0,0.13228697468421832,1.0,1.0,0.2222222222222222,1.0,0.798611111111111,0.9166666666666666,0.26290719951643365,0.5833333333333334,1.0,0.1111111111111111,1.0,0.549344375431332
506,447,0.2,0.05,4,mean,0.2,False,0.1,0.7933201058201057,0.9166666666666666,0.2625811727047785,0.5555555555555555,1.0,0.1111111111111111,1.0,0.9712445364619278,1.0,0.13228697468421832,1.0,1.0,0.2222222222222222,1.0,0.798611111111111,0.9166666666666666,0.26290719951643365,0.5833333333333334,1.0,0.1111111111111111,1.0,0.549344375431332
507,140,0.3,0.05,6,mean,0.05,False,0.05,0.7932405490376505,0.9166666666666666,0.22614277128880625,0.6444444444444444,1.0,0.2611111111111111,1.0,0.8550228339680835,1.0,0.1985879077258131,0.7569444444444443,1.0,0.3444444444444444,1.0,0.9280825856912814,1.0,0.1453000130613541,0.9166666666666666,1.0,0.4166666666666667,1.0,0.4892646269457863
508,366,0.2,0.05,6,max,0.05,False,0.15,0.7931446974925236,0.8333333333333334,0.21651362874061608,0.5555555555555555,1.0,0.27777777777777773,1.0,0.8973171152518978,1.0,0.1577972971363588,0.8055555555555555,1.0,0.3833333333333333,1.0,0.8901397515527951,1.0,0.18818643540700478,0.8263888888888888,1.0,0.3611111111111111,1.0,0.4616977225672878
509,358,0.4,0.03,6,max,0.05,False,0.1,0.7930830054014303,0.9249999999999999,0.23816245369624442,0.6180555555555555,1.0,0.27777777777777773,1.0,0.8461012477766613,0.9666666666666667,0.21435738076771804,0.7222222222222222,1.0,0.35000000000000003,1.0,0.9469817576247692,1.0,0.13271192061773784,1.0,1.0,0.4444444444444444,1.0,0.5118664541735609
510,562,0.4,0.02,8,max,0.05,False,0.1,0.7930830054014303,0.9249999999999999,0.23816245369624442,0.6180555555555555,1.0,0.27777777777777773,1.0,0.8461012477766613,0.9666666666666667,0.21435738076771804,0.7222222222222222,1.0,0.35000000000000003,1.0,0.9469817576247692,1.0,0.13271192061773784,1.0,1.0,0.4444444444444444,1.0,0.5118664541735609
511,579,0.4,0.05,8,mean,0.05,False,0.1,0.7930270342210899,0.7916666666666666,0.21445255341741976,0.6555555555555554,1.0,0.27777777777777773,1.0,0.8772236489938722,1.0,0.17521303510862338,0.7777777777777777,1.0,0.3833333333333333,1.0,0.9055370018846921,1.0,0.16621923193128438,0.875,1.0,0.4166666666666667,1.0,0.46094593268570305
512,190,0.4,0.03,8,max,0.2,True,0.1,0.7929268218407722,0.9166666666666666,0.24987197264408403,0.6388888888888888,1.0,0.08333333333333333,1.0,0.8480547688573533,0.9249999999999999,0.22344971576746078,0.7777777777777777,1.0,0.13333333333333333,1.0,0.9291583908271553,1.0,0.19670364228092643,1.0,1.0,0.08333333333333333,1.0,0.5187775555848805
513,486,0.4,0.05,6,mean,0.1,True,0.1,0.7928266940516594,0.7916666666666666,0.21366483860912,0.6388888888888888,1.0,0.27777777777777773,1.0,0.8790185333689745,1.0,0.1752660118245221,0.7777777777777777,1.0,0.3833333333333333,1.0,0.9055370018846921,1.0,0.16621923193128438,0.875,1.0,0.4166666666666667,1.0,0.4602590521047983
514,326,0.4,0.05,8,mean,0.1,True,0.1,0.7928266940516594,0.7916666666666666,0.21366483860912,0.6388888888888888,1.0,0.27777777777777773,1.0,0.8790185333689745,1.0,0.1752660118245221,0.7777777777777777,1.0,0.3833333333333333,1.0,0.9055370018846921,1.0,0.16621923193128438,0.875,1.0,0.4166666666666667,1.0,0.4602590521047983
515,740,0.4,0.03,8,mean,0.2,True,0.05,0.7927781950943867,0.8333333333333334,0.2402633282462273,0.5833333333333334,1.0,0.2333333333333333,1.0,0.8292663292041548,0.9583333333333334,0.2312860417673871,0.7222222222222222,1.0,0.2833333333333334,1.0,0.9635118658902323,1.0,0.10495583098402857,1.0,1.0,0.5,1.0,0.5302159782634441
516,384,0.2,0.05,6,max,0.1,True,0.15,0.7926558546123763,0.8333333333333334,0.21738567068122686,0.5972222222222222,1.0,0.27777777777777773,1.0,0.8968282723717507,1.0,0.16014237227522995,0.8263888888888888,1.0,0.3833333333333333,1.0,0.8901397515527951,1.0,0.18818643540700478,0.8263888888888888,1.0,0.3611111111111111,1.0,0.46204278812974464
517,248,0.4,0.02,6,max,0.15,True,0.1,0.7922908651650036,0.8416666666666667,0.23725115749860992,0.6180555555555555,1.0,0.16666666666666666,1.0,0.8463639598609096,0.9666666666666667,0.21427125892693688,0.7222222222222222,1.0,0.21666666666666667,1.0,0.9417074960213938,1.0,0.1439124892551448,1.0,1.0,0.3333333333333333,1.0,0.5034276356081601
518,545,0.4,0.02,4,max,0.1,True,0.1,0.7915480134037584,0.8416666666666667,0.23633494954723988,0.6180555555555555,1.0,0.27777777777777773,1.0,0.8456211080996643,0.9666666666666667,0.21323244674516292,0.7222222222222222,1.0,0.35000000000000003,1.0,0.9459269053040941,1.0,0.13317382668807656,1.0,1.0,0.4444444444444444,1.0,0.5034276356081601
519,109,0.4,0.03,8,max,0.2,False,0.15,0.7912174309763969,0.9249999999999999,0.2746300836703502,0.6180555555555555,1.0,0.0,1.0,0.9118934105707425,1.0,0.21396267208700626,0.9208333333333334,1.0,0.0,1.0,0.8391553229861372,1.0,0.27092305443814835,0.7777777777777777,1.0,0.0,1.0,0.5469024392719742
520,138,0.4,0.05,8,max,0.15,True,0.15,0.7911506321218744,0.7583333333333333,0.21731437785149532,0.5625,1.0,0.19444444444444442,1.0,0.9022552861043721,1.0,0.15506302569133928,0.8055555555555555,1.0,0.3333333333333333,1.0,0.8788181650024757,1.0,0.2001679496028991,0.8125,1.0,0.25,1.0,0.45519880624892145
521,431,0.4,0.05,6,min,0.1,False,0.05,0.7909400846137622,0.8333333333333334,0.20648422591786317,0.6666666666666666,1.0,0.3611111111111111,1.0,0.9119491843716059,1.0,0.15304979661536974,0.7777777777777777,1.0,0.4666666666666666,1.0,0.8701653306895762,0.9166666666666666,0.18042972363655638,0.8333333333333334,1.0,0.3611111111111111,1.0,0.4349984266035955
522,293,0.4,0.05,8,min,0.1,False,0.05,0.7909400846137622,0.8333333333333334,0.20648422591786317,0.6666666666666666,1.0,0.3611111111111111,1.0,0.9119491843716059,1.0,0.15304979661536974,0.7777777777777777,1.0,0.4666666666666666,1.0,0.8701653306895762,0.9166666666666666,0.18042972363655638,0.8333333333333334,1.0,0.3611111111111111,1.0,0.4349984266035955
523,332,0.4,0.02,4,max,0.05,True,0.1,0.7909029772720352,0.8416666666666667,0.23877281178675425,0.6180555555555555,1.0,0.27777777777777773,1.0,0.843921219647266,0.9666666666666667,0.21550328682191167,0.7222222222222222,1.0,0.35000000000000003,1.0,0.9469817576247692,1.0,0.13271192061773784,1.0,1.0,0.4444444444444444,1.0,0.5076470448908604
524,141,0.4,0.02,8,max,0.05,True,0.1,0.7909029772720352,0.8416666666666667,0.23877281178675425,0.6180555555555555,1.0,0.27777777777777773,1.0,0.843921219647266,0.9666666666666667,0.21550328682191167,0.7222222222222222,1.0,0.35000000000000003,1.0,0.9469817576247692,1.0,0.13271192061773784,1.0,1.0,0.4444444444444444,1.0,0.5076470448908604
525,680,0.2,0.05,8,mean,0.05,False,0.15,0.7908787669657235,0.8333333333333334,0.2209201117633748,0.5555555555555555,1.0,0.3055555555555555,1.0,0.9113814124683689,1.0,0.15439359235265138,0.8194444444444443,1.0,0.41111111111111115,1.0,0.8687888198757764,1.0,0.19597079772805479,0.8055555555555555,1.0,0.3611111111111111,1.0,0.4786059351276742
526,357,0.4,0.05,4,mean,0.15,True,0.05,0.7892078259270914,0.8333333333333334,0.22372363798961561,0.6444444444444444,1.0,0.2333333333333333,1.0,0.847188329346268,0.9166666666666666,0.20471712347453966,0.6944444444444443,1.0,0.31666666666666665,1.0,0.9334179809320147,1.0,0.1366568431517088,0.9166666666666666,1.0,0.47222222222222215,1.0,0.47117977661154703
527,261,0.4,0.02,8,harmonic,0.05,True,0.05,0.7890690681545696,0.8333333333333334,0.23984403893820597,0.5833333333333334,1.0,0.21666666666666667,1.0,0.8289319683696569,0.9166666666666666,0.2302097987553742,0.6944444444444443,1.0,0.26666666666666666,1.0,0.9601370997849127,1.0,0.11033545543436711,1.0,1.0,0.5,1.0,0.5094420702513035
528,728,0.4,0.02,6,harmonic,0.05,True,0.05,0.7890690681545696,0.8333333333333334,0.23984403893820597,0.5833333333333334,1.0,0.21666666666666667,1.0,0.8289319683696569,0.9166666666666666,0.2302097987553742,0.6944444444444443,1.0,0.26666666666666666,1.0,0.9601370997849127,1.0,0.11033545543436711,1.0,1.0,0.5,1.0,0.5094420702513035
529,741,0.4,0.03,8,harmonic,0.05,True,0.05,0.7890690681545696,0.8333333333333334,0.23984403893820597,0.5833333333333334,1.0,0.21666666666666667,1.0,0.8289319683696569,0.9166666666666666,0.2302097987553742,0.6944444444444443,1.0,0.26666666666666666,1.0,0.9601370997849127,1.0,0.11033545543436711,1.0,1.0,0.5,1.0,0.5094420702513035
530,723,0.4,0.05,8,max,0.2,True,0.05,0.7890509938338651,0.8333333333333334,0.23728689307749098,0.6722222222222222,1.0,0.08333333333333333,1.0,0.8337194921820809,0.9166666666666666,0.22108157820539698,0.6722222222222222,1.0,0.1111111111111111,1.0,0.9327798812790641,1.0,0.17796216258872857,1.0,1.0,0.08333333333333333,1.0,0.4785679724165
531,633,0.4,0.03,8,weighted,0.05,False,0.1,0.7887934418130941,0.9166666666666666,0.246490117277809,0.5625,1.0,0.3055555555555555,1.0,0.9533408168352288,1.0,0.13185710905843384,1.0,1.0,0.4000000000000001,1.0,0.8354526249778652,0.9166666666666666,0.23243256964152673,0.7222222222222222,1.0,0.3055555555555555,1.0,0.5118089321544703
532,273,0.4,0.03,6,weighted,0.05,False,0.1,0.7887934418130941,0.9166666666666666,0.246490117277809,0.5625,1.0,0.3055555555555555,1.0,0.9533408168352288,1.0,0.13185710905843384,1.0,1.0,0.4000000000000001,1.0,0.8354526249778652,0.9166666666666666,0.23243256964152673,0.7222222222222222,1.0,0.3055555555555555,1.0,0.5118089321544703
533,734,0.2,0.05,6,mean,0.05,False,0.05,0.788500690131125,0.875,0.2291427850062403,0.6388888888888888,1.0,0.2611111111111111,1.0,0.8500747642051989,1.0,0.20209680873568314,0.7569444444444443,1.0,0.3444444444444444,1.0,0.9284132735219691,1.0,0.14477643030885265,0.9166666666666666,1.0,0.4166666666666667,1.0,0.4830917874396136
534,699,0.2,0.03,6,weighted,0.05,False,0.05,0.7878536922015184,0.9166666666666666,0.2603145617043128,0.5972222222222222,1.0,0.16666666666666666,1.0,0.9311421670117322,1.0,0.16458117694138472,0.9791666666666666,1.0,0.21666666666666667,1.0,0.852743271221532,0.9166666666666666,0.22638580946605832,0.8055555555555555,1.0,0.19444444444444442,1.0,0.5327812284334024
535,597,0.2,0.02,6,weighted,0.05,False,0.05,0.7878536922015184,0.9166666666666666,0.2603145617043128,0.5972222222222222,1.0,0.16666666666666666,1.0,0.9311421670117322,1.0,0.16458117694138472,0.9791666666666666,1.0,0.21666666666666667,1.0,0.852743271221532,0.9166666666666666,0.22638580946605832,0.8055555555555555,1.0,0.19444444444444442,1.0,0.5327812284334024
536,7,0.3,0.05,6,min,0.2,True,0.1,0.7873262956998867,0.8333333333333334,0.2144205338666193,0.6611111111111111,1.0,0.27777777777777773,1.0,0.8918466545680716,1.0,0.1760311702904458,0.7777777777777777,1.0,0.35000000000000003,1.0,0.8847619473625915,0.9166666666666666,0.17051866993972134,0.8333333333333334,1.0,0.3611111111111111,1.0,0.44363929146537845
537,573,0.4,0.05,8,min,0.15,False,0.15,0.7870173084883326,0.8333333333333334,0.21360869803204652,0.611111111111111,1.0,0.3055555555555555,1.0,0.9580237577217671,1.0,0.11271889875530554,1.0,1.0,0.5222222222222223,1.0,0.825910596119858,0.9166666666666666,0.2061727090408582,0.6527777777777778,1.0,0.3055555555555555,1.0,0.4443339119371725
538,432,0.4,0.05,6,min,0.15,False,0.15,0.7870173084883326,0.8333333333333334,0.21360869803204652,0.611111111111111,1.0,0.3055555555555555,1.0,0.9580237577217671,1.0,0.11271889875530554,1.0,1.0,0.5222222222222223,1.0,0.825910596119858,0.9166666666666666,0.2061727090408582,0.6527777777777778,1.0,0.3055555555555555,1.0,0.4443339119371725
539,184,0.4,0.05,4,min,0.15,False,0.1,0.7870173084883326,0.8333333333333334,0.21360869803204652,0.611111111111111,1.0,0.3055555555555555,1.0,0.9580237577217671,1.0,0.11271889875530554,1.0,1.0,0.5222222222222223,1.0,0.825910596119858,0.9166666666666666,0.2061727090408582,0.6527777777777778,1.0,0.3055555555555555,1.0,0.4443339119371725
540,472,0.4,0.05,4,min,0.15,False,0.05,0.7870173084883326,0.8333333333333334,0.21360869803204652,0.611111111111111,1.0,0.3055555555555555,1.0,0.9580237577217671,1.0,0.11271889875530554,1.0,1.0,0.5222222222222223,1.0,0.825910596119858,0.9166666666666666,0.2061727090408582,0.6527777777777778,1.0,0.3055555555555555,1.0,0.4443339119371725
541,727,0.4,0.02,4,weighted,0.05,False,0.05,0.7868777330008335,0.9166666666666666,0.24725775497374872,0.5625,1.0,0.27777777777777773,1.0,0.9475936903984472,1.0,0.13925701722636089,1.0,1.0,0.35000000000000003,1.0,0.8392840426023863,0.9166666666666666,0.22772483726512874,0.7222222222222222,1.0,0.3055555555555555,1.0,0.5060618057176888
542,519,0.2,0.05,8,mean,0.2,False,0.15,0.7868069933287325,0.9166666666666666,0.26331797191960854,0.5555555555555555,1.0,0.1111111111111111,1.0,0.9712445364619278,1.0,0.13228697468421832,1.0,1.0,0.2222222222222222,1.0,0.7920979986197377,0.9166666666666666,0.26371012048594417,0.5833333333333334,1.0,0.1111111111111111,1.0,0.5381297446514838
543,341,0.3,0.02,4,min,0.2,False,0.05,0.7865612938680572,0.8333333333333334,0.23908702598096468,0.5833333333333334,1.0,0.27777777777777773,1.0,0.9589540253388885,1.0,0.12375333876507194,1.0,1.0,0.4666666666666666,1.0,0.8276072685291687,0.9166666666666666,0.23143626820923316,0.6666666666666666,1.0,0.27777777777777773,1.0,0.5072208163995604
544,434,0.3,0.03,8,min,0.2,False,0.1,0.7865612938680572,0.8333333333333334,0.23908702598096468,0.5833333333333334,1.0,0.27777777777777773,1.0,0.9589540253388885,1.0,0.12375333876507194,1.0,1.0,0.4666666666666666,1.0,0.8276072685291687,0.9166666666666666,0.23143626820923316,0.6666666666666666,1.0,0.27777777777777773,1.0,0.5072208163995604
545,463,0.3,0.03,4,min,0.2,False,0.15,0.7865612938680572,0.8333333333333334,0.23908702598096468,0.5833333333333334,1.0,0.27777777777777773,1.0,0.9589540253388885,1.0,0.12375333876507194,1.0,1.0,0.4666666666666666,1.0,0.8276072685291687,0.9166666666666666,0.23143626820923316,0.6666666666666666,1.0,0.27777777777777773,1.0,0.5072208163995604
546,553,0.3,0.03,8,min,0.2,False,0.05,0.7865612938680572,0.8333333333333334,0.23908702598096468,0.5833333333333334,1.0,0.27777777777777773,1.0,0.9589540253388885,1.0,0.12375333876507194,1.0,1.0,0.4666666666666666,1.0,0.8276072685291687,0.9166666666666666,0.23143626820923316,0.6666666666666666,1.0,0.27777777777777773,1.0,0.5072208163995604
547,48,0.4,0.02,4,mean,0.15,True,0.05,0.7860619918183387,0.8333333333333334,0.2470377123575358,0.5833333333333334,1.0,0.2333333333333333,1.0,0.8225501259281066,0.9583333333333334,0.2398095060314928,0.6666666666666666,1.0,0.2833333333333334,1.0,0.9635118658902323,1.0,0.10495583098402857,1.0,1.0,0.5,1.0,0.5302159782634441
548,175,0.4,0.05,8,max,0.05,False,0.15,0.7858449871816128,0.75,0.20625375771069945,0.5625,1.0,0.3611111111111111,1.0,0.8956041898587553,1.0,0.14925692966286977,0.8055555555555555,1.0,0.5222222222222223,1.0,0.8859111375035669,1.0,0.18764471681877085,0.8125,1.0,0.3611111111111111,1.0,0.42329438754276083
549,63,0.4,0.05,4,max,0.05,False,0.15,0.7858449871816128,0.75,0.20625375771069945,0.5625,1.0,0.3611111111111111,1.0,0.8956041898587553,1.0,0.14925692966286977,0.8055555555555555,1.0,0.5222222222222223,1.0,0.8859111375035669,1.0,0.18764471681877085,0.8125,1.0,0.3611111111111111,1.0,0.42329438754276083
550,265,0.4,0.02,8,max,0.15,True,0.15,0.7850836663407086,0.85,0.23521043684384826,0.5625,1.0,0.21666666666666667,1.0,0.8848591330867782,1.0,0.19076783573211328,0.8055555555555555,1.0,0.3,1.0,0.8953591291391886,1.0,0.18978251962954337,0.8333333333333334,1.0,0.25,1.0,0.4871032249550821
551,425,0.4,0.02,6,max,0.15,True,0.15,0.7850836663407086,0.85,0.23521043684384826,0.5625,1.0,0.21666666666666667,1.0,0.8848591330867782,1.0,0.19076783573211328,0.8055555555555555,1.0,0.3,1.0,0.8953591291391886,1.0,0.18978251962954337,0.8333333333333334,1.0,0.25,1.0,0.4871032249550821
552,182,0.2,0.05,4,mean,0.05,True,0.15,0.7850126524039568,0.8333333333333334,0.22011788060280577,0.5555555555555555,1.0,0.3055555555555555,1.0,0.9041925465838508,1.0,0.15643705611474654,0.798611111111111,1.0,0.41111111111111115,1.0,0.8687888198757764,1.0,0.19597079772805479,0.8055555555555555,1.0,0.3611111111111111,1.0,0.4630779848171153
553,489,0.3,0.05,4,mean,0.05,True,0.15,0.7845055977302354,0.8333333333333334,0.22050621532369696,0.5555555555555555,1.0,0.3055555555555555,1.0,0.9042782804658812,1.0,0.15650769910749135,0.8055555555555555,1.0,0.41111111111111115,1.0,0.8680539580298033,1.0,0.19668708251836797,0.8055555555555555,1.0,0.3611111111111111,1.0,0.46204917823275315
554,566,0.2,0.05,4,weighted,0.05,False,0.1,0.7839055670577411,0.875,0.24165206637685113,0.5555555555555555,1.0,0.19444444444444442,1.0,0.9567144007361398,1.0,0.12304885857928126,1.0,1.0,0.35555555555555557,1.0,0.8197319990798251,0.9166666666666666,0.23312081487458647,0.7083333333333334,1.0,0.19444444444444442,1.0,0.49292615596963424
555,267,0.4,0.03,4,max,0.2,True,0.15,0.7834571466597189,0.9,0.2511586219075994,0.5555555555555555,1.0,0.08333333333333333,1.0,0.887100405248264,1.0,0.20015086498959778,0.8958333333333334,1.0,0.16666666666666666,1.0,0.8799970844231501,1.0,0.22828104733918955,0.8333333333333334,1.0,0.08333333333333333,1.0,0.49823373564910217
556,125,0.4,0.03,8,max,0.2,True,0.15,0.7834571466597189,0.9,0.2511586219075994,0.5555555555555555,1.0,0.08333333333333333,1.0,0.887100405248264,1.0,0.20015086498959778,0.8958333333333334,1.0,0.16666666666666666,1.0,0.8799970844231501,1.0,0.22828104733918955,0.8333333333333334,1.0,0.08333333333333333,1.0,0.49823373564910217
557,471,0.4,0.05,4,max,0.05,False,0.05,0.7832822402457883,0.8333333333333334,0.2145868170895174,0.6833333333333332,1.0,0.2611111111111111,1.0,0.8303444441060797,0.9166666666666666,0.19973028047051067,0.6944444444444443,1.0,0.3444444444444444,1.0,0.9494291221575946,1.0,0.1187778263088632,1.0,1.0,0.5,1.0,0.42743766474137085
558,211,0.4,0.05,8,max,0.05,True,0.15,0.7829491482793585,0.75,0.2078859584970283,0.5625,1.0,0.3611111111111111,1.0,0.892708350956501,1.0,0.15413310260748295,0.8055555555555555,1.0,0.4666666666666666,1.0,0.8859111375035669,1.0,0.18764471681877085,0.8125,1.0,0.3611111111111111,1.0,0.41941841855051276
559,540,0.4,0.03,6,weighted,0.2,True,0.15,0.7824478608012253,0.9166666666666666,0.2536104838937305,0.5555555555555555,1.0,0.27777777777777773,1.0,0.9763417574894233,1.0,0.09153205463324787,1.0,1.0,0.4666666666666666,1.0,0.806106103311802,0.9166666666666666,0.2508141687419176,0.5833333333333334,1.0,0.27777777777777773,1.0,0.5131826933162797
560,288,0.4,0.02,6,weighted,0.2,True,0.15,0.7824478608012253,0.9166666666666666,0.2536104838937305,0.5555555555555555,1.0,0.27777777777777773,1.0,0.9763417574894233,1.0,0.09153205463324787,1.0,1.0,0.4666666666666666,1.0,0.806106103311802,0.9166666666666666,0.2508141687419176,0.5833333333333334,1.0,0.27777777777777773,1.0,0.5131826933162797
561,440,0.4,0.03,4,weighted,0.2,True,0.15,0.7824478608012253,0.9166666666666666,0.2536104838937305,0.5555555555555555,1.0,0.27777777777777773,1.0,0.9763417574894233,1.0,0.09153205463324787,1.0,1.0,0.4666666666666666,1.0,0.806106103311802,0.9166666666666666,0.2508141687419176,0.5833333333333334,1.0,0.27777777777777773,1.0,0.5131826933162797
562,354,0.2,0.03,6,min,0.2,False,0.05,0.782188865884518,0.8333333333333334,0.24610082966533917,0.5833333333333334,1.0,0.16666666666666666,1.0,0.9535282953761214,1.0,0.13705843165556328,1.0,1.0,0.3,1.0,0.8246923165401426,0.9166666666666666,0.23927332668229004,0.6666666666666666,1.0,0.16666666666666666,1.0,0.5031055900621119
563,146,0.2,0.02,4,min,0.2,False,0.05,0.782188865884518,0.8333333333333334,0.24610082966533917,0.5833333333333334,1.0,0.16666666666666666,1.0,0.9535282953761214,1.0,0.13705843165556328,1.0,1.0,0.3,1.0,0.8246923165401426,0.9166666666666666,0.23927332668229004,0.6666666666666666,1.0,0.16666666666666666,1.0,0.5031055900621119
564,487,0.2,0.03,4,min,0.2,False,0.15,0.782188865884518,0.8333333333333334,0.24610082966533917,0.5833333333333334,1.0,0.16666666666666666,1.0,0.9535282953761214,1.0,0.13705843165556328,1.0,1.0,0.3,1.0,0.8246923165401426,0.9166666666666666,0.23927332668229004,0.6666666666666666,1.0,0.16666666666666666,1.0,0.5031055900621119
565,254,0.2,0.02,6,min,0.2,False,0.1,0.782188865884518,0.8333333333333334,0.24610082966533917,0.5833333333333334,1.0,0.16666666666666666,1.0,0.9535282953761214,1.0,0.13705843165556328,1.0,1.0,0.3,1.0,0.8246923165401426,0.9166666666666666,0.23927332668229004,0.6666666666666666,1.0,0.16666666666666666,1.0,0.5031055900621119
566,643,0.2,0.02,8,min,0.2,False,0.15,0.782188865884518,0.8333333333333334,0.24610082966533917,0.5833333333333334,1.0,0.16666666666666666,1.0,0.9535282953761214,1.0,0.13705843165556328,1.0,1.0,0.3,1.0,0.8246923165401426,0.9166666666666666,0.23927332668229004,0.6666666666666666,1.0,0.16666666666666666,1.0,0.5031055900621119
567,646,0.3,0.05,6,min,0.2,True,0.15,0.7821608559329976,0.8333333333333334,0.21349505183391213,0.5555555555555555,1.0,0.3055555555555555,1.0,0.927712918232242,1.0,0.14400973935451625,0.9166666666666666,1.0,0.41111111111111115,1.0,0.8452615256157929,0.9166666666666666,0.19300475442885892,0.7847222222222222,1.0,0.3611111111111111,1.0,0.4411471512920788
568,160,0.2,0.05,6,min,0.1,False,0.15,0.7818926846100759,0.8333333333333334,0.2136352472813894,0.5555555555555555,1.0,0.3055555555555555,1.0,0.9267943409247756,1.0,0.14534400590788069,0.9166666666666666,1.0,0.41111111111111115,1.0,0.8460576259489304,0.9166666666666666,0.1923216898683854,0.7847222222222222,1.0,0.3611111111111111,1.0,0.4416839199447895
569,761,0.2,0.05,8,min,0.1,False,0.15,0.7818926846100759,0.8333333333333334,0.2136352472813894,0.5555555555555555,1.0,0.3055555555555555,1.0,0.9267943409247756,1.0,0.14534400590788069,0.9166666666666666,1.0,0.41111111111111115,1.0,0.8460576259489304,0.9166666666666666,0.1923216898683854,0.7847222222222222,1.0,0.3611111111111111,1.0,0.4416839199447895
570,507,0.4,0.03,4,mean,0.1,True,0.05,0.7814206416073683,0.8333333333333334,0.2489335227601767,0.5833333333333334,1.0,0.2333333333333333,1.0,0.817908775717136,0.9583333333333334,0.24267910600595663,0.6666666666666666,1.0,0.2833333333333334,1.0,0.9635118658902323,1.0,0.10495583098402857,1.0,1.0,0.5,1.0,0.5259965689807437
571,88,0.4,0.02,4,mean,0.1,True,0.05,0.7814206416073683,0.8333333333333334,0.2489335227601767,0.5833333333333334,1.0,0.2333333333333333,1.0,0.817908775717136,0.9583333333333334,0.24267910600595663,0.6666666666666666,1.0,0.2833333333333334,1.0,0.9635118658902323,1.0,0.10495583098402857,1.0,1.0,0.5,1.0,0.5259965689807437
572,228,0.4,0.02,4,max,0.1,False,0.15,0.7811457765867336,0.8833333333333333,0.2532679845855155,0.5555555555555555,1.0,0.08333333333333333,1.0,0.8809212433328032,1.0,0.2077174962106567,0.798611111111111,1.0,0.16666666666666666,1.0,0.8838648762656254,1.0,0.2245734446903006,0.8333333333333334,1.0,0.08333333333333333,1.0,0.5009457296668122
573,609,0.4,0.03,4,max,0.1,False,0.15,0.7811457765867336,0.8833333333333333,0.2532679845855155,0.5555555555555555,1.0,0.08333333333333333,1.0,0.8809212433328032,1.0,0.2077174962106567,0.798611111111111,1.0,0.16666666666666666,1.0,0.8838648762656254,1.0,0.2245734446903006,0.8333333333333334,1.0,0.08333333333333333,1.0,0.5009457296668122
574,266,0.4,0.03,4,mean,0.05,True,0.05,0.7807174067269184,0.8333333333333334,0.2493713740106326,0.5833333333333334,1.0,0.2333333333333333,1.0,0.8172055408366861,0.9583333333333334,0.24325741613812837,0.6666666666666666,1.0,0.2833333333333334,1.0,0.9635118658902323,1.0,0.10495583098402857,1.0,1.0,0.5,1.0,0.5259965689807437
575,565,0.4,0.05,4,mean,0.2,False,0.1,0.7796004362650389,0.9166666666666666,0.2614546828130332,0.5555555555555555,1.0,0.1111111111111111,1.0,0.9722382945510857,1.0,0.12985934776193223,1.0,1.0,0.2222222222222222,1.0,0.7862447934113602,0.9166666666666666,0.26216677685565665,0.5625,1.0,0.1111111111111111,1.0,0.5094606803163034
576,9,0.4,0.05,8,mean,0.2,False,0.05,0.7796004362650389,0.9166666666666666,0.2614546828130332,0.5555555555555555,1.0,0.1111111111111111,1.0,0.9722382945510857,1.0,0.12985934776193223,1.0,1.0,0.2222222222222222,1.0,0.7862447934113602,0.9166666666666666,0.26216677685565665,0.5625,1.0,0.1111111111111111,1.0,0.5094606803163034
577,214,0.4,0.05,8,max,0.15,True,0.05,0.7786984402509765,0.8333333333333334,0.2243897198110051,0.6666666666666666,1.0,0.15,1.0,0.8222990028388808,0.9166666666666666,0.21185514344505288,0.6944444444444443,1.0,0.17777777777777778,1.0,0.9442741341526273,1.0,0.13858914395830185,1.0,1.0,0.25,1.0,0.4309701934431665
578,713,0.4,0.05,8,max,0.1,True,0.05,0.778427156258001,0.8333333333333334,0.21841691143989117,0.6569444444444444,1.0,0.2333333333333333,1.0,0.8215487916428401,0.9166666666666666,0.20747759313605188,0.6944444444444443,1.0,0.2611111111111111,1.0,0.9513671066537186,1.0,0.11656557551020658,1.0,1.0,0.5,1.0,0.4193422864664224
579,150,0.4,0.05,4,max,0.1,True,0.05,0.778427156258001,0.8333333333333334,0.21841691143989117,0.6569444444444444,1.0,0.2333333333333333,1.0,0.8215487916428401,0.9166666666666666,0.20747759313605188,0.6944444444444443,1.0,0.2611111111111111,1.0,0.9513671066537186,1.0,0.11656557551020658,1.0,1.0,0.5,1.0,0.4193422864664224
580,110,0.4,0.05,6,harmonic,0.1,False,0.1,0.7784211784795464,0.8333333333333334,0.25246870003809313,0.5555555555555555,1.0,0.1111111111111111,1.0,0.9634047170311418,1.0,0.13941299735277352,1.0,1.0,0.16666666666666666,1.0,0.7973473890078804,0.9166666666666666,0.2512640783254707,0.5625,1.0,0.1111111111111111,1.0,0.48786623762007725
581,747,0.4,0.05,6,mean,0.05,False,0.15,0.7783094334983426,0.8333333333333334,0.21834878026230198,0.5555555555555555,1.0,0.3277777777777778,1.0,0.9075656681520883,1.0,0.15402212087850514,0.7777777777777777,1.0,0.4666666666666666,1.0,0.8600986953780493,0.9583333333333334,0.1984607100903407,0.8055555555555555,1.0,0.3611111111111111,1.0,0.4392178358862959
582,654,0.4,0.05,8,min,0.2,True,0.1,0.7780453679548215,0.7916666666666666,0.21109100025362015,0.6666666666666666,1.0,0.27777777777777773,1.0,0.889073015744115,1.0,0.17467186688743463,0.7777777777777777,1.0,0.35000000000000003,1.0,0.8782272954387295,0.9166666666666666,0.17329553964491842,0.8333333333333334,1.0,0.4166666666666667,1.0,0.40987145520557355
583,343,0.2,0.05,4,weighted,0.05,False,0.15,0.7780106970324362,0.8333333333333334,0.24204465151687163,0.5555555555555555,1.0,0.19444444444444442,1.0,0.9625517598343686,1.0,0.11358950332774125,1.0,1.0,0.35555555555555557,1.0,0.8079997699562916,0.9166666666666666,0.23785401065591516,0.5833333333333334,1.0,0.19444444444444442,1.0,0.4810213940648724
584,220,0.4,0.05,6,mean,0.1,True,0.05,0.777661690448074,0.8333333333333334,0.2240140040413948,0.5888888888888889,1.0,0.2333333333333333,1.0,0.8342929641547592,0.9166666666666666,0.20807741992254578,0.6944444444444443,1.0,0.31666666666666665,1.0,0.9334179809320147,1.0,0.1366568431517088,0.9166666666666666,1.0,0.47222222222222215,1.0,0.4458633209153445
585,198,0.2,0.05,6,min,0.15,True,0.1,0.7771911663216011,0.8333333333333334,0.21748066277707637,0.6222222222222221,1.0,0.27777777777777773,1.0,0.8790573959052219,1.0,0.18297529551869318,0.7777777777777777,1.0,0.35000000000000003,1.0,0.8853375891419372,0.9166666666666666,0.16994130720437184,0.8333333333333334,1.0,0.3611111111111111,1.0,0.4254658385093168
586,2,0.4,0.05,6,harmonic,0.1,False,0.15,0.776494331825354,0.8333333333333334,0.25371540047733304,0.5555555555555555,1.0,0.1111111111111111,1.0,0.9653204258434025,1.0,0.13844891465978898,1.0,1.0,0.16666666666666666,1.0,0.7935048335414278,0.9166666666666666,0.25262646448697906,0.5555555555555555,1.0,0.1111111111111111,1.0,0.48786623762007725
587,624,0.4,0.03,4,min,0.2,True,0.05,0.7756307402181551,0.8333333333333334,0.24292256316103253,0.5833333333333334,1.0,0.2333333333333333,1.0,0.824170414057028,0.9249999999999999,0.23821309626190948,0.6666666666666666,1.0,0.2833333333333334,1.0,0.9510727292619022,1.0,0.1142823325193173,1.0,1.0,0.5,1.0,0.47940880898967647
588,249,0.4,0.03,8,min,0.2,True,0.05,0.7756307402181551,0.8333333333333334,0.24292256316103253,0.5833333333333334,1.0,0.2333333333333333,1.0,0.824170414057028,0.9249999999999999,0.23821309626190948,0.6666666666666666,1.0,0.2833333333333334,1.0,0.9510727292619022,1.0,0.1142823325193173,1.0,1.0,0.5,1.0,0.47940880898967647
589,192,0.4,0.02,4,min,0.2,True,0.05,0.7756307402181551,0.8333333333333334,0.24292256316103253,0.5833333333333334,1.0,0.2333333333333333,1.0,0.824170414057028,0.9249999999999999,0.23821309626190948,0.6666666666666666,1.0,0.2833333333333334,1.0,0.9510727292619022,1.0,0.1142823325193173,1.0,1.0,0.5,1.0,0.47940880898967647
590,194,0.4,0.03,4,max,0.2,True,0.05,0.7754165834853156,0.9166666666666666,0.25649155309887034,0.5833333333333334,1.0,0.08333333333333333,1.0,0.8065061069210269,0.9166666666666666,0.24800646926176295,0.6,1.0,0.13333333333333333,1.0,0.9531968144080251,1.0,0.16507058966239144,1.0,1.0,0.08333333333333333,1.0,0.5124772026703751
591,23,0.4,0.02,4,max,0.2,True,0.05,0.7754165834853156,0.9166666666666666,0.25649155309887034,0.5833333333333334,1.0,0.08333333333333333,1.0,0.8065061069210269,0.9166666666666666,0.24800646926176295,0.6,1.0,0.13333333333333333,1.0,0.9531968144080251,1.0,0.16507058966239144,1.0,1.0,0.08333333333333333,1.0,0.5124772026703751
592,756,0.4,0.02,8,max,0.2,True,0.05,0.7754165834853156,0.9166666666666666,0.25649155309887034,0.5833333333333334,1.0,0.08333333333333333,1.0,0.8065061069210269,0.9166666666666666,0.24800646926176295,0.6,1.0,0.13333333333333333,1.0,0.9531968144080251,1.0,0.16507058966239144,1.0,1.0,0.08333333333333333,1.0,0.5124772026703751
593,356,0.3,0.05,8,mean,0.2,True,0.05,0.775377122579216,0.8333333333333334,0.24054291228671884,0.5986111111111111,1.0,0.2333333333333333,1.0,0.8313105462260051,0.9166666666666666,0.2226564116628401,0.7222222222222222,1.0,0.2611111111111111,1.0,0.9359328272371751,1.0,0.13722727953702604,0.9166666666666666,1.0,0.4166666666666667,1.0,0.4789701709991565
594,126,0.4,0.02,8,max,0.15,True,0.05,0.775355339453225,0.8333333333333334,0.24809521750410982,0.5833333333333334,1.0,0.15,1.0,0.8053900105682613,0.9166666666666666,0.24110345286122134,0.6,1.0,0.20000000000000004,1.0,0.9657459196022634,1.0,0.10333344219128271,1.0,1.0,0.4166666666666667,1.0,0.5013466919763551
595,448,0.2,0.05,6,min,0.15,True,0.15,0.7751696572348745,0.8333333333333334,0.21527131280470066,0.5555555555555555,1.0,0.3055555555555555,1.0,0.9172187715665977,1.0,0.15277024394390915,0.8194444444444443,1.0,0.41111111111111115,1.0,0.8460576259489304,0.9166666666666666,0.1923216898683854,0.7847222222222222,1.0,0.3611111111111111,1.0,0.4304692891649413
596,305,0.4,0.02,4,max,0.05,False,0.05,0.7748164370861375,0.8333333333333334,0.24681871797864638,0.5833333333333334,1.0,0.2333333333333333,1.0,0.8087270771934216,0.9166666666666666,0.23668484892879305,0.6166666666666667,1.0,0.2833333333333334,1.0,0.9660893598927158,1.0,0.09674502145639446,1.0,1.0,0.5833333333333334,1.0,0.5013466919763551
597,640,0.3,0.05,4,min,0.15,True,0.15,0.7746797493375593,0.8333333333333334,0.21566618260242276,0.5555555555555555,1.0,0.3055555555555555,1.0,0.9173779916332251,1.0,0.15282551310627987,0.8263888888888888,1.0,0.41111111111111115,1.0,0.8452615256157929,0.9166666666666666,0.19300475442885892,0.7847222222222222,1.0,0.3611111111111111,1.0,0.4295874549497738
598,299,0.3,0.05,4,weighted,0.05,False,0.05,0.7744478951000691,0.8333333333333334,0.24564265353238446,0.5555555555555555,1.0,0.19444444444444442,1.0,0.9455934914670824,1.0,0.13782997481572537,1.0,1.0,0.3333333333333333,1.0,0.8211649796794722,0.9166666666666666,0.23120420633307306,0.7083333333333334,1.0,0.19444444444444442,1.0,0.4761713058814508
599,224,0.4,0.03,8,max,0.1,True,0.05,0.7744197043368218,0.8333333333333334,0.24590985096255738,0.5833333333333334,1.0,0.21666666666666667,1.0,0.8044543754518579,0.9166666666666666,0.23895208678810076,0.6,1.0,0.26666666666666666,1.0,0.9699653288849639,1.0,0.09121085029704357,1.0,1.0,0.5833333333333334,1.0,0.4971272826936546
600,200,0.4,0.03,6,max,0.1,True,0.05,0.7744197043368218,0.8333333333333334,0.24590985096255738,0.5833333333333334,1.0,0.21666666666666667,1.0,0.8044543754518579,0.9166666666666666,0.23895208678810076,0.6,1.0,0.26666666666666666,1.0,0.9699653288849639,1.0,0.09121085029704357,1.0,1.0,0.5833333333333334,1.0,0.4971272826936546
601,475,0.3,0.05,4,min,0.05,False,0.1,0.7739100614301903,0.8333333333333334,0.21636865466144636,0.5555555555555555,1.0,0.27777777777777773,1.0,0.8731438880794758,1.0,0.18271173964759435,0.6944444444444443,1.0,0.35000000000000003,1.0,0.8847619473625915,0.9166666666666666,0.17051866993972134,0.8333333333333334,1.0,0.3611111111111111,1.0,0.4165516448125144
602,785,0.4,0.02,8,min,0.15,True,0.05,0.7728178006963549,0.8333333333333334,0.2433409802819644,0.5833333333333334,1.0,0.2333333333333333,1.0,0.8213574745352278,0.9249999999999999,0.2393637328698988,0.6666666666666666,1.0,0.2833333333333334,1.0,0.9510727292619022,1.0,0.1142823325193173,1.0,1.0,0.5,1.0,0.4751893997069761
603,509,0.4,0.02,4,min,0.15,True,0.05,0.7728178006963549,0.8333333333333334,0.2433409802819644,0.5833333333333334,1.0,0.2333333333333333,1.0,0.8213574745352278,0.9249999999999999,0.2393637328698988,0.6666666666666666,1.0,0.2833333333333334,1.0,0.9510727292619022,1.0,0.1142823325193173,1.0,1.0,0.5,1.0,0.4751893997069761
604,460,0.2,0.05,6,min,0.05,False,0.1,0.7719749252357948,0.8333333333333334,0.2179078865081654,0.5555555555555555,1.0,0.27777777777777773,1.0,0.8708045778697953,1.0,0.18495495356362124,0.6944444444444443,1.0,0.35000000000000003,1.0,0.8853375891419372,0.9166666666666666,0.16994130720437184,0.8333333333333334,1.0,0.3611111111111111,1.0,0.41390614216701177
605,557,0.4,0.02,8,min,0.05,True,0.05,0.7719739188398148,0.8333333333333334,0.24433020310422945,0.5833333333333334,1.0,0.2333333333333333,1.0,0.8205135926786876,0.9249999999999999,0.24054141125975323,0.6666666666666666,1.0,0.2833333333333334,1.0,0.9510727292619022,1.0,0.1142823325193173,1.0,1.0,0.5,1.0,0.4751893997069761
606,239,0.4,0.02,6,min,0.05,True,0.05,0.7719739188398148,0.8333333333333334,0.24433020310422945,0.5833333333333334,1.0,0.2333333333333333,1.0,0.8205135926786876,0.9249999999999999,0.24054141125975323,0.6666666666666666,1.0,0.2833333333333334,1.0,0.9510727292619022,1.0,0.1142823325193173,1.0,1.0,0.5,1.0,0.4751893997069761
607,430,0.4,0.05,6,min,0.2,True,0.15,0.771684588723203,0.8333333333333334,0.21052701524960563,0.5555555555555555,1.0,0.3611111111111111,1.0,0.9258758573318581,1.0,0.1423518229800728,0.8958333333333334,1.0,0.4666666666666666,1.0,0.836925921790356,0.9166666666666666,0.19428436301467852,0.736111111111111,1.0,0.3611111111111111,1.0,0.4055183918196921
608,339,0.2,0.05,4,mean,0.2,True,0.05,0.7716097308488613,0.8055555555555555,0.2417040805188586,0.5986111111111111,1.0,0.2333333333333333,1.0,0.8273349436392915,0.9027777777777777,0.2240767333882887,0.6888888888888888,1.0,0.2611111111111111,1.0,0.9362635150678629,1.0,0.13670369678452457,0.9166666666666666,1.0,0.4166666666666667,1.0,0.474120082815735
609,669,0.4,0.05,8,min,0.1,False,0.15,0.7709241137943441,0.8333333333333334,0.21101712751293852,0.5555555555555555,1.0,0.3611111111111111,1.0,0.925172622451408,1.0,0.14375086331397682,0.8958333333333334,1.0,0.4666666666666666,1.0,0.836925921790356,0.9166666666666666,0.19428436301467852,0.736111111111111,1.0,0.3611111111111111,1.0,0.4051749515292398
610,171,0.2,0.05,4,min,0.05,True,0.1,0.7706521739130435,0.8333333333333334,0.21737071041933165,0.5555555555555555,1.0,0.27777777777777773,1.0,0.869481826547044,1.0,0.18503515450601138,0.6944444444444443,1.0,0.35000000000000003,1.0,0.8853375891419372,0.9166666666666666,0.16994130720437184,0.8333333333333334,1.0,0.3611111111111111,1.0,0.4099378881987578
611,477,0.4,0.05,4,min,0.15,True,0.1,0.7695236500089667,0.7916666666666666,0.2118751470002713,0.5972222222222222,1.0,0.27777777777777773,1.0,0.8789474485600884,1.0,0.1793280876675429,0.7777777777777777,1.0,0.35000000000000003,1.0,0.8782272954387295,0.9166666666666666,0.17329553964491842,0.8333333333333334,1.0,0.4166666666666667,1.0,0.3933372583652242
612,255,0.4,0.05,6,min,0.05,False,0.05,0.7681954835064069,0.7638888888888888,0.21112948930766975,0.611111111111111,1.0,0.2333333333333333,1.0,0.8537264117426128,1.0,0.193943151842534,0.6944444444444443,1.0,0.2833333333333334,1.0,0.8980381325871262,1.0,0.15473726614288466,0.8333333333333334,1.0,0.47222222222222215,1.0,0.3884309685016191
613,560,0.4,0.05,6,weighted,0.05,False,0.05,0.7679207030769769,0.8333333333333334,0.23729006877151257,0.5555555555555555,1.0,0.3055555555555555,1.0,0.9548063312569012,1.0,0.11717995074261169,1.0,1.0,0.5222222222222223,1.0,0.8085313331461048,0.9166666666666666,0.2295333408038476,0.5833333333333334,1.0,0.3055555555555555,1.0,0.44467735222762483
614,296,0.4,0.05,4,weighted,0.05,False,0.05,0.7679207030769769,0.8333333333333334,0.23729006877151257,0.5555555555555555,1.0,0.3055555555555555,1.0,0.9548063312569012,1.0,0.11717995074261169,1.0,1.0,0.5222222222222223,1.0,0.8085313331461048,0.9166666666666666,0.2295333408038476,0.5833333333333334,1.0,0.3055555555555555,1.0,0.44467735222762483
615,520,0.4,0.02,8,min,0.2,False,0.15,0.7673473720896397,0.8333333333333334,0.24195934339137937,0.5833333333333334,1.0,0.27777777777777773,1.0,0.9542778618050409,1.0,0.12965610710374417,1.0,1.0,0.4666666666666666,1.0,0.8130695102845986,0.9166666666666666,0.23674912208763643,0.5833333333333334,1.0,0.27777777777777773,1.0,0.4602015300857078
616,642,0.4,0.03,4,min,0.2,False,0.15,0.7673473720896397,0.8333333333333334,0.24195934339137937,0.5833333333333334,1.0,0.27777777777777773,1.0,0.9542778618050409,1.0,0.12965610710374417,1.0,1.0,0.4666666666666666,1.0,0.8130695102845986,0.9166666666666666,0.23674912208763643,0.5833333333333334,1.0,0.27777777777777773,1.0,0.4602015300857078
617,165,0.4,0.02,8,min,0.2,False,0.05,0.7673473720896397,0.8333333333333334,0.24195934339137937,0.5833333333333334,1.0,0.27777777777777773,1.0,0.9542778618050409,1.0,0.12965610710374417,1.0,1.0,0.4666666666666666,1.0,0.8130695102845986,0.9166666666666666,0.23674912208763643,0.5833333333333334,1.0,0.27777777777777773,1.0,0.4602015300857078
618,317,0.2,0.05,4,min,0.05,False,0.15,0.7673079135035658,0.8333333333333334,0.2166572767861251,0.5555555555555555,1.0,0.3055555555555555,1.0,0.9049976995629169,1.0,0.15847801675105574,0.7777777777777777,1.0,0.41111111111111115,1.0,0.8460576259489304,0.9166666666666666,0.1923216898683854,0.7847222222222222,1.0,0.3611111111111111,1.0,0.41494133885438234
619,470,0.4,0.05,6,weighted,0.05,False,0.1,0.7669628486708465,0.8333333333333334,0.23896241089361805,0.5555555555555555,1.0,0.3055555555555555,1.0,0.9576798944752921,1.0,0.11377270067246786,1.0,1.0,0.5222222222222223,1.0,0.8046999155215837,0.9166666666666666,0.23345493287813546,0.5833333333333334,1.0,0.3055555555555555,1.0,0.44467735222762483
620,639,0.4,0.05,4,weighted,0.05,False,0.1,0.7669628486708465,0.8333333333333334,0.23896241089361805,0.5555555555555555,1.0,0.3055555555555555,1.0,0.9576798944752921,1.0,0.11377270067246786,1.0,1.0,0.5222222222222223,1.0,0.8046999155215837,0.9166666666666666,0.23345493287813546,0.5833333333333334,1.0,0.3055555555555555,1.0,0.44467735222762483
621,22,0.2,0.05,8,min,0.2,False,0.05,0.766796066252588,0.8333333333333334,0.23617073234590533,0.5555555555555555,1.0,0.16666666666666666,1.0,0.9723516218081435,1.0,0.1031703795231318,1.0,1.0,0.38888888888888884,1.0,0.7883885438233266,0.9166666666666666,0.23761079926377351,0.5833333333333334,1.0,0.16666666666666666,1.0,0.4473775017253278
622,469,0.2,0.05,4,min,0.2,False,0.05,0.766796066252588,0.8333333333333334,0.23617073234590533,0.5555555555555555,1.0,0.16666666666666666,1.0,0.9723516218081435,1.0,0.1031703795231318,1.0,1.0,0.38888888888888884,1.0,0.7883885438233266,0.9166666666666666,0.23761079926377351,0.5833333333333334,1.0,0.16666666666666666,1.0,0.4473775017253278
623,246,0.2,0.05,8,min,0.2,False,0.1,0.766796066252588,0.8333333333333334,0.23617073234590533,0.5555555555555555,1.0,0.16666666666666666,1.0,0.9723516218081435,1.0,0.1031703795231318,1.0,1.0,0.38888888888888884,1.0,0.7883885438233266,0.9166666666666666,0.23761079926377351,0.5833333333333334,1.0,0.16666666666666666,1.0,0.4473775017253278
624,277,0.2,0.05,4,min,0.2,False,0.1,0.766796066252588,0.8333333333333334,0.23617073234590533,0.5555555555555555,1.0,0.16666666666666666,1.0,0.9723516218081435,1.0,0.1031703795231318,1.0,1.0,0.38888888888888884,1.0,0.7883885438233266,0.9166666666666666,0.23761079926377351,0.5833333333333334,1.0,0.16666666666666666,1.0,0.4473775017253278
625,67,0.2,0.05,6,min,0.2,False,0.15,0.766796066252588,0.8333333333333334,0.23617073234590533,0.5555555555555555,1.0,0.16666666666666666,1.0,0.9723516218081435,1.0,0.1031703795231318,1.0,1.0,0.38888888888888884,1.0,0.7883885438233266,0.9166666666666666,0.23761079926377351,0.5833333333333334,1.0,0.16666666666666666,1.0,0.4473775017253278
626,426,0.3,0.05,6,min,0.05,False,0.15,0.766756767119086,0.8333333333333334,0.21706188154554298,0.5555555555555555,1.0,0.3055555555555555,1.0,0.9050711857475142,1.0,0.15856294413501157,0.7777777777777777,1.0,0.41111111111111115,1.0,0.8452615256157929,0.9166666666666666,0.19300475442885892,0.7847222222222222,1.0,0.3611111111111111,1.0,0.4139125322700202
627,735,0.3,0.02,6,mean,0.2,True,0.05,0.7665023345176324,0.8333333333333334,0.26162495169953615,0.5499999999999999,1.0,0.2333333333333333,1.0,0.8003986359260112,0.9166666666666666,0.25547967314070075,0.6333333333333333,1.0,0.2333333333333333,1.0,0.9661036985916213,1.0,0.1006582346842142,1.0,1.0,0.5,1.0,0.5166781688520818
628,144,0.2,0.05,4,min,0.1,True,0.15,0.7656228433402346,0.8333333333333334,0.21649277470303943,0.5555555555555555,1.0,0.3055555555555555,1.0,0.9024672187715667,1.0,0.15976966345865398,0.7777777777777777,1.0,0.41111111111111115,1.0,0.8460576259489304,0.9166666666666666,0.1923216898683854,0.7847222222222222,1.0,0.3611111111111111,1.0,0.4109730848861284
629,259,0.3,0.05,6,min,0.05,True,0.15,0.7650716969557548,0.8333333333333334,0.21689737946245735,0.5555555555555555,1.0,0.3055555555555555,1.0,0.9025407049561639,1.0,0.1598545908426098,0.7777777777777777,1.0,0.41111111111111115,1.0,0.8452615256157929,0.9166666666666666,0.19300475442885892,0.7847222222222222,1.0,0.3611111111111111,1.0,0.4099442783017662
630,708,0.3,0.05,4,min,0.1,True,0.15,0.7650716969557548,0.8333333333333334,0.21689737946245735,0.5555555555555555,1.0,0.3055555555555555,1.0,0.9025407049561639,1.0,0.1598545908426098,0.7777777777777777,1.0,0.41111111111111115,1.0,0.8452615256157929,0.9166666666666666,0.19300475442885892,0.7847222222222222,1.0,0.3611111111111111,1.0,0.4099442783017662
631,797,0.3,0.05,6,min,0.1,True,0.15,0.7650716969557548,0.8333333333333334,0.21689737946245735,0.5555555555555555,1.0,0.3055555555555555,1.0,0.9025407049561639,1.0,0.1598545908426098,0.7777777777777777,1.0,0.41111111111111115,1.0,0.8452615256157929,0.9166666666666666,0.19300475442885892,0.7847222222222222,1.0,0.3611111111111111,1.0,0.4099442783017662
632,372,0.4,0.05,8,min,0.2,True,0.05,0.7650228057887453,0.75,0.22362022961235403,0.6194444444444445,1.0,0.2333333333333333,1.0,0.8498774837387507,1.0,0.20930105742464752,0.7152777777777777,1.0,0.2833333333333334,1.0,0.9037580488531124,1.0,0.1525120261360835,0.8333333333333334,1.0,0.47222222222222215,1.0,0.3942914471524908
633,376,0.4,0.05,4,min,0.05,False,0.1,0.7639631881635475,0.7916666666666666,0.21211356337095733,0.5555555555555555,1.0,0.27777777777777773,1.0,0.8701488354046901,1.0,0.18132662232696492,0.7152777777777777,1.0,0.35000000000000003,1.0,0.8782272954387295,0.9166666666666666,0.17329553964491842,0.8333333333333334,1.0,0.4166666666666667,1.0,0.38102247080757534
634,212,0.4,0.05,6,min,0.15,True,0.15,0.7639233457062069,0.8333333333333334,0.21195377652587433,0.5555555555555555,1.0,0.3611111111111111,1.0,0.9158647702446491,1.0,0.15137123261669838,0.7916666666666666,1.0,0.4666666666666666,1.0,0.836925921790356,0.9166666666666666,0.19428436301467852,0.736111111111111,1.0,0.3611111111111111,1.0,0.39320360426204326
635,762,0.3,0.05,4,max,0.2,True,0.05,0.7636816365479812,0.8333333333333334,0.24998256557701923,0.5986111111111111,1.0,0.08333333333333333,1.0,0.8070170786153072,0.9166666666666666,0.23707165559055862,0.6055555555555555,1.0,0.1111111111111111,1.0,0.9369137080489738,1.0,0.17007112523604828,1.0,1.0,0.08333333333333333,1.0,0.45526288883776805
636,427,0.3,0.05,6,max,0.2,True,0.05,0.7636816365479812,0.8333333333333334,0.24998256557701923,0.5986111111111111,1.0,0.08333333333333333,1.0,0.8070170786153072,0.9166666666666666,0.23707165559055862,0.6055555555555555,1.0,0.1111111111111111,1.0,0.9369137080489738,1.0,0.17007112523604828,1.0,1.0,0.08333333333333333,1.0,0.45526288883776805
637,262,0.3,0.02,4,harmonic,0.05,True,0.05,0.7632951418176862,0.8333333333333334,0.2610194947238706,0.5499999999999999,1.0,0.21666666666666667,1.0,0.8000318440133256,0.9166666666666666,0.25460331490004556,0.6333333333333333,1.0,0.21666666666666667,1.0,0.9632632978043606,1.0,0.10540473549086055,1.0,1.0,0.5,1.0,0.5010543669963959
638,615,0.3,0.02,8,harmonic,0.05,True,0.05,0.7632951418176862,0.8333333333333334,0.2610194947238706,0.5499999999999999,1.0,0.21666666666666667,1.0,0.8000318440133256,0.9166666666666666,0.25460331490004556,0.6333333333333333,1.0,0.21666666666666667,1.0,0.9632632978043606,1.0,0.10540473549086055,1.0,1.0,0.5,1.0,0.5010543669963959
639,219,0.2,0.03,8,mean,0.2,True,0.05,0.762068668046929,0.8333333333333334,0.26265078206186515,0.5499999999999999,1.0,0.2333333333333333,1.0,0.7959282263630089,0.9166666666666666,0.25651994545024065,0.6333333333333333,1.0,0.2333333333333333,1.0,0.9661404416839199,1.0,0.1004913875181213,1.0,1.0,0.5,1.0,0.5113871635610766
640,348,0.2,0.02,8,mean,0.2,True,0.05,0.762068668046929,0.8333333333333334,0.26265078206186515,0.5499999999999999,1.0,0.2333333333333333,1.0,0.7959282263630089,0.9166666666666666,0.25651994545024065,0.6333333333333333,1.0,0.2333333333333333,1.0,0.9661404416839199,1.0,0.1004913875181213,1.0,1.0,0.5,1.0,0.5113871635610766
641,191,0.2,0.02,4,mean,0.2,True,0.05,0.762068668046929,0.8333333333333334,0.26265078206186515,0.5499999999999999,1.0,0.2333333333333333,1.0,0.7959282263630089,0.9166666666666666,0.25651994545024065,0.6333333333333333,1.0,0.2333333333333333,1.0,0.9661404416839199,1.0,0.1004913875181213,1.0,1.0,0.5,1.0,0.5113871635610766
642,541,0.3,0.05,4,mean,0.15,True,0.05,0.7617066687114997,0.8055555555555555,0.24106682670528856,0.5777777777777778,1.0,0.2333333333333333,1.0,0.8166739087834096,0.9166666666666666,0.22718867337572393,0.6388888888888888,1.0,0.2611111111111111,1.0,0.9359328272371751,1.0,0.13722727953702604,0.9166666666666666,1.0,0.4166666666666667,1.0,0.4444891751655036
643,429,0.3,0.02,8,mean,0.15,True,0.05,0.7604104363162335,0.8333333333333334,0.2671206882754415,0.5499999999999999,1.0,0.2333333333333333,1.0,0.7943067377246121,0.9166666666666666,0.2623044803835751,0.6333333333333333,1.0,0.2333333333333333,1.0,0.9661036985916213,1.0,0.1006582346842142,1.0,1.0,0.5,1.0,0.5166781688520818
644,291,0.3,0.03,6,mean,0.15,True,0.05,0.7604104363162335,0.8333333333333334,0.2671206882754415,0.5499999999999999,1.0,0.2333333333333333,1.0,0.7943067377246121,0.9166666666666666,0.2623044803835751,0.6333333333333333,1.0,0.2333333333333333,1.0,0.9661036985916213,1.0,0.1006582346842142,1.0,1.0,0.5,1.0,0.5166781688520818
645,412,0.2,0.05,8,max,0.2,True,0.05,0.760009776857603,0.8055555555555555,0.2509636235567699,0.5930555555555556,1.0,0.08333333333333333,1.0,0.8032349896480331,0.9027777777777777,0.23818376101609853,0.6,1.0,0.1111111111111111,1.0,0.9374281113411548,1.0,0.16906484795757395,1.0,1.0,0.08333333333333333,1.0,0.4510006901311249
646,450,0.4,0.05,8,weighted,0.05,False,0.15,0.759223881337714,0.8333333333333334,0.24030913839225862,0.5555555555555555,1.0,0.3055555555555555,1.0,0.9618454473577657,1.0,0.10666223258662656,1.0,1.0,0.5222222222222223,1.0,0.7927953953059776,0.9166666666666666,0.23729584885844593,0.5833333333333334,1.0,0.3055555555555555,1.0,0.4304914072254424
647,780,0.2,0.03,4,harmonic,0.05,True,0.05,0.7587732919254658,0.8333333333333334,0.26221687924700093,0.5499999999999999,1.0,0.21666666666666667,1.0,0.795436507936508,0.9166666666666666,0.25582707824351963,0.6333333333333333,1.0,0.21666666666666667,1.0,0.9633367839889578,1.0,0.10517318013764021,1.0,1.0,0.5,1.0,0.4962042788129744
648,51,0.4,0.05,4,min,0.2,False,0.1,0.7574523723321344,0.8333333333333334,0.2301432158791339,0.5555555555555555,0.9791666666666666,0.27777777777777773,1.0,0.9769851299941238,1.0,0.08364509906992774,1.0,1.0,0.611111111111111,1.0,0.7789881369294746,0.9166666666666666,0.23278104900490768,0.5833333333333334,1.0,0.27777777777777773,1.0,0.41569471372644556
649,784,0.4,0.05,8,min,0.2,False,0.15,0.7574523723321344,0.8333333333333334,0.2301432158791339,0.5555555555555555,0.9791666666666666,0.27777777777777773,1.0,0.9769851299941238,1.0,0.08364509906992774,1.0,1.0,0.611111111111111,1.0,0.7789881369294746,0.9166666666666666,0.23278104900490768,0.5833333333333334,1.0,0.27777777777777773,1.0,0.41569471372644556
650,286,0.4,0.05,8,min,0.2,False,0.1,0.7574523723321344,0.8333333333333334,0.2301432158791339,0.5555555555555555,0.9791666666666666,0.27777777777777773,1.0,0.9769851299941238,1.0,0.08364509906992774,1.0,1.0,0.611111111111111,1.0,0.7789881369294746,0.9166666666666666,0.23278104900490768,0.5833333333333334,1.0,0.27777777777777773,1.0,0.41569471372644556
651,638,0.3,0.03,4,mean,0.1,True,0.05,0.7560453569511539,0.8333333333333334,0.2686206832867163,0.5499999999999999,1.0,0.2333333333333333,1.0,0.7899416583595328,0.9166666666666666,0.2646061921705983,0.6333333333333333,1.0,0.2333333333333333,1.0,0.9661036985916213,1.0,0.1006582346842142,1.0,1.0,0.5,1.0,0.5127099148838279
652,389,0.2,0.03,6,mean,0.15,True,0.05,0.7560012652403957,0.8333333333333334,0.2681078396019356,0.5499999999999999,1.0,0.2333333333333333,1.0,0.7898608235564758,0.9166666666666666,0.2633057436941934,0.6333333333333333,1.0,0.2333333333333333,1.0,0.9661404416839199,1.0,0.1004913875181213,1.0,1.0,0.5,1.0,0.5113871635610766
653,241,0.3,0.02,6,mean,0.05,True,0.05,0.7553839812897785,0.8333333333333334,0.26898555831111504,0.5499999999999999,1.0,0.2333333333333333,1.0,0.7892802826981571,0.9166666666666666,0.2650865300484965,0.6333333333333333,1.0,0.2333333333333333,1.0,0.9661036985916213,1.0,0.1006582346842142,1.0,1.0,0.5,1.0,0.5127099148838279
654,504,0.3,0.02,8,max,0.05,False,0.05,0.752666802988864,0.8333333333333334,0.26464916463811283,0.5499999999999999,1.0,0.2333333333333333,1.0,0.784455967930203,0.9166666666666666,0.2574911861250831,0.5666666666666668,1.0,0.2333333333333333,1.0,0.968210835058661,1.0,0.09400176314867659,1.0,1.0,0.5833333333333334,1.0,0.4899867085857424
655,681,0.2,0.02,8,mean,0.1,True,0.05,0.7516361858753161,0.8333333333333334,0.2696078346132104,0.5499999999999999,1.0,0.2333333333333333,1.0,0.7854957441913964,0.9166666666666666,0.2656074554812166,0.6333333333333333,1.0,0.2333333333333333,1.0,0.9661404416839199,1.0,0.1004913875181213,1.0,1.0,0.5,1.0,0.5074189095928227
656,458,0.3,0.05,6,mean,0.1,True,0.05,0.7508514812258773,0.7916666666666666,0.2406535136969472,0.5222222222222223,1.0,0.2333333333333333,1.0,0.8045534809021122,0.9166666666666666,0.22908853766093396,0.6388888888888888,1.0,0.2611111111111111,1.0,0.9359328272371751,1.0,0.13722727953702604,0.9166666666666666,1.0,0.4166666666666667,1.0,0.42067965135597984
657,550,0.3,0.05,8,mean,0.1,True,0.05,0.7508514812258773,0.7916666666666666,0.2406535136969472,0.5222222222222223,1.0,0.2333333333333333,1.0,0.8045534809021122,0.9166666666666666,0.22908853766093396,0.6388888888888888,1.0,0.2611111111111111,1.0,0.9359328272371751,1.0,0.13722727953702604,0.9166666666666666,1.0,0.4166666666666667,1.0,0.42067965135597984
658,793,0.4,0.05,8,min,0.05,True,0.05,0.7495778052981162,0.75,0.22346409934331715,0.5638888888888888,1.0,0.2333333333333333,1.0,0.830407690130011,1.0,0.21279704977890082,0.6666666666666666,1.0,0.2833333333333334,1.0,0.9037580488531124,1.0,0.1525120261360835,0.8333333333333334,1.0,0.47222222222222215,1.0,0.3612230534717922
659,205,0.4,0.05,6,min,0.05,True,0.05,0.7495778052981162,0.75,0.22346409934331715,0.5638888888888888,1.0,0.2333333333333333,1.0,0.830407690130011,1.0,0.21279704977890082,0.6666666666666666,1.0,0.2833333333333334,1.0,0.9037580488531124,1.0,0.1525120261360835,0.8333333333333334,1.0,0.47222222222222215,1.0,0.3612230534717922
660,269,0.4,0.05,4,min,0.05,True,0.05,0.7495778052981162,0.75,0.22346409934331715,0.5638888888888888,1.0,0.2333333333333333,1.0,0.830407690130011,1.0,0.21279704977890082,0.6666666666666666,1.0,0.2833333333333334,1.0,0.9037580488531124,1.0,0.1525120261360835,0.8333333333333334,1.0,0.47222222222222215,1.0,0.3612230534717922
661,193,0.3,0.03,8,min,0.15,True,0.05,0.7490280653324132,0.8333333333333334,0.2632599476908052,0.5499999999999999,1.0,0.21666666666666667,1.0,0.7938996881629731,0.9166666666666666,0.26163914022328205,0.6333333333333333,1.0,0.21666666666666667,1.0,0.9547660583288602,1.0,0.10944000638297711,1.0,1.0,0.5,1.0,0.4701965595685403
662,625,0.3,0.02,8,min,0.15,True,0.05,0.7490280653324132,0.8333333333333334,0.2632599476908052,0.5499999999999999,1.0,0.21666666666666667,1.0,0.7938996881629731,0.9166666666666666,0.26163914022328205,0.6333333333333333,1.0,0.21666666666666667,1.0,0.9547660583288602,1.0,0.10944000638297711,1.0,1.0,0.5,1.0,0.4701965595685403
663,794,0.3,0.03,4,max,0.15,True,0.05,0.7488539350254326,0.8055555555555555,0.26810676180215726,0.5499999999999999,1.0,0.15,1.0,0.7770199115609744,0.8888888888888888,0.2634644629770409,0.5666666666666668,1.0,0.15,1.0,0.9678657694962043,1.0,0.10038448938675378,1.0,1.0,0.4166666666666667,1.0,0.48587148224829385
664,312,0.3,0.02,8,max,0.15,True,0.05,0.7488539350254326,0.8055555555555555,0.26810676180215726,0.5499999999999999,1.0,0.15,1.0,0.7770199115609744,0.8888888888888888,0.2634644629770409,0.5666666666666668,1.0,0.15,1.0,0.9678657694962043,1.0,0.10038448938675378,1.0,1.0,0.4166666666666667,1.0,0.48587148224829385
665,415,0.2,0.05,4,max,0.15,True,0.05,0.7486082355647573,0.8194444444444443,0.24278852677644078,0.5222222222222223,1.0,0.15,1.0,0.7908327582240626,0.9166666666666666,0.23293527652791854,0.6305555555555555,1.0,0.17777777777777778,1.0,0.9453646192776627,1.0,0.13975435739708475,1.0,1.0,0.25,1.0,0.40769496204278816
666,406,0.3,0.03,6,min,0.1,True,0.05,0.748329307568438,0.8333333333333334,0.26441488216513004,0.5499999999999999,1.0,0.21666666666666667,1.0,0.7932009303989981,0.9166666666666666,0.2630320428982081,0.6333333333333333,1.0,0.21666666666666667,1.0,0.9547660583288602,1.0,0.10944000638297711,1.0,1.0,0.5,1.0,0.4701965595685403
667,679,0.3,0.02,8,max,0.1,True,0.05,0.7483201484207926,0.8055555555555555,0.26561367031097105,0.5499999999999999,1.0,0.21666666666666667,1.0,0.7764861249563344,0.8888888888888888,0.26100907172898097,0.5666666666666668,1.0,0.21666666666666667,1.0,0.9718340234644582,1.0,0.08858988307768167,1.0,1.0,0.5833333333333334,1.0,0.4819032282800399
668,36,0.3,0.03,4,max,0.1,True,0.05,0.7483201484207926,0.8055555555555555,0.26561367031097105,0.5499999999999999,1.0,0.21666666666666667,1.0,0.7764861249563344,0.8888888888888888,0.26100907172898097,0.5666666666666668,1.0,0.21666666666666667,1.0,0.9718340234644582,1.0,0.08858988307768167,1.0,1.0,0.5833333333333334,1.0,0.4819032282800399
669,309,0.2,0.02,4,max,0.05,False,0.05,0.7480935127674258,0.8055555555555555,0.2660083914762554,0.5499999999999999,1.0,0.2333333333333333,1.0,0.7798826777087647,0.8888888888888888,0.2588504129632257,0.5666666666666668,1.0,0.2333333333333333,1.0,0.968210835058661,1.0,0.09400176314867659,1.0,1.0,0.5833333333333334,1.0,0.48498964803312633
670,686,0.2,0.02,6,max,0.05,False,0.05,0.7480935127674258,0.8055555555555555,0.2660083914762554,0.5499999999999999,1.0,0.2333333333333333,1.0,0.7798826777087647,0.8888888888888888,0.2588504129632257,0.5666666666666668,1.0,0.2333333333333333,1.0,0.968210835058661,1.0,0.09400176314867659,1.0,1.0,0.5833333333333334,1.0,0.48498964803312633
671,230,0.2,0.03,6,max,0.05,False,0.05,0.7480935127674258,0.8055555555555555,0.2660083914762554,0.5499999999999999,1.0,0.2333333333333333,1.0,0.7798826777087647,0.8888888888888888,0.2588504129632257,0.5666666666666668,1.0,0.2333333333333333,1.0,0.968210835058661,1.0,0.09400176314867659,1.0,1.0,0.5833333333333334,1.0,0.48498964803312633
672,738,0.2,0.05,8,max,0.1,True,0.05,0.7474982746721878,0.7861111111111111,0.23858782779493803,0.5472222222222222,1.0,0.2333333333333333,1.0,0.7893921095008052,0.9166666666666666,0.22981667622842838,0.6055555555555555,1.0,0.2611111111111111,1.0,0.9513170002300436,1.0,0.12283756522881928,1.0,1.0,0.4166666666666667,1.0,0.3968253968253968
673,743,0.2,0.02,6,min,0.2,True,0.05,0.7473084886128364,0.8333333333333334,0.2641145639934882,0.5499999999999999,1.0,0.21666666666666667,1.0,0.7921066252587993,0.9166666666666666,0.26191037692481894,0.6333333333333333,1.0,0.21666666666666667,1.0,0.9548395445134575,1.0,0.10920845102975678,1.0,1.0,0.5,1.0,0.46946169772256735
674,494,0.2,0.03,4,min,0.2,True,0.05,0.7473084886128364,0.8333333333333334,0.2641145639934882,0.5499999999999999,1.0,0.21666666666666667,1.0,0.7921066252587993,0.9166666666666666,0.26191037692481894,0.6333333333333333,1.0,0.21666666666666667,1.0,0.9548395445134575,1.0,0.10920845102975678,1.0,1.0,0.5,1.0,0.46946169772256735
675,531,0.2,0.05,6,mean,0.1,True,0.05,0.7471330802852542,0.7916666666666666,0.2417926474759727,0.5222222222222223,1.0,0.2333333333333333,1.0,0.80062686910513,0.8888888888888888,0.23048124309854054,0.6055555555555555,1.0,0.2611111111111111,1.0,0.9362635150678629,1.0,0.13670369678452457,0.9166666666666666,1.0,0.4166666666666667,1.0,0.4159765355417529
676,682,0.3,0.03,4,max,0.05,True,0.05,0.7468504247288467,0.8055555555555555,0.2666832705094273,0.5499999999999999,1.0,0.21666666666666667,1.0,0.7750164012643884,0.8888888888888888,0.2622412976059823,0.5666666666666668,1.0,0.21666666666666667,1.0,0.9718340234644582,1.0,0.08858988307768167,1.0,1.0,0.5833333333333334,1.0,0.4819032282800399
677,631,0.3,0.02,6,max,0.05,True,0.05,0.7468504247288467,0.8055555555555555,0.2666832705094273,0.5499999999999999,1.0,0.21666666666666667,1.0,0.7750164012643884,0.8888888888888888,0.2622412976059823,0.5666666666666668,1.0,0.21666666666666667,1.0,0.9718340234644582,1.0,0.08858988307768167,1.0,1.0,0.5833333333333334,1.0,0.4819032282800399
678,300,0.2,0.02,8,max,0.2,True,0.05,0.7466931216931219,0.8361111111111111,0.27325550435650287,0.5444444444444444,1.0,0.08333333333333333,1.0,0.7758511617207269,0.8777777777777778,0.2674524557866533,0.5611111111111111,1.0,0.08333333333333333,1.0,0.9589371980676328,1.0,0.15190063565875744,1.0,1.0,0.08333333333333333,1.0,0.49292615596963424
679,167,0.2,0.02,8,min,0.15,True,0.05,0.7446629859673338,0.8333333333333334,0.2643665721370719,0.5499999999999999,1.0,0.21666666666666667,1.0,0.7894611226132966,0.9166666666666666,0.26277172263237797,0.6333333333333333,1.0,0.21666666666666667,1.0,0.9548395445134575,1.0,0.10920845102975678,1.0,1.0,0.5,1.0,0.4654934437543134
680,610,0.2,0.03,6,min,0.15,True,0.05,0.7446629859673338,0.8333333333333334,0.2643665721370719,0.5499999999999999,1.0,0.21666666666666667,1.0,0.7894611226132966,0.9166666666666666,0.26277172263237797,0.6333333333333333,1.0,0.21666666666666667,1.0,0.9548395445134575,1.0,0.10920845102975678,1.0,1.0,0.5,1.0,0.4654934437543134
681,226,0.2,0.03,8,min,0.15,True,0.05,0.7446629859673338,0.8333333333333334,0.2643665721370719,0.5499999999999999,1.0,0.21666666666666667,1.0,0.7894611226132966,0.9166666666666666,0.26277172263237797,0.6333333333333333,1.0,0.21666666666666667,1.0,0.9548395445134575,1.0,0.10920845102975678,1.0,1.0,0.5,1.0,0.4654934437543134
682,47,0.2,0.02,8,max,0.15,True,0.05,0.7443639291465379,0.8055555555555555,0.2693285822257903,0.5499999999999999,1.0,0.15,1.0,0.7725299056820796,0.8888888888888888,0.26468628340067407,0.5666666666666668,1.0,0.15,1.0,0.9678657694962043,1.0,0.10038448938675378,1.0,1.0,0.4166666666666667,1.0,0.48102139406487227
683,92,0.2,0.03,4,max,0.15,True,0.05,0.7443639291465379,0.8055555555555555,0.2693285822257903,0.5499999999999999,1.0,0.15,1.0,0.7725299056820796,0.8888888888888888,0.26468628340067407,0.5666666666666668,1.0,0.15,1.0,0.9678657694962043,1.0,0.10038448938675378,1.0,1.0,0.4166666666666667,1.0,0.48102139406487227
684,102,0.2,0.02,6,max,0.15,True,0.05,0.7443639291465379,0.8055555555555555,0.2693285822257903,0.5499999999999999,1.0,0.15,1.0,0.7725299056820796,0.8888888888888888,0.26468628340067407,0.5666666666666668,1.0,0.15,1.0,0.9678657694962043,1.0,0.10038448938675378,1.0,1.0,0.4166666666666667,1.0,0.48102139406487227
685,306,0.3,0.05,6,mean,0.05,True,0.05,0.7443268665490886,0.6944444444444443,0.2405069362569708,0.5222222222222223,1.0,0.2333333333333333,1.0,0.7965738397702969,0.8333333333333334,0.22895782540632578,0.6388888888888888,1.0,0.2611111111111111,1.0,0.9359328272371751,1.0,0.13722727953702604,0.9166666666666666,1.0,0.4166666666666667,1.0,0.40584183217033454
686,251,0.3,0.05,4,mean,0.05,True,0.05,0.7443268665490886,0.6944444444444443,0.2405069362569708,0.5222222222222223,1.0,0.2333333333333333,1.0,0.7965738397702969,0.8333333333333334,0.22895782540632578,0.6388888888888888,1.0,0.2611111111111111,1.0,0.9359328272371751,1.0,0.13722727953702604,0.9166666666666666,1.0,0.4166666666666667,1.0,0.40584183217033454
687,528,0.3,0.05,8,mean,0.05,True,0.05,0.7443268665490886,0.6944444444444443,0.2405069362569708,0.5222222222222223,1.0,0.2333333333333333,1.0,0.7965738397702969,0.8333333333333334,0.22895782540632578,0.6388888888888888,1.0,0.2611111111111111,1.0,0.9359328272371751,1.0,0.13722727953702604,0.9166666666666666,1.0,0.4166666666666667,1.0,0.40584183217033454
688,49,0.2,0.02,4,min,0.1,True,0.05,0.7439642282033586,0.8333333333333334,0.2655215066113968,0.5499999999999999,1.0,0.21666666666666667,1.0,0.7887623648493215,0.9166666666666666,0.26416462530730395,0.6333333333333333,1.0,0.21666666666666667,1.0,0.9548395445134575,1.0,0.10920845102975678,1.0,1.0,0.5,1.0,0.4654934437543134
689,539,0.2,0.03,8,max,0.1,True,0.05,0.743869335173683,0.7944444444444444,0.2667652310201021,0.5499999999999999,1.0,0.21666666666666667,1.0,0.7720353117092248,0.8777777777777778,0.2621606324381119,0.5666666666666668,1.0,0.21666666666666667,1.0,0.9718340234644582,1.0,0.08858988307768167,1.0,1.0,0.5833333333333334,1.0,0.4770531400966183
690,290,0.2,0.02,6,max,0.1,True,0.05,0.743869335173683,0.7944444444444444,0.2667652310201021,0.5499999999999999,1.0,0.21666666666666667,1.0,0.7720353117092248,0.8777777777777778,0.2621606324381119,0.5666666666666668,1.0,0.21666666666666667,1.0,0.9718340234644582,1.0,0.08858988307768167,1.0,1.0,0.5833333333333334,1.0,0.4770531400966183
691,330,0.2,0.02,4,max,0.1,True,0.05,0.743869335173683,0.7944444444444444,0.2667652310201021,0.5499999999999999,1.0,0.21666666666666667,1.0,0.7720353117092248,0.8777777777777778,0.2621606324381119,0.5666666666666668,1.0,0.21666666666666667,1.0,0.9718340234644582,1.0,0.08858988307768167,1.0,1.0,0.5833333333333334,1.0,0.4770531400966183
692,408,0.2,0.03,6,min,0.05,True,0.05,0.7435674028065332,0.8333333333333334,0.2659436823573155,0.5499999999999999,1.0,0.21666666666666667,1.0,0.7883655394524959,0.9166666666666666,0.2646619738407353,0.6333333333333333,1.0,0.21666666666666667,1.0,0.9548395445134575,1.0,0.10920845102975678,1.0,1.0,0.5,1.0,0.4654934437543134
693,677,0.2,0.02,6,max,0.05,True,0.05,0.7424143087186565,0.7944444444444444,0.2678036854924241,0.5499999999999999,1.0,0.21666666666666667,1.0,0.7705802852541983,0.8777777777777778,0.2633617125889791,0.5666666666666668,1.0,0.21666666666666667,1.0,0.9718340234644582,1.0,0.08858988307768167,1.0,1.0,0.5833333333333334,1.0,0.4770531400966183
694,151,0.2,0.05,6,min,0.15,True,0.05,0.7237002530480791,0.7083333333333334,0.24092049486745312,0.5472222222222222,1.0,0.2333333333333333,1.0,0.8016534391534392,0.8888888888888888,0.23601690362110292,0.6319444444444443,1.0,0.2611111111111111,1.0,0.9088883137796183,1.0,0.14987548866318434,0.8333333333333334,1.0,0.4166666666666667,1.0,0.3497239475500345
695,790,0.3,0.05,4,min,0.1,True,0.05,0.7215655326363861,0.6944444444444443,0.240150017223439,0.5555555555555555,1.0,0.2333333333333333,1.0,0.7973786732442126,0.875,0.2349486876487665,0.611111111111111,1.0,0.2611111111111111,1.0,0.9083494150925714,1.0,0.15045263058721203,0.8333333333333334,1.0,0.4166666666666667,1.0,0.3427203946527618
696,588,0.3,0.05,6,min,0.05,True,0.05,0.7208796615801448,0.6944444444444443,0.2408207400867106,0.5555555555555555,1.0,0.2333333333333333,1.0,0.7966928021879713,0.875,0.23568834799353253,0.611111111111111,1.0,0.2611111111111111,1.0,0.9083494150925714,1.0,0.15045263058721203,0.8333333333333334,1.0,0.4166666666666667,1.0,0.3427203946527618
697,490,0.3,0.03,4,harmonic,0.15,False,0.05,0.7096363818384752,0.875,0.31622350933788074,0.4444444444444444,1.0,0.0,1.0,0.930728088336784,1.0,0.2361078204845287,1.0,1.0,0.0,1.0,0.7195889672741526,0.9166666666666666,0.31870703273697143,0.4444444444444444,1.0,0.0,1.0,0.4610395419574163
698,98,0.3,0.02,4,harmonic,0.15,False,0.1,0.7096363818384752,0.875,0.31622350933788074,0.4444444444444444,1.0,0.0,1.0,0.930728088336784,1.0,0.2361078204845287,1.0,1.0,0.0,1.0,0.7195889672741526,0.9166666666666666,0.31870703273697143,0.4444444444444444,1.0,0.0,1.0,0.4610395419574163
699,285,0.3,0.03,4,harmonic,0.15,False,0.15,0.7084861632969522,0.875,0.31519014828756425,0.4444444444444444,1.0,0.0,1.0,0.9313894639981596,1.0,0.23485392327622548,1.0,1.0,0.0,1.0,0.7177773730712539,0.9166666666666666,0.31808396994792315,0.4444444444444444,1.0,0.0,1.0,0.4574163535516192
700,74,0.3,0.02,6,harmonic,0.15,False,0.15,0.7084861632969522,0.875,0.31519014828756425,0.4444444444444444,1.0,0.0,1.0,0.9313894639981596,1.0,0.23485392327622548,1.0,1.0,0.0,1.0,0.7177773730712539,0.9166666666666666,0.31808396994792315,0.4444444444444444,1.0,0.0,1.0,0.4574163535516192
701,168,0.2,0.02,4,harmonic,0.15,False,0.1,0.7048107890499195,0.875,0.32066149145241357,0.4444444444444444,1.0,0.0,1.0,0.9241143317230275,1.0,0.2442950871326083,1.0,1.0,0.0,1.0,0.7146164021164022,0.9166666666666666,0.3232319989224392,0.4444444444444444,1.0,0.0,1.0,0.45824706694271916
702,410,0.2,0.03,4,harmonic,0.15,False,0.15,0.7036605705083966,0.875,0.31962813040209703,0.4444444444444444,1.0,0.0,1.0,0.924775707384403,1.0,0.24304118992430515,1.0,1.0,0.0,1.0,0.7128048079135035,0.9166666666666666,0.3226089361333909,0.4444444444444444,1.0,0.0,1.0,0.45462387853692204
703,599,0.3,0.05,4,harmonic,0.15,False,0.1,0.6874243837810665,0.8055555555555555,0.30897838348646883,0.4444444444444444,1.0,0.0,1.0,0.9327612061106425,1.0,0.2345892845928467,1.0,1.0,0.0,1.0,0.6953438514428852,0.8055555555555555,0.31212908040350157,0.4444444444444444,1.0,0.0,1.0,0.40662142473736673
704,503,0.3,0.05,6,harmonic,0.15,False,0.1,0.6874243837810665,0.8055555555555555,0.30897838348646883,0.4444444444444444,1.0,0.0,1.0,0.9327612061106425,1.0,0.2345892845928467,1.0,1.0,0.0,1.0,0.6953438514428852,0.8055555555555555,0.31212908040350157,0.4444444444444444,1.0,0.0,1.0,0.40662142473736673
705,120,0.3,0.05,8,harmonic,0.15,False,0.05,0.6874243837810665,0.8055555555555555,0.30897838348646883,0.4444444444444444,1.0,0.0,1.0,0.9327612061106425,1.0,0.2345892845928467,1.0,1.0,0.0,1.0,0.6953438514428852,0.8055555555555555,0.31212908040350157,0.4444444444444444,1.0,0.0,1.0,0.40662142473736673
706,517,0.3,0.05,8,harmonic,0.15,False,0.15,0.6856127895781681,0.8055555555555555,0.30813797843805096,0.4444444444444444,0.9375,0.0,1.0,0.9327612061106425,1.0,0.2345892845928467,1.0,1.0,0.0,1.0,0.6935322572399866,0.8055555555555555,0.3113179935585826,0.4444444444444444,1.0,0.0,1.0,0.4029982363315696
707,465,0.2,0.05,8,harmonic,0.15,False,0.05,0.6828559926386014,0.8055555555555555,0.3132178760272574,0.4444444444444444,1.0,0.0,1.0,0.9260984587071542,1.0,0.2428869033917794,1.0,1.0,0.0,1.0,0.690677478720957,0.8055555555555555,0.3164085185109833,0.4444444444444444,1.0,0.0,1.0,0.4044168391994479
708,13,0.4,0.02,6,harmonic,0.15,False,0.1,0.6824840940338387,0.75,0.31485955461098786,0.38888888888888884,1.0,0.0,1.0,0.9277416291363689,1.0,0.23043352321944796,1.0,1.0,0.0,1.0,0.6944458542978534,0.9166666666666666,0.31895496329051093,0.38888888888888884,1.0,0.0,1.0,0.408533222349673
709,134,0.4,0.03,8,harmonic,0.15,False,0.05,0.6824840940338387,0.75,0.31485955461098786,0.38888888888888884,1.0,0.0,1.0,0.9277416291363689,1.0,0.23043352321944796,1.0,1.0,0.0,1.0,0.6944458542978534,0.9166666666666666,0.31895496329051093,0.38888888888888884,1.0,0.0,1.0,0.408533222349673
710,103,0.4,0.02,8,harmonic,0.15,False,0.1,0.6824840940338387,0.75,0.31485955461098786,0.38888888888888884,1.0,0.0,1.0,0.9277416291363689,1.0,0.23043352321944796,1.0,1.0,0.0,1.0,0.6944458542978534,0.9166666666666666,0.31895496329051093,0.38888888888888884,1.0,0.0,1.0,0.408533222349673
711,526,0.2,0.02,8,weighted,0.1,False,0.1,0.6637106050149528,0.6666666666666666,0.30148256307366156,0.4444444444444444,1.0,0.0,1.0,0.9535081665516447,1.0,0.17089662656447935,1.0,1.0,0.0,1.0,0.6910512997469519,0.75,0.30753375023415136,0.4444444444444444,1.0,0.0,1.0,0.3842305037957212
712,82,0.2,0.03,6,weighted,0.1,False,0.1,0.6637106050149528,0.6666666666666666,0.30148256307366156,0.4444444444444444,1.0,0.0,1.0,0.9535081665516447,1.0,0.17089662656447935,1.0,1.0,0.0,1.0,0.6910512997469519,0.75,0.30753375023415136,0.4444444444444444,1.0,0.0,1.0,0.3842305037957212
713,391,0.3,0.02,4,weighted,0.1,False,0.1,0.6624613398767988,0.6666666666666666,0.3020520656353704,0.4444444444444444,1.0,0.0,1.0,0.9527243139159403,1.0,0.17196176539973387,1.0,1.0,0.0,1.0,0.6902919425061133,0.75,0.30827981084915335,0.4444444444444444,1.0,0.0,1.0,0.38231986299619153
714,264,0.3,0.03,4,weighted,0.1,False,0.1,0.6624613398767988,0.6666666666666666,0.3020520656353704,0.4444444444444444,1.0,0.0,1.0,0.9527243139159403,1.0,0.17196176539973387,1.0,1.0,0.0,1.0,0.6902919425061133,0.75,0.30827981084915335,0.4444444444444444,1.0,0.0,1.0,0.38231986299619153
715,244,0.3,0.03,6,weighted,0.1,False,0.1,0.6624613398767988,0.6666666666666666,0.3020520656353704,0.4444444444444444,1.0,0.0,1.0,0.9527243139159403,1.0,0.17196176539973387,1.0,1.0,0.0,1.0,0.6902919425061133,0.75,0.30827981084915335,0.4444444444444444,1.0,0.0,1.0,0.38231986299619153
716,558,0.3,0.03,8,weighted,0.1,False,0.1,0.6624613398767988,0.6666666666666666,0.3020520656353704,0.4444444444444444,1.0,0.0,1.0,0.9527243139159403,1.0,0.17196176539973387,1.0,1.0,0.0,1.0,0.6902919425061133,0.75,0.30827981084915335,0.4444444444444444,1.0,0.0,1.0,0.38231986299619153
717,451,0.2,0.02,4,weighted,0.1,False,0.15,0.661634460547504,0.6666666666666666,0.3006084224403814,0.4444444444444444,1.0,0.0,1.0,0.9572118702553484,1.0,0.16686026286645184,1.0,1.0,0.0,1.0,0.6852714515757995,0.75,0.30687027678654477,0.4444444444444444,1.0,0.0,1.0,0.3806073153899241
718,361,0.2,0.03,8,weighted,0.1,False,0.15,0.661634460547504,0.6666666666666666,0.3006084224403814,0.4444444444444444,1.0,0.0,1.0,0.9572118702553484,1.0,0.16686026286645184,1.0,1.0,0.0,1.0,0.6852714515757995,0.75,0.30687027678654477,0.4444444444444444,1.0,0.0,1.0,0.3806073153899241
719,733,0.2,0.03,6,weighted,0.1,False,0.15,0.661634460547504,0.6666666666666666,0.3006084224403814,0.4444444444444444,1.0,0.0,1.0,0.9572118702553484,1.0,0.16686026286645184,1.0,1.0,0.0,1.0,0.6852714515757995,0.75,0.30687027678654477,0.4444444444444444,1.0,0.0,1.0,0.3806073153899241
720,782,0.2,0.03,8,weighted,0.1,False,0.05,0.6610651023694502,0.625,0.3020176569398216,0.4444444444444444,1.0,0.0,1.0,0.950862663906142,1.0,0.1744771054630189,1.0,1.0,0.0,1.0,0.6910512997469519,0.75,0.30753375023415136,0.4444444444444444,1.0,0.0,1.0,0.38026224982746726
721,32,0.3,0.02,8,weighted,0.1,False,0.15,0.6603607000144843,0.6666666666666666,0.3011796441026189,0.4444444444444444,1.0,0.0,1.0,0.9565504945939729,1.0,0.16790742837145475,1.0,1.0,0.0,1.0,0.684365121965766,0.75,0.3075893229094406,0.4444444444444444,1.0,0.0,1.0,0.3786966745903944
722,534,0.3,0.02,6,weighted,0.1,False,0.05,0.6597178556518332,0.5833333333333334,0.3025692460817527,0.4444444444444444,1.0,0.0,1.0,0.9499808296909746,1.0,0.1755823169268463,1.0,1.0,0.0,1.0,0.6902919425061133,0.75,0.30827981084915335,0.4444444444444444,1.0,0.0,1.0,0.378204636658743
723,325,0.3,0.03,8,weighted,0.1,False,0.05,0.6597178556518332,0.5833333333333334,0.3025692460817527,0.4444444444444444,1.0,0.0,1.0,0.9499808296909746,1.0,0.1755823169268463,1.0,1.0,0.0,1.0,0.6902919425061133,0.75,0.30827981084915335,0.4444444444444444,1.0,0.0,1.0,0.378204636658743
724,148,0.3,0.02,4,weighted,0.1,False,0.05,0.6597178556518332,0.5833333333333334,0.3025692460817527,0.4444444444444444,1.0,0.0,1.0,0.9499808296909746,1.0,0.1755823169268463,1.0,1.0,0.0,1.0,0.6902919425061133,0.75,0.30827981084915335,0.4444444444444444,1.0,0.0,1.0,0.378204636658743
725,29,0.4,0.05,4,harmonic,0.15,False,0.1,0.6591363576380783,0.6666666666666666,0.30497112157439527,0.38888888888888884,0.9166666666666666,0.0,1.0,0.9303605728290795,1.0,0.22867443528414866,1.0,1.0,0.0,1.0,0.6684791742093824,0.6944444444444443,0.3095423667386396,0.38888888888888884,0.9166666666666666,0.0,1.0,0.3489437942200522
726,710,0.4,0.05,8,harmonic,0.15,False,0.1,0.6591363576380783,0.6666666666666666,0.30497112157439527,0.38888888888888884,0.9166666666666666,0.0,1.0,0.9303605728290795,1.0,0.22867443528414866,1.0,1.0,0.0,1.0,0.6684791742093824,0.6944444444444443,0.3095423667386396,0.38888888888888884,0.9166666666666666,0.0,1.0,0.3489437942200522
727,97,0.2,0.05,8,weighted,0.1,False,0.1,0.6509374281113411,0.5833333333333334,0.2929011386080043,0.4444444444444444,0.9166666666666666,0.0,1.0,0.9588077984817115,1.0,0.16110168815440717,1.0,1.0,0.0,1.0,0.6723171152518979,0.6944444444444443,0.3001870076676971,0.4444444444444444,0.9166666666666666,0.0,1.0,0.34627329192546585
728,106,0.3,0.05,6,weighted,0.1,False,0.1,0.6495534383014254,0.5833333333333334,0.2933664641831973,0.4444444444444444,0.9166666666666666,0.0,1.0,0.9580974320306043,1.0,0.1621129400825167,1.0,1.0,0.0,1.0,0.6713250517598345,0.6944444444444443,0.30085374307435075,0.4444444444444444,0.9166666666666666,0.0,1.0,0.3439217340183524
729,11,0.3,0.05,6,weighted,0.1,False,0.15,0.646370101986044,0.5833333333333334,0.29286752424968004,0.4444444444444444,0.9166666666666666,0.0,1.0,0.9608409162555699,1.0,0.16042184007917612,1.0,1.0,0.0,1.0,0.6653982312194873,0.6944444444444443,0.2997053919549932,0.4444444444444444,0.9166666666666666,0.0,1.0,0.3402985456125553
730,237,0.4,0.03,8,weighted,0.1,False,0.05,0.6392787415535683,0.5555555555555555,0.28776818123238196,0.38888888888888884,0.9166666666666666,0.25,1.0,0.9658247586048994,1.0,0.1107818634581384,1.0,1.0,0.4666666666666666,1.0,0.673453982948669,0.6666666666666666,0.2986795565788307,0.38888888888888884,0.9791666666666666,0.25,1.0,0.3217561810793161
731,441,0.4,0.02,6,weighted,0.1,False,0.15,0.636804843579584,0.5555555555555555,0.2866973817832272,0.38888888888888884,0.9166666666666666,0.25,1.0,0.9710359715638207,1.0,0.1032586076058894,1.0,1.0,0.5,1.0,0.6657688720157634,0.5833333333333334,0.2971250657195313,0.38888888888888884,0.9166666666666666,0.25,1.0,0.317880212087068
732,694,0.4,0.05,6,weighted,0.1,False,0.1,0.6242478432062548,0.5555555555555555,0.27600466242179733,0.38888888888888884,0.9166666666666666,0.25,1.0,0.9722275796651768,1.0,0.09061398303109701,1.0,1.0,0.5555555555555555,1.0,0.6510624091349478,0.5833333333333334,0.2884745731960648,0.38888888888888884,0.9166666666666666,0.25,1.0,0.27669613824233014
733,529,0.4,0.05,6,weighted,0.1,False,0.15,0.6203941498978703,0.5555555555555555,0.275187464136443,0.38888888888888884,0.9166666666666666,0.25,1.0,0.9760589972896979,1.0,0.08656008852971515,1.0,1.0,0.5555555555555555,1.0,0.6433772982020423,0.5694444444444444,0.2861200973663764,0.38888888888888884,0.9166666666666666,0.25,1.0,0.27282016925008207
734,202,0.3,0.02,8,harmonic,0.2,False,0.05,0.5423173921563615,0.4444444444444444,0.3545615875456187,0.3055555555555555,0.9166666666666666,0.0,1.0,0.8559500379146111,1.0,0.3377279322337925,1.0,1.0,0.0,1.0,0.546334636914347,0.4444444444444444,0.35724382626272105,0.3055555555555555,0.9166666666666666,0.0,1.0,0.32305165759272036
735,444,0.2,0.02,8,harmonic,0.2,False,0.15,0.5396106510236945,0.4444444444444444,0.356358166622264,0.27777777777777773,0.9166666666666666,0.0,1.0,0.8504140786749481,1.0,0.34173900422073106,1.0,1.0,0.0,1.0,0.5435789049919485,0.4444444444444444,0.35902106185049504,0.27777777777777773,0.9166666666666666,0.0,1.0,0.322463768115942
736,788,0.2,0.03,8,harmonic,0.2,False,0.1,0.5396106510236945,0.4444444444444444,0.356358166622264,0.27777777777777773,0.9166666666666666,0.0,1.0,0.8504140786749481,1.0,0.34173900422073106,1.0,1.0,0.0,1.0,0.5435789049919485,0.4444444444444444,0.35902106185049504,0.27777777777777773,0.9166666666666666,0.0,1.0,0.322463768115942
737,178,0.2,0.03,4,harmonic,0.2,False,0.1,0.5396106510236945,0.4444444444444444,0.356358166622264,0.27777777777777773,0.9166666666666666,0.0,1.0,0.8504140786749481,1.0,0.34173900422073106,1.0,1.0,0.0,1.0,0.5435789049919485,0.4444444444444444,0.35902106185049504,0.27777777777777773,0.9166666666666666,0.0,1.0,0.322463768115942
738,352,0.2,0.03,4,harmonic,0.2,False,0.05,0.5396106510236945,0.4444444444444444,0.356358166622264,0.27777777777777773,0.9166666666666666,0.0,1.0,0.8504140786749481,1.0,0.34173900422073106,1.0,1.0,0.0,1.0,0.5435789049919485,0.4444444444444444,0.35902106185049504,0.27777777777777773,0.9166666666666666,0.0,1.0,0.322463768115942
739,714,0.2,0.02,4,harmonic,0.2,False,0.05,0.5396106510236945,0.4444444444444444,0.356358166622264,0.27777777777777773,0.9166666666666666,0.0,1.0,0.8504140786749481,1.0,0.34173900422073106,1.0,1.0,0.0,1.0,0.5435789049919485,0.4444444444444444,0.35902106185049504,0.27777777777777773,0.9166666666666666,0.0,1.0,0.322463768115942
740,765,0.2,0.02,6,harmonic,0.2,False,0.15,0.5396106510236945,0.4444444444444444,0.356358166622264,0.27777777777777773,0.9166666666666666,0.0,1.0,0.8504140786749481,1.0,0.34173900422073106,1.0,1.0,0.0,1.0,0.5435789049919485,0.4444444444444444,0.35902106185049504,0.27777777777777773,0.9166666666666666,0.0,1.0,0.322463768115942
741,234,0.2,0.03,8,harmonic,0.2,False,0.15,0.5396106510236945,0.4444444444444444,0.356358166622264,0.27777777777777773,0.9166666666666666,0.0,1.0,0.8504140786749481,1.0,0.34173900422073106,1.0,1.0,0.0,1.0,0.5435789049919485,0.4444444444444444,0.35902106185049504,0.27777777777777773,0.9166666666666666,0.0,1.0,0.322463768115942
742,796,0.2,0.02,8,harmonic,0.2,False,0.05,0.5396106510236945,0.4444444444444444,0.356358166622264,0.27777777777777773,0.9166666666666666,0.0,1.0,0.8504140786749481,1.0,0.34173900422073106,1.0,1.0,0.0,1.0,0.5435789049919485,0.4444444444444444,0.35902106185049504,0.27777777777777773,0.9166666666666666,0.0,1.0,0.322463768115942
743,662,0.2,0.03,6,harmonic,0.2,False,0.15,0.5396106510236945,0.4444444444444444,0.356358166622264,0.27777777777777773,0.9166666666666666,0.0,1.0,0.8504140786749481,1.0,0.34173900422073106,1.0,1.0,0.0,1.0,0.5435789049919485,0.4444444444444444,0.35902106185049504,0.27777777777777773,0.9166666666666666,0.0,1.0,0.322463768115942
744,340,0.3,0.02,6,weighted,0.15,False,0.15,0.5360673389055032,0.4444444444444444,0.30265229002939614,0.3055555555555555,0.7916666666666666,0.0,1.0,0.9666457923301724,1.0,0.1739682092137398,1.0,1.0,0.0,1.0,0.5387618323407374,0.4444444444444444,0.30500398113435084,0.3055555555555555,0.8541666666666666,0.0,1.0,0.2637770620862408
745,405,0.3,0.03,4,weighted,0.15,False,0.15,0.5360673389055032,0.4444444444444444,0.30265229002939614,0.3055555555555555,0.7916666666666666,0.0,1.0,0.9666457923301724,1.0,0.1739682092137398,1.0,1.0,0.0,1.0,0.5387618323407374,0.4444444444444444,0.30500398113435084,0.3055555555555555,0.8541666666666666,0.0,1.0,0.2637770620862408
746,436,0.3,0.02,6,weighted,0.15,False,0.05,0.5360673389055032,0.4444444444444444,0.30265229002939614,0.3055555555555555,0.7916666666666666,0.0,1.0,0.9666457923301724,1.0,0.1739682092137398,1.0,1.0,0.0,1.0,0.5387618323407374,0.4444444444444444,0.30500398113435084,0.3055555555555555,0.8541666666666666,0.0,1.0,0.2637770620862408
747,127,0.3,0.03,8,weighted,0.15,False,0.1,0.5360673389055032,0.4444444444444444,0.30265229002939614,0.3055555555555555,0.7916666666666666,0.0,1.0,0.9666457923301724,1.0,0.1739682092137398,1.0,1.0,0.0,1.0,0.5387618323407374,0.4444444444444444,0.30500398113435084,0.3055555555555555,0.8541666666666666,0.0,1.0,0.2637770620862408
748,521,0.2,0.03,8,weighted,0.15,False,0.15,0.5350385323211411,0.4444444444444444,0.30397363661379445,0.3055555555555555,0.7916666666666666,0.0,1.0,0.9630204738900391,1.0,0.18383683698958767,1.0,1.0,0.0,1.0,0.5376840349666437,0.4444444444444444,0.3062880130630834,0.3055555555555555,0.8541666666666666,0.0,1.0,0.2636300897170462
749,113,0.2,0.02,6,weighted,0.15,False,0.15,0.5350385323211411,0.4444444444444444,0.30397363661379445,0.3055555555555555,0.7916666666666666,0.0,1.0,0.9630204738900391,1.0,0.18383683698958767,1.0,1.0,0.0,1.0,0.5376840349666437,0.4444444444444444,0.3062880130630834,0.3055555555555555,0.8541666666666666,0.0,1.0,0.2636300897170462
750,388,0.2,0.02,4,weighted,0.15,False,0.05,0.5350385323211411,0.4444444444444444,0.30397363661379445,0.3055555555555555,0.7916666666666666,0.0,1.0,0.9630204738900391,1.0,0.18383683698958767,1.0,1.0,0.0,1.0,0.5376840349666437,0.4444444444444444,0.3062880130630834,0.3055555555555555,0.8541666666666666,0.0,1.0,0.2636300897170462
751,438,0.2,0.03,8,weighted,0.15,False,0.1,0.5350385323211411,0.4444444444444444,0.30397363661379445,0.3055555555555555,0.7916666666666666,0.0,1.0,0.9630204738900391,1.0,0.18383683698958767,1.0,1.0,0.0,1.0,0.5376840349666437,0.4444444444444444,0.3062880130630834,0.3055555555555555,0.8541666666666666,0.0,1.0,0.2636300897170462
752,635,0.2,0.02,6,weighted,0.15,False,0.05,0.5350385323211411,0.4444444444444444,0.30397363661379445,0.3055555555555555,0.7916666666666666,0.0,1.0,0.9630204738900391,1.0,0.18383683698958767,1.0,1.0,0.0,1.0,0.5376840349666437,0.4444444444444444,0.3062880130630834,0.3055555555555555,0.8541666666666666,0.0,1.0,0.2636300897170462
753,411,0.3,0.05,6,weighted,0.15,False,0.15,0.5338387904813026,0.4444444444444444,0.3008392996392592,0.3055555555555555,0.7291666666666666,0.0,1.0,0.9666457923301724,1.0,0.1739682092137398,1.0,1.0,0.0,1.0,0.5365332839165368,0.4444444444444444,0.30322776768167903,0.3055555555555555,0.7708333333333334,0.0,1.0,0.25980880811798684
754,659,0.3,0.05,8,weighted,0.15,False,0.1,0.5338387904813026,0.4444444444444444,0.3008392996392592,0.3055555555555555,0.7291666666666666,0.0,1.0,0.9666457923301724,1.0,0.1739682092137398,1.0,1.0,0.0,1.0,0.5365332839165368,0.4444444444444444,0.30322776768167903,0.3055555555555555,0.7708333333333334,0.0,1.0,0.25980880811798684
755,568,0.3,0.05,8,weighted,0.15,False,0.05,0.5338387904813026,0.4444444444444444,0.3008392996392592,0.3055555555555555,0.7291666666666666,0.0,1.0,0.9666457923301724,1.0,0.1739682092137398,1.0,1.0,0.0,1.0,0.5365332839165368,0.4444444444444444,0.30322776768167903,0.3055555555555555,0.7708333333333334,0.0,1.0,0.25980880811798684
756,457,0.3,0.05,4,weighted,0.15,False,0.1,0.5338387904813026,0.4444444444444444,0.3008392996392592,0.3055555555555555,0.7291666666666666,0.0,1.0,0.9666457923301724,1.0,0.1739682092137398,1.0,1.0,0.0,1.0,0.5365332839165368,0.4444444444444444,0.30322776768167903,0.3055555555555555,0.7708333333333334,0.0,1.0,0.25980880811798684
757,678,0.3,0.05,6,harmonic,0.2,False,0.05,0.5334756196269884,0.4444444444444444,0.3482566001157352,0.3055555555555555,0.9166666666666666,0.0,1.0,0.8559500379146111,1.0,0.3377279322337925,1.0,1.0,0.0,1.0,0.5374928643849739,0.4444444444444444,0.351144602312283,0.3055555555555555,0.9166666666666666,0.0,1.0,0.2994402269764589
758,478,0.3,0.05,6,harmonic,0.2,False,0.15,0.5334756196269884,0.4444444444444444,0.3482566001157352,0.3055555555555555,0.9166666666666666,0.0,1.0,0.8559500379146111,1.0,0.3377279322337925,1.0,1.0,0.0,1.0,0.5374928643849739,0.4444444444444444,0.351144602312283,0.3055555555555555,0.9166666666666666,0.0,1.0,0.2994402269764589
759,183,0.2,0.05,4,weighted,0.15,False,0.1,0.5328099838969405,0.4444444444444444,0.3021606462236575,0.3055555555555555,0.7291666666666666,0.0,1.0,0.9630204738900391,1.0,0.18383683698958767,1.0,1.0,0.0,1.0,0.5354554865424431,0.4444444444444444,0.3045117996104116,0.3055555555555555,0.7708333333333334,0.0,1.0,0.25966183574879226
760,798,0.2,0.05,4,harmonic,0.2,False,0.05,0.5308546123763516,0.4444444444444444,0.3500632330245305,0.27777777777777773,0.9166666666666666,0.0,1.0,0.8504140786749481,1.0,0.34173900422073106,1.0,1.0,0.0,1.0,0.5348228663446055,0.4444444444444444,0.3529294167568438,0.27777777777777773,0.9166666666666666,0.0,1.0,0.2989993098688751
761,563,0.2,0.05,6,harmonic,0.2,False,0.15,0.5308546123763516,0.4444444444444444,0.3500632330245305,0.27777777777777773,0.9166666666666666,0.0,1.0,0.8504140786749481,1.0,0.34173900422073106,1.0,1.0,0.0,1.0,0.5348228663446055,0.4444444444444444,0.3529294167568438,0.27777777777777773,0.9166666666666666,0.0,1.0,0.2989993098688751
762,772,0.2,0.05,4,harmonic,0.2,False,0.1,0.5308546123763516,0.4444444444444444,0.3500632330245305,0.27777777777777773,0.9166666666666666,0.0,1.0,0.8504140786749481,1.0,0.34173900422073106,1.0,1.0,0.0,1.0,0.5348228663446055,0.4444444444444444,0.3529294167568438,0.27777777777777773,0.9166666666666666,0.0,1.0,0.2989993098688751
763,623,0.4,0.02,8,harmonic,0.2,False,0.15,0.5011961196322652,0.38888888888888884,0.33261931679503653,0.27777777777777773,0.75,0.0,1.0,0.8590406003945334,1.0,0.33108236613615066,1.0,1.0,0.0,1.0,0.5059247679663259,0.38888888888888884,0.3366198879762381,0.27777777777777773,0.75,0.0,1.0,0.25065219818704126
764,533,0.4,0.03,8,harmonic,0.2,False,0.1,0.5011961196322652,0.38888888888888884,0.33261931679503653,0.27777777777777773,0.75,0.0,1.0,0.8590406003945334,1.0,0.33108236613615066,1.0,1.0,0.0,1.0,0.5059247679663259,0.38888888888888884,0.3366198879762381,0.27777777777777773,0.75,0.0,1.0,0.25065219818704126
765,775,0.4,0.03,4,harmonic,0.2,False,0.15,0.5011961196322652,0.38888888888888884,0.33261931679503653,0.27777777777777773,0.75,0.0,1.0,0.8590406003945334,1.0,0.33108236613615066,1.0,1.0,0.0,1.0,0.5059247679663259,0.38888888888888884,0.3366198879762381,0.27777777777777773,0.75,0.0,1.0,0.25065219818704126
766,652,0.4,0.03,6,harmonic,0.2,False,0.15,0.5011961196322652,0.38888888888888884,0.33261931679503653,0.27777777777777773,0.75,0.0,1.0,0.8590406003945334,1.0,0.33108236613615066,1.0,1.0,0.0,1.0,0.5059247679663259,0.38888888888888884,0.3366198879762381,0.27777777777777773,0.75,0.0,1.0,0.25065219818704126
767,292,0.4,0.03,8,harmonic,0.2,False,0.05,0.5011961196322652,0.38888888888888884,0.33261931679503653,0.27777777777777773,0.75,0.0,1.0,0.8590406003945334,1.0,0.33108236613615066,1.0,1.0,0.0,1.0,0.5059247679663259,0.38888888888888884,0.3366198879762381,0.27777777777777773,0.75,0.0,1.0,0.25065219818704126
768,221,0.4,0.03,6,harmonic,0.2,False,0.1,0.5011961196322652,0.38888888888888884,0.33261931679503653,0.27777777777777773,0.75,0.0,1.0,0.8590406003945334,1.0,0.33108236613615066,1.0,1.0,0.0,1.0,0.5059247679663259,0.38888888888888884,0.3366198879762381,0.27777777777777773,0.75,0.0,1.0,0.25065219818704126
769,459,0.4,0.02,6,harmonic,0.2,False,0.1,0.5011961196322652,0.38888888888888884,0.33261931679503653,0.27777777777777773,0.75,0.0,1.0,0.8590406003945334,1.0,0.33108236613615066,1.0,1.0,0.0,1.0,0.5059247679663259,0.38888888888888884,0.3366198879762381,0.27777777777777773,0.75,0.0,1.0,0.25065219818704126
770,186,0.3,0.05,6,weighted,0.2,False,0.05,0.49957772069285755,0.4444444444444444,0.31264423894706267,0.3055555555555555,0.6666666666666666,0.0,1.0,0.922417759374281,1.0,0.25610198701054265,1.0,1.0,0.0,1.0,0.49957772069285755,0.4444444444444444,0.31264423894706267,0.3055555555555555,0.6666666666666666,0.0,1.0,0.2481021394064872
771,118,0.3,0.03,6,weighted,0.2,False,0.05,0.49957772069285755,0.4444444444444444,0.31264423894706267,0.3055555555555555,0.6666666666666666,0.0,1.0,0.922417759374281,1.0,0.25610198701054265,1.0,1.0,0.0,1.0,0.49957772069285755,0.4444444444444444,0.31264423894706267,0.3055555555555555,0.6666666666666666,0.0,1.0,0.2481021394064872
772,84,0.3,0.02,8,weighted,0.2,False,0.05,0.49957772069285755,0.4444444444444444,0.31264423894706267,0.3055555555555555,0.6666666666666666,0.0,1.0,0.922417759374281,1.0,0.25610198701054265,1.0,1.0,0.0,1.0,0.49957772069285755,0.4444444444444444,0.31264423894706267,0.3055555555555555,0.6666666666666666,0.0,1.0,0.2481021394064872
773,3,0.3,0.03,8,weighted,0.2,False,0.05,0.49957772069285755,0.4444444444444444,0.31264423894706267,0.3055555555555555,0.6666666666666666,0.0,1.0,0.922417759374281,1.0,0.25610198701054265,1.0,1.0,0.0,1.0,0.49957772069285755,0.4444444444444444,0.31264423894706267,0.3055555555555555,0.6666666666666666,0.0,1.0,0.2481021394064872
774,716,0.3,0.03,4,weighted,0.2,False,0.1,0.49957772069285755,0.4444444444444444,0.31264423894706267,0.3055555555555555,0.6666666666666666,0.0,1.0,0.922417759374281,1.0,0.25610198701054265,1.0,1.0,0.0,1.0,0.49957772069285755,0.4444444444444444,0.31264423894706267,0.3055555555555555,0.6666666666666666,0.0,1.0,0.2481021394064872
775,59,0.3,0.02,8,weighted,0.2,False,0.15,0.49957772069285755,0.4444444444444444,0.31264423894706267,0.3055555555555555,0.6666666666666666,0.0,1.0,0.922417759374281,1.0,0.25610198701054265,1.0,1.0,0.0,1.0,0.49957772069285755,0.4444444444444444,0.31264423894706267,0.3055555555555555,0.6666666666666666,0.0,1.0,0.2481021394064872
776,10,0.3,0.02,6,weighted,0.2,False,0.05,0.49957772069285755,0.4444444444444444,0.31264423894706267,0.3055555555555555,0.6666666666666666,0.0,1.0,0.922417759374281,1.0,0.25610198701054265,1.0,1.0,0.0,1.0,0.49957772069285755,0.4444444444444444,0.31264423894706267,0.3055555555555555,0.6666666666666666,0.0,1.0,0.2481021394064872
777,240,0.3,0.05,8,weighted,0.2,False,0.1,0.49957772069285755,0.4444444444444444,0.31264423894706267,0.3055555555555555,0.6666666666666666,0.0,1.0,0.922417759374281,1.0,0.25610198701054265,1.0,1.0,0.0,1.0,0.49957772069285755,0.4444444444444444,0.31264423894706267,0.3055555555555555,0.6666666666666666,0.0,1.0,0.2481021394064872
778,736,0.3,0.05,8,weighted,0.2,False,0.05,0.49957772069285755,0.4444444444444444,0.31264423894706267,0.3055555555555555,0.6666666666666666,0.0,1.0,0.922417759374281,1.0,0.25610198701054265,1.0,1.0,0.0,1.0,0.49957772069285755,0.4444444444444444,0.31264423894706267,0.3055555555555555,0.6666666666666666,0.0,1.0,0.2481021394064872
779,101,0.2,0.05,4,weighted,0.2,False,0.15,0.4970669427191166,0.4444444444444444,0.3150438170457805,0.3055555555555555,0.6666666666666666,0.0,1.0,0.9158040027605244,1.0,0.2638175327920667,1.0,1.0,0.0,1.0,0.4970669427191166,0.4444444444444444,0.3150438170457805,0.3055555555555555,0.6666666666666666,0.0,1.0,0.2481021394064872
780,107,0.2,0.02,8,weighted,0.2,False,0.05,0.4970669427191166,0.4444444444444444,0.3150438170457805,0.3055555555555555,0.6666666666666666,0.0,1.0,0.9158040027605244,1.0,0.2638175327920667,1.0,1.0,0.0,1.0,0.4970669427191166,0.4444444444444444,0.3150438170457805,0.3055555555555555,0.6666666666666666,0.0,1.0,0.2481021394064872
781,28,0.2,0.03,4,weighted,0.2,False,0.15,0.4970669427191166,0.4444444444444444,0.3150438170457805,0.3055555555555555,0.6666666666666666,0.0,1.0,0.9158040027605244,1.0,0.2638175327920667,1.0,1.0,0.0,1.0,0.4970669427191166,0.4444444444444444,0.3150438170457805,0.3055555555555555,0.6666666666666666,0.0,1.0,0.2481021394064872
782,484,0.2,0.05,6,weighted,0.2,False,0.15,0.4970669427191166,0.4444444444444444,0.3150438170457805,0.3055555555555555,0.6666666666666666,0.0,1.0,0.9158040027605244,1.0,0.2638175327920667,1.0,1.0,0.0,1.0,0.4970669427191166,0.4444444444444444,0.3150438170457805,0.3055555555555555,0.6666666666666666,0.0,1.0,0.2481021394064872
783,645,0.2,0.02,6,weighted,0.2,False,0.1,0.4970669427191166,0.4444444444444444,0.3150438170457805,0.3055555555555555,0.6666666666666666,0.0,1.0,0.9158040027605244,1.0,0.2638175327920667,1.0,1.0,0.0,1.0,0.4970669427191166,0.4444444444444444,0.3150438170457805,0.3055555555555555,0.6666666666666666,0.0,1.0,0.2481021394064872
784,693,0.4,0.03,4,weighted,0.15,False,0.1,0.4917016028341437,0.38888888888888884,0.26953216901174853,0.3055555555555555,0.5,0.08333333333333333,1.0,0.9847064741596427,1.0,0.10450178024505057,1.0,1.0,0.2222222222222222,1.0,0.4950237814073044,0.38888888888888884,0.2736529950731969,0.3055555555555555,0.5,0.08333333333333333,1.0,0.18346478806519614
785,355,0.4,0.03,6,weighted,0.15,False,0.1,0.4917016028341437,0.38888888888888884,0.26953216901174853,0.3055555555555555,0.5,0.08333333333333333,1.0,0.9847064741596427,1.0,0.10450178024505057,1.0,1.0,0.2222222222222222,1.0,0.4950237814073044,0.38888888888888884,0.2736529950731969,0.3055555555555555,0.5,0.08333333333333333,1.0,0.18346478806519614
786,664,0.4,0.02,6,weighted,0.15,False,0.15,0.4917016028341437,0.38888888888888884,0.26953216901174853,0.3055555555555555,0.5,0.08333333333333333,1.0,0.9847064741596427,1.0,0.10450178024505057,1.0,1.0,0.2222222222222222,1.0,0.4950237814073044,0.38888888888888884,0.2736529950731969,0.3055555555555555,0.5,0.08333333333333333,1.0,0.18346478806519614
787,147,0.4,0.05,4,harmonic,0.2,False,0.15,0.4909830005515347,0.38888888888888884,0.3238509304696279,0.27777777777777773,0.7222222222222222,0.0,1.0,0.8590406003945334,1.0,0.33108236613615066,1.0,1.0,0.0,1.0,0.4957116488855955,0.38888888888888884,0.32816734652131024,0.27777777777777773,0.7430555555555555,0.0,1.0,0.22415146562720992
788,536,0.4,0.05,6,harmonic,0.2,False,0.1,0.4909830005515347,0.38888888888888884,0.3238509304696279,0.27777777777777773,0.7222222222222222,0.0,1.0,0.8590406003945334,1.0,0.33108236613615066,1.0,1.0,0.0,1.0,0.4957116488855955,0.38888888888888884,0.32816734652131024,0.27777777777777773,0.7430555555555555,0.0,1.0,0.22415146562720992
789,154,0.4,0.05,8,weighted,0.15,False,0.05,0.4893261408251816,0.38888888888888884,0.26733766508856766,0.3055555555555555,0.5,0.08333333333333333,1.0,0.9847064741596427,1.0,0.10450178024505057,1.0,1.0,0.2222222222222222,1.0,0.49264831939834225,0.38888888888888884,0.2715082881112622,0.3055555555555555,0.5,0.08333333333333333,1.0,0.1792453787824957
790,66,0.4,0.02,6,weighted,0.2,False,0.15,0.44812289297408014,0.38888888888888884,0.2773790151469266,0.3055555555555555,0.5,0.0,1.0,0.9284189227140919,1.0,0.2387217705251908,1.0,1.0,0.0,1.0,0.44812289297408014,0.38888888888888884,0.2773790151469266,0.3055555555555555,0.5,0.0,1.0,0.16540287407076562
791,769,0.4,0.03,4,weighted,0.2,False,0.15,0.44812289297408014,0.38888888888888884,0.2773790151469266,0.3055555555555555,0.5,0.0,1.0,0.9284189227140919,1.0,0.2387217705251908,1.0,1.0,0.0,1.0,0.44812289297408014,0.38888888888888884,0.2773790151469266,0.3055555555555555,0.5,0.0,1.0,0.16540287407076562
792,589,0.4,0.03,6,weighted,0.2,False,0.05,0.44812289297408014,0.38888888888888884,0.2773790151469266,0.3055555555555555,0.5,0.0,1.0,0.9284189227140919,1.0,0.2387217705251908,1.0,1.0,0.0,1.0,0.44812289297408014,0.38888888888888884,0.2773790151469266,0.3055555555555555,0.5,0.0,1.0,0.16540287407076562
793,382,0.4,0.02,4,weighted,0.2,False,0.1,0.44812289297408014,0.38888888888888884,0.2773790151469266,0.3055555555555555,0.5,0.0,1.0,0.9284189227140919,1.0,0.2387217705251908,1.0,1.0,0.0,1.0,0.44812289297408014,0.38888888888888884,0.2773790151469266,0.3055555555555555,0.5,0.0,1.0,0.16540287407076562
794,375,0.4,0.03,6,weighted,0.2,False,0.15,0.44812289297408014,0.38888888888888884,0.2773790151469266,0.3055555555555555,0.5,0.0,1.0,0.9284189227140919,1.0,0.2387217705251908,1.0,1.0,0.0,1.0,0.44812289297408014,0.38888888888888884,0.2773790151469266,0.3055555555555555,0.5,0.0,1.0,0.16540287407076562
795,407,0.4,0.05,4,weighted,0.2,False,0.05,0.44812289297408014,0.38888888888888884,0.2773790151469266,0.3055555555555555,0.5,0.0,1.0,0.9284189227140919,1.0,0.2387217705251908,1.0,1.0,0.0,1.0,0.44812289297408014,0.38888888888888884,0.2773790151469266,0.3055555555555555,0.5,0.0,1.0,0.16540287407076562
796,671,0.4,0.05,4,weighted,0.2,False,0.15,0.44812289297408014,0.38888888888888884,0.2773790151469266,0.3055555555555555,0.5,0.0,1.0,0.9284189227140919,1.0,0.2387217705251908,1.0,1.0,0.0,1.0,0.44812289297408014,0.38888888888888884,0.2773790151469266,0.3055555555555555,0.5,0.0,1.0,0.16540287407076562
797,93,0.4,0.02,8,weighted,0.2,False,0.05,0.44812289297408014,0.38888888888888884,0.2773790151469266,0.3055555555555555,0.5,0.0,1.0,0.9284189227140919,1.0,0.2387217705251908,1.0,1.0,0.0,1.0,0.44812289297408014,0.38888888888888884,0.2773790151469266,0.3055555555555555,0.5,0.0,1.0,0.16540287407076562
798,717,0.4,0.03,8,weighted,0.2,False,0.1,0.44812289297408014,0.38888888888888884,0.2773790151469266,0.3055555555555555,0.5,0.0,1.0,0.9284189227140919,1.0,0.2387217705251908,1.0,1.0,0.0,1.0,0.44812289297408014,0.38888888888888884,0.2773790151469266,0.3055555555555555,0.5,0.0,1.0,0.16540287407076562
799,231,0.4,0.02,8,weighted,0.2,False,0.15,0.44812289297408014,0.38888888888888884,0.2773790151469266,0.3055555555555555,0.5,0.0,1.0,0.9284189227140919,1.0,0.2387217705251908,1.0,1.0,0.0,1.0,0.44812289297408014,0.38888888888888884,0.2773790151469266,0.3055555555555555,0.5,0.0,1.0,0.16540287407076562
800,209,0.4,0.02,8,weighted,0.2,False,0.1,0.44812289297408014,0.38888888888888884,0.2773790151469266,0.3055555555555555,0.5,0.0,1.0,0.9284189227140919,1.0,0.2387217705251908,1.0,1.0,0.0,1.0,0.44812289297408014,0.38888888888888884,0.2773790151469266,0.3055555555555555,0.5,0.0,1.0,0.16540287407076562
