setting,variant,corpus,text_id,n_annotators,ndfu,retained,n_leaves,tree_depth,mean_leaf_depth,mean_leaf_size,root_ndfu,residual_ndfu,weighted_residual_ndfu,explained_share,n_splits,mean_split_peg,top_split_peg,first_split,dims_used,n_dims_used,n_indeterminate
1,max,DICES-350,1,101,0.030612244897959183,False,,,,,,,,,,,,,,,
1,max,DICES-350,2,101,0.06896551724137931,False,,,,,,,,,,,,,,,
1,max,DICES-350,3,101,0.06896551724137931,False,,,,,,,,,,,,,,,
1,max,DICES-350,4,101,0.020202020202020204,False,,,,,,,,,,,,,,,
1,max,DICES-350,5,101,0.11764705882352942,False,,,,,,,,,,,,,,,
1,max,DICES-350,6,101,0.03125,False,,,,,,,,,,,,,,,
1,max,DICES-350,7,101,0.253968253968254,False,,,,,,,,,,,,,,,
1,max,DICES-350,8,101,0.6724137931034484,True,22.0,4.0,3.1818181818181817,4.590909090909091,0.6724137931034484,0.43662927981109795,0.4724808195105224,0.2973362171381976,16.0,0.3205090856222322,0.26091954022988495,race,"age, education, gender, race",4.0,4.0
1,max,DICES-350,9,101,0.05434782608695652,False,,,,,,,,,,,,,,,
1,max,DICES-350,10,101,0.1772151898734177,False,,,,,,,,,,,,,,,
1,max,DICES-350,11,101,0.0,False,,,,,,,,,,,,,,,
1,max,DICES-350,12,101,0.030612244897959183,False,,,,,,,,,,,,,,,
1,max,DICES-350,13,101,0.020202020202020204,False,,,,,,,,,,,,,,,
1,max,DICES-350,14,101,0.14814814814814814,False,,,,,,,,,,,,,,,
1,max,DICES-350,15,101,0.020202020202020204,False,,,,,,,,,,,,,,,
1,max,DICES-350,16,101,0.0898876404494382,False,,,,,,,,,,,,,,,
1,max,DICES-350,17,101,0.0,False,,,,,,,,,,,,,,,
1,max,DICES-350,18,101,0.048192771084337345,False,,,,,,,,,,,,,,,
1,max,DICES-350,19,101,0.07608695652173914,False,,,,,,,,,,,,,,,
1,max,DICES-350,20,101,0.030612244897959183,False,,,,,,,,,,,,,,,
1,max,DICES-350,21,101,0.021505376344086023,False,,,,,,,,,,,,,,,
1,max,DICES-350,22,101,0.03125,False,,,,,,,,,,,,,,,
1,max,DICES-350,23,101,0.052083333333333336,False,,,,,,,,,,,,,,,
1,max,DICES-350,24,101,0.03409090909090909,False,,,,,,,,,,,,,,,
1,max,DICES-350,25,101,0.06593406593406594,False,,,,,,,,,,,,,,,
1,max,DICES-350,26,101,0.24358974358974358,False,,,,,,,,,,,,,,,
1,max,DICES-350,27,101,0.04210526315789474,False,,,,,,,,,,,,,,,
1,max,DICES-350,28,101,0.07407407407407407,False,,,,,,,,,,,,,,,
1,max,DICES-350,29,101,0.030612244897959183,False,,,,,,,,,,,,,,,
1,max,DICES-350,30,101,0.04301075268817203,False,,,,,,,,,,,,,,,
1,max,DICES-350,31,101,0.020202020202020204,False,,,,,,,,,,,,,,,
1,max,DICES-350,32,101,0.030612244897959183,False,,,,,,,,,,,,,,,
1,max,DICES-350,33,101,0.04301075268817203,False,,,,,,,,,,,,,,,
1,max,DICES-350,34,101,0.010416666666666666,False,,,,,,,,,,,,,,,
1,max,DICES-350,35,101,0.010204081632653062,False,,,,,,,,,,,,,,,
1,max,DICES-350,36,101,0.020202020202020204,False,,,,,,,,,,,,,,,
1,max,DICES-350,37,101,0.020202020202020204,False,,,,,,,,,,,,,,,
1,max,DICES-350,38,101,0.11764705882352942,False,,,,,,,,,,,,,,,
1,max,DICES-350,39,101,0.020202020202020204,False,,,,,,,,,,,,,,,
1,max,DICES-350,40,101,0.2608695652173913,False,,,,,,,,,,,,,,,
1,max,DICES-350,41,101,0.02105263157894737,False,,,,,,,,,,,,,,,
1,max,DICES-350,42,101,0.02469135802469136,False,,,,,,,,,,,,,,,
1,max,DICES-350,43,101,0.1348314606741573,False,,,,,,,,,,,,,,,
1,max,DICES-350,44,101,0.04210526315789474,False,,,,,,,,,,,,,,,
1,max,DICES-350,45,101,0.020202020202020204,False,,,,,,,,,,,,,,,
1,max,DICES-350,46,101,0.020202020202020204,False,,,,,,,,,,,,,,,
1,max,DICES-350,47,101,0.020202020202020204,False,,,,,,,,,,,,,,,
1,max,DICES-350,48,101,0.06315789473684211,False,,,,,,,,,,,,,,,
1,max,DICES-350,49,101,0.05319148936170212,False,,,,,,,,,,,,,,,
1,max,DICES-350,50,101,0.05319148936170212,False,,,,,,,,,,,,,,,
1,max,DICES-350,51,101,0.056818181818181816,False,,,,,,,,,,,,,,,
1,max,DICES-350,52,101,0.0,False,,,,,,,,,,,,,,,
1,max,DICES-350,53,101,0.010869565217391306,False,,,,,,,,,,,,,,,
1,max,DICES-350,54,101,0.06451612903225806,False,,,,,,,,,,,,,,,
1,max,DICES-350,55,101,0.03125,False,,,,,,,,,,,,,,,
1,max,DICES-350,56,101,0.030612244897959183,False,,,,,,,,,,,,,,,
1,max,DICES-350,57,101,0.1829268292682927,False,,,,,,,,,,,,,,,
1,max,DICES-350,58,101,0.030612244897959183,False,,,,,,,,,,,,,,,
1,max,DICES-350,59,101,0.54,True,21.0,4.0,3.0952380952380953,4.809523809523809,0.54,0.22936507936507936,0.23943894389438947,0.5565945483437232,13.0,0.25489032335186185,0.17428571428571427,age,"age, education, gender, race",4.0,2.0
1,max,DICES-350,60,101,0.05434782608695652,False,,,,,,,,,,,,,,,
1,max,DICES-350,61,101,0.030612244897959183,False,,,,,,,,,,,,,,,
1,max,DICES-350,62,101,0.04301075268817203,False,,,,,,,,,,,,,,,
1,max,DICES-350,63,101,0.030612244897959183,False,,,,,,,,,,,,,,,
1,max,DICES-350,64,101,0.25675675675675674,False,,,,,,,,,,,,,,,
1,max,DICES-350,65,101,0.2153846153846154,False,,,,,,,,,,,,,,,
1,max,DICES-350,66,101,0.06593406593406594,False,,,,,,,,,,,,,,,
1,max,DICES-350,67,101,0.041237113402061855,False,,,,,,,,,,,,,,,
1,max,DICES-350,68,101,0.04210526315789474,False,,,,,,,,,,,,,,,
1,max,DICES-350,69,101,0.0,False,,,,,,,,,,,,,,,
1,max,DICES-350,70,101,0.020202020202020204,False,,,,,,,,,,,,,,,
1,max,DICES-350,71,101,0.041237113402061855,False,,,,,,,,,,,,,,,
1,max,DICES-350,72,101,0.41269841269841273,True,18.0,4.0,2.9444444444444446,5.611111111111111,0.41269841269841273,0.3298059964726632,0.3070878516423071,0.25590251332825587,11.0,0.3106338106338106,0.35653235653235654,race,"age, education, gender, race",4.0,1.0
1,max,DICES-350,73,101,0.732142857142857,True,21.0,4.0,3.2857142857142856,4.809523809523809,0.732142857142857,0.373015873015873,0.4636963696369637,0.36665861708122016,11.0,0.2661944264885442,0.267857142857143,age,"age, education, gender, race",4.0,5.0
1,max,DICES-350,74,101,0.0,False,,,,,,,,,,,,,,,
1,max,DICES-350,75,101,0.020202020202020204,False,,,,,,,,,,,,,,,
1,max,DICES-350,76,101,0.020202020202020204,False,,,,,,,,,,,,,,,
1,max,DICES-350,77,101,0.010416666666666666,False,,,,,,,,,,,,,,,
1,max,DICES-350,78,101,0.04301075268817203,False,,,,,,,,,,,,,,,
1,max,DICES-350,79,101,0.14102564102564105,False,,,,,,,,,,,,,,,
1,max,DICES-350,80,101,0.010204081632653062,False,,,,,,,,,,,,,,,
1,max,DICES-350,81,101,0.15714285714285714,False,,,,,,,,,,,,,,,
1,max,DICES-350,82,101,0.020618556701030924,False,,,,,,,,,,,,,,,
1,max,DICES-350,83,101,0.010204081632653062,False,,,,,,,,,,,,,,,
1,max,DICES-350,84,101,0.020202020202020204,False,,,,,,,,,,,,,,,
1,max,DICES-350,85,101,0.020202020202020204,False,,,,,,,,,,,,,,,
1,max,DICES-350,86,101,0.130952380952381,False,,,,,,,,,,,,,,,
1,max,DICES-350,87,101,0.031914893617021274,False,,,,,,,,,,,,,,,
1,max,DICES-350,88,101,0.020202020202020204,False,,,,,,,,,,,,,,,
1,max,DICES-350,89,101,0.13793103448275862,False,,,,,,,,,,,,,,,
1,max,DICES-350,90,101,0.030612244897959183,False,,,,,,,,,,,,,,,
1,max,DICES-350,91,101,0.020202020202020204,False,,,,,,,,,,,,,,,
1,max,DICES-350,92,101,0.06593406593406594,False,,,,,,,,,,,,,,,
1,max,DICES-350,93,101,0.10714285714285714,False,,,,,,,,,,,,,,,
1,max,DICES-350,94,101,0.3088235294117647,True,12.0,4.0,2.5833333333333335,8.416666666666666,0.3088235294117647,0.40468227424749165,0.3506849012660464,-0.13555110886148358,7.0,0.4308518279106514,0.46040723981900455,race,"age, education, gender, race",4.0,2.0
1,max,DICES-350,95,101,0.020202020202020204,False,,,,,,,,,,,,,,,
1,max,DICES-350,96,101,0.030612244897959183,False,,,,,,,,,,,,,,,
1,max,DICES-350,97,101,0.03125,False,,,,,,,,,,,,,,,
1,max,DICES-350,98,101,0.030612244897959183,False,,,,,,,,,,,,,,,
1,max,DICES-350,99,101,0.16666666666666666,False,,,,,,,,,,,,,,,
1,max,DICES-350,100,101,0.04210526315789474,False,,,,,,,,,,,,,,,
1,max,DICES-350,101,101,0.020202020202020204,False,,,,,,,,,,,,,,,
1,max,DICES-350,102,101,0.021978021978021973,False,,,,,,,,,,,,,,,
1,max,DICES-350,103,101,0.043956043956043966,False,,,,,,,,,,,,,,,
1,max,DICES-350,104,101,0.043956043956043966,False,,,,,,,,,,,,,,,
1,max,DICES-350,105,101,0.0,False,,,,,,,,,,,,,,,
1,max,DICES-350,106,101,0.010416666666666666,False,,,,,,,,,,,,,,,
1,max,DICES-350,107,101,0.052083333333333336,False,,,,,,,,,,,,,,,
1,max,DICES-350,108,101,0.020202020202020204,False,,,,,,,,,,,,,,,
1,max,DICES-350,109,101,0.020202020202020204,False,,,,,,,,,,,,,,,
1,max,DICES-350,110,101,0.06451612903225806,False,,,,,,,,,,,,,,,
1,max,DICES-350,111,101,0.030612244897959183,False,,,,,,,,,,,,,,,
1,max,DICES-350,112,101,0.030612244897959183,False,,,,,,,,,,,,,,,
1,max,DICES-350,113,101,0.020202020202020204,False,,,,,,,,,,,,,,,
1,max,DICES-350,114,101,0.020202020202020204,False,,,,,,,,,,,,,,,
1,max,DICES-350,115,101,0.08536585365853659,False,,,,,,,,,,,,,,,
1,max,DICES-350,116,101,0.08139534883720931,False,,,,,,,,,,,,,,,
1,max,DICES-350,117,101,0.11235955056179776,False,,,,,,,,,,,,,,,
1,max,DICES-350,118,101,0.4761904761904763,True,21.0,4.0,3.0476190476190474,4.809523809523809,0.4761904761904763,0.40873015873015867,0.3704620462046204,0.22202970297029723,14.0,0.3500566893424037,0.4523809523809522,race,"age, education, gender, race",4.0,3.0
1,max,DICES-350,119,101,0.6037735849056604,True,23.0,4.0,3.3043478260869565,4.391304347826087,0.6037735849056604,0.32173913043478264,0.32310231023102315,0.4648617986798679,13.0,0.2971131272865905,0.21440823327615777,gender,"age, education, gender, race",4.0,4.0
1,max,DICES-350,120,101,0.020202020202020204,False,,,,,,,,,,,,,,,
1,max,DICES-350,121,101,0.05555555555555556,False,,,,,,,,,,,,,,,
1,max,DICES-350,122,101,0.030612244897959183,False,,,,,,,,,,,,,,,
1,max,DICES-350,123,101,0.19753086419753085,False,,,,,,,,,,,,,,,
1,max,DICES-350,124,101,0.6666666666666667,True,18.0,4.0,3.111111111111111,5.611111111111111,0.6666666666666667,0.3576058201058201,0.41960160301744465,0.3705975954738331,11.0,0.32117167344440073,0.29629629629629617,gender,"age, education, gender, race",4.0,2.0
1,max,DICES-350,125,101,0.041237113402061855,False,,,,,,,,,,,,,,,
1,max,DICES-350,126,101,0.041237113402061855,False,,,,,,,,,,,,,,,
1,max,DICES-350,127,101,0.75,True,22.0,4.0,3.272727272727273,4.590909090909091,0.75,0.46753246753246747,0.4205563413484206,0.4392582115354392,14.0,0.38528138528138534,0.25,age,"age, education, gender, race",4.0,6.0
1,max,DICES-350,128,101,0.09195402298850575,False,,,,,,,,,,,,,,,
1,max,DICES-350,129,101,0.030612244897959183,False,,,,,,,,,,,,,,,
1,max,DICES-350,130,101,0.020202020202020204,False,,,,,,,,,,,,,,,
1,max,DICES-350,131,101,0.09782608695652173,False,,,,,,,,,,,,,,,
1,max,DICES-350,132,101,0.06593406593406594,False,,,,,,,,,,,,,,,
1,max,DICES-350,133,101,0.03260869565217391,False,,,,,,,,,,,,,,,
1,max,DICES-350,134,101,0.06451612903225806,False,,,,,,,,,,,,,,,
1,max,DICES-350,135,101,0.0,False,,,,,,,,,,,,,,,
1,max,DICES-350,136,101,0.041237113402061855,False,,,,,,,,,,,,,,,
1,max,DICES-350,137,101,0.11538461538461538,False,,,,,,,,,,,,,,,
1,max,DICES-350,138,101,0.0449438202247191,False,,,,,,,,,,,,,,,
1,max,DICES-350,139,101,0.11235955056179776,False,,,,,,,,,,,,,,,
1,max,DICES-350,140,101,0.020202020202020204,False,,,,,,,,,,,,,,,
1,max,DICES-350,141,101,0.11764705882352942,False,,,,,,,,,,,,,,,
1,max,DICES-350,142,101,0.5098039215686274,True,22.0,4.0,3.272727272727273,4.590909090909091,0.5098039215686274,0.4431818181818183,0.40511551155115516,0.20535034272658026,15.0,0.32074241662476954,0.24019607843137258,race,"age, education, gender, race",4.0,5.0
1,max,DICES-350,143,101,0.8627450980392158,True,1.0,0.0,0.0,101.0,0.8627450980392158,0.8627450980392158,0.8627450980392158,0.0,0.0,,,,,0.0,0.0
1,max,DICES-350,144,101,0.04210526315789474,False,,,,,,,,,,,,,,,
1,max,DICES-350,145,101,0.020202020202020204,False,,,,,,,,,,,,,,,
1,max,DICES-350,146,101,0.05319148936170212,False,,,,,,,,,,,,,,,
1,max,DICES-350,147,101,0.23376623376623376,False,,,,,,,,,,,,,,,
1,max,DICES-350,148,101,0.0879120879120879,False,,,,,,,,,,,,,,,
1,max,DICES-350,149,101,0.0898876404494382,False,,,,,,,,,,,,,,,
1,max,DICES-350,150,101,0.22368421052631576,False,,,,,,,,,,,,,,,
1,max,DICES-350,151,101,0.07608695652173914,False,,,,,,,,,,,,,,,
1,max,DICES-350,152,101,0.030612244897959183,False,,,,,,,,,,,,,,,
1,max,DICES-350,153,101,0.030612244897959183,False,,,,,,,,,,,,,,,
1,max,DICES-350,154,101,0.2205882352941176,False,,,,,,,,,,,,,,,
1,max,DICES-350,155,101,0.390625,True,16.0,4.0,3.0625,6.3125,0.390625,0.3993055555555556,0.26842684268426836,0.312827282728273,10.0,0.3571141011766012,0.3786057692307693,age,"age, education, gender, race",4.0,4.0
1,max,DICES-350,156,101,0.020202020202020204,False,,,,,,,,,,,,,,,
1,max,DICES-350,157,101,0.0,False,,,,,,,,,,,,,,,
1,max,DICES-350,158,101,0.0879120879120879,False,,,,,,,,,,,,,,,
1,max,DICES-350,159,101,0.0,False,,,,,,,,,,,,,,,
1,max,DICES-350,160,101,0.10989010989010989,False,,,,,,,,,,,,,,,
1,max,DICES-350,161,101,0.34722222222222227,True,16.0,4.0,2.8125,6.3125,0.34722222222222227,0.30518543956043953,0.3046694229862547,0.12255206179958655,11.0,0.3616277771416111,0.21527777777777773,race,"age, education, gender, race",4.0,1.0
1,max,DICES-350,162,101,0.07777777777777777,False,,,,,,,,,,,,,,,
1,max,DICES-350,163,101,0.03125,False,,,,,,,,,,,,,,,
1,max,DICES-350,164,101,0.04210526315789474,False,,,,,,,,,,,,,,,
1,max,DICES-350,165,101,0.020202020202020204,False,,,,,,,,,,,,,,,
1,max,DICES-350,166,101,0.2711864406779661,False,,,,,,,,,,,,,,,
1,max,DICES-350,167,101,0.5882352941176472,True,19.0,4.0,3.3157894736842106,5.315789473684211,0.5882352941176472,0.4407894736842105,0.4756600660066007,0.19137788778877896,11.0,0.3191135958515638,0.32843137254901955,age,"age, education, gender, race",4.0,6.0
1,max,DICES-350,168,101,0.3692307692307692,True,21.0,4.0,3.238095238095238,4.809523809523809,0.3692307692307692,0.490249433106576,0.4437529467232437,-0.2018308973754519,15.0,0.32153675300734125,0.43076923076923074,race,"age, education, gender, race",4.0,7.0
1,max,DICES-350,169,101,0.010869565217391306,False,,,,,,,,,,,,,,,
1,max,DICES-350,170,101,0.0,False,,,,,,,,,,,,,,,
1,max,DICES-350,171,101,0.05434782608695652,False,,,,,,,,,,,,,,,
1,max,DICES-350,172,101,0.0,False,,,,,,,,,,,,,,,
1,max,DICES-350,173,101,0.010416666666666666,False,,,,,,,,,,,,,,,
1,max,DICES-350,174,101,0.04301075268817203,False,,,,,,,,,,,,,,,
1,max,DICES-350,175,101,0.02105263157894737,False,,,,,,,,,,,,,,,
1,max,DICES-350,176,101,0.020618556701030924,False,,,,,,,,,,,,,,,
1,max,DICES-350,177,101,0.010204081632653062,False,,,,,,,,,,,,,,,
1,max,DICES-350,178,101,0.020202020202020204,False,,,,,,,,,,,,,,,
1,max,DICES-350,179,101,0.020618556701030924,False,,,,,,,,,,,,,,,
1,max,DICES-350,180,101,0.04210526315789474,False,,,,,,,,,,,,,,,
1,max,DICES-350,181,101,0.0,False,,,,,,,,,,,,,,,
1,max,DICES-350,182,101,0.030612244897959183,False,,,,,,,,,,,,,,,
1,max,DICES-350,183,101,0.030612244897959183,False,,,,,,,,,,,,,,,
1,max,DICES-350,184,101,0.03333333333333334,False,,,,,,,,,,,,,,,
1,max,DICES-350,185,101,0.010416666666666666,False,,,,,,,,,,,,,,,
1,max,DICES-350,186,101,0.06741573033707865,False,,,,,,,,,,,,,,,
1,max,DICES-350,187,101,0.030612244897959183,False,,,,,,,,,,,,,,,
1,max,DICES-350,188,101,0.021978021978021973,False,,,,,,,,,,,,,,,
1,max,DICES-350,189,101,0.020202020202020204,False,,,,,,,,,,,,,,,
1,max,DICES-350,190,101,0.03125,False,,,,,,,,,,,,,,,
1,max,DICES-350,191,101,0.05319148936170212,False,,,,,,,,,,,,,,,
1,max,DICES-350,192,101,0.0,False,,,,,,,,,,,,,,,
1,max,DICES-350,193,101,0.058139534883720936,False,,,,,,,,,,,,,,,
1,max,DICES-350,194,101,0.15116279069767444,False,,,,,,,,,,,,,,,
1,max,DICES-350,195,101,0.7234042553191489,True,12.0,4.0,2.5833333333333335,8.416666666666666,0.7234042553191489,0.290542328042328,0.48905390539053906,0.3239548954895489,7.0,0.30935494765282007,0.17659574468085115,race,"age, education, gender, race",4.0,2.0
1,max,DICES-350,196,101,0.4166666666666667,True,23.0,4.0,3.3043478260869565,4.391304347826087,0.4166666666666667,0.28250517598343683,0.33684582743988684,0.19157001414427166,16.0,0.2817697927072927,0.5,race,"age, education, gender, race",4.0,2.0
1,max,DICES-350,197,101,0.20833333333333334,False,,,,,,,,,,,,,,,
1,max,DICES-350,198,101,0.020202020202020204,False,,,,,,,,,,,,,,,
1,max,DICES-350,199,101,0.12790697674418605,False,,,,,,,,,,,,,,,
1,max,DICES-350,200,101,0.030612244897959183,False,,,,,,,,,,,,,,,
1,max,DICES-350,201,101,0.030612244897959183,False,,,,,,,,,,,,,,,
1,max,DICES-350,202,101,0.15584415584415584,False,,,,,,,,,,,,,,,
1,max,DICES-350,203,101,0.05319148936170212,False,,,,,,,,,,,,,,,
1,max,DICES-350,204,101,0.26865671641791045,False,,,,,,,,,,,,,,,
1,max,DICES-350,205,101,0.010416666666666666,False,,,,,,,,,,,,,,,
1,max,DICES-350,206,101,0.052083333333333336,False,,,,,,,,,,,,,,,
1,max,DICES-350,207,101,0.03260869565217391,False,,,,,,,,,,,,,,,
1,max,DICES-350,208,101,0.05319148936170212,False,,,,,,,,,,,,,,,
1,max,DICES-350,209,101,0.020202020202020204,False,,,,,,,,,,,,,,,
1,max,DICES-350,210,101,0.12222222222222222,False,,,,,,,,,,,,,,,
1,max,DICES-350,211,101,0.0,False,,,,,,,,,,,,,,,
1,max,DICES-350,212,101,0.02105263157894737,False,,,,,,,,,,,,,,,
1,max,DICES-350,213,101,0.030612244897959183,False,,,,,,,,,,,,,,,
1,max,DICES-350,214,101,0.041237113402061855,False,,,,,,,,,,,,,,,
1,max,DICES-350,215,101,0.0449438202247191,False,,,,,,,,,,,,,,,
1,max,DICES-350,216,101,0.0898876404494382,False,,,,,,,,,,,,,,,
1,max,DICES-350,217,101,0.01,False,,,,,,,,,,,,,,,
1,max,DICES-350,218,101,0.06593406593406594,False,,,,,,,,,,,,,,,
1,max,DICES-350,219,101,0.02105263157894737,False,,,,,,,,,,,,,,,
1,max,DICES-350,220,101,0.01,False,,,,,,,,,,,,,,,
1,max,DICES-350,221,101,0.020618556701030924,False,,,,,,,,,,,,,,,
1,max,DICES-350,222,101,0.20253164556962025,False,,,,,,,,,,,,,,,
1,max,DICES-350,223,101,0.020202020202020204,False,,,,,,,,,,,,,,,
1,max,DICES-350,224,101,0.06451612903225806,False,,,,,,,,,,,,,,,
1,max,DICES-350,225,101,0.020618556701030924,False,,,,,,,,,,,,,,,
1,max,DICES-350,226,101,0.16,False,,,,,,,,,,,,,,,
1,max,DICES-350,227,101,0.2898550724637681,False,,,,,,,,,,,,,,,
1,max,DICES-350,228,101,0.010204081632653062,False,,,,,,,,,,,,,,,
1,max,DICES-350,229,101,0.021505376344086023,False,,,,,,,,,,,,,,,
1,max,DICES-350,230,101,0.041237113402061855,False,,,,,,,,,,,,,,,
1,max,DICES-350,231,101,0.06315789473684211,False,,,,,,,,,,,,,,,
1,max,DICES-350,232,101,0.041237113402061855,False,,,,,,,,,,,,,,,
1,max,DICES-350,233,101,0.041237113402061855,False,,,,,,,,,,,,,,,
1,max,DICES-350,234,101,0.4307692307692308,True,17.0,4.0,2.8823529411764706,5.9411764705882355,0.4307692307692308,0.4227941176470588,0.44492574257425743,-0.03286333097595473,11.0,0.3681790431790432,0.2567307692307692,race,"age, education, gender, race",4.0,3.0
1,max,DICES-350,235,101,0.031914893617021274,False,,,,,,,,,,,,,,,
1,max,DICES-350,236,101,0.05434782608695652,False,,,,,,,,,,,,,,,
1,max,DICES-350,237,101,0.07777777777777777,False,,,,,,,,,,,,,,,
1,max,DICES-350,238,101,0.020202020202020204,False,,,,,,,,,,,,,,,
1,max,DICES-350,239,101,0.020202020202020204,False,,,,,,,,,,,,,,,
1,max,DICES-350,240,101,0.8125000000000001,True,1.0,0.0,0.0,101.0,0.8125000000000001,0.8125000000000001,0.8125000000000001,0.0,0.0,,,,,0.0,0.0
1,max,DICES-350,241,101,0.04705882352941178,False,,,,,,,,,,,,,,,
1,max,DICES-350,242,101,0.0,False,,,,,,,,,,,,,,,
1,max,DICES-350,243,101,0.020202020202020204,False,,,,,,,,,,,,,,,
1,max,DICES-350,244,101,0.6181818181818182,True,7.0,3.0,2.2857142857142856,14.428571428571429,0.6181818181818182,0.413265306122449,0.6446251768033947,-0.04277602129960911,3.0,0.6222097825546102,0.27467532467532474,gender,"age, gender, race",3.0,2.0
1,max,DICES-350,245,101,0.10465116279069767,False,,,,,,,,,,,,,,,
1,max,DICES-350,246,101,0.020202020202020204,False,,,,,,,,,,,,,,,
1,max,DICES-350,247,101,0.020202020202020204,False,,,,,,,,,,,,,,,
1,max,DICES-350,248,101,0.03333333333333334,False,,,,,,,,,,,,,,,
1,max,DICES-350,249,101,0.0898876404494382,False,,,,,,,,,,,,,,,
1,max,DICES-350,250,101,0.03125,False,,,,,,,,,,,,,,,
1,max,DICES-350,251,101,0.03333333333333334,False,,,,,,,,,,,,,,,
1,max,DICES-350,252,101,0.041237113402061855,False,,,,,,,,,,,,,,,
1,max,DICES-350,253,101,0.03409090909090909,False,,,,,,,,,,,,,,,
1,max,DICES-350,254,101,0.020618556701030924,False,,,,,,,,,,,,,,,
1,max,DICES-350,255,101,0.8200000000000001,True,1.0,0.0,0.0,101.0,0.8200000000000001,0.8200000000000001,0.8200000000000001,0.0,0.0,,,,,0.0,0.0
1,max,DICES-350,256,101,0.03125,False,,,,,,,,,,,,,,,
1,max,DICES-350,257,101,0.031914893617021274,False,,,,,,,,,,,,,,,
1,max,DICES-350,258,101,0.030612244897959183,False,,,,,,,,,,,,,,,
1,max,DICES-350,259,101,0.7272727272727273,True,23.0,4.0,3.260869565217391,4.391304347826087,0.7272727272727273,0.3768115942028986,0.40594059405940597,0.4418316831683168,14.0,0.31014872224549644,0.18939393939393945,gender,"age, education, gender, race",4.0,6.0
1,max,DICES-350,260,101,0.020202020202020204,False,,,,,,,,,,,,,,,
1,max,DICES-350,261,101,0.052083333333333336,False,,,,,,,,,,,,,,,
1,max,DICES-350,262,101,0.05319148936170212,False,,,,,,,,,,,,,,,
1,max,DICES-350,263,101,0.04210526315789474,False,,,,,,,,,,,,,,,
1,max,DICES-350,264,101,0.39344262295081966,True,18.0,4.0,3.0,5.611111111111111,0.39344262295081966,0.2941919191919192,0.2597509750975098,0.339799604960496,12.0,0.29161186415284773,0.5156482861400893,race,"age, education, gender, race",4.0,2.0
1,max,DICES-350,265,101,0.08602150537634408,False,,,,,,,,,,,,,,,
1,max,DICES-350,266,101,0.06315789473684211,False,,,,,,,,,,,,,,,
1,max,DICES-350,267,101,0.435483870967742,True,18.0,4.0,2.9444444444444446,5.611111111111111,0.435483870967742,0.3761272141706924,0.2977399913904433,0.3163007605108339,11.0,0.417669964444158,0.46451612903225803,race,"age, education, gender, race",4.0,3.0
1,max,DICES-350,268,101,0.020202020202020204,False,,,,,,,,,,,,,,,
1,max,DICES-350,269,101,0.04301075268817203,False,,,,,,,,,,,,,,,
1,max,DICES-350,270,101,0.020618556701030924,False,,,,,,,,,,,,,,,
1,max,DICES-350,271,101,0.020202020202020204,False,,,,,,,,,,,,,,,
1,max,DICES-350,272,101,0.05555555555555556,False,,,,,,,,,,,,,,,
1,max,DICES-350,273,101,0.1927710843373494,False,,,,,,,,,,,,,,,
1,max,DICES-350,274,101,0.030612244897959183,False,,,,,,,,,,,,,,,
1,max,DICES-350,275,101,0.07954545454545456,False,,,,,,,,,,,,,,,
1,max,DICES-350,276,101,0.020202020202020204,False,,,,,,,,,,,,,,,
1,max,DICES-350,277,101,0.020202020202020204,False,,,,,,,,,,,,,,,
1,max,DICES-350,278,101,0.11249999999999999,False,,,,,,,,,,,,,,,
1,max,DICES-350,279,101,0.27631578947368424,False,,,,,,,,,,,,,,,
1,max,DICES-350,280,101,0.020202020202020204,False,,,,,,,,,,,,,,,
1,max,DICES-350,281,101,0.0,False,,,,,,,,,,,,,,,
1,max,DICES-350,282,101,0.15476190476190477,False,,,,,,,,,,,,,,,
1,max,DICES-350,283,101,0.030612244897959183,False,,,,,,,,,,,,,,,
1,max,DICES-350,284,101,0.056818181818181816,False,,,,,,,,,,,,,,,
1,max,DICES-350,285,101,0.06451612903225806,False,,,,,,,,,,,,,,,
1,max,DICES-350,286,101,0.020202020202020204,False,,,,,,,,,,,,,,,
1,max,DICES-350,287,101,0.2535211267605634,False,,,,,,,,,,,,,,,
1,max,DICES-350,288,101,0.030612244897959183,False,,,,,,,,,,,,,,,
1,max,DICES-350,289,101,0.020202020202020204,False,,,,,,,,,,,,,,,
1,max,DICES-350,290,101,0.020202020202020204,False,,,,,,,,,,,,,,,
1,max,DICES-350,291,101,0.21794871794871795,False,,,,,,,,,,,,,,,
1,max,DICES-350,292,101,0.04705882352941178,False,,,,,,,,,,,,,,,
1,max,DICES-350,293,101,0.08602150537634408,False,,,,,,,,,,,,,,,
1,max,DICES-350,294,101,0.056818181818181816,False,,,,,,,,,,,,,,,
1,max,DICES-350,295,101,0.11235955056179776,False,,,,,,,,,,,,,,,
1,max,DICES-350,296,101,0.1,False,,,,,,,,,,,,,,,
1,max,DICES-350,297,101,0.030612244897959183,False,,,,,,,,,,,,,,,
1,max,DICES-350,298,101,0.27142857142857146,False,,,,,,,,,,,,,,,
1,max,DICES-350,299,101,0.010416666666666666,False,,,,,,,,,,,,,,,
1,max,DICES-350,300,101,0.9019607843137254,True,19.0,4.0,3.1578947368421053,5.315789473684211,0.9019607843137254,0.3211779448621554,0.4331211692597832,0.5198004427771968,14.0,0.2832792382687341,0.2769607843137254,race,"age, education, gender, race",4.0,1.0
1,max,DICES-350,301,101,0.06451612903225806,False,,,,,,,,,,,,,,,
1,max,DICES-350,302,101,0.29850746268656714,False,,,,,,,,,,,,,,,
1,max,DICES-350,303,101,0.1518987341772152,False,,,,,,,,,,,,,,,
1,max,DICES-350,304,101,0.020202020202020204,False,,,,,,,,,,,,,,,
1,max,DICES-350,305,101,0.049382716049382706,False,,,,,,,,,,,,,,,
1,max,DICES-350,306,101,0.0,False,,,,,,,,,,,,,,,
1,max,DICES-350,307,101,0.16438356164383564,False,,,,,,,,,,,,,,,
1,max,DICES-350,308,101,0.18571428571428572,False,,,,,,,,,,,,,,,
1,max,DICES-350,309,101,0.041237113402061855,False,,,,,,,,,,,,,,,
1,max,DICES-350,310,101,0.0879120879120879,False,,,,,,,,,,,,,,,
1,max,DICES-350,311,101,0.12162162162162161,False,,,,,,,,,,,,,,,
1,max,DICES-350,312,101,0.041237113402061855,False,,,,,,,,,,,,,,,
1,max,DICES-350,313,101,0.08139534883720931,False,,,,,,,,,,,,,,,
1,max,DICES-350,314,101,0.020202020202020204,False,,,,,,,,,,,,,,,
1,max,DICES-350,315,101,0.020618556701030924,False,,,,,,,,,,,,,,,
1,max,DICES-350,316,101,0.02298850574712644,False,,,,,,,,,,,,,,,
1,max,DICES-350,317,101,0.3787878787878788,True,22.0,4.0,3.090909090909091,4.590909090909091,0.3787878787878788,0.42512790240062964,0.3654151129398654,0.03530410183875532,13.0,0.3254444386023333,0.2640692640692641,race,"age, education, gender, race",4.0,4.0
1,max,DICES-350,318,101,0.041237113402061855,False,,,,,,,,,,,,,,,
1,max,DICES-350,319,101,0.02105263157894737,False,,,,,,,,,,,,,,,
1,max,DICES-350,320,101,0.2535211267605634,False,,,,,,,,,,,,,,,
1,max,DICES-350,321,101,0.06451612903225806,False,,,,,,,,,,,,,,,
1,max,DICES-350,322,101,0.020618556701030924,False,,,,,,,,,,,,,,,
1,max,DICES-350,323,101,0.020202020202020204,False,,,,,,,,,,,,,,,
1,max,DICES-350,324,101,0.04210526315789474,False,,,,,,,,,,,,,,,
1,max,DICES-350,325,101,0.25675675675675674,False,,,,,,,,,,,,,,,
1,max,DICES-350,326,101,0.041237113402061855,False,,,,,,,,,,,,,,,
1,max,DICES-350,327,101,0.010204081632653062,False,,,,,,,,,,,,,,,
1,max,DICES-350,328,101,0.030612244897959183,False,,,,,,,,,,,,,,,
1,max,DICES-350,329,101,0.020202020202020204,False,,,,,,,,,,,,,,,
1,max,DICES-350,330,101,0.041237113402061855,False,,,,,,,,,,,,,,,
1,max,DICES-350,331,101,0.05319148936170212,False,,,,,,,,,,,,,,,
1,max,DICES-350,332,101,0.041237113402061855,False,,,,,,,,,,,,,,,
1,max,DICES-350,333,101,0.7234042553191489,True,19.0,4.0,3.1052631578947367,5.315789473684211,0.7234042553191489,0.3464912280701754,0.2632013201320132,0.6361628809939817,13.0,0.2976052702525698,0.16090425531914898,race,"age, education, gender, race",4.0,3.0
1,max,DICES-350,334,101,0.030612244897959183,False,,,,,,,,,,,,,,,
1,max,DICES-350,335,101,0.020202020202020204,False,,,,,,,,,,,,,,,
1,max,DICES-350,336,101,0.020202020202020204,False,,,,,,,,,,,,,,,
1,max,DICES-350,337,101,0.06315789473684211,False,,,,,,,,,,,,,,,
1,max,DICES-350,338,101,0.020202020202020204,False,,,,,,,,,,,,,,,
1,max,DICES-350,339,101,0.05952380952380953,False,,,,,,,,,,,,,,,
1,max,DICES-350,340,101,0.020202020202020204,False,,,,,,,,,,,,,,,
1,max,DICES-350,341,101,0.020202020202020204,False,,,,,,,,,,,,,,,
1,max,DICES-350,342,101,0.6851851851851851,True,20.0,4.0,3.1,5.05,0.6851851851851851,0.36666666666666664,0.39686468646864687,0.4207920792079207,14.0,0.2988782381639525,0.22390572390572383,race,"age, education, gender, race",4.0,4.0
1,max,DICES-350,343,101,0.030612244897959183,False,,,,,,,,,,,,,,,
1,max,DICES-350,344,101,0.041237113402061855,False,,,,,,,,,,,,,,,
1,max,DICES-350,345,101,0.14457831325301204,False,,,,,,,,,,,,,,,
1,max,DICES-350,346,101,0.0,False,,,,,,,,,,,,,,,
1,max,DICES-350,347,101,0.010204081632653062,False,,,,,,,,,,,,,,,
1,max,DICES-350,348,101,0.020202020202020204,False,,,,,,,,,,,,,,,
1,max,DICES-350,349,101,0.010204081632653062,False,,,,,,,,,,,,,,,
1,max,DICES-350,350,101,0.01,False,,,,,,,,,,,,,,,
1,avg,DICES-350,1,101,0.030612244897959183,False,,,,,,,,,,,,,,,
1,avg,DICES-350,2,101,0.06896551724137931,False,,,,,,,,,,,,,,,
1,avg,DICES-350,3,101,0.06896551724137931,False,,,,,,,,,,,,,,,
1,avg,DICES-350,4,101,0.020202020202020204,False,,,,,,,,,,,,,,,
1,avg,DICES-350,5,101,0.11764705882352942,False,,,,,,,,,,,,,,,
1,avg,DICES-350,6,101,0.03125,False,,,,,,,,,,,,,,,
1,avg,DICES-350,7,101,0.253968253968254,False,,,,,,,,,,,,,,,
1,avg,DICES-350,8,101,0.6724137931034484,True,1.0,0.0,0.0,101.0,0.6724137931034484,0.6724137931034484,0.6724137931034484,0.0,0.0,,,,,0.0,0.0
1,avg,DICES-350,9,101,0.05434782608695652,False,,,,,,,,,,,,,,,
1,avg,DICES-350,10,101,0.1772151898734177,False,,,,,,,,,,,,,,,
1,avg,DICES-350,11,101,0.0,False,,,,,,,,,,,,,,,
1,avg,DICES-350,12,101,0.030612244897959183,False,,,,,,,,,,,,,,,
1,avg,DICES-350,13,101,0.020202020202020204,False,,,,,,,,,,,,,,,
1,avg,DICES-350,14,101,0.14814814814814814,False,,,,,,,,,,,,,,,
1,avg,DICES-350,15,101,0.020202020202020204,False,,,,,,,,,,,,,,,
1,avg,DICES-350,16,101,0.0898876404494382,False,,,,,,,,,,,,,,,
1,avg,DICES-350,17,101,0.0,False,,,,,,,,,,,,,,,
1,avg,DICES-350,18,101,0.048192771084337345,False,,,,,,,,,,,,,,,
1,avg,DICES-350,19,101,0.07608695652173914,False,,,,,,,,,,,,,,,
1,avg,DICES-350,20,101,0.030612244897959183,False,,,,,,,,,,,,,,,
1,avg,DICES-350,21,101,0.021505376344086023,False,,,,,,,,,,,,,,,
1,avg,DICES-350,22,101,0.03125,False,,,,,,,,,,,,,,,
1,avg,DICES-350,23,101,0.052083333333333336,False,,,,,,,,,,,,,,,
1,avg,DICES-350,24,101,0.03409090909090909,False,,,,,,,,,,,,,,,
1,avg,DICES-350,25,101,0.06593406593406594,False,,,,,,,,,,,,,,,
1,avg,DICES-350,26,101,0.24358974358974358,False,,,,,,,,,,,,,,,
1,avg,DICES-350,27,101,0.04210526315789474,False,,,,,,,,,,,,,,,
1,avg,DICES-350,28,101,0.07407407407407407,False,,,,,,,,,,,,,,,
1,avg,DICES-350,29,101,0.030612244897959183,False,,,,,,,,,,,,,,,
1,avg,DICES-350,30,101,0.04301075268817203,False,,,,,,,,,,,,,,,
1,avg,DICES-350,31,101,0.020202020202020204,False,,,,,,,,,,,,,,,
1,avg,DICES-350,32,101,0.030612244897959183,False,,,,,,,,,,,,,,,
1,avg,DICES-350,33,101,0.04301075268817203,False,,,,,,,,,,,,,,,
1,avg,DICES-350,34,101,0.010416666666666666,False,,,,,,,,,,,,,,,
1,avg,DICES-350,35,101,0.010204081632653062,False,,,,,,,,,,,,,,,
1,avg,DICES-350,36,101,0.020202020202020204,False,,,,,,,,,,,,,,,
1,avg,DICES-350,37,101,0.020202020202020204,False,,,,,,,,,,,,,,,
1,avg,DICES-350,38,101,0.11764705882352942,False,,,,,,,,,,,,,,,
1,avg,DICES-350,39,101,0.020202020202020204,False,,,,,,,,,,,,,,,
1,avg,DICES-350,40,101,0.2608695652173913,False,,,,,,,,,,,,,,,
1,avg,DICES-350,41,101,0.02105263157894737,False,,,,,,,,,,,,,,,
1,avg,DICES-350,42,101,0.02469135802469136,False,,,,,,,,,,,,,,,
1,avg,DICES-350,43,101,0.1348314606741573,False,,,,,,,,,,,,,,,
1,avg,DICES-350,44,101,0.04210526315789474,False,,,,,,,,,,,,,,,
1,avg,DICES-350,45,101,0.020202020202020204,False,,,,,,,,,,,,,,,
1,avg,DICES-350,46,101,0.020202020202020204,False,,,,,,,,,,,,,,,
1,avg,DICES-350,47,101,0.020202020202020204,False,,,,,,,,,,,,,,,
1,avg,DICES-350,48,101,0.06315789473684211,False,,,,,,,,,,,,,,,
1,avg,DICES-350,49,101,0.05319148936170212,False,,,,,,,,,,,,,,,
1,avg,DICES-350,50,101,0.05319148936170212,False,,,,,,,,,,,,,,,
1,avg,DICES-350,51,101,0.056818181818181816,False,,,,,,,,,,,,,,,
1,avg,DICES-350,52,101,0.0,False,,,,,,,,,,,,,,,
1,avg,DICES-350,53,101,0.010869565217391306,False,,,,,,,,,,,,,,,
1,avg,DICES-350,54,101,0.06451612903225806,False,,,,,,,,,,,,,,,
1,avg,DICES-350,55,101,0.03125,False,,,,,,,,,,,,,,,
1,avg,DICES-350,56,101,0.030612244897959183,False,,,,,,,,,,,,,,,
1,avg,DICES-350,57,101,0.1829268292682927,False,,,,,,,,,,,,,,,
1,avg,DICES-350,58,101,0.030612244897959183,False,,,,,,,,,,,,,,,
1,avg,DICES-350,59,101,0.54,True,1.0,0.0,0.0,101.0,0.54,0.54,0.54,0.0,0.0,,,,,0.0,0.0
1,avg,DICES-350,60,101,0.05434782608695652,False,,,,,,,,,,,,,,,
1,avg,DICES-350,61,101,0.030612244897959183,False,,,,,,,,,,,,,,,
1,avg,DICES-350,62,101,0.04301075268817203,False,,,,,,,,,,,,,,,
1,avg,DICES-350,63,101,0.030612244897959183,False,,,,,,,,,,,,,,,
1,avg,DICES-350,64,101,0.25675675675675674,False,,,,,,,,,,,,,,,
1,avg,DICES-350,65,101,0.2153846153846154,False,,,,,,,,,,,,,,,
1,avg,DICES-350,66,101,0.06593406593406594,False,,,,,,,,,,,,,,,
1,avg,DICES-350,67,101,0.041237113402061855,False,,,,,,,,,,,,,,,
1,avg,DICES-350,68,101,0.04210526315789474,False,,,,,,,,,,,,,,,
1,avg,DICES-350,69,101,0.0,False,,,,,,,,,,,,,,,
1,avg,DICES-350,70,101,0.020202020202020204,False,,,,,,,,,,,,,,,
1,avg,DICES-350,71,101,0.041237113402061855,False,,,,,,,,,,,,,,,
1,avg,DICES-350,72,101,0.41269841269841273,True,1.0,0.0,0.0,101.0,0.41269841269841273,0.41269841269841273,0.41269841269841273,0.0,0.0,,,,,0.0,0.0
1,avg,DICES-350,73,101,0.732142857142857,True,1.0,0.0,0.0,101.0,0.732142857142857,0.732142857142857,0.732142857142857,0.0,0.0,,,,,0.0,0.0
1,avg,DICES-350,74,101,0.0,False,,,,,,,,,,,,,,,
1,avg,DICES-350,75,101,0.020202020202020204,False,,,,,,,,,,,,,,,
1,avg,DICES-350,76,101,0.020202020202020204,False,,,,,,,,,,,,,,,
1,avg,DICES-350,77,101,0.010416666666666666,False,,,,,,,,,,,,,,,
1,avg,DICES-350,78,101,0.04301075268817203,False,,,,,,,,,,,,,,,
1,avg,DICES-350,79,101,0.14102564102564105,False,,,,,,,,,,,,,,,
1,avg,DICES-350,80,101,0.010204081632653062,False,,,,,,,,,,,,,,,
1,avg,DICES-350,81,101,0.15714285714285714,False,,,,,,,,,,,,,,,
1,avg,DICES-350,82,101,0.020618556701030924,False,,,,,,,,,,,,,,,
1,avg,DICES-350,83,101,0.010204081632653062,False,,,,,,,,,,,,,,,
1,avg,DICES-350,84,101,0.020202020202020204,False,,,,,,,,,,,,,,,
1,avg,DICES-350,85,101,0.020202020202020204,False,,,,,,,,,,,,,,,
1,avg,DICES-350,86,101,0.130952380952381,False,,,,,,,,,,,,,,,
1,avg,DICES-350,87,101,0.031914893617021274,False,,,,,,,,,,,,,,,
1,avg,DICES-350,88,101,0.020202020202020204,False,,,,,,,,,,,,,,,
1,avg,DICES-350,89,101,0.13793103448275862,False,,,,,,,,,,,,,,,
1,avg,DICES-350,90,101,0.030612244897959183,False,,,,,,,,,,,,,,,
1,avg,DICES-350,91,101,0.020202020202020204,False,,,,,,,,,,,,,,,
1,avg,DICES-350,92,101,0.06593406593406594,False,,,,,,,,,,,,,,,
1,avg,DICES-350,93,101,0.10714285714285714,False,,,,,,,,,,,,,,,
1,avg,DICES-350,94,101,0.3088235294117647,True,1.0,0.0,0.0,101.0,0.3088235294117647,0.3088235294117647,0.3088235294117647,0.0,0.0,,,,,0.0,0.0
1,avg,DICES-350,95,101,0.020202020202020204,False,,,,,,,,,,,,,,,
1,avg,DICES-350,96,101,0.030612244897959183,False,,,,,,,,,,,,,,,
1,avg,DICES-350,97,101,0.03125,False,,,,,,,,,,,,,,,
1,avg,DICES-350,98,101,0.030612244897959183,False,,,,,,,,,,,,,,,
1,avg,DICES-350,99,101,0.16666666666666666,False,,,,,,,,,,,,,,,
1,avg,DICES-350,100,101,0.04210526315789474,False,,,,,,,,,,,,,,,
1,avg,DICES-350,101,101,0.020202020202020204,False,,,,,,,,,,,,,,,
1,avg,DICES-350,102,101,0.021978021978021973,False,,,,,,,,,,,,,,,
1,avg,DICES-350,103,101,0.043956043956043966,False,,,,,,,,,,,,,,,
1,avg,DICES-350,104,101,0.043956043956043966,False,,,,,,,,,,,,,,,
1,avg,DICES-350,105,101,0.0,False,,,,,,,,,,,,,,,
1,avg,DICES-350,106,101,0.010416666666666666,False,,,,,,,,,,,,,,,
1,avg,DICES-350,107,101,0.052083333333333336,False,,,,,,,,,,,,,,,
1,avg,DICES-350,108,101,0.020202020202020204,False,,,,,,,,,,,,,,,
1,avg,DICES-350,109,101,0.020202020202020204,False,,,,,,,,,,,,,,,
1,avg,DICES-350,110,101,0.06451612903225806,False,,,,,,,,,,,,,,,
1,avg,DICES-350,111,101,0.030612244897959183,False,,,,,,,,,,,,,,,
1,avg,DICES-350,112,101,0.030612244897959183,False,,,,,,,,,,,,,,,
1,avg,DICES-350,113,101,0.020202020202020204,False,,,,,,,,,,,,,,,
1,avg,DICES-350,114,101,0.020202020202020204,False,,,,,,,,,,,,,,,
1,avg,DICES-350,115,101,0.08536585365853659,False,,,,,,,,,,,,,,,
1,avg,DICES-350,116,101,0.08139534883720931,False,,,,,,,,,,,,,,,
1,avg,DICES-350,117,101,0.11235955056179776,False,,,,,,,,,,,,,,,
1,avg,DICES-350,118,101,0.4761904761904763,True,1.0,0.0,0.0,101.0,0.4761904761904763,0.4761904761904763,0.4761904761904763,0.0,0.0,,,,,0.0,0.0
1,avg,DICES-350,119,101,0.6037735849056604,True,4.0,2.0,1.5,25.25,0.6037735849056604,0.5,0.504950495049505,0.16367574257425743,2.0,0.15045084140430917,0.1363054095166929,age,"age, gender",2.0,1.0
1,avg,DICES-350,120,101,0.020202020202020204,False,,,,,,,,,,,,,,,
1,avg,DICES-350,121,101,0.05555555555555556,False,,,,,,,,,,,,,,,
1,avg,DICES-350,122,101,0.030612244897959183,False,,,,,,,,,,,,,,,
1,avg,DICES-350,123,101,0.19753086419753085,False,,,,,,,,,,,,,,,
1,avg,DICES-350,124,101,0.6666666666666667,True,1.0,0.0,0.0,101.0,0.6666666666666667,0.6666666666666667,0.6666666666666667,0.0,0.0,,,,,0.0,0.0
1,avg,DICES-350,125,101,0.041237113402061855,False,,,,,,,,,,,,,,,
1,avg,DICES-350,126,101,0.041237113402061855,False,,,,,,,,,,,,,,,
1,avg,DICES-350,127,101,0.75,True,1.0,0.0,0.0,101.0,0.75,0.75,0.75,0.0,0.0,,,,,0.0,0.0
1,avg,DICES-350,128,101,0.09195402298850575,False,,,,,,,,,,,,,,,
1,avg,DICES-350,129,101,0.030612244897959183,False,,,,,,,,,,,,,,,
1,avg,DICES-350,130,101,0.020202020202020204,False,,,,,,,,,,,,,,,
1,avg,DICES-350,131,101,0.09782608695652173,False,,,,,,,,,,,,,,,
1,avg,DICES-350,132,101,0.06593406593406594,False,,,,,,,,,,,,,,,
1,avg,DICES-350,133,101,0.03260869565217391,False,,,,,,,,,,,,,,,
1,avg,DICES-350,134,101,0.06451612903225806,False,,,,,,,,,,,,,,,
1,avg,DICES-350,135,101,0.0,False,,,,,,,,,,,,,,,
1,avg,DICES-350,136,101,0.041237113402061855,False,,,,,,,,,,,,,,,
1,avg,DICES-350,137,101,0.11538461538461538,False,,,,,,,,,,,,,,,
1,avg,DICES-350,138,101,0.0449438202247191,False,,,,,,,,,,,,,,,
1,avg,DICES-350,139,101,0.11235955056179776,False,,,,,,,,,,,,,,,
1,avg,DICES-350,140,101,0.020202020202020204,False,,,,,,,,,,,,,,,
1,avg,DICES-350,141,101,0.11764705882352942,False,,,,,,,,,,,,,,,
1,avg,DICES-350,142,101,0.5098039215686274,True,1.0,0.0,0.0,101.0,0.5098039215686274,0.5098039215686274,0.5098039215686274,0.0,0.0,,,,,0.0,0.0
1,avg,DICES-350,143,101,0.8627450980392158,True,4.0,1.0,1.0,25.25,0.8627450980392158,0.558578431372549,0.5619782566491944,0.34861611161116113,1.0,0.3007668413900215,0.3007668413900215,race,race,1.0,0.0
1,avg,DICES-350,144,101,0.04210526315789474,False,,,,,,,,,,,,,,,
1,avg,DICES-350,145,101,0.020202020202020204,False,,,,,,,,,,,,,,,
1,avg,DICES-350,146,101,0.05319148936170212,False,,,,,,,,,,,,,,,
1,avg,DICES-350,147,101,0.23376623376623376,False,,,,,,,,,,,,,,,
1,avg,DICES-350,148,101,0.0879120879120879,False,,,,,,,,,,,,,,,
1,avg,DICES-350,149,101,0.0898876404494382,False,,,,,,,,,,,,,,,
1,avg,DICES-350,150,101,0.22368421052631576,False,,,,,,,,,,,,,,,
1,avg,DICES-350,151,101,0.07608695652173914,False,,,,,,,,,,,,,,,
1,avg,DICES-350,152,101,0.030612244897959183,False,,,,,,,,,,,,,,,
1,avg,DICES-350,153,101,0.030612244897959183,False,,,,,,,,,,,,,,,
1,avg,DICES-350,154,101,0.2205882352941176,False,,,,,,,,,,,,,,,
1,avg,DICES-350,155,101,0.390625,True,1.0,0.0,0.0,101.0,0.390625,0.390625,0.390625,0.0,0.0,,,,,0.0,0.0
1,avg,DICES-350,156,101,0.020202020202020204,False,,,,,,,,,,,,,,,
1,avg,DICES-350,157,101,0.0,False,,,,,,,,,,,,,,,
1,avg,DICES-350,158,101,0.0879120879120879,False,,,,,,,,,,,,,,,
1,avg,DICES-350,159,101,0.0,False,,,,,,,,,,,,,,,
1,avg,DICES-350,160,101,0.10989010989010989,False,,,,,,,,,,,,,,,
1,avg,DICES-350,161,101,0.34722222222222227,True,1.0,0.0,0.0,101.0,0.34722222222222227,0.34722222222222227,0.34722222222222227,0.0,0.0,,,,,0.0,0.0
1,avg,DICES-350,162,101,0.07777777777777777,False,,,,,,,,,,,,,,,
1,avg,DICES-350,163,101,0.03125,False,,,,,,,,,,,,,,,
1,avg,DICES-350,164,101,0.04210526315789474,False,,,,,,,,,,,,,,,
1,avg,DICES-350,165,101,0.020202020202020204,False,,,,,,,,,,,,,,,
1,avg,DICES-350,166,101,0.2711864406779661,False,,,,,,,,,,,,,,,
1,avg,DICES-350,167,101,0.5882352941176472,True,1.0,0.0,0.0,101.0,0.5882352941176472,0.5882352941176472,0.5882352941176472,0.0,0.0,,,,,0.0,0.0
1,avg,DICES-350,168,101,0.3692307692307692,True,1.0,0.0,0.0,101.0,0.3692307692307692,0.3692307692307692,0.3692307692307692,0.0,0.0,,,,,0.0,0.0
1,avg,DICES-350,169,101,0.010869565217391306,False,,,,,,,,,,,,,,,
1,avg,DICES-350,170,101,0.0,False,,,,,,,,,,,,,,,
1,avg,DICES-350,171,101,0.05434782608695652,False,,,,,,,,,,,,,,,
1,avg,DICES-350,172,101,0.0,False,,,,,,,,,,,,,,,
1,avg,DICES-350,173,101,0.010416666666666666,False,,,,,,,,,,,,,,,
1,avg,DICES-350,174,101,0.04301075268817203,False,,,,,,,,,,,,,,,
1,avg,DICES-350,175,101,0.02105263157894737,False,,,,,,,,,,,,,,,
1,avg,DICES-350,176,101,0.020618556701030924,False,,,,,,,,,,,,,,,
1,avg,DICES-350,177,101,0.010204081632653062,False,,,,,,,,,,,,,,,
1,avg,DICES-350,178,101,0.020202020202020204,False,,,,,,,,,,,,,,,
1,avg,DICES-350,179,101,0.020618556701030924,False,,,,,,,,,,,,,,,
1,avg,DICES-350,180,101,0.04210526315789474,False,,,,,,,,,,,,,,,
1,avg,DICES-350,181,101,0.0,False,,,,,,,,,,,,,,,
1,avg,DICES-350,182,101,0.030612244897959183,False,,,,,,,,,,,,,,,
1,avg,DICES-350,183,101,0.030612244897959183,False,,,,,,,,,,,,,,,
1,avg,DICES-350,184,101,0.03333333333333334,False,,,,,,,,,,,,,,,
1,avg,DICES-350,185,101,0.010416666666666666,False,,,,,,,,,,,,,,,
1,avg,DICES-350,186,101,0.06741573033707865,False,,,,,,,,,,,,,,,
1,avg,DICES-350,187,101,0.030612244897959183,False,,,,,,,,,,,,,,,
1,avg,DICES-350,188,101,0.021978021978021973,False,,,,,,,,,,,,,,,
1,avg,DICES-350,189,101,0.020202020202020204,False,,,,,,,,,,,,,,,
1,avg,DICES-350,190,101,0.03125,False,,,,,,,,,,,,,,,
1,avg,DICES-350,191,101,0.05319148936170212,False,,,,,,,,,,,,,,,
1,avg,DICES-350,192,101,0.0,False,,,,,,,,,,,,,,,
1,avg,DICES-350,193,101,0.058139534883720936,False,,,,,,,,,,,,,,,
1,avg,DICES-350,194,101,0.15116279069767444,False,,,,,,,,,,,,,,,
1,avg,DICES-350,195,101,0.7234042553191489,True,1.0,0.0,0.0,101.0,0.7234042553191489,0.7234042553191489,0.723404255319149,-2.220446049250313e-16,0.0,,,,,0.0,0.0
1,avg,DICES-350,196,101,0.4166666666666667,True,1.0,0.0,0.0,101.0,0.4166666666666667,0.4166666666666667,0.4166666666666667,0.0,0.0,,,,,0.0,0.0
1,avg,DICES-350,197,101,0.20833333333333334,False,,,,,,,,,,,,,,,
1,avg,DICES-350,198,101,0.020202020202020204,False,,,,,,,,,,,,,,,
1,avg,DICES-350,199,101,0.12790697674418605,False,,,,,,,,,,,,,,,
1,avg,DICES-350,200,101,0.030612244897959183,False,,,,,,,,,,,,,,,
1,avg,DICES-350,201,101,0.030612244897959183,False,,,,,,,,,,,,,,,
1,avg,DICES-350,202,101,0.15584415584415584,False,,,,,,,,,,,,,,,
1,avg,DICES-350,203,101,0.05319148936170212,False,,,,,,,,,,,,,,,
1,avg,DICES-350,204,101,0.26865671641791045,False,,,,,,,,,,,,,,,
1,avg,DICES-350,205,101,0.010416666666666666,False,,,,,,,,,,,,,,,
1,avg,DICES-350,206,101,0.052083333333333336,False,,,,,,,,,,,,,,,
1,avg,DICES-350,207,101,0.03260869565217391,False,,,,,,,,,,,,,,,
1,avg,DICES-350,208,101,0.05319148936170212,False,,,,,,,,,,,,,,,
1,avg,DICES-350,209,101,0.020202020202020204,False,,,,,,,,,,,,,,,
1,avg,DICES-350,210,101,0.12222222222222222,False,,,,,,,,,,,,,,,
1,avg,DICES-350,211,101,0.0,False,,,,,,,,,,,,,,,
1,avg,DICES-350,212,101,0.02105263157894737,False,,,,,,,,,,,,,,,
1,avg,DICES-350,213,101,0.030612244897959183,False,,,,,,,,,,,,,,,
1,avg,DICES-350,214,101,0.041237113402061855,False,,,,,,,,,,,,,,,
1,avg,DICES-350,215,101,0.0449438202247191,False,,,,,,,,,,,,,,,
1,avg,DICES-350,216,101,0.0898876404494382,False,,,,,,,,,,,,,,,
1,avg,DICES-350,217,101,0.01,False,,,,,,,,,,,,,,,
1,avg,DICES-350,218,101,0.06593406593406594,False,,,,,,,,,,,,,,,
1,avg,DICES-350,219,101,0.02105263157894737,False,,,,,,,,,,,,,,,
1,avg,DICES-350,220,101,0.01,False,,,,,,,,,,,,,,,
1,avg,DICES-350,221,101,0.020618556701030924,False,,,,,,,,,,,,,,,
1,avg,DICES-350,222,101,0.20253164556962025,False,,,,,,,,,,,,,,,
1,avg,DICES-350,223,101,0.020202020202020204,False,,,,,,,,,,,,,,,
1,avg,DICES-350,224,101,0.06451612903225806,False,,,,,,,,,,,,,,,
1,avg,DICES-350,225,101,0.020618556701030924,False,,,,,,,,,,,,,,,
1,avg,DICES-350,226,101,0.16,False,,,,,,,,,,,,,,,
1,avg,DICES-350,227,101,0.2898550724637681,False,,,,,,,,,,,,,,,
1,avg,DICES-350,228,101,0.010204081632653062,False,,,,,,,,,,,,,,,
1,avg,DICES-350,229,101,0.021505376344086023,False,,,,,,,,,,,,,,,
1,avg,DICES-350,230,101,0.041237113402061855,False,,,,,,,,,,,,,,,
1,avg,DICES-350,231,101,0.06315789473684211,False,,,,,,,,,,,,,,,
1,avg,DICES-350,232,101,0.041237113402061855,False,,,,,,,,,,,,,,,
1,avg,DICES-350,233,101,0.041237113402061855,False,,,,,,,,,,,,,,,
1,avg,DICES-350,234,101,0.4307692307692308,True,1.0,0.0,0.0,101.0,0.4307692307692308,0.4307692307692308,0.4307692307692308,0.0,0.0,,,,,0.0,0.0
1,avg,DICES-350,235,101,0.031914893617021274,False,,,,,,,,,,,,,,,
1,avg,DICES-350,236,101,0.05434782608695652,False,,,,,,,,,,,,,,,
1,avg,DICES-350,237,101,0.07777777777777777,False,,,,,,,,,,,,,,,
1,avg,DICES-350,238,101,0.020202020202020204,False,,,,,,,,,,,,,,,
1,avg,DICES-350,239,101,0.020202020202020204,False,,,,,,,,,,,,,,,
1,avg,DICES-350,240,101,0.8125000000000001,True,9.0,4.0,2.5555555555555554,11.222222222222221,0.8125000000000001,0.2781045751633987,0.3561250242671326,0.5616922778250677,6.0,0.22188575502131128,0.26248058629392357,race,"age, education, gender, race",4.0,0.0
1,avg,DICES-350,241,101,0.04705882352941178,False,,,,,,,,,,,,,,,
1,avg,DICES-350,242,101,0.0,False,,,,,,,,,,,,,,,
1,avg,DICES-350,243,101,0.020202020202020204,False,,,,,,,,,,,,,,,
1,avg,DICES-350,244,101,0.6181818181818182,True,1.0,0.0,0.0,101.0,0.6181818181818182,0.6181818181818182,0.6181818181818182,0.0,0.0,,,,,0.0,0.0
1,avg,DICES-350,245,101,0.10465116279069767,False,,,,,,,,,,,,,,,
1,avg,DICES-350,246,101,0.020202020202020204,False,,,,,,,,,,,,,,,
1,avg,DICES-350,247,101,0.020202020202020204,False,,,,,,,,,,,,,,,
1,avg,DICES-350,248,101,0.03333333333333334,False,,,,,,,,,,,,,,,
1,avg,DICES-350,249,101,0.0898876404494382,False,,,,,,,,,,,,,,,
1,avg,DICES-350,250,101,0.03125,False,,,,,,,,,,,,,,,
1,avg,DICES-350,251,101,0.03333333333333334,False,,,,,,,,,,,,,,,
1,avg,DICES-350,252,101,0.041237113402061855,False,,,,,,,,,,,,,,,
1,avg,DICES-350,253,101,0.03409090909090909,False,,,,,,,,,,,,,,,
1,avg,DICES-350,254,101,0.020618556701030924,False,,,,,,,,,,,,,,,
1,avg,DICES-350,255,101,0.8200000000000001,True,1.0,0.0,0.0,101.0,0.8200000000000001,0.8200000000000001,0.8200000000000001,0.0,0.0,,,,,0.0,0.0
1,avg,DICES-350,256,101,0.03125,False,,,,,,,,,,,,,,,
1,avg,DICES-350,257,101,0.031914893617021274,False,,,,,,,,,,,,,,,
1,avg,DICES-350,258,101,0.030612244897959183,False,,,,,,,,,,,,,,,
1,avg,DICES-350,259,101,0.7272727272727273,True,8.0,3.0,2.125,12.625,0.7272727272727273,0.47616550116550116,0.4658150430427658,0.35950431581619713,4.0,0.20776328951576478,0.2733388723487734,race,"age, gender, race",3.0,1.0
1,avg,DICES-350,260,101,0.020202020202020204,False,,,,,,,,,,,,,,,
1,avg,DICES-350,261,101,0.052083333333333336,False,,,,,,,,,,,,,,,
1,avg,DICES-350,262,101,0.05319148936170212,False,,,,,,,,,,,,,,,
1,avg,DICES-350,263,101,0.04210526315789474,False,,,,,,,,,,,,,,,
1,avg,DICES-350,264,101,0.39344262295081966,True,1.0,0.0,0.0,101.0,0.39344262295081966,0.39344262295081966,0.3934426229508196,1.1102230246251565e-16,0.0,,,,,0.0,0.0
1,avg,DICES-350,265,101,0.08602150537634408,False,,,,,,,,,,,,,,,
1,avg,DICES-350,266,101,0.06315789473684211,False,,,,,,,,,,,,,,,
1,avg,DICES-350,267,101,0.435483870967742,True,1.0,0.0,0.0,101.0,0.435483870967742,0.435483870967742,0.435483870967742,0.0,0.0,,,,,0.0,0.0
1,avg,DICES-350,268,101,0.020202020202020204,False,,,,,,,,,,,,,,,
1,avg,DICES-350,269,101,0.04301075268817203,False,,,,,,,,,,,,,,,
1,avg,DICES-350,270,101,0.020618556701030924,False,,,,,,,,,,,,,,,
1,avg,DICES-350,271,101,0.020202020202020204,False,,,,,,,,,,,,,,,
1,avg,DICES-350,272,101,0.05555555555555556,False,,,,,,,,,,,,,,,
1,avg,DICES-350,273,101,0.1927710843373494,False,,,,,,,,,,,,,,,
1,avg,DICES-350,274,101,0.030612244897959183,False,,,,,,,,,,,,,,,
1,avg,DICES-350,275,101,0.07954545454545456,False,,,,,,,,,,,,,,,
1,avg,DICES-350,276,101,0.020202020202020204,False,,,,,,,,,,,,,,,
1,avg,DICES-350,277,101,0.020202020202020204,False,,,,,,,,,,,,,,,
1,avg,DICES-350,278,101,0.11249999999999999,False,,,,,,,,,,,,,,,
1,avg,DICES-350,279,101,0.27631578947368424,False,,,,,,,,,,,,,,,
1,avg,DICES-350,280,101,0.020202020202020204,False,,,,,,,,,,,,,,,
1,avg,DICES-350,281,101,0.0,False,,,,,,,,,,,,,,,
1,avg,DICES-350,282,101,0.15476190476190477,False,,,,,,,,,,,,,,,
1,avg,DICES-350,283,101,0.030612244897959183,False,,,,,,,,,,,,,,,
1,avg,DICES-350,284,101,0.056818181818181816,False,,,,,,,,,,,,,,,
1,avg,DICES-350,285,101,0.06451612903225806,False,,,,,,,,,,,,,,,
1,avg,DICES-350,286,101,0.020202020202020204,False,,,,,,,,,,,,,,,
1,avg,DICES-350,287,101,0.2535211267605634,False,,,,,,,,,,,,,,,
1,avg,DICES-350,288,101,0.030612244897959183,False,,,,,,,,,,,,,,,
1,avg,DICES-350,289,101,0.020202020202020204,False,,,,,,,,,,,,,,,
1,avg,DICES-350,290,101,0.020202020202020204,False,,,,,,,,,,,,,,,
1,avg,DICES-350,291,101,0.21794871794871795,False,,,,,,,,,,,,,,,
1,avg,DICES-350,292,101,0.04705882352941178,False,,,,,,,,,,,,,,,
1,avg,DICES-350,293,101,0.08602150537634408,False,,,,,,,,,,,,,,,
1,avg,DICES-350,294,101,0.056818181818181816,False,,,,,,,,,,,,,,,
1,avg,DICES-350,295,101,0.11235955056179776,False,,,,,,,,,,,,,,,
1,avg,DICES-350,296,101,0.1,False,,,,,,,,,,,,,,,
1,avg,DICES-350,297,101,0.030612244897959183,False,,,,,,,,,,,,,,,
1,avg,DICES-350,298,101,0.27142857142857146,False,,,,,,,,,,,,,,,
1,avg,DICES-350,299,101,0.010416666666666666,False,,,,,,,,,,,,,,,
1,avg,DICES-350,300,101,0.9019607843137254,True,4.0,1.0,1.0,25.25,0.9019607843137254,0.49350961538461535,0.4943545316070068,0.45191128017484017,1.0,0.4076062527067185,0.4076062527067185,race,race,1.0,0.0
1,avg,DICES-350,301,101,0.06451612903225806,False,,,,,,,,,,,,,,,
1,avg,DICES-350,302,101,0.29850746268656714,False,,,,,,,,,,,,,,,
1,avg,DICES-350,303,101,0.1518987341772152,False,,,,,,,,,,,,,,,
1,avg,DICES-350,304,101,0.020202020202020204,False,,,,,,,,,,,,,,,
1,avg,DICES-350,305,101,0.049382716049382706,False,,,,,,,,,,,,,,,
1,avg,DICES-350,306,101,0.0,False,,,,,,,,,,,,,,,
1,avg,DICES-350,307,101,0.16438356164383564,False,,,,,,,,,,,,,,,
1,avg,DICES-350,308,101,0.18571428571428572,False,,,,,,,,,,,,,,,
1,avg,DICES-350,309,101,0.041237113402061855,False,,,,,,,,,,,,,,,
1,avg,DICES-350,310,101,0.0879120879120879,False,,,,,,,,,,,,,,,
1,avg,DICES-350,311,101,0.12162162162162161,False,,,,,,,,,,,,,,,
1,avg,DICES-350,312,101,0.041237113402061855,False,,,,,,,,,,,,,,,
1,avg,DICES-350,313,101,0.08139534883720931,False,,,,,,,,,,,,,,,
1,avg,DICES-350,314,101,0.020202020202020204,False,,,,,,,,,,,,,,,
1,avg,DICES-350,315,101,0.020618556701030924,False,,,,,,,,,,,,,,,
1,avg,DICES-350,316,101,0.02298850574712644,False,,,,,,,,,,,,,,,
1,avg,DICES-350,317,101,0.3787878787878788,True,1.0,0.0,0.0,101.0,0.3787878787878788,0.3787878787878788,0.3787878787878788,0.0,0.0,,,,,0.0,0.0
1,avg,DICES-350,318,101,0.041237113402061855,False,,,,,,,,,,,,,,,
1,avg,DICES-350,319,101,0.02105263157894737,False,,,,,,,,,,,,,,,
1,avg,DICES-350,320,101,0.2535211267605634,False,,,,,,,,,,,,,,,
1,avg,DICES-350,321,101,0.06451612903225806,False,,,,,,,,,,,,,,,
1,avg,DICES-350,322,101,0.020618556701030924,False,,,,,,,,,,,,,,,
1,avg,DICES-350,323,101,0.020202020202020204,False,,,,,,,,,,,,,,,
1,avg,DICES-350,324,101,0.04210526315789474,False,,,,,,,,,,,,,,,
1,avg,DICES-350,325,101,0.25675675675675674,False,,,,,,,,,,,,,,,
1,avg,DICES-350,326,101,0.041237113402061855,False,,,,,,,,,,,,,,,
1,avg,DICES-350,327,101,0.010204081632653062,False,,,,,,,,,,,,,,,
1,avg,DICES-350,328,101,0.030612244897959183,False,,,,,,,,,,,,,,,
1,avg,DICES-350,329,101,0.020202020202020204,False,,,,,,,,,,,,,,,
1,avg,DICES-350,330,101,0.041237113402061855,False,,,,,,,,,,,,,,,
1,avg,DICES-350,331,101,0.05319148936170212,False,,,,,,,,,,,,,,,
1,avg,DICES-350,332,101,0.041237113402061855,False,,,,,,,,,,,,,,,
1,avg,DICES-350,333,101,0.7234042553191489,True,7.0,3.0,1.8571428571428572,14.428571428571429,0.7234042553191489,0.21428571428571427,0.31435643564356436,0.5654484566103668,3.0,0.3738722929264324,0.3896266467890651,race,"age, gender, race",3.0,0.0
1,avg,DICES-350,334,101,0.030612244897959183,False,,,,,,,,,,,,,,,
1,avg,DICES-350,335,101,0.020202020202020204,False,,,,,,,,,,,,,,,
1,avg,DICES-350,336,101,0.020202020202020204,False,,,,,,,,,,,,,,,
1,avg,DICES-350,337,101,0.06315789473684211,False,,,,,,,,,,,,,,,
1,avg,DICES-350,338,101,0.020202020202020204,False,,,,,,,,,,,,,,,
1,avg,DICES-350,339,101,0.05952380952380953,False,,,,,,,,,,,,,,,
1,avg,DICES-350,340,101,0.020202020202020204,False,,,,,,,,,,,,,,,
1,avg,DICES-350,341,101,0.020202020202020204,False,,,,,,,,,,,,,,,
1,avg,DICES-350,342,101,0.6851851851851851,True,12.0,3.0,2.5833333333333335,8.416666666666666,0.6851851851851851,0.37905844155844154,0.40130084437015134,0.4143176865949142,7.0,0.21156535664032128,0.18479943232418472,race,"age, education, gender, race",4.0,2.0
1,avg,DICES-350,343,101,0.030612244897959183,False,,,,,,,,,,,,,,,
1,avg,DICES-350,344,101,0.041237113402061855,False,,,,,,,,,,,,,,,
1,avg,DICES-350,345,101,0.14457831325301204,False,,,,,,,,,,,,,,,
1,avg,DICES-350,346,101,0.0,False,,,,,,,,,,,,,,,
1,avg,DICES-350,347,101,0.010204081632653062,False,,,,,,,,,,,,,,,
1,avg,DICES-350,348,101,0.020202020202020204,False,,,,,,,,,,,,,,,
1,avg,DICES-350,349,101,0.010204081632653062,False,,,,,,,,,,,,,,,
1,avg,DICES-350,350,101,0.01,False,,,,,,,,,,,,,,,
1,min,DICES-350,1,101,0.030612244897959183,False,,,,,,,,,,,,,,,
1,min,DICES-350,2,101,0.06896551724137931,False,,,,,,,,,,,,,,,
1,min,DICES-350,3,101,0.06896551724137931,False,,,,,,,,,,,,,,,
1,min,DICES-350,4,101,0.020202020202020204,False,,,,,,,,,,,,,,,
1,min,DICES-350,5,101,0.11764705882352942,False,,,,,,,,,,,,,,,
1,min,DICES-350,6,101,0.03125,False,,,,,,,,,,,,,,,
1,min,DICES-350,7,101,0.253968253968254,False,,,,,,,,,,,,,,,
1,min,DICES-350,8,101,0.6724137931034484,True,20.0,4.0,3.1,5.05,0.6724137931034484,0.43933982683982686,0.5058613004157558,0.24769345066374793,14.0,0.2833534589384344,0.31527093596059125,race,"age, education, gender, race",4.0,3.0
1,min,DICES-350,9,101,0.05434782608695652,False,,,,,,,,,,,,,,,
1,min,DICES-350,10,101,0.1772151898734177,False,,,,,,,,,,,,,,,
1,min,DICES-350,11,101,0.0,False,,,,,,,,,,,,,,,
1,min,DICES-350,12,101,0.030612244897959183,False,,,,,,,,,,,,,,,
1,min,DICES-350,13,101,0.020202020202020204,False,,,,,,,,,,,,,,,
1,min,DICES-350,14,101,0.14814814814814814,False,,,,,,,,,,,,,,,
1,min,DICES-350,15,101,0.020202020202020204,False,,,,,,,,,,,,,,,
1,min,DICES-350,16,101,0.0898876404494382,False,,,,,,,,,,,,,,,
1,min,DICES-350,17,101,0.0,False,,,,,,,,,,,,,,,
1,min,DICES-350,18,101,0.048192771084337345,False,,,,,,,,,,,,,,,
1,min,DICES-350,19,101,0.07608695652173914,False,,,,,,,,,,,,,,,
1,min,DICES-350,20,101,0.030612244897959183,False,,,,,,,,,,,,,,,
1,min,DICES-350,21,101,0.021505376344086023,False,,,,,,,,,,,,,,,
1,min,DICES-350,22,101,0.03125,False,,,,,,,,,,,,,,,
1,min,DICES-350,23,101,0.052083333333333336,False,,,,,,,,,,,,,,,
1,min,DICES-350,24,101,0.03409090909090909,False,,,,,,,,,,,,,,,
1,min,DICES-350,25,101,0.06593406593406594,False,,,,,,,,,,,,,,,
1,min,DICES-350,26,101,0.24358974358974358,False,,,,,,,,,,,,,,,
1,min,DICES-350,27,101,0.04210526315789474,False,,,,,,,,,,,,,,,
1,min,DICES-350,28,101,0.07407407407407407,False,,,,,,,,,,,,,,,
1,min,DICES-350,29,101,0.030612244897959183,False,,,,,,,,,,,,,,,
1,min,DICES-350,30,101,0.04301075268817203,False,,,,,,,,,,,,,,,
1,min,DICES-350,31,101,0.020202020202020204,False,,,,,,,,,,,,,,,
1,min,DICES-350,32,101,0.030612244897959183,False,,,,,,,,,,,,,,,
1,min,DICES-350,33,101,0.04301075268817203,False,,,,,,,,,,,,,,,
1,min,DICES-350,34,101,0.010416666666666666,False,,,,,,,,,,,,,,,
1,min,DICES-350,35,101,0.010204081632653062,False,,,,,,,,,,,,,,,
1,min,DICES-350,36,101,0.020202020202020204,False,,,,,,,,,,,,,,,
1,min,DICES-350,37,101,0.020202020202020204,False,,,,,,,,,,,,,,,
1,min,DICES-350,38,101,0.11764705882352942,False,,,,,,,,,,,,,,,
1,min,DICES-350,39,101,0.020202020202020204,False,,,,,,,,,,,,,,,
1,min,DICES-350,40,101,0.2608695652173913,False,,,,,,,,,,,,,,,
1,min,DICES-350,41,101,0.02105263157894737,False,,,,,,,,,,,,,,,
1,min,DICES-350,42,101,0.02469135802469136,False,,,,,,,,,,,,,,,
1,min,DICES-350,43,101,0.1348314606741573,False,,,,,,,,,,,,,,,
1,min,DICES-350,44,101,0.04210526315789474,False,,,,,,,,,,,,,,,
1,min,DICES-350,45,101,0.020202020202020204,False,,,,,,,,,,,,,,,
1,min,DICES-350,46,101,0.020202020202020204,False,,,,,,,,,,,,,,,
1,min,DICES-350,47,101,0.020202020202020204,False,,,,,,,,,,,,,,,
1,min,DICES-350,48,101,0.06315789473684211,False,,,,,,,,,,,,,,,
1,min,DICES-350,49,101,0.05319148936170212,False,,,,,,,,,,,,,,,
1,min,DICES-350,50,101,0.05319148936170212,False,,,,,,,,,,,,,,,
1,min,DICES-350,51,101,0.056818181818181816,False,,,,,,,,,,,,,,,
1,min,DICES-350,52,101,0.0,False,,,,,,,,,,,,,,,
1,min,DICES-350,53,101,0.010869565217391306,False,,,,,,,,,,,,,,,
1,min,DICES-350,54,101,0.06451612903225806,False,,,,,,,,,,,,,,,
1,min,DICES-350,55,101,0.03125,False,,,,,,,,,,,,,,,
1,min,DICES-350,56,101,0.030612244897959183,False,,,,,,,,,,,,,,,
1,min,DICES-350,57,101,0.1829268292682927,False,,,,,,,,,,,,,,,
1,min,DICES-350,58,101,0.030612244897959183,False,,,,,,,,,,,,,,,
1,min,DICES-350,59,101,0.54,True,21.0,4.0,3.0952380952380953,4.809523809523809,0.54,0.2264172335600907,0.2264262140499764,0.5806921962037475,15.0,0.419924963924964,0.30470588235294116,race,"age, education, gender, race",4.0,5.0
1,min,DICES-350,60,101,0.05434782608695652,False,,,,,,,,,,,,,,,
1,min,DICES-350,61,101,0.030612244897959183,False,,,,,,,,,,,,,,,
1,min,DICES-350,62,101,0.04301075268817203,False,,,,,,,,,,,,,,,
1,min,DICES-350,63,101,0.030612244897959183,False,,,,,,,,,,,,,,,
1,min,DICES-350,64,101,0.25675675675675674,False,,,,,,,,,,,,,,,
1,min,DICES-350,65,101,0.2153846153846154,False,,,,,,,,,,,,,,,
1,min,DICES-350,66,101,0.06593406593406594,False,,,,,,,,,,,,,,,
1,min,DICES-350,67,101,0.041237113402061855,False,,,,,,,,,,,,,,,
1,min,DICES-350,68,101,0.04210526315789474,False,,,,,,,,,,,,,,,
1,min,DICES-350,69,101,0.0,False,,,,,,,,,,,,,,,
1,min,DICES-350,70,101,0.020202020202020204,False,,,,,,,,,,,,,,,
1,min,DICES-350,71,101,0.041237113402061855,False,,,,,,,,,,,,,,,
1,min,DICES-350,72,101,0.41269841269841273,True,18.0,4.0,2.7777777777777777,5.611111111111111,0.41269841269841273,0.28915343915343916,0.3084394153701085,0.2526275704493526,11.0,0.4193528693528694,0.1626984126984128,race,"age, education, gender, race",4.0,1.0
1,min,DICES-350,73,101,0.732142857142857,True,22.0,4.0,3.227272727272727,4.590909090909091,0.732142857142857,0.40643939393939393,0.45470297029702966,0.37894228447234957,14.0,0.4290816326530612,0.26547619047619037,age,"age, education, gender, race",4.0,3.0
1,min,DICES-350,74,101,0.0,False,,,,,,,,,,,,,,,
1,min,DICES-350,75,101,0.020202020202020204,False,,,,,,,,,,,,,,,
1,min,DICES-350,76,101,0.020202020202020204,False,,,,,,,,,,,,,,,
1,min,DICES-350,77,101,0.010416666666666666,False,,,,,,,,,,,,,,,
1,min,DICES-350,78,101,0.04301075268817203,False,,,,,,,,,,,,,,,
1,min,DICES-350,79,101,0.14102564102564105,False,,,,,,,,,,,,,,,
1,min,DICES-350,80,101,0.010204081632653062,False,,,,,,,,,,,,,,,
1,min,DICES-350,81,101,0.15714285714285714,False,,,,,,,,,,,,,,,
1,min,DICES-350,82,101,0.020618556701030924,False,,,,,,,,,,,,,,,
1,min,DICES-350,83,101,0.010204081632653062,False,,,,,,,,,,,,,,,
1,min,DICES-350,84,101,0.020202020202020204,False,,,,,,,,,,,,,,,
1,min,DICES-350,85,101,0.020202020202020204,False,,,,,,,,,,,,,,,
1,min,DICES-350,86,101,0.130952380952381,False,,,,,,,,,,,,,,,
1,min,DICES-350,87,101,0.031914893617021274,False,,,,,,,,,,,,,,,
1,min,DICES-350,88,101,0.020202020202020204,False,,,,,,,,,,,,,,,
1,min,DICES-350,89,101,0.13793103448275862,False,,,,,,,,,,,,,,,
1,min,DICES-350,90,101,0.030612244897959183,False,,,,,,,,,,,,,,,
1,min,DICES-350,91,101,0.020202020202020204,False,,,,,,,,,,,,,,,
1,min,DICES-350,92,101,0.06593406593406594,False,,,,,,,,,,,,,,,
1,min,DICES-350,93,101,0.10714285714285714,False,,,,,,,,,,,,,,,
1,min,DICES-350,94,101,0.3088235294117647,True,16.0,4.0,2.875,6.3125,0.3088235294117647,0.3439764492753623,0.27249246663796817,0.11764344136276983,11.0,0.30626141406192553,0.2218670076726343,race,"age, education, gender, race",4.0,2.0
1,min,DICES-350,95,101,0.020202020202020204,False,,,,,,,,,,,,,,,
1,min,DICES-350,96,101,0.030612244897959183,False,,,,,,,,,,,,,,,
1,min,DICES-350,97,101,0.03125,False,,,,,,,,,,,,,,,
1,min,DICES-350,98,101,0.030612244897959183,False,,,,,,,,,,,,,,,
1,min,DICES-350,99,101,0.16666666666666666,False,,,,,,,,,,,,,,,
1,min,DICES-350,100,101,0.04210526315789474,False,,,,,,,,,,,,,,,
1,min,DICES-350,101,101,0.020202020202020204,False,,,,,,,,,,,,,,,
1,min,DICES-350,102,101,0.021978021978021973,False,,,,,,,,,,,,,,,
1,min,DICES-350,103,101,0.043956043956043966,False,,,,,,,,,,,,,,,
1,min,DICES-350,104,101,0.043956043956043966,False,,,,,,,,,,,,,,,
1,min,DICES-350,105,101,0.0,False,,,,,,,,,,,,,,,
1,min,DICES-350,106,101,0.010416666666666666,False,,,,,,,,,,,,,,,
1,min,DICES-350,107,101,0.052083333333333336,False,,,,,,,,,,,,,,,
1,min,DICES-350,108,101,0.020202020202020204,False,,,,,,,,,,,,,,,
1,min,DICES-350,109,101,0.020202020202020204,False,,,,,,,,,,,,,,,
1,min,DICES-350,110,101,0.06451612903225806,False,,,,,,,,,,,,,,,
1,min,DICES-350,111,101,0.030612244897959183,False,,,,,,,,,,,,,,,
1,min,DICES-350,112,101,0.030612244897959183,False,,,,,,,,,,,,,,,
1,min,DICES-350,113,101,0.020202020202020204,False,,,,,,,,,,,,,,,
1,min,DICES-350,114,101,0.020202020202020204,False,,,,,,,,,,,,,,,
1,min,DICES-350,115,101,0.08536585365853659,False,,,,,,,,,,,,,,,
1,min,DICES-350,116,101,0.08139534883720931,False,,,,,,,,,,,,,,,
1,min,DICES-350,117,101,0.11235955056179776,False,,,,,,,,,,,,,,,
1,min,DICES-350,118,101,0.4761904761904763,True,22.0,4.0,3.0454545454545454,4.590909090909091,0.4761904761904763,0.34545454545454546,0.32805280528052805,0.31108910891089125,15.0,0.340913900913901,0.2095238095238096,race,"age, education, gender, race",4.0,2.0
1,min,DICES-350,119,101,0.6037735849056604,True,20.0,4.0,3.35,5.05,0.6037735849056604,0.325,0.3432343234323433,0.4315181518151814,14.0,0.3477248642342982,0.2466307277628032,age,"age, education, gender, race",4.0,2.0
1,min,DICES-350,120,101,0.020202020202020204,False,,,,,,,,,,,,,,,
1,min,DICES-350,121,101,0.05555555555555556,False,,,,,,,,,,,,,,,
1,min,DICES-350,122,101,0.030612244897959183,False,,,,,,,,,,,,,,,
1,min,DICES-350,123,101,0.19753086419753085,False,,,,,,,,,,,,,,,
1,min,DICES-350,124,101,0.6666666666666667,True,21.0,4.0,3.1904761904761907,4.809523809523809,0.6666666666666667,0.35584415584415585,0.34621962196219624,0.48067056705670574,15.0,0.3875855190561073,0.29166666666666674,race,"age, education, gender, race",4.0,3.0
1,min,DICES-350,125,101,0.041237113402061855,False,,,,,,,,,,,,,,,
1,min,DICES-350,126,101,0.041237113402061855,False,,,,,,,,,,,,,,,
1,min,DICES-350,127,101,0.75,True,21.0,4.0,3.1904761904761907,4.809523809523809,0.75,0.38809523809523805,0.3978547854785478,0.46952695269526956,14.0,0.4605699855699856,0.31249999999999994,race,"age, education, gender, race",4.0,4.0
1,min,DICES-350,128,101,0.09195402298850575,False,,,,,,,,,,,,,,,
1,min,DICES-350,129,101,0.030612244897959183,False,,,,,,,,,,,,,,,
1,min,DICES-350,130,101,0.020202020202020204,False,,,,,,,,,,,,,,,
1,min,DICES-350,131,101,0.09782608695652173,False,,,,,,,,,,,,,,,
1,min,DICES-350,132,101,0.06593406593406594,False,,,,,,,,,,,,,,,
1,min,DICES-350,133,101,0.03260869565217391,False,,,,,,,,,,,,,,,
1,min,DICES-350,134,101,0.06451612903225806,False,,,,,,,,,,,,,,,
1,min,DICES-350,135,101,0.0,False,,,,,,,,,,,,,,,
1,min,DICES-350,136,101,0.041237113402061855,False,,,,,,,,,,,,,,,
1,min,DICES-350,137,101,0.11538461538461538,False,,,,,,,,,,,,,,,
1,min,DICES-350,138,101,0.0449438202247191,False,,,,,,,,,,,,,,,
1,min,DICES-350,139,101,0.11235955056179776,False,,,,,,,,,,,,,,,
1,min,DICES-350,140,101,0.020202020202020204,False,,,,,,,,,,,,,,,
1,min,DICES-350,141,101,0.11764705882352942,False,,,,,,,,,,,,,,,
1,min,DICES-350,142,101,0.5098039215686274,True,22.0,4.0,3.227272727272727,4.590909090909091,0.5098039215686274,0.36363636363636365,0.3184818481848185,0.3752856054836252,15.0,0.37039718451483156,0.23202614379084963,race,"age, education, gender, race",4.0,4.0
1,min,DICES-350,143,101,0.8627450980392158,True,23.0,4.0,3.0869565217391304,4.391304347826087,0.8627450980392158,0.3405797101449275,0.4036303630363036,0.5321557155715573,16.0,0.41010631525337404,0.45098039215686286,race,"age, education, gender, race",4.0,3.0
1,min,DICES-350,144,101,0.04210526315789474,False,,,,,,,,,,,,,,,
1,min,DICES-350,145,101,0.020202020202020204,False,,,,,,,,,,,,,,,
1,min,DICES-350,146,101,0.05319148936170212,False,,,,,,,,,,,,,,,
1,min,DICES-350,147,101,0.23376623376623376,False,,,,,,,,,,,,,,,
1,min,DICES-350,148,101,0.0879120879120879,False,,,,,,,,,,,,,,,
1,min,DICES-350,149,101,0.0898876404494382,False,,,,,,,,,,,,,,,
1,min,DICES-350,150,101,0.22368421052631576,False,,,,,,,,,,,,,,,
1,min,DICES-350,151,101,0.07608695652173914,False,,,,,,,,,,,,,,,
1,min,DICES-350,152,101,0.030612244897959183,False,,,,,,,,,,,,,,,
1,min,DICES-350,153,101,0.030612244897959183,False,,,,,,,,,,,,,,,
1,min,DICES-350,154,101,0.2205882352941176,False,,,,,,,,,,,,,,,
1,min,DICES-350,155,101,0.390625,True,19.0,4.0,3.1052631578947367,5.315789473684211,0.390625,0.3661881977671452,0.24890489048904887,0.3628034803480349,13.0,0.3313496599554292,0.390625,race,"age, education, gender, race",4.0,4.0
1,min,DICES-350,156,101,0.020202020202020204,False,,,,,,,,,,,,,,,
1,min,DICES-350,157,101,0.0,False,,,,,,,,,,,,,,,
1,min,DICES-350,158,101,0.0879120879120879,False,,,,,,,,,,,,,,,
1,min,DICES-350,159,101,0.0,False,,,,,,,,,,,,,,,
1,min,DICES-350,160,101,0.10989010989010989,False,,,,,,,,,,,,,,,
1,min,DICES-350,161,101,0.34722222222222227,True,21.0,4.0,3.3333333333333335,4.809523809523809,0.34722222222222227,0.28174603174603174,0.3176567656765677,0.08514851485148511,13.0,0.3421281099852529,0.12983091787439618,education,"age, education, gender, race",4.0,2.0
1,min,DICES-350,162,101,0.07777777777777777,False,,,,,,,,,,,,,,,
1,min,DICES-350,163,101,0.03125,False,,,,,,,,,,,,,,,
1,min,DICES-350,164,101,0.04210526315789474,False,,,,,,,,,,,,,,,
1,min,DICES-350,165,101,0.020202020202020204,False,,,,,,,,,,,,,,,
1,min,DICES-350,166,101,0.2711864406779661,False,,,,,,,,,,,,,,,
1,min,DICES-350,167,101,0.5882352941176472,True,22.0,4.0,3.3181818181818183,4.590909090909091,0.5882352941176472,0.33712121212121204,0.2912541254125412,0.5048679867986801,16.0,0.3488182773109244,0.25490196078431393,race,"age, education, gender, race",4.0,3.0
1,min,DICES-350,168,101,0.3692307692307692,True,20.0,4.0,3.1,5.05,0.3692307692307692,0.4525,0.415016501650165,-0.12400302530253038,14.0,0.2476165174694586,0.2025641025641025,race,"age, education, gender, race",4.0,6.0
1,min,DICES-350,169,101,0.010869565217391306,False,,,,,,,,,,,,,,,
1,min,DICES-350,170,101,0.0,False,,,,,,,,,,,,,,,
1,min,DICES-350,171,101,0.05434782608695652,False,,,,,,,,,,,,,,,
1,min,DICES-350,172,101,0.0,False,,,,,,,,,,,,,,,
1,min,DICES-350,173,101,0.010416666666666666,False,,,,,,,,,,,,,,,
1,min,DICES-350,174,101,0.04301075268817203,False,,,,,,,,,,,,,,,
1,min,DICES-350,175,101,0.02105263157894737,False,,,,,,,,,,,,,,,
1,min,DICES-350,176,101,0.020618556701030924,False,,,,,,,,,,,,,,,
1,min,DICES-350,177,101,0.010204081632653062,False,,,,,,,,,,,,,,,
1,min,DICES-350,178,101,0.020202020202020204,False,,,,,,,,,,,,,,,
1,min,DICES-350,179,101,0.020618556701030924,False,,,,,,,,,,,,,,,
1,min,DICES-350,180,101,0.04210526315789474,False,,,,,,,,,,,,,,,
1,min,DICES-350,181,101,0.0,False,,,,,,,,,,,,,,,
1,min,DICES-350,182,101,0.030612244897959183,False,,,,,,,,,,,,,,,
1,min,DICES-350,183,101,0.030612244897959183,False,,,,,,,,,,,,,,,
1,min,DICES-350,184,101,0.03333333333333334,False,,,,,,,,,,,,,,,
1,min,DICES-350,185,101,0.010416666666666666,False,,,,,,,,,,,,,,,
1,min,DICES-350,186,101,0.06741573033707865,False,,,,,,,,,,,,,,,
1,min,DICES-350,187,101,0.030612244897959183,False,,,,,,,,,,,,,,,
1,min,DICES-350,188,101,0.021978021978021973,False,,,,,,,,,,,,,,,
1,min,DICES-350,189,101,0.020202020202020204,False,,,,,,,,,,,,,,,
1,min,DICES-350,190,101,0.03125,False,,,,,,,,,,,,,,,
1,min,DICES-350,191,101,0.05319148936170212,False,,,,,,,,,,,,,,,
1,min,DICES-350,192,101,0.0,False,,,,,,,,,,,,,,,
1,min,DICES-350,193,101,0.058139534883720936,False,,,,,,,,,,,,,,,
1,min,DICES-350,194,101,0.15116279069767444,False,,,,,,,,,,,,,,,
1,min,DICES-350,195,101,0.7234042553191489,True,21.0,4.0,3.0952380952380953,4.809523809523809,0.7234042553191489,0.3666666666666667,0.3415841584158416,0.5278101339545718,14.0,0.46023182322574424,0.22340425531914898,race,"age, education, gender, race",4.0,3.0
1,min,DICES-350,196,101,0.4166666666666667,True,22.0,4.0,3.1363636363636362,4.590909090909091,0.4166666666666667,0.24267676767676766,0.28773377337733774,0.3094389438943894,15.0,0.37349317349317357,0.2666666666666667,race,"age, education, gender, race",4.0,1.0
1,min,DICES-350,197,101,0.20833333333333334,False,,,,,,,,,,,,,,,
1,min,DICES-350,198,101,0.020202020202020204,False,,,,,,,,,,,,,,,
1,min,DICES-350,199,101,0.12790697674418605,False,,,,,,,,,,,,,,,
1,min,DICES-350,200,101,0.030612244897959183,False,,,,,,,,,,,,,,,
1,min,DICES-350,201,101,0.030612244897959183,False,,,,,,,,,,,,,,,
1,min,DICES-350,202,101,0.15584415584415584,False,,,,,,,,,,,,,,,
1,min,DICES-350,203,101,0.05319148936170212,False,,,,,,,,,,,,,,,
1,min,DICES-350,204,101,0.26865671641791045,False,,,,,,,,,,,,,,,
1,min,DICES-350,205,101,0.010416666666666666,False,,,,,,,,,,,,,,,
1,min,DICES-350,206,101,0.052083333333333336,False,,,,,,,,,,,,,,,
1,min,DICES-350,207,101,0.03260869565217391,False,,,,,,,,,,,,,,,
1,min,DICES-350,208,101,0.05319148936170212,False,,,,,,,,,,,,,,,
1,min,DICES-350,209,101,0.020202020202020204,False,,,,,,,,,,,,,,,
1,min,DICES-350,210,101,0.12222222222222222,False,,,,,,,,,,,,,,,
1,min,DICES-350,211,101,0.0,False,,,,,,,,,,,,,,,
1,min,DICES-350,212,101,0.02105263157894737,False,,,,,,,,,,,,,,,
1,min,DICES-350,213,101,0.030612244897959183,False,,,,,,,,,,,,,,,
1,min,DICES-350,214,101,0.041237113402061855,False,,,,,,,,,,,,,,,
1,min,DICES-350,215,101,0.0449438202247191,False,,,,,,,,,,,,,,,
1,min,DICES-350,216,101,0.0898876404494382,False,,,,,,,,,,,,,,,
1,min,DICES-350,217,101,0.01,False,,,,,,,,,,,,,,,
1,min,DICES-350,218,101,0.06593406593406594,False,,,,,,,,,,,,,,,
1,min,DICES-350,219,101,0.02105263157894737,False,,,,,,,,,,,,,,,
1,min,DICES-350,220,101,0.01,False,,,,,,,,,,,,,,,
1,min,DICES-350,221,101,0.020618556701030924,False,,,,,,,,,,,,,,,
1,min,DICES-350,222,101,0.20253164556962025,False,,,,,,,,,,,,,,,
1,min,DICES-350,223,101,0.020202020202020204,False,,,,,,,,,,,,,,,
1,min,DICES-350,224,101,0.06451612903225806,False,,,,,,,,,,,,,,,
1,min,DICES-350,225,101,0.020618556701030924,False,,,,,,,,,,,,,,,
1,min,DICES-350,226,101,0.16,False,,,,,,,,,,,,,,,
1,min,DICES-350,227,101,0.2898550724637681,False,,,,,,,,,,,,,,,
1,min,DICES-350,228,101,0.010204081632653062,False,,,,,,,,,,,,,,,
1,min,DICES-350,229,101,0.021505376344086023,False,,,,,,,,,,,,,,,
1,min,DICES-350,230,101,0.041237113402061855,False,,,,,,,,,,,,,,,
1,min,DICES-350,231,101,0.06315789473684211,False,,,,,,,,,,,,,,,
1,min,DICES-350,232,101,0.041237113402061855,False,,,,,,,,,,,,,,,
1,min,DICES-350,233,101,0.041237113402061855,False,,,,,,,,,,,,,,,
1,min,DICES-350,234,101,0.4307692307692308,True,21.0,4.0,3.0,4.809523809523809,0.4307692307692308,0.3843915343915344,0.3761826182618263,0.12671892189218903,14.0,0.31149485435199725,0.16410256410256413,race,"age, education, gender, race",4.0,3.0
1,min,DICES-350,235,101,0.031914893617021274,False,,,,,,,,,,,,,,,
1,min,DICES-350,236,101,0.05434782608695652,False,,,,,,,,,,,,,,,
1,min,DICES-350,237,101,0.07777777777777777,False,,,,,,,,,,,,,,,
1,min,DICES-350,238,101,0.020202020202020204,False,,,,,,,,,,,,,,,
1,min,DICES-350,239,101,0.020202020202020204,False,,,,,,,,,,,,,,,
1,min,DICES-350,240,101,0.8125000000000001,True,20.0,4.0,3.2,5.05,0.8125000000000001,0.4066666666666666,0.37145214521452147,0.5428281289667429,14.0,0.37064691261119836,0.4595588235294118,race,"age, education, gender, race",4.0,4.0
1,min,DICES-350,241,101,0.04705882352941178,False,,,,,,,,,,,,,,,
1,min,DICES-350,242,101,0.0,False,,,,,,,,,,,,,,,
1,min,DICES-350,243,101,0.020202020202020204,False,,,,,,,,,,,,,,,
1,min,DICES-350,244,101,0.6181818181818182,True,18.0,4.0,3.0,5.611111111111111,0.6181818181818182,0.32579365079365075,0.3981848184818482,0.3558774995146573,9.0,0.487999037999038,0.37680250783699054,gender,"age, education, gender, race",4.0,4.0
1,min,DICES-350,245,101,0.10465116279069767,False,,,,,,,,,,,,,,,
1,min,DICES-350,246,101,0.020202020202020204,False,,,,,,,,,,,,,,,
1,min,DICES-350,247,101,0.020202020202020204,False,,,,,,,,,,,,,,,
1,min,DICES-350,248,101,0.03333333333333334,False,,,,,,,,,,,,,,,
1,min,DICES-350,249,101,0.0898876404494382,False,,,,,,,,,,,,,,,
1,min,DICES-350,250,101,0.03125,False,,,,,,,,,,,,,,,
1,min,DICES-350,251,101,0.03333333333333334,False,,,,,,,,,,,,,,,
1,min,DICES-350,252,101,0.041237113402061855,False,,,,,,,,,,,,,,,
1,min,DICES-350,253,101,0.03409090909090909,False,,,,,,,,,,,,,,,
1,min,DICES-350,254,101,0.020618556701030924,False,,,,,,,,,,,,,,,
1,min,DICES-350,255,101,0.8200000000000001,True,22.0,4.0,3.3181818181818183,4.590909090909091,0.8200000000000001,0.3446969696969697,0.3866336633663366,0.5284955324800773,16.0,0.39838177447552453,0.28666666666666674,race,"age, education, gender, race",4.0,3.0
1,min,DICES-350,256,101,0.03125,False,,,,,,,,,,,,,,,
1,min,DICES-350,257,101,0.031914893617021274,False,,,,,,,,,,,,,,,
1,min,DICES-350,258,101,0.030612244897959183,False,,,,,,,,,,,,,,,
1,min,DICES-350,259,101,0.7272727272727273,True,21.0,4.0,3.1904761904761907,4.809523809523809,0.7272727272727273,0.34841269841269845,0.3866336633663367,0.4683787128712871,15.0,0.38035705035705036,0.5,race,"age, education, gender, race",4.0,3.0
1,min,DICES-350,260,101,0.020202020202020204,False,,,,,,,,,,,,,,,
1,min,DICES-350,261,101,0.052083333333333336,False,,,,,,,,,,,,,,,
1,min,DICES-350,262,101,0.05319148936170212,False,,,,,,,,,,,,,,,
1,min,DICES-350,263,101,0.04210526315789474,False,,,,,,,,,,,,,,,
1,min,DICES-350,264,101,0.39344262295081966,True,18.0,4.0,3.111111111111111,5.611111111111111,0.39344262295081966,0.29485329485329487,0.2172002914577172,0.4479492592116354,13.0,0.4020707889560349,0.3479880774962742,race,"age, education, gender, race",4.0,2.0
1,min,DICES-350,265,101,0.08602150537634408,False,,,,,,,,,,,,,,,
1,min,DICES-350,266,101,0.06315789473684211,False,,,,,,,,,,,,,,,
1,min,DICES-350,267,101,0.435483870967742,True,19.0,4.0,3.1578947368421053,5.315789473684211,0.435483870967742,0.34668192219679633,0.25434065145644996,0.41595850406296686,13.0,0.39658297163691497,0.34852734922861156,race,"age, education, gender, race",4.0,3.0
1,min,DICES-350,268,101,0.020202020202020204,False,,,,,,,,,,,,,,,
1,min,DICES-350,269,101,0.04301075268817203,False,,,,,,,,,,,,,,,
1,min,DICES-350,270,101,0.020618556701030924,False,,,,,,,,,,,,,,,
1,min,DICES-350,271,101,0.020202020202020204,False,,,,,,,,,,,,,,,
1,min,DICES-350,272,101,0.05555555555555556,False,,,,,,,,,,,,,,,
1,min,DICES-350,273,101,0.1927710843373494,False,,,,,,,,,,,,,,,
1,min,DICES-350,274,101,0.030612244897959183,False,,,,,,,,,,,,,,,
1,min,DICES-350,275,101,0.07954545454545456,False,,,,,,,,,,,,,,,
1,min,DICES-350,276,101,0.020202020202020204,False,,,,,,,,,,,,,,,
1,min,DICES-350,277,101,0.020202020202020204,False,,,,,,,,,,,,,,,
1,min,DICES-350,278,101,0.11249999999999999,False,,,,,,,,,,,,,,,
1,min,DICES-350,279,101,0.27631578947368424,False,,,,,,,,,,,,,,,
1,min,DICES-350,280,101,0.020202020202020204,False,,,,,,,,,,,,,,,
1,min,DICES-350,281,101,0.0,False,,,,,,,,,,,,,,,
1,min,DICES-350,282,101,0.15476190476190477,False,,,,,,,,,,,,,,,
1,min,DICES-350,283,101,0.030612244897959183,False,,,,,,,,,,,,,,,
1,min,DICES-350,284,101,0.056818181818181816,False,,,,,,,,,,,,,,,
1,min,DICES-350,285,101,0.06451612903225806,False,,,,,,,,,,,,,,,
1,min,DICES-350,286,101,0.020202020202020204,False,,,,,,,,,,,,,,,
1,min,DICES-350,287,101,0.2535211267605634,False,,,,,,,,,,,,,,,
1,min,DICES-350,288,101,0.030612244897959183,False,,,,,,,,,,,,,,,
1,min,DICES-350,289,101,0.020202020202020204,False,,,,,,,,,,,,,,,
1,min,DICES-350,290,101,0.020202020202020204,False,,,,,,,,,,,,,,,
1,min,DICES-350,291,101,0.21794871794871795,False,,,,,,,,,,,,,,,
1,min,DICES-350,292,101,0.04705882352941178,False,,,,,,,,,,,,,,,
1,min,DICES-350,293,101,0.08602150537634408,False,,,,,,,,,,,,,,,
1,min,DICES-350,294,101,0.056818181818181816,False,,,,,,,,,,,,,,,
1,min,DICES-350,295,101,0.11235955056179776,False,,,,,,,,,,,,,,,
1,min,DICES-350,296,101,0.1,False,,,,,,,,,,,,,,,
1,min,DICES-350,297,101,0.030612244897959183,False,,,,,,,,,,,,,,,
1,min,DICES-350,298,101,0.27142857142857146,False,,,,,,,,,,,,,,,
1,min,DICES-350,299,101,0.010416666666666666,False,,,,,,,,,,,,,,,
1,min,DICES-350,300,101,0.9019607843137254,True,23.0,4.0,3.260869565217391,4.391304347826087,0.9019607843137254,0.32173913043478264,0.38184818481848193,0.5766465777012483,16.0,0.39437725264931145,0.46446078431372534,race,"age, education, gender, race",4.0,3.0
1,min,DICES-350,301,101,0.06451612903225806,False,,,,,,,,,,,,,,,
1,min,DICES-350,302,101,0.29850746268656714,False,,,,,,,,,,,,,,,
1,min,DICES-350,303,101,0.1518987341772152,False,,,,,,,,,,,,,,,
1,min,DICES-350,304,101,0.020202020202020204,False,,,,,,,,,,,,,,,
1,min,DICES-350,305,101,0.049382716049382706,False,,,,,,,,,,,,,,,
1,min,DICES-350,306,101,0.0,False,,,,,,,,,,,,,,,
1,min,DICES-350,307,101,0.16438356164383564,False,,,,,,,,,,,,,,,
1,min,DICES-350,308,101,0.18571428571428572,False,,,,,,,,,,,,,,,
1,min,DICES-350,309,101,0.041237113402061855,False,,,,,,,,,,,,,,,
1,min,DICES-350,310,101,0.0879120879120879,False,,,,,,,,,,,,,,,
1,min,DICES-350,311,101,0.12162162162162161,False,,,,,,,,,,,,,,,
1,min,DICES-350,312,101,0.041237113402061855,False,,,,,,,,,,,,,,,
1,min,DICES-350,313,101,0.08139534883720931,False,,,,,,,,,,,,,,,
1,min,DICES-350,314,101,0.020202020202020204,False,,,,,,,,,,,,,,,
1,min,DICES-350,315,101,0.020618556701030924,False,,,,,,,,,,,,,,,
1,min,DICES-350,316,101,0.02298850574712644,False,,,,,,,,,,,,,,,
1,min,DICES-350,317,101,0.3787878787878788,True,22.0,4.0,3.0454545454545454,4.590909090909091,0.3787878787878788,0.43898071625344354,0.36522652265226524,0.03580198019801972,14.0,0.2217841682127397,0.2208931419457735,race,"age, education, gender, race",4.0,4.0
1,min,DICES-350,318,101,0.041237113402061855,False,,,,,,,,,,,,,,,
1,min,DICES-350,319,101,0.02105263157894737,False,,,,,,,,,,,,,,,
1,min,DICES-350,320,101,0.2535211267605634,False,,,,,,,,,,,,,,,
1,min,DICES-350,321,101,0.06451612903225806,False,,,,,,,,,,,,,,,
1,min,DICES-350,322,101,0.020618556701030924,False,,,,,,,,,,,,,,,
1,min,DICES-350,323,101,0.020202020202020204,False,,,,,,,,,,,,,,,
1,min,DICES-350,324,101,0.04210526315789474,False,,,,,,,,,,,,,,,
1,min,DICES-350,325,101,0.25675675675675674,False,,,,,,,,,,,,,,,
1,min,DICES-350,326,101,0.041237113402061855,False,,,,,,,,,,,,,,,
1,min,DICES-350,327,101,0.010204081632653062,False,,,,,,,,,,,,,,,
1,min,DICES-350,328,101,0.030612244897959183,False,,,,,,,,,,,,,,,
1,min,DICES-350,329,101,0.020202020202020204,False,,,,,,,,,,,,,,,
1,min,DICES-350,330,101,0.041237113402061855,False,,,,,,,,,,,,,,,
1,min,DICES-350,331,101,0.05319148936170212,False,,,,,,,,,,,,,,,
1,min,DICES-350,332,101,0.041237113402061855,False,,,,,,,,,,,,,,,
1,min,DICES-350,333,101,0.7234042553191489,True,19.0,4.0,3.1052631578947367,5.315789473684211,0.7234042553191489,0.3464912280701754,0.2632013201320132,0.6361628809939817,13.0,0.37298256389909423,0.7234042553191489,race,"age, education, gender, race",4.0,3.0
1,min,DICES-350,334,101,0.030612244897959183,False,,,,,,,,,,,,,,,
1,min,DICES-350,335,101,0.020202020202020204,False,,,,,,,,,,,,,,,
1,min,DICES-350,336,101,0.020202020202020204,False,,,,,,,,,,,,,,,
1,min,DICES-350,337,101,0.06315789473684211,False,,,,,,,,,,,,,,,
1,min,DICES-350,338,101,0.020202020202020204,False,,,,,,,,,,,,,,,
1,min,DICES-350,339,101,0.05952380952380953,False,,,,,,,,,,,,,,,
1,min,DICES-350,340,101,0.020202020202020204,False,,,,,,,,,,,,,,,
1,min,DICES-350,341,101,0.020202020202020204,False,,,,,,,,,,,,,,,
1,min,DICES-350,342,101,0.6851851851851851,True,23.0,4.0,3.130434782608696,4.391304347826087,0.6851851851851851,0.3260869565217391,0.33003300330033003,0.5183302113995183,16.0,0.35306487493987493,0.4579124579124578,race,"age, education, gender, race",4.0,3.0
1,min,DICES-350,343,101,0.030612244897959183,False,,,,,,,,,,,,,,,
1,min,DICES-350,344,101,0.041237113402061855,False,,,,,,,,,,,,,,,
1,min,DICES-350,345,101,0.14457831325301204,False,,,,,,,,,,,,,,,
1,min,DICES-350,346,101,0.0,False,,,,,,,,,,,,,,,
1,min,DICES-350,347,101,0.010204081632653062,False,,,,,,,,,,,,,,,
1,min,DICES-350,348,101,0.020202020202020204,False,,,,,,,,,,,,,,,
1,min,DICES-350,349,101,0.010204081632653062,False,,,,,,,,,,,,,,,
1,min,DICES-350,350,101,0.01,False,,,,,,,,,,,,,,,
1,mean,DICES-350,1,101,0.030612244897959183,False,,,,,,,,,,,,,,,
1,mean,DICES-350,2,101,0.06896551724137931,False,,,,,,,,,,,,,,,
1,mean,DICES-350,3,101,0.06896551724137931,False,,,,,,,,,,,,,,,
1,mean,DICES-350,4,101,0.020202020202020204,False,,,,,,,,,,,,,,,
1,mean,DICES-350,5,101,0.11764705882352942,False,,,,,,,,,,,,,,,
1,mean,DICES-350,6,101,0.03125,False,,,,,,,,,,,,,,,
1,mean,DICES-350,7,101,0.253968253968254,False,,,,,,,,,,,,,,,
1,mean,DICES-350,8,101,0.6724137931034484,True,20.0,4.0,3.1,5.05,0.6724137931034484,0.44767316017316017,0.5075114654322574,0.24523935910074546,14.0,0.2246203273096065,0.19441728039799058,race,"age, education, gender, race",4.0,3.0
1,mean,DICES-350,9,101,0.05434782608695652,False,,,,,,,,,,,,,,,
1,mean,DICES-350,10,101,0.1772151898734177,False,,,,,,,,,,,,,,,
1,mean,DICES-350,11,101,0.0,False,,,,,,,,,,,,,,,
1,mean,DICES-350,12,101,0.030612244897959183,False,,,,,,,,,,,,,,,
1,mean,DICES-350,13,101,0.020202020202020204,False,,,,,,,,,,,,,,,
1,mean,DICES-350,14,101,0.14814814814814814,False,,,,,,,,,,,,,,,
1,mean,DICES-350,15,101,0.020202020202020204,False,,,,,,,,,,,,,,,
1,mean,DICES-350,16,101,0.0898876404494382,False,,,,,,,,,,,,,,,
1,mean,DICES-350,17,101,0.0,False,,,,,,,,,,,,,,,
1,mean,DICES-350,18,101,0.048192771084337345,False,,,,,,,,,,,,,,,
1,mean,DICES-350,19,101,0.07608695652173914,False,,,,,,,,,,,,,,,
1,mean,DICES-350,20,101,0.030612244897959183,False,,,,,,,,,,,,,,,
1,mean,DICES-350,21,101,0.021505376344086023,False,,,,,,,,,,,,,,,
1,mean,DICES-350,22,101,0.03125,False,,,,,,,,,,,,,,,
1,mean,DICES-350,23,101,0.052083333333333336,False,,,,,,,,,,,,,,,
1,mean,DICES-350,24,101,0.03409090909090909,False,,,,,,,,,,,,,,,
1,mean,DICES-350,25,101,0.06593406593406594,False,,,,,,,,,,,,,,,
1,mean,DICES-350,26,101,0.24358974358974358,False,,,,,,,,,,,,,,,
1,mean,DICES-350,27,101,0.04210526315789474,False,,,,,,,,,,,,,,,
1,mean,DICES-350,28,101,0.07407407407407407,False,,,,,,,,,,,,,,,
1,mean,DICES-350,29,101,0.030612244897959183,False,,,,,,,,,,,,,,,
1,mean,DICES-350,30,101,0.04301075268817203,False,,,,,,,,,,,,,,,
1,mean,DICES-350,31,101,0.020202020202020204,False,,,,,,,,,,,,,,,
1,mean,DICES-350,32,101,0.030612244897959183,False,,,,,,,,,,,,,,,
1,mean,DICES-350,33,101,0.04301075268817203,False,,,,,,,,,,,,,,,
1,mean,DICES-350,34,101,0.010416666666666666,False,,,,,,,,,,,,,,,
1,mean,DICES-350,35,101,0.010204081632653062,False,,,,,,,,,,,,,,,
1,mean,DICES-350,36,101,0.020202020202020204,False,,,,,,,,,,,,,,,
1,mean,DICES-350,37,101,0.020202020202020204,False,,,,,,,,,,,,,,,
1,mean,DICES-350,38,101,0.11764705882352942,False,,,,,,,,,,,,,,,
1,mean,DICES-350,39,101,0.020202020202020204,False,,,,,,,,,,,,,,,
1,mean,DICES-350,40,101,0.2608695652173913,False,,,,,,,,,,,,,,,
1,mean,DICES-350,41,101,0.02105263157894737,False,,,,,,,,,,,,,,,
1,mean,DICES-350,42,101,0.02469135802469136,False,,,,,,,,,,,,,,,
1,mean,DICES-350,43,101,0.1348314606741573,False,,,,,,,,,,,,,,,
1,mean,DICES-350,44,101,0.04210526315789474,False,,,,,,,,,,,,,,,
1,mean,DICES-350,45,101,0.020202020202020204,False,,,,,,,,,,,,,,,
1,mean,DICES-350,46,101,0.020202020202020204,False,,,,,,,,,,,,,,,
1,mean,DICES-350,47,101,0.020202020202020204,False,,,,,,,,,,,,,,,
1,mean,DICES-350,48,101,0.06315789473684211,False,,,,,,,,,,,,,,,
1,mean,DICES-350,49,101,0.05319148936170212,False,,,,,,,,,,,,,,,
1,mean,DICES-350,50,101,0.05319148936170212,False,,,,,,,,,,,,,,,
1,mean,DICES-350,51,101,0.056818181818181816,False,,,,,,,,,,,,,,,
1,mean,DICES-350,52,101,0.0,False,,,,,,,,,,,,,,,
1,mean,DICES-350,53,101,0.010869565217391306,False,,,,,,,,,,,,,,,
1,mean,DICES-350,54,101,0.06451612903225806,False,,,,,,,,,,,,,,,
1,mean,DICES-350,55,101,0.03125,False,,,,,,,,,,,,,,,
1,mean,DICES-350,56,101,0.030612244897959183,False,,,,,,,,,,,,,,,
1,mean,DICES-350,57,101,0.1829268292682927,False,,,,,,,,,,,,,,,
1,mean,DICES-350,58,101,0.030612244897959183,False,,,,,,,,,,,,,,,
1,mean,DICES-350,59,101,0.54,True,22.0,4.0,3.090909090909091,4.590909090909091,0.54,0.21536796536796537,0.1925978312116926,0.6433373496079766,15.0,0.30136280393538445,0.17750857438685044,race,"age, education, gender, race",4.0,4.0
1,mean,DICES-350,60,101,0.05434782608695652,False,,,,,,,,,,,,,,,
1,mean,DICES-350,61,101,0.030612244897959183,False,,,,,,,,,,,,,,,
1,mean,DICES-350,62,101,0.04301075268817203,False,,,,,,,,,,,,,,,
1,mean,DICES-350,63,101,0.030612244897959183,False,,,,,,,,,,,,,,,
1,mean,DICES-350,64,101,0.25675675675675674,False,,,,,,,,,,,,,,,
1,mean,DICES-350,65,101,0.2153846153846154,False,,,,,,,,,,,,,,,
1,mean,DICES-350,66,101,0.06593406593406594,False,,,,,,,,,,,,,,,
1,mean,DICES-350,67,101,0.041237113402061855,False,,,,,,,,,,,,,,,
1,mean,DICES-350,68,101,0.04210526315789474,False,,,,,,,,,,,,,,,
1,mean,DICES-350,69,101,0.0,False,,,,,,,,,,,,,,,
1,mean,DICES-350,70,101,0.020202020202020204,False,,,,,,,,,,,,,,,
1,mean,DICES-350,71,101,0.041237113402061855,False,,,,,,,,,,,,,,,
1,mean,DICES-350,72,101,0.41269841269841273,True,18.0,4.0,3.111111111111111,5.611111111111111,0.41269841269841273,0.2750440917107584,0.29303787521609304,0.28994668697639003,13.0,0.25696899183296773,0.17901167406117904,race,"age, education, gender, race",4.0,0.0
1,mean,DICES-350,73,101,0.732142857142857,True,22.0,4.0,3.1818181818181817,4.590909090909091,0.732142857142857,0.374512987012987,0.4545851013672796,0.3791032761812765,12.0,0.28970279248179137,0.17930614490020425,age,"age, education, gender, race",4.0,4.0
1,mean,DICES-350,74,101,0.0,False,,,,,,,,,,,,,,,
1,mean,DICES-350,75,101,0.020202020202020204,False,,,,,,,,,,,,,,,
1,mean,DICES-350,76,101,0.020202020202020204,False,,,,,,,,,,,,,,,
1,mean,DICES-350,77,101,0.010416666666666666,False,,,,,,,,,,,,,,,
1,mean,DICES-350,78,101,0.04301075268817203,False,,,,,,,,,,,,,,,
1,mean,DICES-350,79,101,0.14102564102564105,False,,,,,,,,,,,,,,,
1,mean,DICES-350,80,101,0.010204081632653062,False,,,,,,,,,,,,,,,
1,mean,DICES-350,81,101,0.15714285714285714,False,,,,,,,,,,,,,,,
1,mean,DICES-350,82,101,0.020618556701030924,False,,,,,,,,,,,,,,,
1,mean,DICES-350,83,101,0.010204081632653062,False,,,,,,,,,,,,,,,
1,mean,DICES-350,84,101,0.020202020202020204,False,,,,,,,,,,,,,,,
1,mean,DICES-350,85,101,0.020202020202020204,False,,,,,,,,,,,,,,,
1,mean,DICES-350,86,101,0.130952380952381,False,,,,,,,,,,,,,,,
1,mean,DICES-350,87,101,0.031914893617021274,False,,,,,,,,,,,,,,,
1,mean,DICES-350,88,101,0.020202020202020204,False,,,,,,,,,,,,,,,
1,mean,DICES-350,89,101,0.13793103448275862,False,,,,,,,,,,,,,,,
1,mean,DICES-350,90,101,0.030612244897959183,False,,,,,,,,,,,,,,,
1,mean,DICES-350,91,101,0.020202020202020204,False,,,,,,,,,,,,,,,
1,mean,DICES-350,92,101,0.06593406593406594,False,,,,,,,,,,,,,,,
1,mean,DICES-350,93,101,0.10714285714285714,False,,,,,,,,,,,,,,,
1,mean,DICES-350,94,101,0.3088235294117647,True,15.0,4.0,2.6666666666666665,6.733333333333333,0.3088235294117647,0.3557971014492754,0.27909312670397474,0.09626987543474852,9.0,0.2661333422419746,0.24046178143947258,race,"age, education, gender, race",4.0,2.0
1,mean,DICES-350,95,101,0.020202020202020204,False,,,,,,,,,,,,,,,
1,mean,DICES-350,96,101,0.030612244897959183,False,,,,,,,,,,,,,,,
1,mean,DICES-350,97,101,0.03125,False,,,,,,,,,,,,,,,
1,mean,DICES-350,98,101,0.030612244897959183,False,,,,,,,,,,,,,,,
1,mean,DICES-350,99,101,0.16666666666666666,False,,,,,,,,,,,,,,,
1,mean,DICES-350,100,101,0.04210526315789474,False,,,,,,,,,,,,,,,
1,mean,DICES-350,101,101,0.020202020202020204,False,,,,,,,,,,,,,,,
1,mean,DICES-350,102,101,0.021978021978021973,False,,,,,,,,,,,,,,,
1,mean,DICES-350,103,101,0.043956043956043966,False,,,,,,,,,,,,,,,
1,mean,DICES-350,104,101,0.043956043956043966,False,,,,,,,,,,,,,,,
1,mean,DICES-350,105,101,0.0,False,,,,,,,,,,,,,,,
1,mean,DICES-350,106,101,0.010416666666666666,False,,,,,,,,,,,,,,,
1,mean,DICES-350,107,101,0.052083333333333336,False,,,,,,,,,,,,,,,
1,mean,DICES-350,108,101,0.020202020202020204,False,,,,,,,,,,,,,,,
1,mean,DICES-350,109,101,0.020202020202020204,False,,,,,,,,,,,,,,,
1,mean,DICES-350,110,101,0.06451612903225806,False,,,,,,,,,,,,,,,
1,mean,DICES-350,111,101,0.030612244897959183,False,,,,,,,,,,,,,,,
1,mean,DICES-350,112,101,0.030612244897959183,False,,,,,,,,,,,,,,,
1,mean,DICES-350,113,101,0.020202020202020204,False,,,,,,,,,,,,,,,
1,mean,DICES-350,114,101,0.020202020202020204,False,,,,,,,,,,,,,,,
1,mean,DICES-350,115,101,0.08536585365853659,False,,,,,,,,,,,,,,,
1,mean,DICES-350,116,101,0.08139534883720931,False,,,,,,,,,,,,,,,
1,mean,DICES-350,117,101,0.11235955056179776,False,,,,,,,,,,,,,,,
1,mean,DICES-350,118,101,0.4761904761904763,True,18.0,3.0,2.7222222222222223,5.611111111111111,0.4761904761904763,0.39882154882154874,0.3933693369336934,0.17392439243924396,11.0,0.2773305470679224,0.23508303211273499,race,"age, education, gender, race",4.0,3.0
1,mean,DICES-350,119,101,0.6037735849056604,True,19.0,4.0,3.210526315789474,5.315789473684211,0.6037735849056604,0.36315789473684207,0.3755775577557756,0.37794966996699664,13.0,0.26496906521181235,0.16223657406171882,age,"age, education, gender, race",4.0,4.0
1,mean,DICES-350,120,101,0.020202020202020204,False,,,,,,,,,,,,,,,
1,mean,DICES-350,121,101,0.05555555555555556,False,,,,,,,,,,,,,,,
1,mean,DICES-350,122,101,0.030612244897959183,False,,,,,,,,,,,,,,,
1,mean,DICES-350,123,101,0.19753086419753085,False,,,,,,,,,,,,,,,
1,mean,DICES-350,124,101,0.6666666666666667,True,23.0,4.0,3.4347826086956523,4.391304347826087,0.6666666666666667,0.33007246376811594,0.33556105610561054,0.4966584158415842,15.0,0.29324227068616077,0.20095342867620092,gender,"age, education, gender, race",4.0,3.0
1,mean,DICES-350,125,101,0.041237113402061855,False,,,,,,,,,,,,,,,
1,mean,DICES-350,126,101,0.041237113402061855,False,,,,,,,,,,,,,,,
1,mean,DICES-350,127,101,0.75,True,13.0,4.0,2.8461538461538463,7.769230769230769,0.75,0.4122377622377622,0.5386888688868887,0.2817481748174817,8.0,0.3150406704031172,0.20637242295658131,race,"age, education, gender, race",4.0,2.0
1,mean,DICES-350,128,101,0.09195402298850575,False,,,,,,,,,,,,,,,
1,mean,DICES-350,129,101,0.030612244897959183,False,,,,,,,,,,,,,,,
1,mean,DICES-350,130,101,0.020202020202020204,False,,,,,,,,,,,,,,,
1,mean,DICES-350,131,101,0.09782608695652173,False,,,,,,,,,,,,,,,
1,mean,DICES-350,132,101,0.06593406593406594,False,,,,,,,,,,,,,,,
1,mean,DICES-350,133,101,0.03260869565217391,False,,,,,,,,,,,,,,,
1,mean,DICES-350,134,101,0.06451612903225806,False,,,,,,,,,,,,,,,
1,mean,DICES-350,135,101,0.0,False,,,,,,,,,,,,,,,
1,mean,DICES-350,136,101,0.041237113402061855,False,,,,,,,,,,,,,,,
1,mean,DICES-350,137,101,0.11538461538461538,False,,,,,,,,,,,,,,,
1,mean,DICES-350,138,101,0.0449438202247191,False,,,,,,,,,,,,,,,
1,mean,DICES-350,139,101,0.11235955056179776,False,,,,,,,,,,,,,,,
1,mean,DICES-350,140,101,0.020202020202020204,False,,,,,,,,,,,,,,,
1,mean,DICES-350,141,101,0.11764705882352942,False,,,,,,,,,,,,,,,
1,mean,DICES-350,142,101,0.5098039215686274,True,22.0,4.0,3.1818181818181817,4.590909090909091,0.5098039215686274,0.3674242424242424,0.33910891089108913,0.3348248286367097,15.0,0.26964382238361123,0.15966694708686555,race,"age, education, gender, race",4.0,4.0
1,mean,DICES-350,143,101,0.8627450980392158,True,21.0,4.0,3.0476190476190474,4.809523809523809,0.8627450980392158,0.35634920634920636,0.44405940594059407,0.48529477947794786,14.0,0.3294964977000246,0.30286999288164124,race,"age, education, gender, race",4.0,3.0
1,mean,DICES-350,144,101,0.04210526315789474,False,,,,,,,,,,,,,,,
1,mean,DICES-350,145,101,0.020202020202020204,False,,,,,,,,,,,,,,,
1,mean,DICES-350,146,101,0.05319148936170212,False,,,,,,,,,,,,,,,
1,mean,DICES-350,147,101,0.23376623376623376,False,,,,,,,,,,,,,,,
1,mean,DICES-350,148,101,0.0879120879120879,False,,,,,,,,,,,,,,,
1,mean,DICES-350,149,101,0.0898876404494382,False,,,,,,,,,,,,,,,
1,mean,DICES-350,150,101,0.22368421052631576,False,,,,,,,,,,,,,,,
1,mean,DICES-350,151,101,0.07608695652173914,False,,,,,,,,,,,,,,,
1,mean,DICES-350,152,101,0.030612244897959183,False,,,,,,,,,,,,,,,
1,mean,DICES-350,153,101,0.030612244897959183,False,,,,,,,,,,,,,,,
1,mean,DICES-350,154,101,0.2205882352941176,False,,,,,,,,,,,,,,,
1,mean,DICES-350,155,101,0.390625,True,16.0,4.0,2.75,6.3125,0.390625,0.39943181818181817,0.24725472547254726,0.36702790279027897,10.0,0.33110943759605843,0.2647851838755304,race,"age, education, gender, race",4.0,4.0
1,mean,DICES-350,156,101,0.020202020202020204,False,,,,,,,,,,,,,,,
1,mean,DICES-350,157,101,0.0,False,,,,,,,,,,,,,,,
1,mean,DICES-350,158,101,0.0879120879120879,False,,,,,,,,,,,,,,,
1,mean,DICES-350,159,101,0.0,False,,,,,,,,,,,,,,,
1,mean,DICES-350,160,101,0.10989010989010989,False,,,,,,,,,,,,,,,
1,mean,DICES-350,161,101,0.34722222222222227,True,16.0,4.0,2.8125,6.3125,0.34722222222222227,0.2843521062271062,0.2914681028542415,0.1605718637797845,11.0,0.3140694853982635,0.10326605124280543,race,"age, education, gender, race",4.0,1.0
1,mean,DICES-350,162,101,0.07777777777777777,False,,,,,,,,,,,,,,,
1,mean,DICES-350,163,101,0.03125,False,,,,,,,,,,,,,,,
1,mean,DICES-350,164,101,0.04210526315789474,False,,,,,,,,,,,,,,,
1,mean,DICES-350,165,101,0.020202020202020204,False,,,,,,,,,,,,,,,
1,mean,DICES-350,166,101,0.2711864406779661,False,,,,,,,,,,,,,,,
1,mean,DICES-350,167,101,0.5882352941176472,True,20.0,4.0,3.0,5.05,0.5882352941176472,0.48375,0.4627887788778877,0.21325907590759108,12.0,0.23095741501595055,0.20152897642705456,age,"age, education, gender, race",4.0,7.0
1,mean,DICES-350,168,101,0.3692307692307692,True,21.0,4.0,3.142857142857143,4.809523809523809,0.3692307692307692,0.47517006802721085,0.41784535596416783,-0.13166450573628796,15.0,0.2043508117897458,0.2220728860216338,race,"age, education, gender, race",4.0,7.0
1,mean,DICES-350,169,101,0.010869565217391306,False,,,,,,,,,,,,,,,
1,mean,DICES-350,170,101,0.0,False,,,,,,,,,,,,,,,
1,mean,DICES-350,171,101,0.05434782608695652,False,,,,,,,,,,,,,,,
1,mean,DICES-350,172,101,0.0,False,,,,,,,,,,,,,,,
1,mean,DICES-350,173,101,0.010416666666666666,False,,,,,,,,,,,,,,,
1,mean,DICES-350,174,101,0.04301075268817203,False,,,,,,,,,,,,,,,
1,mean,DICES-350,175,101,0.02105263157894737,False,,,,,,,,,,,,,,,
1,mean,DICES-350,176,101,0.020618556701030924,False,,,,,,,,,,,,,,,
1,mean,DICES-350,177,101,0.010204081632653062,False,,,,,,,,,,,,,,,
1,mean,DICES-350,178,101,0.020202020202020204,False,,,,,,,,,,,,,,,
1,mean,DICES-350,179,101,0.020618556701030924,False,,,,,,,,,,,,,,,
1,mean,DICES-350,180,101,0.04210526315789474,False,,,,,,,,,,,,,,,
1,mean,DICES-350,181,101,0.0,False,,,,,,,,,,,,,,,
1,mean,DICES-350,182,101,0.030612244897959183,False,,,,,,,,,,,,,,,
1,mean,DICES-350,183,101,0.030612244897959183,False,,,,,,,,,,,,,,,
1,mean,DICES-350,184,101,0.03333333333333334,False,,,,,,,,,,,,,,,
1,mean,DICES-350,185,101,0.010416666666666666,False,,,,,,,,,,,,,,,
1,mean,DICES-350,186,101,0.06741573033707865,False,,,,,,,,,,,,,,,
1,mean,DICES-350,187,101,0.030612244897959183,False,,,,,,,,,,,,,,,
1,mean,DICES-350,188,101,0.021978021978021973,False,,,,,,,,,,,,,,,
1,mean,DICES-350,189,101,0.020202020202020204,False,,,,,,,,,,,,,,,
1,mean,DICES-350,190,101,0.03125,False,,,,,,,,,,,,,,,
1,mean,DICES-350,191,101,0.05319148936170212,False,,,,,,,,,,,,,,,
1,mean,DICES-350,192,101,0.0,False,,,,,,,,,,,,,,,
1,mean,DICES-350,193,101,0.058139534883720936,False,,,,,,,,,,,,,,,
1,mean,DICES-350,194,101,0.15116279069767444,False,,,,,,,,,,,,,,,
1,mean,DICES-350,195,101,0.7234042553191489,True,15.0,4.0,2.8666666666666667,6.733333333333333,0.7234042553191489,0.33428571428571435,0.4392739273927392,0.3927683944865076,9.0,0.33765804718778497,0.16577721601947434,race,"age, education, gender, race",4.0,3.0
1,mean,DICES-350,196,101,0.4166666666666667,True,22.0,4.0,3.1363636363636362,4.590909090909091,0.4166666666666667,0.24267676767676766,0.28773377337733774,0.3094389438943894,15.0,0.27805281460625725,0.2664678006262165,race,"age, education, gender, race",4.0,1.0
1,mean,DICES-350,197,101,0.20833333333333334,False,,,,,,,,,,,,,,,
1,mean,DICES-350,198,101,0.020202020202020204,False,,,,,,,,,,,,,,,
1,mean,DICES-350,199,101,0.12790697674418605,False,,,,,,,,,,,,,,,
1,mean,DICES-350,200,101,0.030612244897959183,False,,,,,,,,,,,,,,,
1,mean,DICES-350,201,101,0.030612244897959183,False,,,,,,,,,,,,,,,
1,mean,DICES-350,202,101,0.15584415584415584,False,,,,,,,,,,,,,,,
1,mean,DICES-350,203,101,0.05319148936170212,False,,,,,,,,,,,,,,,
1,mean,DICES-350,204,101,0.26865671641791045,False,,,,,,,,,,,,,,,
1,mean,DICES-350,205,101,0.010416666666666666,False,,,,,,,,,,,,,,,
1,mean,DICES-350,206,101,0.052083333333333336,False,,,,,,,,,,,,,,,
1,mean,DICES-350,207,101,0.03260869565217391,False,,,,,,,,,,,,,,,
1,mean,DICES-350,208,101,0.05319148936170212,False,,,,,,,,,,,,,,,
1,mean,DICES-350,209,101,0.020202020202020204,False,,,,,,,,,,,,,,,
1,mean,DICES-350,210,101,0.12222222222222222,False,,,,,,,,,,,,,,,
1,mean,DICES-350,211,101,0.0,False,,,,,,,,,,,,,,,
1,mean,DICES-350,212,101,0.02105263157894737,False,,,,,,,,,,,,,,,
1,mean,DICES-350,213,101,0.030612244897959183,False,,,,,,,,,,,,,,,
1,mean,DICES-350,214,101,0.041237113402061855,False,,,,,,,,,,,,,,,
1,mean,DICES-350,215,101,0.0449438202247191,False,,,,,,,,,,,,,,,
1,mean,DICES-350,216,101,0.0898876404494382,False,,,,,,,,,,,,,,,
1,mean,DICES-350,217,101,0.01,False,,,,,,,,,,,,,,,
1,mean,DICES-350,218,101,0.06593406593406594,False,,,,,,,,,,,,,,,
1,mean,DICES-350,219,101,0.02105263157894737,False,,,,,,,,,,,,,,,
1,mean,DICES-350,220,101,0.01,False,,,,,,,,,,,,,,,
1,mean,DICES-350,221,101,0.020618556701030924,False,,,,,,,,,,,,,,,
1,mean,DICES-350,222,101,0.20253164556962025,False,,,,,,,,,,,,,,,
1,mean,DICES-350,223,101,0.020202020202020204,False,,,,,,,,,,,,,,,
1,mean,DICES-350,224,101,0.06451612903225806,False,,,,,,,,,,,,,,,
1,mean,DICES-350,225,101,0.020618556701030924,False,,,,,,,,,,,,,,,
1,mean,DICES-350,226,101,0.16,False,,,,,,,,,,,,,,,
1,mean,DICES-350,227,101,0.2898550724637681,False,,,,,,,,,,,,,,,
1,mean,DICES-350,228,101,0.010204081632653062,False,,,,,,,,,,,,,,,
1,mean,DICES-350,229,101,0.021505376344086023,False,,,,,,,,,,,,,,,
1,mean,DICES-350,230,101,0.041237113402061855,False,,,,,,,,,,,,,,,
1,mean,DICES-350,231,101,0.06315789473684211,False,,,,,,,,,,,,,,,
1,mean,DICES-350,232,101,0.041237113402061855,False,,,,,,,,,,,,,,,
1,mean,DICES-350,233,101,0.041237113402061855,False,,,,,,,,,,,,,,,
1,mean,DICES-350,234,101,0.4307692307692308,True,22.0,4.0,3.090909090909091,4.590909090909091,0.4307692307692308,0.4078282828282829,0.37816281628162823,0.12212203363193452,15.0,0.25911731650613123,0.14489118783673238,race,"age, education, gender, race",4.0,4.0
1,mean,DICES-350,235,101,0.031914893617021274,False,,,,,,,,,,,,,,,
1,mean,DICES-350,236,101,0.05434782608695652,False,,,,,,,,,,,,,,,
1,mean,DICES-350,237,101,0.07777777777777777,False,,,,,,,,,,,,,,,
1,mean,DICES-350,238,101,0.020202020202020204,False,,,,,,,,,,,,,,,
1,mean,DICES-350,239,101,0.020202020202020204,False,,,,,,,,,,,,,,,
1,mean,DICES-350,240,101,0.8125000000000001,True,23.0,4.0,3.1739130434782608,4.391304347826087,0.8125000000000001,0.4739130434782609,0.4212871287128713,0.4814927646610816,16.0,0.2605245923660071,0.2754020254966673,race,"age, education, gender, race",4.0,8.0
1,mean,DICES-350,241,101,0.04705882352941178,False,,,,,,,,,,,,,,,
1,mean,DICES-350,242,101,0.0,False,,,,,,,,,,,,,,,
1,mean,DICES-350,243,101,0.020202020202020204,False,,,,,,,,,,,,,,,
1,mean,DICES-350,244,101,0.6181818181818182,True,18.0,4.0,3.0,5.611111111111111,0.6181818181818182,0.32579365079365075,0.3981848184818482,0.3558774995146573,9.0,0.4028715132660261,0.22450506134357276,gender,"age, education, gender, race",4.0,4.0
1,mean,DICES-350,245,101,0.10465116279069767,False,,,,,,,,,,,,,,,
1,mean,DICES-350,246,101,0.020202020202020204,False,,,,,,,,,,,,,,,
1,mean,DICES-350,247,101,0.020202020202020204,False,,,,,,,,,,,,,,,
1,mean,DICES-350,248,101,0.03333333333333334,False,,,,,,,,,,,,,,,
1,mean,DICES-350,249,101,0.0898876404494382,False,,,,,,,,,,,,,,,
1,mean,DICES-350,250,101,0.03125,False,,,,,,,,,,,,,,,
1,mean,DICES-350,251,101,0.03333333333333334,False,,,,,,,,,,,,,,,
1,mean,DICES-350,252,101,0.041237113402061855,False,,,,,,,,,,,,,,,
1,mean,DICES-350,253,101,0.03409090909090909,False,,,,,,,,,,,,,,,
1,mean,DICES-350,254,101,0.020618556701030924,False,,,,,,,,,,,,,,,
1,mean,DICES-350,255,101,0.8200000000000001,True,1.0,0.0,0.0,101.0,0.8200000000000001,0.8200000000000001,0.8200000000000001,0.0,0.0,,,,,0.0,0.0
1,mean,DICES-350,256,101,0.03125,False,,,,,,,,,,,,,,,
1,mean,DICES-350,257,101,0.031914893617021274,False,,,,,,,,,,,,,,,
1,mean,DICES-350,258,101,0.030612244897959183,False,,,,,,,,,,,,,,,
1,mean,DICES-350,259,101,0.7272727272727273,True,20.0,4.0,3.1,5.05,0.7272727272727273,0.4,0.405940594059406,0.4418316831683168,14.0,0.30413064970365644,0.29507566141229513,race,"age, education, gender, race",4.0,4.0
1,mean,DICES-350,260,101,0.020202020202020204,False,,,,,,,,,,,,,,,
1,mean,DICES-350,261,101,0.052083333333333336,False,,,,,,,,,,,,,,,
1,mean,DICES-350,262,101,0.05319148936170212,False,,,,,,,,,,,,,,,
1,mean,DICES-350,263,101,0.04210526315789474,False,,,,,,,,,,,,,,,
1,mean,DICES-350,264,101,0.39344262295081966,True,18.0,4.0,3.111111111111111,5.611111111111111,0.39344262295081966,0.29485329485329487,0.2172002914577172,0.4479492592116354,13.0,0.3086370672763179,0.30211721406332664,race,"age, education, gender, race",4.0,2.0
1,mean,DICES-350,265,101,0.08602150537634408,False,,,,,,,,,,,,,,,
1,mean,DICES-350,266,101,0.06315789473684211,False,,,,,,,,,,,,,,,
1,mean,DICES-350,267,101,0.435483870967742,True,18.0,4.0,3.0,5.611111111111111,0.435483870967742,0.40066425120772947,0.28280599799110345,0.35059363424265144,11.0,0.3043108611632772,0.29023061007147216,race,"age, education, gender, race",4.0,4.0
1,mean,DICES-350,268,101,0.020202020202020204,False,,,,,,,,,,,,,,,
1,mean,DICES-350,269,101,0.04301075268817203,False,,,,,,,,,,,,,,,
1,mean,DICES-350,270,101,0.020618556701030924,False,,,,,,,,,,,,,,,
1,mean,DICES-350,271,101,0.020202020202020204,False,,,,,,,,,,,,,,,
1,mean,DICES-350,272,101,0.05555555555555556,False,,,,,,,,,,,,,,,
1,mean,DICES-350,273,101,0.1927710843373494,False,,,,,,,,,,,,,,,
1,mean,DICES-350,274,101,0.030612244897959183,False,,,,,,,,,,,,,,,
1,mean,DICES-350,275,101,0.07954545454545456,False,,,,,,,,,,,,,,,
1,mean,DICES-350,276,101,0.020202020202020204,False,,,,,,,,,,,,,,,
1,mean,DICES-350,277,101,0.020202020202020204,False,,,,,,,,,,,,,,,
1,mean,DICES-350,278,101,0.11249999999999999,False,,,,,,,,,,,,,,,
1,mean,DICES-350,279,101,0.27631578947368424,False,,,,,,,,,,,,,,,
1,mean,DICES-350,280,101,0.020202020202020204,False,,,,,,,,,,,,,,,
1,mean,DICES-350,281,101,0.0,False,,,,,,,,,,,,,,,
1,mean,DICES-350,282,101,0.15476190476190477,False,,,,,,,,,,,,,,,
1,mean,DICES-350,283,101,0.030612244897959183,False,,,,,,,,,,,,,,,
1,mean,DICES-350,284,101,0.056818181818181816,False,,,,,,,,,,,,,,,
1,mean,DICES-350,285,101,0.06451612903225806,False,,,,,,,,,,,,,,,
1,mean,DICES-350,286,101,0.020202020202020204,False,,,,,,,,,,,,,,,
1,mean,DICES-350,287,101,0.2535211267605634,False,,,,,,,,,,,,,,,
1,mean,DICES-350,288,101,0.030612244897959183,False,,,,,,,,,,,,,,,
1,mean,DICES-350,289,101,0.020202020202020204,False,,,,,,,,,,,,,,,
1,mean,DICES-350,290,101,0.020202020202020204,False,,,,,,,,,,,,,,,
1,mean,DICES-350,291,101,0.21794871794871795,False,,,,,,,,,,,,,,,
1,mean,DICES-350,292,101,0.04705882352941178,False,,,,,,,,,,,,,,,
1,mean,DICES-350,293,101,0.08602150537634408,False,,,,,,,,,,,,,,,
1,mean,DICES-350,294,101,0.056818181818181816,False,,,,,,,,,,,,,,,
1,mean,DICES-350,295,101,0.11235955056179776,False,,,,,,,,,,,,,,,
1,mean,DICES-350,296,101,0.1,False,,,,,,,,,,,,,,,
1,mean,DICES-350,297,101,0.030612244897959183,False,,,,,,,,,,,,,,,
1,mean,DICES-350,298,101,0.27142857142857146,False,,,,,,,,,,,,,,,
1,mean,DICES-350,299,101,0.010416666666666666,False,,,,,,,,,,,,,,,
1,mean,DICES-350,300,101,0.9019607843137254,True,16.0,4.0,3.0,6.3125,0.9019607843137254,0.27723214285714287,0.41991984912777,0.5344366890105159,12.0,0.27452893831837305,0.38300927377805644,race,"age, education, gender, race",4.0,0.0
1,mean,DICES-350,301,101,0.06451612903225806,False,,,,,,,,,,,,,,,
1,mean,DICES-350,302,101,0.29850746268656714,False,,,,,,,,,,,,,,,
1,mean,DICES-350,303,101,0.1518987341772152,False,,,,,,,,,,,,,,,
1,mean,DICES-350,304,101,0.020202020202020204,False,,,,,,,,,,,,,,,
1,mean,DICES-350,305,101,0.049382716049382706,False,,,,,,,,,,,,,,,
1,mean,DICES-350,306,101,0.0,False,,,,,,,,,,,,,,,
1,mean,DICES-350,307,101,0.16438356164383564,False,,,,,,,,,,,,,,,
1,mean,DICES-350,308,101,0.18571428571428572,False,,,,,,,,,,,,,,,
1,mean,DICES-350,309,101,0.041237113402061855,False,,,,,,,,,,,,,,,
1,mean,DICES-350,310,101,0.0879120879120879,False,,,,,,,,,,,,,,,
1,mean,DICES-350,311,101,0.12162162162162161,False,,,,,,,,,,,,,,,
1,mean,DICES-350,312,101,0.041237113402061855,False,,,,,,,,,,,,,,,
1,mean,DICES-350,313,101,0.08139534883720931,False,,,,,,,,,,,,,,,
1,mean,DICES-350,314,101,0.020202020202020204,False,,,,,,,,,,,,,,,
1,mean,DICES-350,315,101,0.020618556701030924,False,,,,,,,,,,,,,,,
1,mean,DICES-350,316,101,0.02298850574712644,False,,,,,,,,,,,,,,,
1,mean,DICES-350,317,101,0.3787878787878788,True,13.0,3.0,2.3846153846153846,7.769230769230769,0.3787878787878788,0.36230436230436225,0.3540996956838541,0.06517680339462528,7.0,0.22172325242426116,0.1697558853629724,race,"age, education, gender, race",4.0,1.0
1,mean,DICES-350,318,101,0.041237113402061855,False,,,,,,,,,,,,,,,
1,mean,DICES-350,319,101,0.02105263157894737,False,,,,,,,,,,,,,,,
1,mean,DICES-350,320,101,0.2535211267605634,False,,,,,,,,,,,,,,,
1,mean,DICES-350,321,101,0.06451612903225806,False,,,,,,,,,,,,,,,
1,mean,DICES-350,322,101,0.020618556701030924,False,,,,,,,,,,,,,,,
1,mean,DICES-350,323,101,0.020202020202020204,False,,,,,,,,,,,,,,,
1,mean,DICES-350,324,101,0.04210526315789474,False,,,,,,,,,,,,,,,
1,mean,DICES-350,325,101,0.25675675675675674,False,,,,,,,,,,,,,,,
1,mean,DICES-350,326,101,0.041237113402061855,False,,,,,,,,,,,,,,,
1,mean,DICES-350,327,101,0.010204081632653062,False,,,,,,,,,,,,,,,
1,mean,DICES-350,328,101,0.030612244897959183,False,,,,,,,,,,,,,,,
1,mean,DICES-350,329,101,0.020202020202020204,False,,,,,,,,,,,,,,,
1,mean,DICES-350,330,101,0.041237113402061855,False,,,,,,,,,,,,,,,
1,mean,DICES-350,331,101,0.05319148936170212,False,,,,,,,,,,,,,,,
1,mean,DICES-350,332,101,0.041237113402061855,False,,,,,,,,,,,,,,,
1,mean,DICES-350,333,101,0.7234042553191489,True,16.0,4.0,2.8125,6.3125,0.7234042553191489,0.38304924242424243,0.32125712571257126,0.5559092673973279,10.0,0.2920071722442687,0.42464505247578765,race,"age, education, gender, race",4.0,3.0
1,mean,DICES-350,334,101,0.030612244897959183,False,,,,,,,,,,,,,,,
1,mean,DICES-350,335,101,0.020202020202020204,False,,,,,,,,,,,,,,,
1,mean,DICES-350,336,101,0.020202020202020204,False,,,,,,,,,,,,,,,
1,mean,DICES-350,337,101,0.06315789473684211,False,,,,,,,,,,,,,,,
1,mean,DICES-350,338,101,0.020202020202020204,False,,,,,,,,,,,,,,,
1,mean,DICES-350,339,101,0.05952380952380953,False,,,,,,,,,,,,,,,
1,mean,DICES-350,340,101,0.020202020202020204,False,,,,,,,,,,,,,,,
1,mean,DICES-350,341,101,0.020202020202020204,False,,,,,,,,,,,,,,,
1,mean,DICES-350,342,101,0.6851851851851851,True,23.0,4.0,3.217391304347826,4.391304347826087,0.6851851851851851,0.3260869565217391,0.33003300330033003,0.5183302113995183,16.0,0.24706027560583246,0.28887253804745544,race,"age, education, gender, race",4.0,3.0
1,mean,DICES-350,343,101,0.030612244897959183,False,,,,,,,,,,,,,,,
1,mean,DICES-350,344,101,0.041237113402061855,False,,,,,,,,,,,,,,,
1,mean,DICES-350,345,101,0.14457831325301204,False,,,,,,,,,,,,,,,
1,mean,DICES-350,346,101,0.0,False,,,,,,,,,,,,,,,
1,mean,DICES-350,347,101,0.010204081632653062,False,,,,,,,,,,,,,,,
1,mean,DICES-350,348,101,0.020202020202020204,False,,,,,,,,,,,,,,,
1,mean,DICES-350,349,101,0.010204081632653062,False,,,,,,,,,,,,,,,
1,mean,DICES-350,350,101,0.01,False,,,,,,,,,,,,,,,
1,harmonic,DICES-350,1,101,0.030612244897959183,False,,,,,,,,,,,,,,,
1,harmonic,DICES-350,2,101,0.06896551724137931,False,,,,,,,,,,,,,,,
1,harmonic,DICES-350,3,101,0.06896551724137931,False,,,,,,,,,,,,,,,
1,harmonic,DICES-350,4,101,0.020202020202020204,False,,,,,,,,,,,,,,,
1,harmonic,DICES-350,5,101,0.11764705882352942,False,,,,,,,,,,,,,,,
1,harmonic,DICES-350,6,101,0.03125,False,,,,,,,,,,,,,,,
1,harmonic,DICES-350,7,101,0.253968253968254,False,,,,,,,,,,,,,,,
1,harmonic,DICES-350,8,101,0.6724137931034484,True,1.0,0.0,0.0,101.0,0.6724137931034484,0.6724137931034484,0.6724137931034484,0.0,0.0,,,,,0.0,0.0
1,harmonic,DICES-350,9,101,0.05434782608695652,False,,,,,,,,,,,,,,,
1,harmonic,DICES-350,10,101,0.1772151898734177,False,,,,,,,,,,,,,,,
1,harmonic,DICES-350,11,101,0.0,False,,,,,,,,,,,,,,,
1,harmonic,DICES-350,12,101,0.030612244897959183,False,,,,,,,,,,,,,,,
1,harmonic,DICES-350,13,101,0.020202020202020204,False,,,,,,,,,,,,,,,
1,harmonic,DICES-350,14,101,0.14814814814814814,False,,,,,,,,,,,,,,,
1,harmonic,DICES-350,15,101,0.020202020202020204,False,,,,,,,,,,,,,,,
1,harmonic,DICES-350,16,101,0.0898876404494382,False,,,,,,,,,,,,,,,
1,harmonic,DICES-350,17,101,0.0,False,,,,,,,,,,,,,,,
1,harmonic,DICES-350,18,101,0.048192771084337345,False,,,,,,,,,,,,,,,
1,harmonic,DICES-350,19,101,0.07608695652173914,False,,,,,,,,,,,,,,,
1,harmonic,DICES-350,20,101,0.030612244897959183,False,,,,,,,,,,,,,,,
1,harmonic,DICES-350,21,101,0.021505376344086023,False,,,,,,,,,,,,,,,
1,harmonic,DICES-350,22,101,0.03125,False,,,,,,,,,,,,,,,
1,harmonic,DICES-350,23,101,0.052083333333333336,False,,,,,,,,,,,,,,,
1,harmonic,DICES-350,24,101,0.03409090909090909,False,,,,,,,,,,,,,,,
1,harmonic,DICES-350,25,101,0.06593406593406594,False,,,,,,,,,,,,,,,
1,harmonic,DICES-350,26,101,0.24358974358974358,False,,,,,,,,,,,,,,,
1,harmonic,DICES-350,27,101,0.04210526315789474,False,,,,,,,,,,,,,,,
1,harmonic,DICES-350,28,101,0.07407407407407407,False,,,,,,,,,,,,,,,
1,harmonic,DICES-350,29,101,0.030612244897959183,False,,,,,,,,,,,,,,,
1,harmonic,DICES-350,30,101,0.04301075268817203,False,,,,,,,,,,,,,,,
1,harmonic,DICES-350,31,101,0.020202020202020204,False,,,,,,,,,,,,,,,
1,harmonic,DICES-350,32,101,0.030612244897959183,False,,,,,,,,,,,,,,,
1,harmonic,DICES-350,33,101,0.04301075268817203,False,,,,,,,,,,,,,,,
1,harmonic,DICES-350,34,101,0.010416666666666666,False,,,,,,,,,,,,,,,
1,harmonic,DICES-350,35,101,0.010204081632653062,False,,,,,,,,,,,,,,,
1,harmonic,DICES-350,36,101,0.020202020202020204,False,,,,,,,,,,,,,,,
1,harmonic,DICES-350,37,101,0.020202020202020204,False,,,,,,,,,,,,,,,
1,harmonic,DICES-350,38,101,0.11764705882352942,False,,,,,,,,,,,,,,,
1,harmonic,DICES-350,39,101,0.020202020202020204,False,,,,,,,,,,,,,,,
1,harmonic,DICES-350,40,101,0.2608695652173913,False,,,,,,,,,,,,,,,
1,harmonic,DICES-350,41,101,0.02105263157894737,False,,,,,,,,,,,,,,,
1,harmonic,DICES-350,42,101,0.02469135802469136,False,,,,,,,,,,,,,,,
1,harmonic,DICES-350,43,101,0.1348314606741573,False,,,,,,,,,,,,,,,
1,harmonic,DICES-350,44,101,0.04210526315789474,False,,,,,,,,,,,,,,,
1,harmonic,DICES-350,45,101,0.020202020202020204,False,,,,,,,,,,,,,,,
1,harmonic,DICES-350,46,101,0.020202020202020204,False,,,,,,,,,,,,,,,
1,harmonic,DICES-350,47,101,0.020202020202020204,False,,,,,,,,,,,,,,,
1,harmonic,DICES-350,48,101,0.06315789473684211,False,,,,,,,,,,,,,,,
1,harmonic,DICES-350,49,101,0.05319148936170212,False,,,,,,,,,,,,,,,
1,harmonic,DICES-350,50,101,0.05319148936170212,False,,,,,,,,,,,,,,,
1,harmonic,DICES-350,51,101,0.056818181818181816,False,,,,,,,,,,,,,,,
1,harmonic,DICES-350,52,101,0.0,False,,,,,,,,,,,,,,,
1,harmonic,DICES-350,53,101,0.010869565217391306,False,,,,,,,,,,,,,,,
1,harmonic,DICES-350,54,101,0.06451612903225806,False,,,,,,,,,,,,,,,
1,harmonic,DICES-350,55,101,0.03125,False,,,,,,,,,,,,,,,
1,harmonic,DICES-350,56,101,0.030612244897959183,False,,,,,,,,,,,,,,,
1,harmonic,DICES-350,57,101,0.1829268292682927,False,,,,,,,,,,,,,,,
1,harmonic,DICES-350,58,101,0.030612244897959183,False,,,,,,,,,,,,,,,
1,harmonic,DICES-350,59,101,0.54,True,19.0,4.0,2.8947368421052633,5.315789473684211,0.54,0.16763499658236503,0.21892546397496893,0.594582474120428,12.0,0.2573856939985128,0.14243264365806074,race,"age, education, gender, race",4.0,3.0
1,harmonic,DICES-350,60,101,0.05434782608695652,False,,,,,,,,,,,,,,,
1,harmonic,DICES-350,61,101,0.030612244897959183,False,,,,,,,,,,,,,,,
1,harmonic,DICES-350,62,101,0.04301075268817203,False,,,,,,,,,,,,,,,
1,harmonic,DICES-350,63,101,0.030612244897959183,False,,,,,,,,,,,,,,,
1,harmonic,DICES-350,64,101,0.25675675675675674,False,,,,,,,,,,,,,,,
1,harmonic,DICES-350,65,101,0.2153846153846154,False,,,,,,,,,,,,,,,
1,harmonic,DICES-350,66,101,0.06593406593406594,False,,,,,,,,,,,,,,,
1,harmonic,DICES-350,67,101,0.041237113402061855,False,,,,,,,,,,,,,,,
1,harmonic,DICES-350,68,101,0.04210526315789474,False,,,,,,,,,,,,,,,
1,harmonic,DICES-350,69,101,0.0,False,,,,,,,,,,,,,,,
1,harmonic,DICES-350,70,101,0.020202020202020204,False,,,,,,,,,,,,,,,
1,harmonic,DICES-350,71,101,0.041237113402061855,False,,,,,,,,,,,,,,,
1,harmonic,DICES-350,72,101,0.41269841269841273,True,1.0,0.0,0.0,101.0,0.41269841269841273,0.41269841269841273,0.41269841269841273,0.0,0.0,,,,,0.0,0.0
1,harmonic,DICES-350,73,101,0.732142857142857,True,1.0,0.0,0.0,101.0,0.732142857142857,0.732142857142857,0.732142857142857,0.0,0.0,,,,,0.0,0.0
1,harmonic,DICES-350,74,101,0.0,False,,,,,,,,,,,,,,,
1,harmonic,DICES-350,75,101,0.020202020202020204,False,,,,,,,,,,,,,,,
1,harmonic,DICES-350,76,101,0.020202020202020204,False,,,,,,,,,,,,,,,
1,harmonic,DICES-350,77,101,0.010416666666666666,False,,,,,,,,,,,,,,,
1,harmonic,DICES-350,78,101,0.04301075268817203,False,,,,,,,,,,,,,,,
1,harmonic,DICES-350,79,101,0.14102564102564105,False,,,,,,,,,,,,,,,
1,harmonic,DICES-350,80,101,0.010204081632653062,False,,,,,,,,,,,,,,,
1,harmonic,DICES-350,81,101,0.15714285714285714,False,,,,,,,,,,,,,,,
1,harmonic,DICES-350,82,101,0.020618556701030924,False,,,,,,,,,,,,,,,
1,harmonic,DICES-350,83,101,0.010204081632653062,False,,,,,,,,,,,,,,,
1,harmonic,DICES-350,84,101,0.020202020202020204,False,,,,,,,,,,,,,,,
1,harmonic,DICES-350,85,101,0.020202020202020204,False,,,,,,,,,,,,,,,
1,harmonic,DICES-350,86,101,0.130952380952381,False,,,,,,,,,,,,,,,
1,harmonic,DICES-350,87,101,0.031914893617021274,False,,,,,,,,,,,,,,,
1,harmonic,DICES-350,88,101,0.020202020202020204,False,,,,,,,,,,,,,,,
1,harmonic,DICES-350,89,101,0.13793103448275862,False,,,,,,,,,,,,,,,
1,harmonic,DICES-350,90,101,0.030612244897959183,False,,,,,,,,,,,,,,,
1,harmonic,DICES-350,91,101,0.020202020202020204,False,,,,,,,,,,,,,,,
1,harmonic,DICES-350,92,101,0.06593406593406594,False,,,,,,,,,,,,,,,
1,harmonic,DICES-350,93,101,0.10714285714285714,False,,,,,,,,,,,,,,,
1,harmonic,DICES-350,94,101,0.3088235294117647,True,7.0,3.0,2.0,14.428571428571429,0.3088235294117647,0.26837474120082816,0.2778555029415985,0.10027741904625254,4.0,0.12170161481036207,0.09303079653189834,race,"education, gender, race",3.0,1.0
1,harmonic,DICES-350,95,101,0.020202020202020204,False,,,,,,,,,,,,,,,
1,harmonic,DICES-350,96,101,0.030612244897959183,False,,,,,,,,,,,,,,,
1,harmonic,DICES-350,97,101,0.03125,False,,,,,,,,,,,,,,,
1,harmonic,DICES-350,98,101,0.030612244897959183,False,,,,,,,,,,,,,,,
1,harmonic,DICES-350,99,101,0.16666666666666666,False,,,,,,,,,,,,,,,
1,harmonic,DICES-350,100,101,0.04210526315789474,False,,,,,,,,,,,,,,,
1,harmonic,DICES-350,101,101,0.020202020202020204,False,,,,,,,,,,,,,,,
1,harmonic,DICES-350,102,101,0.021978021978021973,False,,,,,,,,,,,,,,,
1,harmonic,DICES-350,103,101,0.043956043956043966,False,,,,,,,,,,,,,,,
1,harmonic,DICES-350,104,101,0.043956043956043966,False,,,,,,,,,,,,,,,
1,harmonic,DICES-350,105,101,0.0,False,,,,,,,,,,,,,,,
1,harmonic,DICES-350,106,101,0.010416666666666666,False,,,,,,,,,,,,,,,
1,harmonic,DICES-350,107,101,0.052083333333333336,False,,,,,,,,,,,,,,,
1,harmonic,DICES-350,108,101,0.020202020202020204,False,,,,,,,,,,,,,,,
1,harmonic,DICES-350,109,101,0.020202020202020204,False,,,,,,,,,,,,,,,
1,harmonic,DICES-350,110,101,0.06451612903225806,False,,,,,,,,,,,,,,,
1,harmonic,DICES-350,111,101,0.030612244897959183,False,,,,,,,,,,,,,,,
1,harmonic,DICES-350,112,101,0.030612244897959183,False,,,,,,,,,,,,,,,
1,harmonic,DICES-350,113,101,0.020202020202020204,False,,,,,,,,,,,,,,,
1,harmonic,DICES-350,114,101,0.020202020202020204,False,,,,,,,,,,,,,,,
1,harmonic,DICES-350,115,101,0.08536585365853659,False,,,,,,,,,,,,,,,
1,harmonic,DICES-350,116,101,0.08139534883720931,False,,,,,,,,,,,,,,,
1,harmonic,DICES-350,117,101,0.11235955056179776,False,,,,,,,,,,,,,,,
1,harmonic,DICES-350,118,101,0.4761904761904763,True,16.0,4.0,2.75,6.3125,0.4761904761904763,0.30758928571428573,0.33972182932578976,0.2865841584158416,10.0,0.19123419085859655,0.09981926199253023,race,"age, education, gender, race",4.0,0.0
1,harmonic,DICES-350,119,101,0.6037735849056604,True,8.0,3.0,2.125,12.625,0.6037735849056604,0.4910714285714286,0.5016501650165017,0.169141914191419,4.0,0.2310857798373709,0.1426704862005812,age,"age, gender, race",3.0,2.0
1,harmonic,DICES-350,120,101,0.020202020202020204,False,,,,,,,,,,,,,,,
1,harmonic,DICES-350,121,101,0.05555555555555556,False,,,,,,,,,,,,,,,
1,harmonic,DICES-350,122,101,0.030612244897959183,False,,,,,,,,,,,,,,,
1,harmonic,DICES-350,123,101,0.19753086419753085,False,,,,,,,,,,,,,,,
1,harmonic,DICES-350,124,101,0.6666666666666667,True,1.0,0.0,0.0,101.0,0.6666666666666667,0.6666666666666667,0.6666666666666667,0.0,0.0,,,,,0.0,0.0
1,harmonic,DICES-350,125,101,0.041237113402061855,False,,,,,,,,,,,,,,,
1,harmonic,DICES-350,126,101,0.041237113402061855,False,,,,,,,,,,,,,,,
1,harmonic,DICES-350,127,101,0.75,True,14.0,4.0,2.857142857142857,7.214285714285714,0.75,0.31691919191919193,0.4775227522752275,0.36330299696636337,9.0,0.2712246357349194,0.1844546091713746,race,"age, education, gender, race",4.0,0.0
1,harmonic,DICES-350,128,101,0.09195402298850575,False,,,,,,,,,,,,,,,
1,harmonic,DICES-350,129,101,0.030612244897959183,False,,,,,,,,,,,,,,,
1,harmonic,DICES-350,130,101,0.020202020202020204,False,,,,,,,,,,,,,,,
1,harmonic,DICES-350,131,101,0.09782608695652173,False,,,,,,,,,,,,,,,
1,harmonic,DICES-350,132,101,0.06593406593406594,False,,,,,,,,,,,,,,,
1,harmonic,DICES-350,133,101,0.03260869565217391,False,,,,,,,,,,,,,,,
1,harmonic,DICES-350,134,101,0.06451612903225806,False,,,,,,,,,,,,,,,
1,harmonic,DICES-350,135,101,0.0,False,,,,,,,,,,,,,,,
1,harmonic,DICES-350,136,101,0.041237113402061855,False,,,,,,,,,,,,,,,
1,harmonic,DICES-350,137,101,0.11538461538461538,False,,,,,,,,,,,,,,,
1,harmonic,DICES-350,138,101,0.0449438202247191,False,,,,,,,,,,,,,,,
1,harmonic,DICES-350,139,101,0.11235955056179776,False,,,,,,,,,,,,,,,
1,harmonic,DICES-350,140,101,0.020202020202020204,False,,,,,,,,,,,,,,,
1,harmonic,DICES-350,141,101,0.11764705882352942,False,,,,,,,,,,,,,,,
1,harmonic,DICES-350,142,101,0.5098039215686274,True,1.0,0.0,0.0,101.0,0.5098039215686274,0.5098039215686274,0.5098039215686274,0.0,0.0,,,,,0.0,0.0
1,harmonic,DICES-350,143,101,0.8627450980392158,True,13.0,4.0,2.769230769230769,7.769230769230769,0.8627450980392158,0.27828054298642535,0.4390409629198214,0.4911116111611161,8.0,0.3157818396880097,0.2517364380550659,race,"age, education, gender, race",4.0,1.0
1,harmonic,DICES-350,144,101,0.04210526315789474,False,,,,,,,,,,,,,,,
1,harmonic,DICES-350,145,101,0.020202020202020204,False,,,,,,,,,,,,,,,
1,harmonic,DICES-350,146,101,0.05319148936170212,False,,,,,,,,,,,,,,,
1,harmonic,DICES-350,147,101,0.23376623376623376,False,,,,,,,,,,,,,,,
1,harmonic,DICES-350,148,101,0.0879120879120879,False,,,,,,,,,,,,,,,
1,harmonic,DICES-350,149,101,0.0898876404494382,False,,,,,,,,,,,,,,,
1,harmonic,DICES-350,150,101,0.22368421052631576,False,,,,,,,,,,,,,,,
1,harmonic,DICES-350,151,101,0.07608695652173914,False,,,,,,,,,,,,,,,
1,harmonic,DICES-350,152,101,0.030612244897959183,False,,,,,,,,,,,,,,,
1,harmonic,DICES-350,153,101,0.030612244897959183,False,,,,,,,,,,,,,,,
1,harmonic,DICES-350,154,101,0.2205882352941176,False,,,,,,,,,,,,,,,
1,harmonic,DICES-350,155,101,0.390625,True,13.0,4.0,2.6923076923076925,7.769230769230769,0.390625,0.32596153846153847,0.24888613861386139,0.36285148514851484,8.0,0.2552587704267676,0.10757430358488725,race,"age, education, gender, race",4.0,2.0
1,harmonic,DICES-350,156,101,0.020202020202020204,False,,,,,,,,,,,,,,,
1,harmonic,DICES-350,157,101,0.0,False,,,,,,,,,,,,,,,
1,harmonic,DICES-350,158,101,0.0879120879120879,False,,,,,,,,,,,,,,,
1,harmonic,DICES-350,159,101,0.0,False,,,,,,,,,,,,,,,
1,harmonic,DICES-350,160,101,0.10989010989010989,False,,,,,,,,,,,,,,,
1,harmonic,DICES-350,161,101,0.34722222222222227,True,1.0,0.0,0.0,101.0,0.34722222222222227,0.34722222222222227,0.34722222222222227,0.0,0.0,,,,,0.0,0.0
1,harmonic,DICES-350,162,101,0.07777777777777777,False,,,,,,,,,,,,,,,
1,harmonic,DICES-350,163,101,0.03125,False,,,,,,,,,,,,,,,
1,harmonic,DICES-350,164,101,0.04210526315789474,False,,,,,,,,,,,,,,,
1,harmonic,DICES-350,165,101,0.020202020202020204,False,,,,,,,,,,,,,,,
1,harmonic,DICES-350,166,101,0.2711864406779661,False,,,,,,,,,,,,,,,
1,harmonic,DICES-350,167,101,0.5882352941176472,True,1.0,0.0,0.0,101.0,0.5882352941176472,0.5882352941176472,0.5882352941176472,0.0,0.0,,,,,0.0,0.0
1,harmonic,DICES-350,168,101,0.3692307692307692,True,8.0,3.0,2.125,12.625,0.3692307692307692,0.3940563725490196,0.44460784313725493,-0.20414624183006547,4.0,0.15558206723183327,0.07964565495657028,race,"age, gender, race",3.0,2.0
1,harmonic,DICES-350,169,101,0.010869565217391306,False,,,,,,,,,,,,,,,
1,harmonic,DICES-350,170,101,0.0,False,,,,,,,,,,,,,,,
1,harmonic,DICES-350,171,101,0.05434782608695652,False,,,,,,,,,,,,,,,
1,harmonic,DICES-350,172,101,0.0,False,,,,,,,,,,,,,,,
1,harmonic,DICES-350,173,101,0.010416666666666666,False,,,,,,,,,,,,,,,
1,harmonic,DICES-350,174,101,0.04301075268817203,False,,,,,,,,,,,,,,,
1,harmonic,DICES-350,175,101,0.02105263157894737,False,,,,,,,,,,,,,,,
1,harmonic,DICES-350,176,101,0.020618556701030924,False,,,,,,,,,,,,,,,
1,harmonic,DICES-350,177,101,0.010204081632653062,False,,,,,,,,,,,,,,,
1,harmonic,DICES-350,178,101,0.020202020202020204,False,,,,,,,,,,,,,,,
1,harmonic,DICES-350,179,101,0.020618556701030924,False,,,,,,,,,,,,,,,
1,harmonic,DICES-350,180,101,0.04210526315789474,False,,,,,,,,,,,,,,,
1,harmonic,DICES-350,181,101,0.0,False,,,,,,,,,,,,,,,
1,harmonic,DICES-350,182,101,0.030612244897959183,False,,,,,,,,,,,,,,,
1,harmonic,DICES-350,183,101,0.030612244897959183,False,,,,,,,,,,,,,,,
1,harmonic,DICES-350,184,101,0.03333333333333334,False,,,,,,,,,,,,,,,
1,harmonic,DICES-350,185,101,0.010416666666666666,False,,,,,,,,,,,,,,,
1,harmonic,DICES-350,186,101,0.06741573033707865,False,,,,,,,,,,,,,,,
1,harmonic,DICES-350,187,101,0.030612244897959183,False,,,,,,,,,,,,,,,
1,harmonic,DICES-350,188,101,0.021978021978021973,False,,,,,,,,,,,,,,,
1,harmonic,DICES-350,189,101,0.020202020202020204,False,,,,,,,,,,,,,,,
1,harmonic,DICES-350,190,101,0.03125,False,,,,,,,,,,,,,,,
1,harmonic,DICES-350,191,101,0.05319148936170212,False,,,,,,,,,,,,,,,
1,harmonic,DICES-350,192,101,0.0,False,,,,,,,,,,,,,,,
1,harmonic,DICES-350,193,101,0.058139534883720936,False,,,,,,,,,,,,,,,
1,harmonic,DICES-350,194,101,0.15116279069767444,False,,,,,,,,,,,,,,,
1,harmonic,DICES-350,195,101,0.7234042553191489,True,12.0,4.0,2.6666666666666665,8.416666666666666,0.7234042553191489,0.31137566137566136,0.5063806380638064,0.3000032356176793,7.0,0.22169161210442484,0.1469652299273255,race,"age, education, gender, race",4.0,2.0
1,harmonic,DICES-350,196,101,0.4166666666666667,True,1.0,0.0,0.0,101.0,0.4166666666666667,0.4166666666666667,0.4166666666666667,0.0,0.0,,,,,0.0,0.0
1,harmonic,DICES-350,197,101,0.20833333333333334,False,,,,,,,,,,,,,,,
1,harmonic,DICES-350,198,101,0.020202020202020204,False,,,,,,,,,,,,,,,
1,harmonic,DICES-350,199,101,0.12790697674418605,False,,,,,,,,,,,,,,,
1,harmonic,DICES-350,200,101,0.030612244897959183,False,,,,,,,,,,,,,,,
1,harmonic,DICES-350,201,101,0.030612244897959183,False,,,,,,,,,,,,,,,
1,harmonic,DICES-350,202,101,0.15584415584415584,False,,,,,,,,,,,,,,,
1,harmonic,DICES-350,203,101,0.05319148936170212,False,,,,,,,,,,,,,,,
1,harmonic,DICES-350,204,101,0.26865671641791045,False,,,,,,,,,,,,,,,
1,harmonic,DICES-350,205,101,0.010416666666666666,False,,,,,,,,,,,,,,,
1,harmonic,DICES-350,206,101,0.052083333333333336,False,,,,,,,,,,,,,,,
1,harmonic,DICES-350,207,101,0.03260869565217391,False,,,,,,,,,,,,,,,
1,harmonic,DICES-350,208,101,0.05319148936170212,False,,,,,,,,,,,,,,,
1,harmonic,DICES-350,209,101,0.020202020202020204,False,,,,,,,,,,,,,,,
1,harmonic,DICES-350,210,101,0.12222222222222222,False,,,,,,,,,,,,,,,
1,harmonic,DICES-350,211,101,0.0,False,,,,,,,,,,,,,,,
1,harmonic,DICES-350,212,101,0.02105263157894737,False,,,,,,,,,,,,,,,
1,harmonic,DICES-350,213,101,0.030612244897959183,False,,,,,,,,,,,,,,,
1,harmonic,DICES-350,214,101,0.041237113402061855,False,,,,,,,,,,,,,,,
1,harmonic,DICES-350,215,101,0.0449438202247191,False,,,,,,,,,,,,,,,
1,harmonic,DICES-350,216,101,0.0898876404494382,False,,,,,,,,,,,,,,,
1,harmonic,DICES-350,217,101,0.01,False,,,,,,,,,,,,,,,
1,harmonic,DICES-350,218,101,0.06593406593406594,False,,,,,,,,,,,,,,,
1,harmonic,DICES-350,219,101,0.02105263157894737,False,,,,,,,,,,,,,,,
1,harmonic,DICES-350,220,101,0.01,False,,,,,,,,,,,,,,,
1,harmonic,DICES-350,221,101,0.020618556701030924,False,,,,,,,,,,,,,,,
1,harmonic,DICES-350,222,101,0.20253164556962025,False,,,,,,,,,,,,,,,
1,harmonic,DICES-350,223,101,0.020202020202020204,False,,,,,,,,,,,,,,,
1,harmonic,DICES-350,224,101,0.06451612903225806,False,,,,,,,,,,,,,,,
1,harmonic,DICES-350,225,101,0.020618556701030924,False,,,,,,,,,,,,,,,
1,harmonic,DICES-350,226,101,0.16,False,,,,,,,,,,,,,,,
1,harmonic,DICES-350,227,101,0.2898550724637681,False,,,,,,,,,,,,,,,
1,harmonic,DICES-350,228,101,0.010204081632653062,False,,,,,,,,,,,,,,,
1,harmonic,DICES-350,229,101,0.021505376344086023,False,,,,,,,,,,,,,,,
1,harmonic,DICES-350,230,101,0.041237113402061855,False,,,,,,,,,,,,,,,
1,harmonic,DICES-350,231,101,0.06315789473684211,False,,,,,,,,,,,,,,,
1,harmonic,DICES-350,232,101,0.041237113402061855,False,,,,,,,,,,,,,,,
1,harmonic,DICES-350,233,101,0.041237113402061855,False,,,,,,,,,,,,,,,
1,harmonic,DICES-350,234,101,0.4307692307692308,True,1.0,0.0,0.0,101.0,0.4307692307692308,0.4307692307692308,0.4307692307692308,0.0,0.0,,,,,0.0,0.0
1,harmonic,DICES-350,235,101,0.031914893617021274,False,,,,,,,,,,,,,,,
1,harmonic,DICES-350,236,101,0.05434782608695652,False,,,,,,,,,,,,,,,
1,harmonic,DICES-350,237,101,0.07777777777777777,False,,,,,,,,,,,,,,,
1,harmonic,DICES-350,238,101,0.020202020202020204,False,,,,,,,,,,,,,,,
1,harmonic,DICES-350,239,101,0.020202020202020204,False,,,,,,,,,,,,,,,
1,harmonic,DICES-350,240,101,0.8125000000000001,True,9.0,4.0,2.5555555555555554,11.222222222222221,0.8125000000000001,0.2781045751633987,0.3561250242671326,0.5616922778250677,6.0,0.2131446180306744,0.192482832298346,race,"age, education, gender, race",4.0,0.0
1,harmonic,DICES-350,241,101,0.04705882352941178,False,,,,,,,,,,,,,,,
1,harmonic,DICES-350,242,101,0.0,False,,,,,,,,,,,,,,,
1,harmonic,DICES-350,243,101,0.020202020202020204,False,,,,,,,,,,,,,,,
1,harmonic,DICES-350,244,101,0.6181818181818182,True,1.0,0.0,0.0,101.0,0.6181818181818182,0.6181818181818182,0.6181818181818182,0.0,0.0,,,,,0.0,0.0
1,harmonic,DICES-350,245,101,0.10465116279069767,False,,,,,,,,,,,,,,,
1,harmonic,DICES-350,246,101,0.020202020202020204,False,,,,,,,,,,,,,,,
1,harmonic,DICES-350,247,101,0.020202020202020204,False,,,,,,,,,,,,,,,
1,harmonic,DICES-350,248,101,0.03333333333333334,False,,,,,,,,,,,,,,,
1,harmonic,DICES-350,249,101,0.0898876404494382,False,,,,,,,,,,,,,,,
1,harmonic,DICES-350,250,101,0.03125,False,,,,,,,,,,,,,,,
1,harmonic,DICES-350,251,101,0.03333333333333334,False,,,,,,,,,,,,,,,
1,harmonic,DICES-350,252,101,0.041237113402061855,False,,,,,,,,,,,,,,,
1,harmonic,DICES-350,253,101,0.03409090909090909,False,,,,,,,,,,,,,,,
1,harmonic,DICES-350,254,101,0.020618556701030924,False,,,,,,,,,,,,,,,
1,harmonic,DICES-350,255,101,0.8200000000000001,True,1.0,0.0,0.0,101.0,0.8200000000000001,0.8200000000000001,0.8200000000000001,0.0,0.0,,,,,0.0,0.0
1,harmonic,DICES-350,256,101,0.03125,False,,,,,,,,,,,,,,,
1,harmonic,DICES-350,257,101,0.031914893617021274,False,,,,,,,,,,,,,,,
1,harmonic,DICES-350,258,101,0.030612244897959183,False,,,,,,,,,,,,,,,
1,harmonic,DICES-350,259,101,0.7272727272727273,True,16.0,4.0,2.875,6.3125,0.7272727272727273,0.3350378787878788,0.360966096609661,0.5036716171617162,10.0,0.27946924685805435,0.20553629202171547,race,"age, education, gender, race",4.0,2.0
1,harmonic,DICES-350,260,101,0.020202020202020204,False,,,,,,,,,,,,,,,
1,harmonic,DICES-350,261,101,0.052083333333333336,False,,,,,,,,,,,,,,,
1,harmonic,DICES-350,262,101,0.05319148936170212,False,,,,,,,,,,,,,,,
1,harmonic,DICES-350,263,101,0.04210526315789474,False,,,,,,,,,,,,,,,
1,harmonic,DICES-350,264,101,0.39344262295081966,True,13.0,4.0,2.6923076923076925,7.769230769230769,0.39344262295081966,0.291958041958042,0.27790279027902787,0.29366374137413753,8.0,0.22529519650925317,0.1062932886306694,race,"age, education, gender, race",4.0,0.0
1,harmonic,DICES-350,265,101,0.08602150537634408,False,,,,,,,,,,,,,,,
1,harmonic,DICES-350,266,101,0.06315789473684211,False,,,,,,,,,,,,,,,
1,harmonic,DICES-350,267,101,0.435483870967742,True,13.0,3.0,2.5384615384615383,7.769230769230769,0.435483870967742,0.4060479375696767,0.3007927966709714,0.3092906150518435,7.0,0.25970113179955173,0.13411691750449767,race,"age, education, gender, race",4.0,3.0
1,harmonic,DICES-350,268,101,0.020202020202020204,False,,,,,,,,,,,,,,,
1,harmonic,DICES-350,269,101,0.04301075268817203,False,,,,,,,,,,,,,,,
1,harmonic,DICES-350,270,101,0.020618556701030924,False,,,,,,,,,,,,,,,
1,harmonic,DICES-350,271,101,0.020202020202020204,False,,,,,,,,,,,,,,,
1,harmonic,DICES-350,272,101,0.05555555555555556,False,,,,,,,,,,,,,,,
1,harmonic,DICES-350,273,101,0.1927710843373494,False,,,,,,,,,,,,,,,
1,harmonic,DICES-350,274,101,0.030612244897959183,False,,,,,,,,,,,,,,,
1,harmonic,DICES-350,275,101,0.07954545454545456,False,,,,,,,,,,,,,,,
1,harmonic,DICES-350,276,101,0.020202020202020204,False,,,,,,,,,,,,,,,
1,harmonic,DICES-350,277,101,0.020202020202020204,False,,,,,,,,,,,,,,,
1,harmonic,DICES-350,278,101,0.11249999999999999,False,,,,,,,,,,,,,,,
1,harmonic,DICES-350,279,101,0.27631578947368424,False,,,,,,,,,,,,,,,
1,harmonic,DICES-350,280,101,0.020202020202020204,False,,,,,,,,,,,,,,,
1,harmonic,DICES-350,281,101,0.0,False,,,,,,,,,,,,,,,
1,harmonic,DICES-350,282,101,0.15476190476190477,False,,,,,,,,,,,,,,,
1,harmonic,DICES-350,283,101,0.030612244897959183,False,,,,,,,,,,,,,,,
1,harmonic,DICES-350,284,101,0.056818181818181816,False,,,,,,,,,,,,,,,
1,harmonic,DICES-350,285,101,0.06451612903225806,False,,,,,,,,,,,,,,,
1,harmonic,DICES-350,286,101,0.020202020202020204,False,,,,,,,,,,,,,,,
1,harmonic,DICES-350,287,101,0.2535211267605634,False,,,,,,,,,,,,,,,
1,harmonic,DICES-350,288,101,0.030612244897959183,False,,,,,,,,,,,,,,,
1,harmonic,DICES-350,289,101,0.020202020202020204,False,,,,,,,,,,,,,,,
1,harmonic,DICES-350,290,101,0.020202020202020204,False,,,,,,,,,,,,,,,
1,harmonic,DICES-350,291,101,0.21794871794871795,False,,,,,,,,,,,,,,,
1,harmonic,DICES-350,292,101,0.04705882352941178,False,,,,,,,,,,,,,,,
1,harmonic,DICES-350,293,101,0.08602150537634408,False,,,,,,,,,,,,,,,
1,harmonic,DICES-350,294,101,0.056818181818181816,False,,,,,,,,,,,,,,,
1,harmonic,DICES-350,295,101,0.11235955056179776,False,,,,,,,,,,,,,,,
1,harmonic,DICES-350,296,101,0.1,False,,,,,,,,,,,,,,,
1,harmonic,DICES-350,297,101,0.030612244897959183,False,,,,,,,,,,,,,,,
1,harmonic,DICES-350,298,101,0.27142857142857146,False,,,,,,,,,,,,,,,
1,harmonic,DICES-350,299,101,0.010416666666666666,False,,,,,,,,,,,,,,,
1,harmonic,DICES-350,300,101,0.9019607843137254,True,13.0,4.0,2.6923076923076925,7.769230769230769,0.9019607843137254,0.32234432234432236,0.41560584629891567,0.5392196051903326,9.0,0.2625515932413133,0.36509667035283083,race,"age, education, gender, race",4.0,0.0
1,harmonic,DICES-350,301,101,0.06451612903225806,False,,,,,,,,,,,,,,,
1,harmonic,DICES-350,302,101,0.29850746268656714,False,,,,,,,,,,,,,,,
1,harmonic,DICES-350,303,101,0.1518987341772152,False,,,,,,,,,,,,,,,
1,harmonic,DICES-350,304,101,0.020202020202020204,False,,,,,,,,,,,,,,,
1,harmonic,DICES-350,305,101,0.049382716049382706,False,,,,,,,,,,,,,,,
1,harmonic,DICES-350,306,101,0.0,False,,,,,,,,,,,,,,,
1,harmonic,DICES-350,307,101,0.16438356164383564,False,,,,,,,,,,,,,,,
1,harmonic,DICES-350,308,101,0.18571428571428572,False,,,,,,,,,,,,,,,
1,harmonic,DICES-350,309,101,0.041237113402061855,False,,,,,,,,,,,,,,,
1,harmonic,DICES-350,310,101,0.0879120879120879,False,,,,,,,,,,,,,,,
1,harmonic,DICES-350,311,101,0.12162162162162161,False,,,,,,,,,,,,,,,
1,harmonic,DICES-350,312,101,0.041237113402061855,False,,,,,,,,,,,,,,,
1,harmonic,DICES-350,313,101,0.08139534883720931,False,,,,,,,,,,,,,,,
1,harmonic,DICES-350,314,101,0.020202020202020204,False,,,,,,,,,,,,,,,
1,harmonic,DICES-350,315,101,0.020618556701030924,False,,,,,,,,,,,,,,,
1,harmonic,DICES-350,316,101,0.02298850574712644,False,,,,,,,,,,,,,,,
1,harmonic,DICES-350,317,101,0.3787878787878788,True,1.0,0.0,0.0,101.0,0.3787878787878788,0.3787878787878788,0.3787878787878788,0.0,0.0,,,,,0.0,0.0
1,harmonic,DICES-350,318,101,0.041237113402061855,False,,,,,,,,,,,,,,,
1,harmonic,DICES-350,319,101,0.02105263157894737,False,,,,,,,,,,,,,,,
1,harmonic,DICES-350,320,101,0.2535211267605634,False,,,,,,,,,,,,,,,
1,harmonic,DICES-350,321,101,0.06451612903225806,False,,,,,,,,,,,,,,,
1,harmonic,DICES-350,322,101,0.020618556701030924,False,,,,,,,,,,,,,,,
1,harmonic,DICES-350,323,101,0.020202020202020204,False,,,,,,,,,,,,,,,
1,harmonic,DICES-350,324,101,0.04210526315789474,False,,,,,,,,,,,,,,,
1,harmonic,DICES-350,325,101,0.25675675675675674,False,,,,,,,,,,,,,,,
1,harmonic,DICES-350,326,101,0.041237113402061855,False,,,,,,,,,,,,,,,
1,harmonic,DICES-350,327,101,0.010204081632653062,False,,,,,,,,,,,,,,,
1,harmonic,DICES-350,328,101,0.030612244897959183,False,,,,,,,,,,,,,,,
1,harmonic,DICES-350,329,101,0.020202020202020204,False,,,,,,,,,,,,,,,
1,harmonic,DICES-350,330,101,0.041237113402061855,False,,,,,,,,,,,,,,,
1,harmonic,DICES-350,331,101,0.05319148936170212,False,,,,,,,,,,,,,,,
1,harmonic,DICES-350,332,101,0.041237113402061855,False,,,,,,,,,,,,,,,
1,harmonic,DICES-350,333,101,0.7234042553191489,True,9.0,3.0,2.0,11.222222222222221,0.7234042553191489,0.2631172839506173,0.3350522552255225,0.5368395295411894,4.0,0.3185866960736623,0.2951655267343408,race,"age, gender, race",3.0,0.0
1,harmonic,DICES-350,334,101,0.030612244897959183,False,,,,,,,,,,,,,,,
1,harmonic,DICES-350,335,101,0.020202020202020204,False,,,,,,,,,,,,,,,
1,harmonic,DICES-350,336,101,0.020202020202020204,False,,,,,,,,,,,,,,,
1,harmonic,DICES-350,337,101,0.06315789473684211,False,,,,,,,,,,,,,,,
1,harmonic,DICES-350,338,101,0.020202020202020204,False,,,,,,,,,,,,,,,
1,harmonic,DICES-350,339,101,0.05952380952380953,False,,,,,,,,,,,,,,,
1,harmonic,DICES-350,340,101,0.020202020202020204,False,,,,,,,,,,,,,,,
1,harmonic,DICES-350,341,101,0.020202020202020204,False,,,,,,,,,,,,,,,
1,harmonic,DICES-350,342,101,0.6851851851851851,True,16.0,4.0,2.875,6.3125,0.6851851851851851,0.2902462121212121,0.33918391839183926,0.5049748218065049,10.0,0.26137336694236357,0.2487302120218896,race,"age, education, gender, race",4.0,2.0
1,harmonic,DICES-350,343,101,0.030612244897959183,False,,,,,,,,,,,,,,,
1,harmonic,DICES-350,344,101,0.041237113402061855,False,,,,,,,,,,,,,,,
1,harmonic,DICES-350,345,101,0.14457831325301204,False,,,,,,,,,,,,,,,
1,harmonic,DICES-350,346,101,0.0,False,,,,,,,,,,,,,,,
1,harmonic,DICES-350,347,101,0.010204081632653062,False,,,,,,,,,,,,,,,
1,harmonic,DICES-350,348,101,0.020202020202020204,False,,,,,,,,,,,,,,,
1,harmonic,DICES-350,349,101,0.010204081632653062,False,,,,,,,,,,,,,,,
1,harmonic,DICES-350,350,101,0.01,False,,,,,,,,,,,,,,,
