setting,variant,corpus,text_id,n_annotators,ndfu,retained,n_leaves,tree_depth,mean_leaf_depth,mean_leaf_size,root_ndfu,residual_ndfu,weighted_residual_ndfu,explained_share,n_splits,mean_split_peg,top_split_peg,first_split,dims_used,n_dims_used,n_indeterminate
1,max,DICES-990,0,45,0.4333333333333334,True,9.0,3.0,2.3333333333333335,5.0,0.4333333333333334,0.4567901234567901,0.4024691358024692,0.07122507122507127,6.0,0.3333333333333333,0.1916666666666666,race,"age, gender, race",3.0,1.0
1,max,DICES-990,1,44,0.0,False,,,,,,,,,,,,,,,
1,max,DICES-990,2,46,0.023255813953488372,False,,,,,,,,,,,,,,,
1,max,DICES-990,3,47,0.022727272727272728,False,,,,,,,,,,,,,,,
1,max,DICES-990,4,46,0.05,False,,,,,,,,,,,,,,,
1,max,DICES-990,5,47,0.0,False,,,,,,,,,,,,,,,
1,max,DICES-990,6,46,0.0,False,,,,,,,,,,,,,,,
1,max,DICES-990,7,46,0.3142857142857143,True,10.0,3.0,2.3,4.6,0.3142857142857143,0.275,0.42934782608695654,-0.3661067193675891,6.0,0.2226190476190476,0.378021978021978,race,"age, education, gender, race",4.0,1.0
1,max,DICES-990,8,48,0.043478260869565216,False,,,,,,,,,,,,,,,
1,max,DICES-990,9,46,0.375,True,8.0,3.0,2.125,5.75,0.375,0.3125,0.4673913043478261,-0.24637681159420288,4.0,0.31875,0.45833333333333326,race,"age, gender, race",3.0,2.0
1,max,DICES-990,10,48,0.0,False,,,,,,,,,,,,,,,
1,max,DICES-990,11,46,0.13513513513513514,False,,,,,,,,,,,,,,,
1,max,DICES-990,12,45,0.0,False,,,,,,,,,,,,,,,
1,max,DICES-990,13,46,0.1,False,,,,,,,,,,,,,,,
1,max,DICES-990,14,48,0.02222222222222222,False,,,,,,,,,,,,,,,
1,max,DICES-990,15,47,0.04651162790697674,False,,,,,,,,,,,,,,,
1,max,DICES-990,16,46,0.2571428571428571,False,,,,,,,,,,,,,,,
1,max,DICES-990,17,46,0.09090909090909091,False,,,,,,,,,,,,,,,
1,max,DICES-990,18,46,0.04761904761904762,False,,,,,,,,,,,,,,,
1,max,DICES-990,19,44,0.3333333333333333,True,10.0,3.0,2.5,4.4,0.3333333333333333,0.42000000000000004,0.32651515151515154,0.020454545454545392,6.0,0.2726817042606517,0.3333333333333334,age,"age, gender, race",3.0,2.0
1,max,DICES-990,20,49,0.044444444444444446,False,,,,,,,,,,,,,,,
1,max,DICES-990,21,48,0.7272727272727273,True,9.0,3.0,2.3333333333333335,5.333333333333333,0.7272727272727273,0.34814814814814815,0.2777777777777778,0.6180555555555556,5.0,0.32272727272727275,0.2272727272727273,age,"age, education, gender, race",4.0,2.0
1,max,DICES-990,22,47,0.022727272727272728,False,,,,,,,,,,,,,,,
1,max,DICES-990,23,46,0.02222222222222222,False,,,,,,,,,,,,,,,
1,max,DICES-990,24,48,0.0,False,,,,,,,,,,,,,,,
1,max,DICES-990,25,45,0.075,False,,,,,,,,,,,,,,,
1,max,DICES-990,26,45,0.08333333333333333,False,,,,,,,,,,,,,,,
1,max,DICES-990,27,43,0.31999999999999995,True,8.0,3.0,2.0,5.375,0.31999999999999995,0.375,0.3178294573643411,0.0067829457364338985,4.0,0.39916666666666667,0.68,race,"age, gender, race",3.0,1.0
1,max,DICES-990,28,45,0.048780487804878044,False,,,,,,,,,,,,,,,
1,max,DICES-990,29,45,0.10256410256410255,False,,,,,,,,,,,,,,,
1,max,DICES-990,30,44,0.07317073170731707,False,,,,,,,,,,,,,,,
1,max,DICES-990,31,46,0.023255813953488372,False,,,,,,,,,,,,,,,
1,max,DICES-990,32,47,0.07142857142857142,False,,,,,,,,,,,,,,,
1,max,DICES-990,33,45,0.07142857142857142,False,,,,,,,,,,,,,,,
1,max,DICES-990,34,46,0.06976744186046512,False,,,,,,,,,,,,,,,
1,max,DICES-990,35,45,0.046511627906976744,False,,,,,,,,,,,,,,,
1,max,DICES-990,36,45,0.02380952380952381,False,,,,,,,,,,,,,,,
1,max,DICES-990,37,46,0.15789473684210528,False,,,,,,,,,,,,,,,
1,max,DICES-990,38,46,0.09523809523809525,False,,,,,,,,,,,,,,,
1,max,DICES-990,39,45,0.048780487804878044,False,,,,,,,,,,,,,,,
1,max,DICES-990,40,45,0.11428571428571428,False,,,,,,,,,,,,,,,
1,max,DICES-990,41,42,0.0,False,,,,,,,,,,,,,,,
1,max,DICES-990,42,47,0.3870967741935484,True,9.0,3.0,2.2222222222222223,5.222222222222222,0.3870967741935484,0.3783068783068783,0.2244174265450861,0.42025498142519424,5.0,0.5025806451612903,0.3629032258064516,race,"age, education, gender, race",4.0,4.0
1,max,DICES-990,43,48,0.02222222222222222,False,,,,,,,,,,,,,,,
1,max,DICES-990,44,44,0.13513513513513511,False,,,,,,,,,,,,,,,
1,max,DICES-990,45,45,0.21875,False,,,,,,,,,,,,,,,
1,max,DICES-990,46,46,0.06976744186046512,False,,,,,,,,,,,,,,,
1,max,DICES-990,47,45,0.022727272727272728,False,,,,,,,,,,,,,,,
1,max,DICES-990,48,48,0.3142857142857143,True,13.0,3.0,2.4615384615384617,3.6923076923076925,0.3142857142857143,0.42014652014652015,0.36081349206349206,-0.14804292929292928,8.0,0.3143953634085213,0.35238095238095246,race,"age, gender, race",3.0,3.0
1,max,DICES-990,49,48,0.02127659574468085,False,,,,,,,,,,,,,,,
1,max,DICES-990,50,42,0.0,False,,,,,,,,,,,,,,,
1,max,DICES-990,51,45,0.07142857142857142,False,,,,,,,,,,,,,,,
1,max,DICES-990,52,46,0.04545454545454545,False,,,,,,,,,,,,,,,
1,max,DICES-990,53,45,0.0,False,,,,,,,,,,,,,,,
1,max,DICES-990,54,47,0.175,False,,,,,,,,,,,,,,,
1,max,DICES-990,55,47,0.17142857142857146,False,,,,,,,,,,,,,,,
1,max,DICES-990,56,48,0.11627906976744186,False,,,,,,,,,,,,,,,
1,max,DICES-990,57,46,0.1,False,,,,,,,,,,,,,,,
1,max,DICES-990,58,46,0.023255813953488372,False,,,,,,,,,,,,,,,
1,max,DICES-990,59,45,0.07142857142857142,False,,,,,,,,,,,,,,,
1,max,DICES-990,60,49,0.0930232558139535,False,,,,,,,,,,,,,,,
1,max,DICES-990,61,46,0.10526315789473684,False,,,,,,,,,,,,,,,
1,max,DICES-990,62,47,0.06818181818181818,False,,,,,,,,,,,,,,,
1,max,DICES-990,63,44,0.1,False,,,,,,,,,,,,,,,
1,max,DICES-990,64,47,0.06818181818181818,False,,,,,,,,,,,,,,,
1,max,DICES-990,65,46,0.04545454545454545,False,,,,,,,,,,,,,,,
1,max,DICES-990,66,48,0.19999999999999998,False,,,,,,,,,,,,,,,
1,max,DICES-990,67,47,0.38235294117647056,True,10.0,3.0,2.3,4.7,0.38235294117647056,0.44409090909090904,0.3540618955512572,0.07399196548132725,6.0,0.35373482726423894,0.41764705882352937,race,"age, gender, race",3.0,2.0
1,max,DICES-990,68,47,0.0,False,,,,,,,,,,,,,,,
1,max,DICES-990,69,44,0.024390243902439025,False,,,,,,,,,,,,,,,
1,max,DICES-990,70,46,0.0,False,,,,,,,,,,,,,,,
1,max,DICES-990,71,45,0.10256410256410255,False,,,,,,,,,,,,,,,
1,max,DICES-990,72,46,0.024390243902439025,False,,,,,,,,,,,,,,,
1,max,DICES-990,73,47,0.1388888888888889,False,,,,,,,,,,,,,,,
1,max,DICES-990,74,44,0.0,False,,,,,,,,,,,,,,,
1,max,DICES-990,75,46,0.09523809523809525,False,,,,,,,,,,,,,,,
1,max,DICES-990,76,45,0.0,False,,,,,,,,,,,,,,,
1,max,DICES-990,77,42,0.0857142857142857,False,,,,,,,,,,,,,,,
1,max,DICES-990,78,43,0.10810810810810811,False,,,,,,,,,,,,,,,
1,max,DICES-990,79,46,0.09523809523809525,False,,,,,,,,,,,,,,,
1,max,DICES-990,80,46,0.04761904761904762,False,,,,,,,,,,,,,,,
1,max,DICES-990,81,47,0.05405405405405404,False,,,,,,,,,,,,,,,
1,max,DICES-990,82,43,0.02380952380952381,False,,,,,,,,,,,,,,,
1,max,DICES-990,83,47,0.20588235294117646,False,,,,,,,,,,,,,,,
1,max,DICES-990,84,47,0.19444444444444445,False,,,,,,,,,,,,,,,
1,max,DICES-990,85,42,0.0,False,,,,,,,,,,,,,,,
1,max,DICES-990,86,47,0.0,False,,,,,,,,,,,,,,,
1,max,DICES-990,87,45,0.07142857142857142,False,,,,,,,,,,,,,,,
1,max,DICES-990,88,46,0.0,False,,,,,,,,,,,,,,,
1,max,DICES-990,89,44,0.1,False,,,,,,,,,,,,,,,
1,max,DICES-990,90,46,0.06976744186046512,False,,,,,,,,,,,,,,,
1,max,DICES-990,91,47,0.0,False,,,,,,,,,,,,,,,
1,max,DICES-990,92,46,0.22580645161290325,False,,,,,,,,,,,,,,,
1,max,DICES-990,93,45,0.13888888888888887,False,,,,,,,,,,,,,,,
1,max,DICES-990,94,47,0.48275862068965514,True,12.0,3.0,2.4166666666666665,3.9166666666666665,0.48275862068965514,0.5694444444444445,0.5567375886524822,-0.15324214792299906,7.0,0.31765579795136445,0.26724137931034486,race,"age, gender, race",3.0,5.0
1,max,DICES-990,95,43,0.025,False,,,,,,,,,,,,,,,
1,max,DICES-990,96,45,0.075,False,,,,,,,,,,,,,,,
1,max,DICES-990,97,48,0.02127659574468085,False,,,,,,,,,,,,,,,
1,max,DICES-990,98,45,0.0,False,,,,,,,,,,,,,,,
1,max,DICES-990,99,47,0.021739130434782608,False,,,,,,,,,,,,,,,
1,max,DICES-990,100,44,0.049999999999999996,False,,,,,,,,,,,,,,,
1,max,DICES-990,101,47,0.0,False,,,,,,,,,,,,,,,
1,max,DICES-990,102,45,0.048780487804878044,False,,,,,,,,,,,,,,,
1,max,DICES-990,103,45,0.024999999999999998,False,,,,,,,,,,,,,,,
1,max,DICES-990,104,45,0.046511627906976744,False,,,,,,,,,,,,,,,
1,max,DICES-990,105,46,0.023255813953488372,False,,,,,,,,,,,,,,,
1,max,DICES-990,106,49,0.13953488372093023,False,,,,,,,,,,,,,,,
1,max,DICES-990,107,46,0.0,False,,,,,,,,,,,,,,,
1,max,DICES-990,108,50,0.08695652173913043,False,,,,,,,,,,,,,,,
1,max,DICES-990,109,45,0.15625,False,,,,,,,,,,,,,,,
1,max,DICES-990,110,46,0.15,False,,,,,,,,,,,,,,,
1,max,DICES-990,111,46,0.1,False,,,,,,,,,,,,,,,
1,max,DICES-990,112,48,0.02222222222222222,False,,,,,,,,,,,,,,,
1,max,DICES-990,113,47,0.17142857142857146,False,,,,,,,,,,,,,,,
1,max,DICES-990,114,47,0.0,False,,,,,,,,,,,,,,,
1,max,DICES-990,115,47,0.19444444444444445,False,,,,,,,,,,,,,,,
1,max,DICES-990,116,47,0.43333333333333335,True,11.0,3.0,2.6363636363636362,4.2727272727272725,0.43333333333333335,0.29545454545454547,0.3829787234042553,0.1162029459901801,6.0,0.4569291819291819,0.31666666666666665,education,"age, education, gender, race",4.0,2.0
1,max,DICES-990,117,46,0.5384615384615384,True,9.0,3.0,2.2222222222222223,5.111111111111111,0.5384615384615384,0.3851851851851852,0.3630434782608695,0.325776397515528,4.0,0.37654532967032966,0.3615384615384616,gender,"education, gender, race",3.0,2.0
1,max,DICES-990,118,48,0.4482758620689655,True,13.0,3.0,2.5384615384615383,3.6923076923076925,0.4482758620689655,0.5201465201465202,0.45783730158730157,-0.021329365079365115,8.0,0.3954536124794745,0.3017241379310345,race,"age, education, gender, race",4.0,5.0
1,max,DICES-990,119,48,0.02127659574468085,False,,,,,,,,,,,,,,,
1,max,DICES-990,120,47,0.2368421052631579,False,,,,,,,,,,,,,,,
1,max,DICES-990,121,45,0.048780487804878044,False,,,,,,,,,,,,,,,
1,max,DICES-990,122,44,0.024390243902439025,False,,,,,,,,,,,,,,,
1,max,DICES-990,123,45,0.3225806451612903,True,12.0,3.0,2.6666666666666665,3.75,0.3225806451612903,0.3611111111111111,0.2962962962962963,0.08148148148148149,8.0,0.3019393241167435,0.4274193548387097,age,"age, education, gender, race",4.0,2.0
1,max,DICES-990,124,46,0.024390243902439025,False,,,,,,,,,,,,,,,
1,max,DICES-990,125,47,0.303030303030303,True,12.0,3.0,2.5,3.9166666666666665,0.303030303030303,0.42777777777777776,0.34751773049645396,-0.14680851063829814,8.0,0.3546918767507003,0.36363636363636376,race,"age, education, gender, race",4.0,3.0
1,max,DICES-990,126,43,0.02380952380952381,False,,,,,,,,,,,,,,,
1,max,DICES-990,127,47,0.15384615384615383,False,,,,,,,,,,,,,,,
1,max,DICES-990,128,46,0.04545454545454545,False,,,,,,,,,,,,,,,
1,max,DICES-990,129,46,0.06976744186046512,False,,,,,,,,,,,,,,,
1,max,DICES-990,130,46,0.0,False,,,,,,,,,,,,,,,
1,max,DICES-990,131,47,0.0,False,,,,,,,,,,,,,,,
1,max,DICES-990,132,46,0.3125,True,11.0,3.0,2.4545454545454546,4.181818181818182,0.3125,0.5,0.3514492753623188,-0.12463768115942009,7.0,0.3803571428571429,0.35416666666666674,race,"age, gender, race",3.0,4.0
1,max,DICES-990,133,47,0.07142857142857142,False,,,,,,,,,,,,,,,
1,max,DICES-990,134,46,0.06976744186046512,False,,,,,,,,,,,,,,,
1,max,DICES-990,135,47,0.10256410256410255,False,,,,,,,,,,,,,,,
1,max,DICES-990,136,46,0.04761904761904762,False,,,,,,,,,,,,,,,
1,max,DICES-990,137,46,0.1,False,,,,,,,,,,,,,,,
1,max,DICES-990,138,47,0.0,False,,,,,,,,,,,,,,,
1,max,DICES-990,139,45,0.022727272727272728,False,,,,,,,,,,,,,,,
1,max,DICES-990,140,46,0.8333333333333334,True,9.0,3.0,2.2222222222222223,5.111111111111111,0.8333333333333334,0.47354497354497355,0.5709109730848863,0.31490683229813654,5.0,0.35067155067155076,0.21794871794871806,race,"age, education, gender, race",4.0,2.0
1,max,DICES-990,141,48,0.22222222222222224,False,,,,,,,,,,,,,,,
1,max,DICES-990,142,46,0.07317073170731707,False,,,,,,,,,,,,,,,
1,max,DICES-990,143,46,0.02222222222222222,False,,,,,,,,,,,,,,,
1,max,DICES-990,144,46,0.04545454545454545,False,,,,,,,,,,,,,,,
1,max,DICES-990,145,47,0.048780487804878044,False,,,,,,,,,,,,,,,
1,max,DICES-990,146,46,0.07317073170731707,False,,,,,,,,,,,,,,,
1,max,DICES-990,147,47,0.3448275862068965,True,11.0,4.0,2.727272727272727,4.2727272727272725,0.3448275862068965,0.1590909090909091,0.14361702127659576,0.5835106382978723,7.0,0.35153256704980845,0.2801724137931035,race,"age, education, gender, race",4.0,0.0
1,max,DICES-990,148,47,0.36666666666666664,True,12.0,4.0,2.9166666666666665,3.9166666666666665,0.36666666666666664,0.28055555555555556,0.23758865248226949,0.3520309477756286,7.0,0.4327080327080327,0.6333333333333333,education,"age, education, gender, race",4.0,1.0
1,max,DICES-990,149,47,0.2702702702702703,False,,,,,,,,,,,,,,,
1,max,DICES-990,150,46,0.22580645161290325,False,,,,,,,,,,,,,,,
1,max,DICES-990,151,47,0.04651162790697674,False,,,,,,,,,,,,,,,
1,max,DICES-990,152,48,0.07692307692307693,False,,,,,,,,,,,,,,,
1,max,DICES-990,153,48,0.0,False,,,,,,,,,,,,,,,
1,max,DICES-990,154,47,0.09756097560975609,False,,,,,,,,,,,,,,,
1,max,DICES-990,155,44,0.047619047619047616,False,,,,,,,,,,,,,,,
1,max,DICES-990,156,48,0.0,False,,,,,,,,,,,,,,,
1,max,DICES-990,157,46,0.04761904761904762,False,,,,,,,,,,,,,,,
1,max,DICES-990,158,46,0.0,False,,,,,,,,,,,,,,,
1,max,DICES-990,159,45,0.07894736842105261,False,,,,,,,,,,,,,,,
1,max,DICES-990,160,47,0.09302325581395349,False,,,,,,,,,,,,,,,
1,max,DICES-990,161,47,0.13157894736842105,False,,,,,,,,,,,,,,,
1,max,DICES-990,162,47,0.0,False,,,,,,,,,,,,,,,
1,max,DICES-990,163,46,0.0,False,,,,,,,,,,,,,,,
1,max,DICES-990,164,44,0.25,False,,,,,,,,,,,,,,,
1,max,DICES-990,165,45,0.21621621621621623,False,,,,,,,,,,,,,,,
1,max,DICES-990,166,45,0.25806451612903225,False,,,,,,,,,,,,,,,
1,max,DICES-990,167,47,0.021739130434782608,False,,,,,,,,,,,,,,,
1,max,DICES-990,168,46,0.1891891891891892,False,,,,,,,,,,,,,,,
1,max,DICES-990,169,47,0.023809523809523805,False,,,,,,,,,,,,,,,
1,max,DICES-990,170,47,0.021739130434782608,False,,,,,,,,,,,,,,,
1,max,DICES-990,171,46,0.0,False,,,,,,,,,,,,,,,
1,max,DICES-990,172,46,0.0,False,,,,,,,,,,,,,,,
1,max,DICES-990,173,47,0.07500000000000001,False,,,,,,,,,,,,,,,
1,max,DICES-990,174,47,0.021739130434782608,False,,,,,,,,,,,,,,,
1,max,DICES-990,175,42,0.0,False,,,,,,,,,,,,,,,
1,max,DICES-990,176,48,0.0857142857142857,False,,,,,,,,,,,,,,,
1,max,DICES-990,177,46,0.04545454545454545,False,,,,,,,,,,,,,,,
1,max,DICES-990,178,44,0.8260869565217391,True,2.0,1.0,1.0,22.0,0.8260869565217391,0.8333333333333334,0.8333333333333335,-0.008771929824561653,1.0,0.17391304347826086,0.17391304347826086,gender,gender,1.0,1.0
1,max,DICES-990,179,47,0.36666666666666664,True,14.0,4.0,3.2857142857142856,3.357142857142857,0.36666666666666664,0.25595238095238093,0.20390070921985812,0.4439071566731142,10.0,0.4552380952380952,0.6333333333333333,education,"age, education, gender, race",4.0,3.0
1,max,DICES-990,180,44,0.5833333333333334,True,6.0,3.0,2.1666666666666665,7.333333333333333,0.5833333333333334,0.42803030303030304,0.5170454545454546,0.11363636363636365,3.0,0.37193362193362195,0.23484848484848475,gender,"age, gender, race",3.0,2.0
1,max,DICES-990,181,44,0.3571428571428572,True,10.0,3.0,2.5,4.4,0.3571428571428572,0.225,0.23295454545454544,0.3477272727272729,6.0,0.3703703703703704,0.3095238095238094,race,"age, gender, race",3.0,1.0
1,max,DICES-990,182,45,0.0,False,,,,,,,,,,,,,,,
1,max,DICES-990,183,48,0.02127659574468085,False,,,,,,,,,,,,,,,
1,max,DICES-990,184,44,0.07317073170731707,False,,,,,,,,,,,,,,,
1,max,DICES-990,185,47,0.0,False,,,,,,,,,,,,,,,
1,max,DICES-990,186,46,0.35294117647058826,True,11.0,3.0,2.5454545454545454,4.181818181818182,0.35294117647058826,0.33636363636363636,0.3804347826086957,-0.0778985507246377,7.0,0.3128554452083864,0.39705882352941174,age,"age, education, gender, race",4.0,1.0
1,max,DICES-990,187,48,0.02222222222222222,False,,,,,,,,,,,,,,,
1,max,DICES-990,188,46,0.15789473684210528,False,,,,,,,,,,,,,,,
1,max,DICES-990,189,46,0.21212121212121215,False,,,,,,,,,,,,,,,
1,max,DICES-990,190,48,0.11627906976744186,False,,,,,,,,,,,,,,,
1,max,DICES-990,191,46,0.04545454545454545,False,,,,,,,,,,,,,,,
1,max,DICES-990,192,46,0.2,False,,,,,,,,,,,,,,,
1,max,DICES-990,193,45,0.046511627906976744,False,,,,,,,,,,,,,,,
1,max,DICES-990,194,46,0.06976744186046512,False,,,,,,,,,,,,,,,
1,max,DICES-990,195,46,0.023255813953488372,False,,,,,,,,,,,,,,,
1,max,DICES-990,196,48,0.0,False,,,,,,,,,,,,,,,
1,max,DICES-990,197,46,0.02222222222222222,False,,,,,,,,,,,,,,,
1,max,DICES-990,198,44,0.025641025641025633,False,,,,,,,,,,,,,,,
1,max,DICES-990,199,47,0.10256410256410255,False,,,,,,,,,,,,,,,
1,max,DICES-990,200,46,0.4666666666666667,True,10.0,3.0,2.4,4.6,0.4666666666666667,0.30666666666666664,0.29130434782608694,0.37577639751552805,6.0,0.45526315789473687,0.5333333333333333,age,"age, gender, race",3.0,0.0
1,max,DICES-990,201,46,0.06976744186046512,False,,,,,,,,,,,,,,,
1,max,DICES-990,202,46,0.02222222222222222,False,,,,,,,,,,,,,,,
1,max,DICES-990,203,47,0.04651162790697674,False,,,,,,,,,,,,,,,
1,max,DICES-990,204,47,0.303030303030303,True,5.0,2.0,1.4,9.4,0.303030303030303,0.4348484848484849,0.3831399097356544,-0.26436170212765986,2.0,0.3484848484848485,0.36363636363636376,race,"gender, race",2.0,1.0
1,max,DICES-990,205,48,0.06666666666666667,False,,,,,,,,,,,,,,,
1,max,DICES-990,206,49,0.0,False,,,,,,,,,,,,,,,
1,max,DICES-990,207,48,0.02127659574468085,False,,,,,,,,,,,,,,,
1,max,DICES-990,208,44,0.0,False,,,,,,,,,,,,,,,
1,max,DICES-990,209,44,0.024390243902439025,False,,,,,,,,,,,,,,,
1,max,DICES-990,210,45,0.17142857142857143,False,,,,,,,,,,,,,,,
1,max,DICES-990,211,41,0.0,False,,,,,,,,,,,,,,,
1,max,DICES-990,212,46,0.02222222222222222,False,,,,,,,,,,,,,,,
1,max,DICES-990,213,46,0.02222222222222222,False,,,,,,,,,,,,,,,
1,max,DICES-990,214,47,0.04444444444444444,False,,,,,,,,,,,,,,,
1,max,DICES-990,215,47,0.2702702702702703,False,,,,,,,,,,,,,,,
1,max,DICES-990,216,48,0.0,False,,,,,,,,,,,,,,,
1,max,DICES-990,217,47,0.0,False,,,,,,,,,,,,,,,
1,max,DICES-990,218,45,0.0,False,,,,,,,,,,,,,,,
1,max,DICES-990,219,46,0.09523809523809525,False,,,,,,,,,,,,,,,
1,max,DICES-990,220,47,0.05128205128205129,False,,,,,,,,,,,,,,,
1,max,DICES-990,221,47,0.022727272727272728,False,,,,,,,,,,,,,,,
1,max,DICES-990,222,48,0.023255813953488375,False,,,,,,,,,,,,,,,
1,max,DICES-990,223,47,0.048780487804878044,False,,,,,,,,,,,,,,,
1,max,DICES-990,224,46,0.16666666666666666,False,,,,,,,,,,,,,,,
1,max,DICES-990,225,46,0.16666666666666666,False,,,,,,,,,,,,,,,
1,max,DICES-990,226,46,0.2,False,,,,,,,,,,,,,,,
1,max,DICES-990,227,46,0.024390243902439025,False,,,,,,,,,,,,,,,
1,max,DICES-990,228,47,0.0,False,,,,,,,,,,,,,,,
1,max,DICES-990,229,46,0.3125,True,9.0,3.0,2.2222222222222223,5.111111111111111,0.3125,0.21296296296296294,0.2807971014492754,0.10144927536231874,5.0,0.2070238095238095,0.1875,age,"age, education, gender, race",4.0,0.0
1,max,DICES-990,230,43,0.075,False,,,,,,,,,,,,,,,
1,max,DICES-990,231,45,0.0,False,,,,,,,,,,,,,,,
1,max,DICES-990,232,45,0.2647058823529412,False,,,,,,,,,,,,,,,
1,max,DICES-990,233,44,0.1,False,,,,,,,,,,,,,,,
1,max,DICES-990,234,46,0.024390243902439025,False,,,,,,,,,,,,,,,
1,max,DICES-990,235,47,0.2162162162162162,False,,,,,,,,,,,,,,,
1,max,DICES-990,236,47,0.04444444444444444,False,,,,,,,,,,,,,,,
1,max,DICES-990,237,49,0.06818181818181818,False,,,,,,,,,,,,,,,
1,max,DICES-990,238,47,0.07142857142857142,False,,,,,,,,,,,,,,,
1,max,DICES-990,239,46,0.1,False,,,,,,,,,,,,,,,
1,max,DICES-990,240,44,0.08108108108108107,False,,,,,,,,,,,,,,,
1,max,DICES-990,241,47,0.25806451612903225,False,,,,,,,,,,,,,,,
1,max,DICES-990,242,46,0.23529411764705882,False,,,,,,,,,,,,,,,
1,max,DICES-990,243,47,0.022727272727272728,False,,,,,,,,,,,,,,,
1,max,DICES-990,244,46,0.1282051282051282,False,,,,,,,,,,,,,,,
1,max,DICES-990,245,46,0.0,False,,,,,,,,,,,,,,,
1,max,DICES-990,246,47,0.0,False,,,,,,,,,,,,,,,
1,max,DICES-990,247,45,0.8636363636363636,True,1.0,0.0,0.0,45.0,0.8636363636363636,0.8636363636363636,0.8636363636363638,-2.220446049250313e-16,0.0,,,,,0.0,0.0
1,max,DICES-990,248,46,0.05,False,,,,,,,,,,,,,,,
1,max,DICES-990,249,44,0.1851851851851852,False,,,,,,,,,,,,,,,
1,max,DICES-990,250,46,0.42857142857142855,True,12.0,3.0,2.5833333333333335,3.8333333333333335,0.42857142857142855,0.48194444444444445,0.39528985507246367,0.07765700483091809,7.0,0.2765349729635444,0.32142857142857145,race,"age, gender, race",3.0,3.0
1,max,DICES-990,251,45,0.027777777777777766,False,,,,,,,,,,,,,,,
1,max,DICES-990,252,46,0.04545454545454545,False,,,,,,,,,,,,,,,
1,max,DICES-990,253,45,0.17142857142857143,False,,,,,,,,,,,,,,,
1,max,DICES-990,254,48,0.12195121951219513,False,,,,,,,,,,,,,,,
1,max,DICES-990,255,46,0.6521739130434783,True,5.0,3.0,2.0,9.2,0.6521739130434783,0.45,0.4510869565217392,0.30833333333333324,3.0,0.24927536231884062,0.21449275362318843,age,"age, education, gender",3.0,1.0
1,max,DICES-990,256,49,0.0425531914893617,False,,,,,,,,,,,,,,,
1,max,DICES-990,257,43,0.02380952380952381,False,,,,,,,,,,,,,,,
1,max,DICES-990,258,46,0.05,False,,,,,,,,,,,,,,,
1,max,DICES-990,259,48,0.06976744186046512,False,,,,,,,,,,,,,,,
1,max,DICES-990,260,45,0.0,False,,,,,,,,,,,,,,,
1,max,DICES-990,261,49,0.0,False,,,,,,,,,,,,,,,
1,max,DICES-990,262,46,0.16129032258064516,False,,,,,,,,,,,,,,,
1,max,DICES-990,263,43,0.0,False,,,,,,,,,,,,,,,
1,max,DICES-990,264,47,0.15625,False,,,,,,,,,,,,,,,
1,max,DICES-990,265,45,0.9545454545454546,True,1.0,0.0,0.0,45.0,0.9545454545454546,0.9545454545454546,0.9545454545454545,1.1102230246251565e-16,0.0,,,,,0.0,0.0
1,max,DICES-990,266,48,0.02127659574468085,False,,,,,,,,,,,,,,,
1,max,DICES-990,267,44,0.2222222222222222,False,,,,,,,,,,,,,,,
1,max,DICES-990,268,47,0.7083333333333335,True,10.0,3.0,2.4,4.7,0.7083333333333335,0.38666666666666666,0.35886524822695026,0.49336670838548213,6.0,0.2688492063492063,0.220238095238095,age,"age, gender, race",3.0,1.0
1,max,DICES-990,269,45,0.653846153846154,True,13.0,3.0,2.6923076923076925,3.4615384615384617,0.653846153846154,0.3974358974358974,0.4185185185185185,0.3599128540305012,8.0,0.32372557997557994,0.34615384615384603,race,"age, gender, race",3.0,2.0
1,max,DICES-990,270,46,0.25,False,,,,,,,,,,,,,,,
1,max,DICES-990,271,47,0.14705882352941177,False,,,,,,,,,,,,,,,
1,max,DICES-990,272,46,0.0,False,,,,,,,,,,,,,,,
1,max,DICES-990,273,47,0.28125,False,,,,,,,,,,,,,,,
1,max,DICES-990,274,44,0.0,False,,,,,,,,,,,,,,,
1,max,DICES-990,275,47,0.06818181818181818,False,,,,,,,,,,,,,,,
1,max,DICES-990,276,45,0.022727272727272728,False,,,,,,,,,,,,,,,
1,max,DICES-990,277,48,0.2571428571428572,False,,,,,,,,,,,,,,,
1,max,DICES-990,278,46,0.15,False,,,,,,,,,,,,,,,
1,max,DICES-990,279,48,0.09090909090909091,False,,,,,,,,,,,,,,,
1,max,DICES-990,280,46,0.09523809523809525,False,,,,,,,,,,,,,,,
1,max,DICES-990,281,47,0.22857142857142856,False,,,,,,,,,,,,,,,
1,max,DICES-990,282,46,0.31034482758620685,True,9.0,3.0,2.3333333333333335,5.111111111111111,0.31034482758620685,0.31851851851851853,0.3992753623188406,-0.28655394524959754,6.0,0.35548485677796027,0.6896551724137931,race,"education, gender, race",3.0,1.0
1,max,DICES-990,283,43,0.02631578947368421,False,,,,,,,,,,,,,,,
1,max,DICES-990,284,42,0.0,False,,,,,,,,,,,,,,,
1,max,DICES-990,285,46,0.0,False,,,,,,,,,,,,,,,
1,max,DICES-990,286,46,0.0,False,,,,,,,,,,,,,,,
1,max,DICES-990,287,47,0.09756097560975609,False,,,,,,,,,,,,,,,
1,max,DICES-990,288,42,0.05,False,,,,,,,,,,,,,,,
1,max,DICES-990,289,42,0.07692307692307691,False,,,,,,,,,,,,,,,
1,max,DICES-990,290,47,0.09756097560975609,False,,,,,,,,,,,,,,,
1,max,DICES-990,291,46,0.09523809523809525,False,,,,,,,,,,,,,,,
1,max,DICES-990,292,47,0.0,False,,,,,,,,,,,,,,,
1,max,DICES-990,293,44,0.2592592592592592,False,,,,,,,,,,,,,,,
1,max,DICES-990,294,43,0.0,False,,,,,,,,,,,,,,,
1,max,DICES-990,295,46,0.04545454545454545,False,,,,,,,,,,,,,,,
1,max,DICES-990,296,47,0.11428571428571428,False,,,,,,,,,,,,,,,
1,max,DICES-990,297,44,0.8333333333333334,True,1.0,0.0,0.0,44.0,0.8333333333333334,0.8333333333333334,0.8333333333333335,-2.220446049250313e-16,0.0,,,,,0.0,0.0
1,max,DICES-990,298,47,0.021739130434782608,False,,,,,,,,,,,,,,,
1,max,DICES-990,299,45,0.046511627906976744,False,,,,,,,,,,,,,,,
1,max,DICES-990,300,48,0.07317073170731708,False,,,,,,,,,,,,,,,
1,max,DICES-990,301,47,0.19444444444444445,False,,,,,,,,,,,,,,,
1,max,DICES-990,302,45,0.022727272727272728,False,,,,,,,,,,,,,,,
1,max,DICES-990,303,45,0.48275862068965514,True,10.0,3.0,2.5,4.5,0.48275862068965514,0.43499999999999994,0.4425925925925926,0.08320105820105816,6.0,0.2953338806787083,0.26724137931034486,age,"age, education, gender, race",4.0,1.0
1,max,DICES-990,304,42,0.027027027027027025,False,,,,,,,,,,,,,,,
1,max,DICES-990,305,46,0.0,False,,,,,,,,,,,,,,,
1,max,DICES-990,306,46,0.07692307692307693,False,,,,,,,,,,,,,,,
1,max,DICES-990,307,45,0.16216216216216217,False,,,,,,,,,,,,,,,
1,max,DICES-990,308,46,0.09523809523809525,False,,,,,,,,,,,,,,,
1,max,DICES-990,309,45,0.19354838709677416,False,,,,,,,,,,,,,,,
1,max,DICES-990,310,41,0.02631578947368421,False,,,,,,,,,,,,,,,
1,max,DICES-990,311,45,0.17142857142857143,False,,,,,,,,,,,,,,,
1,max,DICES-990,312,48,0.17948717948717946,False,,,,,,,,,,,,,,,
1,max,DICES-990,313,45,0.30303030303030304,True,10.0,3.0,2.5,4.5,0.30303030303030304,0.30333333333333334,0.24518518518518514,0.190888888888889,6.0,0.337987012987013,0.44696969696969696,age,"age, gender, race",3.0,1.0
1,max,DICES-990,314,49,0.06521739130434782,False,,,,,,,,,,,,,,,
1,max,DICES-990,315,47,0.09302325581395349,False,,,,,,,,,,,,,,,
1,max,DICES-990,316,45,0.0,False,,,,,,,,,,,,,,,
1,max,DICES-990,317,47,0.022727272727272728,False,,,,,,,,,,,,,,,
1,max,DICES-990,318,46,0.04545454545454545,False,,,,,,,,,,,,,,,
1,max,DICES-990,319,44,0.023255813953488372,False,,,,,,,,,,,,,,,
1,max,DICES-990,320,46,0.06976744186046512,False,,,,,,,,,,,,,,,
1,max,DICES-990,321,45,0.05405405405405405,False,,,,,,,,,,,,,,,
1,max,DICES-990,322,43,0.06451612903225809,False,,,,,,,,,,,,,,,
1,max,DICES-990,323,46,0.25,False,,,,,,,,,,,,,,,
1,max,DICES-990,324,45,0.02380952380952381,False,,,,,,,,,,,,,,,
1,max,DICES-990,325,44,0.0,False,,,,,,,,,,,,,,,
1,max,DICES-990,326,45,0.022727272727272728,False,,,,,,,,,,,,,,,
1,max,DICES-990,327,45,0.048780487804878044,False,,,,,,,,,,,,,,,
1,max,DICES-990,328,45,0.022727272727272728,False,,,,,,,,,,,,,,,
1,max,DICES-990,329,46,0.04545454545454545,False,,,,,,,,,,,,,,,
1,max,DICES-990,330,42,0.058823529411764705,False,,,,,,,,,,,,,,,
1,max,DICES-990,331,45,0.3448275862068965,True,12.0,3.0,2.5,3.75,0.3448275862068965,0.4444444444444444,0.3851851851851852,-0.11703703703703705,8.0,0.4765394088669951,0.6551724137931034,race,"age, gender, race",3.0,5.0
1,max,DICES-990,332,44,0.027027027027027035,False,,,,,,,,,,,,,,,
1,max,DICES-990,333,43,0.0,False,,,,,,,,,,,,,,,
1,max,DICES-990,334,45,0.36666666666666664,True,12.0,4.0,2.75,3.75,0.36666666666666664,0.4583333333333333,0.32222222222222224,0.1212121212121211,8.0,0.48142230576441103,0.6333333333333333,age,"age, education, gender, race",4.0,4.0
1,max,DICES-990,335,46,0.8095238095238095,True,10.0,3.0,2.3,4.6,0.8095238095238095,0.3476190476190476,0.29917184265010355,0.6304347826086956,6.0,0.24404761904761899,0.19047619047619047,race,"age, education, gender, race",4.0,2.0
1,max,DICES-990,336,47,0.04444444444444444,False,,,,,,,,,,,,,,,
1,max,DICES-990,337,43,0.31999999999999995,True,9.0,3.0,2.5555555555555554,4.777777777777778,0.31999999999999995,0.6296296296296295,0.37209302325581395,-0.16279069767441867,5.0,0.3855238095238095,0.3466666666666668,age,"age, education, gender, race",4.0,4.0
1,max,DICES-990,338,46,0.09523809523809525,False,,,,,,,,,,,,,,,
1,max,DICES-990,339,44,0.025641025641025633,False,,,,,,,,,,,,,,,
1,max,DICES-990,340,43,0.0,False,,,,,,,,,,,,,,,
1,max,DICES-990,341,47,0.36666666666666664,True,11.0,3.0,2.1818181818181817,4.2727272727272725,0.36666666666666664,0.45454545454545453,0.2765957446808511,0.2456479690522243,6.0,0.41111111111111115,0.38333333333333336,race,"age, education, gender, race",4.0,4.0
1,max,DICES-990,342,47,0.04444444444444444,False,,,,,,,,,,,,,,,
1,max,DICES-990,343,47,0.0,False,,,,,,,,,,,,,,,
1,max,DICES-990,344,47,0.4583333333333334,True,11.0,3.0,2.4545454545454546,4.2727272727272725,0.4583333333333334,0.4848484848484849,0.41843971631205684,0.08704061895551252,7.0,0.42261904761904756,0.5416666666666665,race,"age, education, gender, race",4.0,3.0
1,max,DICES-990,345,44,0.07692307692307691,False,,,,,,,,,,,,,,,
1,max,DICES-990,346,46,0.1875,False,,,,,,,,,,,,,,,
1,max,DICES-990,347,47,0.18181818181818185,False,,,,,,,,,,,,,,,
1,max,DICES-990,348,48,0.0,False,,,,,,,,,,,,,,,
1,max,DICES-990,349,44,0.07692307692307691,False,,,,,,,,,,,,,,,
1,max,DICES-990,350,47,0.07500000000000001,False,,,,,,,,,,,,,,,
1,max,DICES-990,351,49,0.020833333333333332,False,,,,,,,,,,,,,,,
1,max,DICES-990,352,43,0.0,False,,,,,,,,,,,,,,,
1,max,DICES-990,353,47,0.14634146341463414,False,,,,,,,,,,,,,,,
1,max,DICES-990,354,42,0.0,False,,,,,,,,,,,,,,,
1,max,DICES-990,355,49,0.0425531914893617,False,,,,,,,,,,,,,,,
1,max,DICES-990,356,42,0.027027027027027025,False,,,,,,,,,,,,,,,
1,max,DICES-990,357,47,0.04444444444444444,False,,,,,,,,,,,,,,,
1,max,DICES-990,358,46,0.04761904761904762,False,,,,,,,,,,,,,,,
1,max,DICES-990,359,45,0.022727272727272728,False,,,,,,,,,,,,,,,
1,max,DICES-990,360,46,0.10526315789473684,False,,,,,,,,,,,,,,,
1,max,DICES-990,361,45,0.16216216216216217,False,,,,,,,,,,,,,,,
1,max,DICES-990,362,47,0.022727272727272728,False,,,,,,,,,,,,,,,
1,max,DICES-990,363,46,0.12195121951219512,False,,,,,,,,,,,,,,,
1,max,DICES-990,364,45,0.0,False,,,,,,,,,,,,,,,
1,max,DICES-990,365,43,0.13888888888888887,False,,,,,,,,,,,,,,,
1,max,DICES-990,366,46,0.02222222222222222,False,,,,,,,,,,,,,,,
1,max,DICES-990,367,45,0.11428571428571428,False,,,,,,,,,,,,,,,
1,max,DICES-990,368,47,0.07142857142857142,False,,,,,,,,,,,,,,,
1,max,DICES-990,369,46,0.23529411764705882,False,,,,,,,,,,,,,,,
1,max,DICES-990,370,46,0.33333333333333326,True,10.0,3.0,2.3,4.6,0.33333333333333326,0.35833333333333334,0.27355072463768115,0.17934782608695632,6.0,0.34722222222222227,0.41666666666666674,race,"age, gender, race",3.0,2.0
1,max,DICES-990,371,46,0.33333333333333337,True,11.0,3.0,2.5454545454545454,4.181818181818182,0.33333333333333337,0.4090909090909091,0.3804347826086957,-0.14130434782608692,7.0,0.40334467120181394,0.6666666666666666,age,"age, education, gender, race",4.0,3.0
1,max,DICES-990,372,46,0.04761904761904762,False,,,,,,,,,,,,,,,
1,max,DICES-990,373,48,0.0,False,,,,,,,,,,,,,,,
1,max,DICES-990,374,48,0.09090909090909091,False,,,,,,,,,,,,,,,
1,max,DICES-990,375,44,0.030303030303030293,False,,,,,,,,,,,,,,,
1,max,DICES-990,376,46,0.2222222222222222,False,,,,,,,,,,,,,,,
1,max,DICES-990,377,44,0.07692307692307691,False,,,,,,,,,,,,,,,
1,max,DICES-990,378,46,0.15,False,,,,,,,,,,,,,,,
1,max,DICES-990,379,45,0.19444444444444445,False,,,,,,,,,,,,,,,
1,max,DICES-990,380,45,0.07142857142857142,False,,,,,,,,,,,,,,,
1,max,DICES-990,381,42,0.0,False,,,,,,,,,,,,,,,
1,max,DICES-990,382,48,0.09090909090909091,False,,,,,,,,,,,,,,,
1,max,DICES-990,383,46,0.0,False,,,,,,,,,,,,,,,
1,max,DICES-990,384,46,0.10526315789473684,False,,,,,,,,,,,,,,,
1,max,DICES-990,385,46,0.0,False,,,,,,,,,,,,,,,
1,max,DICES-990,386,45,0.046511627906976744,False,,,,,,,,,,,,,,,
1,max,DICES-990,387,47,0.021739130434782608,False,,,,,,,,,,,,,,,
1,max,DICES-990,388,42,0.0,False,,,,,,,,,,,,,,,
1,max,DICES-990,389,46,0.11111111111111112,False,,,,,,,,,,,,,,,
1,max,DICES-990,390,46,0.15789473684210528,False,,,,,,,,,,,,,,,
1,max,DICES-990,391,47,0.04444444444444444,False,,,,,,,,,,,,,,,
1,max,DICES-990,392,46,0.0,False,,,,,,,,,,,,,,,
1,max,DICES-990,393,43,0.02380952380952381,False,,,,,,,,,,,,,,,
1,max,DICES-990,394,46,0.02222222222222222,False,,,,,,,,,,,,,,,
1,max,DICES-990,395,42,0.05,False,,,,,,,,,,,,,,,
1,max,DICES-990,396,47,0.2162162162162162,False,,,,,,,,,,,,,,,
1,max,DICES-990,397,45,0.046511627906976744,False,,,,,,,,,,,,,,,
1,max,DICES-990,398,46,0.05,False,,,,,,,,,,,,,,,
1,max,DICES-990,399,45,0.10256410256410255,False,,,,,,,,,,,,,,,
1,max,DICES-990,400,42,0.05263157894736842,False,,,,,,,,,,,,,,,
1,max,DICES-990,401,44,0.1764705882352941,False,,,,,,,,,,,,,,,
1,max,DICES-990,402,45,0.125,False,,,,,,,,,,,,,,,
1,max,DICES-990,403,45,0.2058823529411765,False,,,,,,,,,,,,,,,
1,max,DICES-990,404,44,0.1,False,,,,,,,,,,,,,,,
1,max,DICES-990,405,48,0.06976744186046512,False,,,,,,,,,,,,,,,
1,max,DICES-990,406,46,0.08108108108108107,False,,,,,,,,,,,,,,,
1,max,DICES-990,407,48,0.12195121951219513,False,,,,,,,,,,,,,,,
1,max,DICES-990,408,44,0.023255813953488372,False,,,,,,,,,,,,,,,
1,max,DICES-990,409,45,0.026315789473684216,False,,,,,,,,,,,,,,,
1,max,DICES-990,410,44,0.0,False,,,,,,,,,,,,,,,
1,max,DICES-990,411,46,0.04545454545454545,False,,,,,,,,,,,,,,,
1,max,DICES-990,412,46,0.024390243902439025,False,,,,,,,,,,,,,,,
1,max,DICES-990,413,43,0.02380952380952381,False,,,,,,,,,,,,,,,
1,max,DICES-990,414,49,0.021739130434782605,False,,,,,,,,,,,,,,,
1,max,DICES-990,415,47,0.04444444444444444,False,,,,,,,,,,,,,,,
1,max,DICES-990,416,45,0.10256410256410255,False,,,,,,,,,,,,,,,
1,max,DICES-990,417,44,0.024390243902439025,False,,,,,,,,,,,,,,,
1,max,DICES-990,418,43,0.08333333333333333,False,,,,,,,,,,,,,,,
1,max,DICES-990,419,47,0.021739130434782608,False,,,,,,,,,,,,,,,
1,max,DICES-990,420,46,0.05,False,,,,,,,,,,,,,,,
1,max,DICES-990,421,43,0.075,False,,,,,,,,,,,,,,,
1,max,DICES-990,422,47,0.0,False,,,,,,,,,,,,,,,
1,max,DICES-990,423,46,0.0,False,,,,,,,,,,,,,,,
1,max,DICES-990,424,44,0.08108108108108107,False,,,,,,,,,,,,,,,
1,max,DICES-990,425,46,0.11111111111111112,False,,,,,,,,,,,,,,,
1,max,DICES-990,426,47,0.40625,True,7.0,3.0,2.0,6.714285714285714,0.40625,0.2857142857142857,0.44680851063829785,-0.09983633387888702,4.0,0.3529829545454546,0.59375,race,"age, gender, race",3.0,1.0
1,max,DICES-990,427,47,0.023809523809523805,False,,,,,,,,,,,,,,,
1,max,DICES-990,428,45,0.36363636363636365,True,10.0,4.0,2.6,4.5,0.36363636363636365,0.39999999999999997,0.4592592592592593,-0.26296296296296306,6.0,0.24470020720020724,0.27922077922077915,race,"age, education, gender, race",4.0,2.0
1,max,DICES-990,429,47,0.09302325581395349,False,,,,,,,,,,,,,,,
1,max,DICES-990,430,46,0.023255813953488372,False,,,,,,,,,,,,,,,
1,max,DICES-990,431,45,0.07142857142857142,False,,,,,,,,,,,,,,,
1,max,DICES-990,432,43,0.048780487804878044,False,,,,,,,,,,,,,,,
1,max,DICES-990,433,46,0.02222222222222222,False,,,,,,,,,,,,,,,
1,max,DICES-990,434,44,0.14285714285714285,False,,,,,,,,,,,,,,,
1,max,DICES-990,435,44,0.024390243902439025,False,,,,,,,,,,,,,,,
1,max,DICES-990,436,48,0.393939393939394,True,9.0,3.0,2.111111111111111,5.333333333333333,0.393939393939394,0.28703703703703703,0.38715277777777773,0.01722756410256432,5.0,0.37537878787878787,0.27272727272727276,race,"age, gender, race",3.0,2.0
1,max,DICES-990,437,46,0.10526315789473684,False,,,,,,,,,,,,,,,
1,max,DICES-990,438,46,0.2,False,,,,,,,,,,,,,,,
1,max,DICES-990,439,44,0.18918918918918917,False,,,,,,,,,,,,,,,
1,max,DICES-990,440,47,0.06818181818181818,False,,,,,,,,,,,,,,,
1,max,DICES-990,441,42,0.29032258064516125,False,,,,,,,,,,,,,,,
1,max,DICES-990,442,44,0.05555555555555555,False,,,,,,,,,,,,,,,
1,max,DICES-990,443,43,0.0,False,,,,,,,,,,,,,,,
1,max,DICES-990,444,44,0.15151515151515152,False,,,,,,,,,,,,,,,
1,max,DICES-990,445,47,0.2647058823529412,False,,,,,,,,,,,,,,,
1,max,DICES-990,446,48,0.0,False,,,,,,,,,,,,,,,
1,max,DICES-990,447,46,0.5,True,9.0,3.0,2.3333333333333335,5.111111111111111,0.5,0.4166666666666667,0.30434782608695654,0.3913043478260869,5.0,0.36500000000000005,0.3125,age,"age, gender, race",3.0,2.0
1,max,DICES-990,448,48,0.6190476190476192,True,1.0,0.0,0.0,48.0,0.6190476190476192,0.6190476190476192,0.6190476190476192,0.0,0.0,,,,,0.0,0.0
1,max,DICES-990,449,47,0.4800000000000001,True,4.0,2.0,1.5,11.75,0.4800000000000001,0.19642857142857142,0.45136778115501525,0.05965045592705176,2.0,0.2778571428571428,0.3057142857142856,age,"age, gender",2.0,0.0
1,max,DICES-990,450,46,0.04545454545454545,False,,,,,,,,,,,,,,,
1,max,DICES-990,451,45,0.3225806451612903,True,10.0,3.0,2.3,4.5,0.3225806451612903,0.2666666666666667,0.29629629629629634,0.08148148148148138,6.0,0.23424022214344795,0.391705069124424,race,"age, education, gender, race",4.0,0.0
1,max,DICES-990,452,46,0.07317073170731707,False,,,,,,,,,,,,,,,
1,max,DICES-990,453,45,0.0,False,,,,,,,,,,,,,,,
1,max,DICES-990,454,47,0.021739130434782608,False,,,,,,,,,,,,,,,
1,max,DICES-990,455,45,0.0,False,,,,,,,,,,,,,,,
1,max,DICES-990,456,49,0.044444444444444446,False,,,,,,,,,,,,,,,
1,max,DICES-990,457,46,0.0,False,,,,,,,,,,,,,,,
1,max,DICES-990,458,47,0.18421052631578946,False,,,,,,,,,,,,,,,
1,max,DICES-990,459,46,0.0,False,,,,,,,,,,,,,,,
1,max,DICES-990,460,46,0.024390243902439025,False,,,,,,,,,,,,,,,
1,max,DICES-990,461,45,0.07142857142857142,False,,,,,,,,,,,,,,,
1,max,DICES-990,462,43,0.025,False,,,,,,,,,,,,,,,
1,max,DICES-990,463,46,0.023255813953488372,False,,,,,,,,,,,,,,,
1,max,DICES-990,464,48,0.8181818181818182,True,1.0,0.0,0.0,48.0,0.8181818181818182,0.8181818181818182,0.8181818181818182,0.0,0.0,,,,,0.0,0.0
1,max,DICES-990,465,43,0.12121212121212123,False,,,,,,,,,,,,,,,
1,max,DICES-990,466,48,0.0,False,,,,,,,,,,,,,,,
1,max,DICES-990,467,46,0.1875,False,,,,,,,,,,,,,,,
1,max,DICES-990,468,45,0.10256410256410255,False,,,,,,,,,,,,,,,
1,max,DICES-990,469,45,0.07142857142857142,False,,,,,,,,,,,,,,,
1,max,DICES-990,470,41,0.09374999999999999,False,,,,,,,,,,,,,,,
1,max,DICES-990,471,42,0.05,False,,,,,,,,,,,,,,,
1,max,DICES-990,472,46,0.15,False,,,,,,,,,,,,,,,
1,max,DICES-990,473,47,0.021739130434782608,False,,,,,,,,,,,,,,,
1,max,DICES-990,474,46,0.12195121951219512,False,,,,,,,,,,,,,,,
1,max,DICES-990,475,48,0.06666666666666667,False,,,,,,,,,,,,,,,
1,max,DICES-990,476,47,0.04444444444444444,False,,,,,,,,,,,,,,,
1,max,DICES-990,477,47,0.5357142857142858,True,11.0,3.0,2.272727272727273,4.2727272727272725,0.5357142857142858,0.37878787878787884,0.3546099290780142,0.33806146572104023,6.0,0.4047619047619048,0.23351648351648346,race,"age, education, gender, race",4.0,2.0
1,max,DICES-990,478,47,0.023809523809523805,False,,,,,,,,,,,,,,,
1,max,DICES-990,479,41,0.02631578947368421,False,,,,,,,,,,,,,,,
1,max,DICES-990,480,47,0.021739130434782608,False,,,,,,,,,,,,,,,
1,max,DICES-990,481,46,0.0,False,,,,,,,,,,,,,,,
1,max,DICES-990,482,47,0.34285714285714286,True,12.0,3.0,2.5833333333333335,3.9166666666666665,0.34285714285714286,0.3005952380952381,0.43389057750759885,-0.26551418439716334,6.0,0.31488095238095243,0.1865546218487395,gender,"age, education, gender, race",4.0,1.0
1,max,DICES-990,483,46,0.6799999999999999,True,11.0,3.0,2.5454545454545454,4.181818181818182,0.6799999999999999,0.5194805194805195,0.5579710144927535,0.17945439045183298,7.0,0.34238095238095234,0.17999999999999994,age,"age, gender, race",3.0,3.0
1,max,DICES-990,484,47,0.1388888888888889,False,,,,,,,,,,,,,,,
1,max,DICES-990,485,43,0.10256410256410257,False,,,,,,,,,,,,,,,
1,max,DICES-990,486,46,0.1282051282051282,False,,,,,,,,,,,,,,,
1,max,DICES-990,487,47,0.021739130434782608,False,,,,,,,,,,,,,,,
1,max,DICES-990,488,46,0.13513513513513514,False,,,,,,,,,,,,,,,
1,max,DICES-990,489,47,0.25,False,,,,,,,,,,,,,,,
1,max,DICES-990,490,47,0.021739130434782608,False,,,,,,,,,,,,,,,
1,max,DICES-990,491,45,0.02380952380952381,False,,,,,,,,,,,,,,,
1,max,DICES-990,492,45,0.13157894736842105,False,,,,,,,,,,,,,,,
1,max,DICES-990,493,44,0.052631578947368425,False,,,,,,,,,,,,,,,
1,max,DICES-990,494,45,0.07142857142857142,False,,,,,,,,,,,,,,,
1,max,DICES-990,495,49,0.07142857142857144,False,,,,,,,,,,,,,,,
1,max,DICES-990,496,44,0.023255813953488372,False,,,,,,,,,,,,,,,
1,max,DICES-990,497,44,0.0,False,,,,,,,,,,,,,,,
1,max,DICES-990,498,46,0.0,False,,,,,,,,,,,,,,,
1,max,DICES-990,499,48,0.043478260869565216,False,,,,,,,,,,,,,,,
1,max,DICES-990,500,43,0.075,False,,,,,,,,,,,,,,,
1,max,DICES-990,501,47,0.0,False,,,,,,,,,,,,,,,
1,max,DICES-990,502,48,0.06976744186046512,False,,,,,,,,,,,,,,,
1,max,DICES-990,503,48,0.09090909090909091,False,,,,,,,,,,,,,,,
1,max,DICES-990,504,45,0.0,False,,,,,,,,,,,,,,,
1,max,DICES-990,505,45,0.2424242424242424,False,,,,,,,,,,,,,,,
1,max,DICES-990,506,47,0.09756097560975609,False,,,,,,,,,,,,,,,
1,max,DICES-990,507,47,0.0,False,,,,,,,,,,,,,,,
1,max,DICES-990,508,47,0.20588235294117646,False,,,,,,,,,,,,,,,
1,max,DICES-990,509,45,0.18181818181818188,False,,,,,,,,,,,,,,,
1,max,DICES-990,510,46,0.02222222222222222,False,,,,,,,,,,,,,,,
1,max,DICES-990,511,45,0.07142857142857142,False,,,,,,,,,,,,,,,
1,max,DICES-990,512,46,0.6666666666666666,True,11.0,3.0,2.4545454545454546,4.181818181818182,0.6666666666666666,0.3106060606060606,0.302536231884058,0.5461956521739131,7.0,0.20140415140415138,0.22222222222222215,race,"age, gender, race",3.0,1.0
1,max,DICES-990,513,45,0.0,False,,,,,,,,,,,,,,,
1,max,DICES-990,514,45,0.16216216216216217,False,,,,,,,,,,,,,,,
1,max,DICES-990,515,46,0.04545454545454545,False,,,,,,,,,,,,,,,
1,max,DICES-990,516,47,0.021739130434782608,False,,,,,,,,,,,,,,,
1,max,DICES-990,517,47,0.04651162790697674,False,,,,,,,,,,,,,,,
1,max,DICES-990,518,46,0.07692307692307693,False,,,,,,,,,,,,,,,
1,max,DICES-990,519,47,0.11904761904761905,False,,,,,,,,,,,,,,,
1,max,DICES-990,520,47,0.021739130434782608,False,,,,,,,,,,,,,,,
1,max,DICES-990,521,48,0.0,False,,,,,,,,,,,,,,,
1,max,DICES-990,522,46,0.3125,True,7.0,2.0,1.8571428571428572,6.571428571428571,0.3125,0.5178571428571429,0.4429347826086957,-0.4173913043478261,4.0,0.35520833333333335,0.4147727272727272,race,"education, gender, race",3.0,2.0
1,max,DICES-990,523,48,0.3125,True,10.0,3.0,2.2,4.8,0.3125,0.32857142857142857,0.2648809523809524,0.1523809523809524,5.0,0.43392857142857144,0.35416666666666674,race,"age, gender, race",3.0,3.0
1,max,DICES-990,524,46,0.2222222222222222,False,,,,,,,,,,,,,,,
1,max,DICES-990,525,44,0.11111111111111109,False,,,,,,,,,,,,,,,
1,max,DICES-990,526,48,0.02439024390243902,False,,,,,,,,,,,,,,,
1,max,DICES-990,527,47,0.05128205128205129,False,,,,,,,,,,,,,,,
1,max,DICES-990,528,47,0.057142857142857134,False,,,,,,,,,,,,,,,
1,max,DICES-990,529,46,0.1875,False,,,,,,,,,,,,,,,
1,max,DICES-990,530,46,0.3793103448275862,True,11.0,3.0,2.3636363636363638,4.181818181818182,0.3793103448275862,0.41558441558441556,0.43685300207039335,-0.1517033690946734,6.0,0.38783981025360337,0.3706896551724138,age,"age, education, gender, race",4.0,4.0
1,max,DICES-990,531,44,0.024390243902439025,False,,,,,,,,,,,,,,,
1,max,DICES-990,532,48,0.043478260869565216,False,,,,,,,,,,,,,,,
1,max,DICES-990,533,48,0.15,False,,,,,,,,,,,,,,,
1,max,DICES-990,534,46,0.06976744186046512,False,,,,,,,,,,,,,,,
1,max,DICES-990,535,46,0.02222222222222222,False,,,,,,,,,,,,,,,
1,max,DICES-990,536,46,0.8333333333333334,True,11.0,3.0,2.4545454545454546,4.181818181818182,0.8333333333333334,0.36666666666666664,0.38115942028985506,0.542608695652174,6.0,0.4052754435107377,0.303921568627451,age,"age, gender, race",3.0,3.0
1,max,DICES-990,537,46,0.0,False,,,,,,,,,,,,,,,
1,max,DICES-990,538,48,0.22222222222222224,False,,,,,,,,,,,,,,,
1,max,DICES-990,539,45,0.17142857142857143,False,,,,,,,,,,,,,,,
1,max,DICES-990,540,48,0.29411764705882354,False,,,,,,,,,,,,,,,
1,max,DICES-990,541,44,0.10526315789473685,False,,,,,,,,,,,,,,,
1,max,DICES-990,542,42,0.024390243902439025,False,,,,,,,,,,,,,,,
1,max,DICES-990,543,42,0.024390243902439025,False,,,,,,,,,,,,,,,
1,max,DICES-990,544,46,0.02222222222222222,False,,,,,,,,,,,,,,,
1,max,DICES-990,545,45,0.8636363636363636,True,1.0,0.0,0.0,45.0,0.8636363636363636,0.8636363636363636,0.8636363636363638,-2.220446049250313e-16,0.0,,,,,0.0,0.0
1,max,DICES-990,546,44,0.023255813953488372,False,,,,,,,,,,,,,,,
1,max,DICES-990,547,47,0.04444444444444444,False,,,,,,,,,,,,,,,
1,max,DICES-990,548,47,0.021739130434782608,False,,,,,,,,,,,,,,,
1,max,DICES-990,549,46,0.0,False,,,,,,,,,,,,,,,
1,max,DICES-990,550,48,0.5172413793103449,True,12.0,3.0,2.5,4.0,0.5172413793103449,0.5892857142857143,0.5997023809523809,-0.15942460317460316,7.0,0.49581836364309784,0.48275862068965514,age,"age, gender, race",3.0,6.0
1,max,DICES-990,551,43,0.05714285714285714,False,,,,,,,,,,,,,,,
1,max,DICES-990,552,45,0.21621621621621623,False,,,,,,,,,,,,,,,
1,max,DICES-990,553,47,0.10256410256410255,False,,,,,,,,,,,,,,,
1,max,DICES-990,554,45,0.16216216216216217,False,,,,,,,,,,,,,,,
1,max,DICES-990,555,46,0.0,False,,,,,,,,,,,,,,,
1,max,DICES-990,556,47,0.0,False,,,,,,,,,,,,,,,
1,max,DICES-990,557,48,0.3333333333333333,True,12.0,3.0,2.4166666666666665,4.0,0.3333333333333333,0.3444444444444444,0.35694444444444445,-0.07083333333333353,7.0,0.3726190476190476,0.3333333333333334,race,"age, gender, race",3.0,2.0
1,max,DICES-990,558,46,0.1794871794871795,False,,,,,,,,,,,,,,,
1,max,DICES-990,559,46,0.04545454545454545,False,,,,,,,,,,,,,,,
1,max,DICES-990,560,48,0.17073170731707318,False,,,,,,,,,,,,,,,
1,max,DICES-990,561,47,0.0,False,,,,,,,,,,,,,,,
1,max,DICES-990,562,44,0.0,False,,,,,,,,,,,,,,,
1,max,DICES-990,563,46,0.0,False,,,,,,,,,,,,,,,
1,max,DICES-990,564,44,0.0,False,,,,,,,,,,,,,,,
1,max,DICES-990,565,47,0.8,True,8.0,3.0,2.5,5.875,0.8,0.38913690476190477,0.579660587639311,0.2754242654508612,6.0,0.21838624338624343,0.17500000000000004,age,"age, education, gender",3.0,0.0
1,max,DICES-990,566,47,0.11904761904761905,False,,,,,,,,,,,,,,,
1,max,DICES-990,567,46,0.0,False,,,,,,,,,,,,,,,
1,max,DICES-990,568,48,0.043478260869565216,False,,,,,,,,,,,,,,,
1,max,DICES-990,569,46,0.1,False,,,,,,,,,,,,,,,
1,max,DICES-990,570,43,0.0,False,,,,,,,,,,,,,,,
1,max,DICES-990,571,46,0.15,False,,,,,,,,,,,,,,,
1,max,DICES-990,572,44,0.049999999999999996,False,,,,,,,,,,,,,,,
1,max,DICES-990,573,43,0.0,False,,,,,,,,,,,,,,,
1,max,DICES-990,574,46,0.07317073170731707,False,,,,,,,,,,,,,,,
1,max,DICES-990,575,46,0.10526315789473684,False,,,,,,,,,,,,,,,
1,max,DICES-990,576,44,0.07317073170731707,False,,,,,,,,,,,,,,,
1,max,DICES-990,577,46,0.02222222222222222,False,,,,,,,,,,,,,,,
1,max,DICES-990,578,42,0.0,False,,,,,,,,,,,,,,,
1,max,DICES-990,579,46,0.02222222222222222,False,,,,,,,,,,,,,,,
1,max,DICES-990,580,44,0.0,False,,,,,,,,,,,,,,,
1,max,DICES-990,581,46,0.05,False,,,,,,,,,,,,,,,
1,max,DICES-990,582,44,0.22580645161290322,False,,,,,,,,,,,,,,,
1,max,DICES-990,583,46,0.023255813953488372,False,,,,,,,,,,,,,,,
1,max,DICES-990,584,46,0.024390243902439025,False,,,,,,,,,,,,,,,
1,max,DICES-990,585,44,0.2,False,,,,,,,,,,,,,,,
1,max,DICES-990,586,45,0.7999999999999999,True,8.0,3.0,2.125,5.625,0.7999999999999999,0.4736111111111111,0.6239506172839506,0.22006172839506166,5.0,0.35666666666666674,0.20000000000000007,race,"age, gender, race",3.0,1.0
1,max,DICES-990,587,48,0.07317073170731708,False,,,,,,,,,,,,,,,
1,max,DICES-990,588,46,0.10526315789473684,False,,,,,,,,,,,,,,,
1,max,DICES-990,589,47,0.04444444444444444,False,,,,,,,,,,,,,,,
1,max,DICES-990,590,47,0.10256410256410255,False,,,,,,,,,,,,,,,
1,max,DICES-990,591,44,0.023255813953488372,False,,,,,,,,,,,,,,,
1,max,DICES-990,592,45,0.046511627906976744,False,,,,,,,,,,,,,,,
1,max,DICES-990,593,43,0.048780487804878044,False,,,,,,,,,,,,,,,
1,max,DICES-990,594,40,0.08108108108108107,False,,,,,,,,,,,,,,,
1,max,DICES-990,595,45,0.28124999999999994,False,,,,,,,,,,,,,,,
1,max,DICES-990,596,47,0.0,False,,,,,,,,,,,,,,,
1,max,DICES-990,597,43,0.38709677419354843,True,13.0,3.0,2.6923076923076925,3.3076923076923075,0.38709677419354843,0.3525641025641026,0.36240310077519383,0.06379198966408273,8.0,0.3944929398558431,0.6129032258064515,race,"age, gender, race",3.0,2.0
1,max,DICES-990,598,43,0.029411764705882353,False,,,,,,,,,,,,,,,
1,max,DICES-990,599,45,0.02380952380952381,False,,,,,,,,,,,,,,,
1,max,DICES-990,600,46,0.4814814814814814,True,6.0,2.0,2.0,7.666666666666667,0.4814814814814814,0.5755772005772005,0.5289619800489366,-0.09861334317856074,3.0,0.417283950617284,0.2685185185185186,gender,"education, gender, race",3.0,2.0
1,max,DICES-990,601,46,0.023255813953488372,False,,,,,,,,,,,,,,,
1,max,DICES-990,602,49,0.2702702702702703,False,,,,,,,,,,,,,,,
1,max,DICES-990,603,47,0.09756097560975609,False,,,,,,,,,,,,,,,
1,max,DICES-990,604,48,0.04545454545454546,False,,,,,,,,,,,,,,,
1,max,DICES-990,605,46,0.0,False,,,,,,,,,,,,,,,
1,max,DICES-990,606,49,0.0425531914893617,False,,,,,,,,,,,,,,,
1,max,DICES-990,607,46,0.023255813953488372,False,,,,,,,,,,,,,,,
1,max,DICES-990,608,47,0.4642857142857143,True,5.0,2.0,1.8,9.4,0.4642857142857143,0.4892857142857143,0.5011398176291794,-0.07937806873977094,3.0,0.5257936507936508,0.5357142857142857,age,"age, gender",2.0,0.0
1,max,DICES-990,609,46,0.0,False,,,,,,,,,,,,,,,
1,max,DICES-990,610,44,0.1,False,,,,,,,,,,,,,,,
1,max,DICES-990,611,45,0.0,False,,,,,,,,,,,,,,,
1,max,DICES-990,612,47,0.021739130434782608,False,,,,,,,,,,,,,,,
1,max,DICES-990,613,48,0.1875,False,,,,,,,,,,,,,,,
1,max,DICES-990,614,47,0.17142857142857146,False,,,,,,,,,,,,,,,
1,max,DICES-990,615,49,0.15384615384615385,False,,,,,,,,,,,,,,,
1,max,DICES-990,616,46,0.22580645161290325,False,,,,,,,,,,,,,,,
1,max,DICES-990,617,46,0.02222222222222222,False,,,,,,,,,,,,,,,
1,max,DICES-990,618,46,0.05,False,,,,,,,,,,,,,,,
1,max,DICES-990,619,46,0.12195121951219512,False,,,,,,,,,,,,,,,
1,max,DICES-990,620,49,0.13953488372093023,False,,,,,,,,,,,,,,,
1,max,DICES-990,621,47,0.07142857142857142,False,,,,,,,,,,,,,,,
1,max,DICES-990,622,47,0.10256410256410255,False,,,,,,,,,,,,,,,
1,max,DICES-990,623,45,0.18421052631578946,False,,,,,,,,,,,,,,,
1,max,DICES-990,624,46,0.08571428571428573,False,,,,,,,,,,,,,,,
1,max,DICES-990,625,47,0.18421052631578946,False,,,,,,,,,,,,,,,
1,max,DICES-990,626,48,0.0857142857142857,False,,,,,,,,,,,,,,,
1,max,DICES-990,627,49,0.0,False,,,,,,,,,,,,,,,
1,max,DICES-990,628,41,0.0,False,,,,,,,,,,,,,,,
1,max,DICES-990,629,42,0.024390243902439025,False,,,,,,,,,,,,,,,
1,max,DICES-990,630,46,0.16666666666666666,False,,,,,,,,,,,,,,,
1,max,DICES-990,631,48,0.27777777777777773,False,,,,,,,,,,,,,,,
1,max,DICES-990,632,47,0.06818181818181818,False,,,,,,,,,,,,,,,
1,max,DICES-990,633,47,0.0,False,,,,,,,,,,,,,,,
1,max,DICES-990,634,48,0.17073170731707318,False,,,,,,,,,,,,,,,
1,max,DICES-990,635,47,0.25,False,,,,,,,,,,,,,,,
1,max,DICES-990,636,45,0.125,False,,,,,,,,,,,,,,,
1,max,DICES-990,637,48,0.2352941176470588,False,,,,,,,,,,,,,,,
1,max,DICES-990,638,48,0.21052631578947367,False,,,,,,,,,,,,,,,
1,max,DICES-990,639,48,0.05,False,,,,,,,,,,,,,,,
1,max,DICES-990,640,46,0.4482758620689656,True,12.0,4.0,2.6666666666666665,3.8333333333333335,0.4482758620689656,0.38055555555555554,0.30362318840579705,0.32268673355629895,8.0,0.40037577365163574,0.3017241379310344,race,"age, education, gender, race",4.0,2.0
1,max,DICES-990,641,46,0.2571428571428571,False,,,,,,,,,,,,,,,
1,max,DICES-990,642,47,0.09756097560975609,False,,,,,,,,,,,,,,,
1,max,DICES-990,643,48,0.02127659574468085,False,,,,,,,,,,,,,,,
1,max,DICES-990,644,44,0.07692307692307691,False,,,,,,,,,,,,,,,
1,max,DICES-990,645,47,0.09756097560975609,False,,,,,,,,,,,,,,,
1,max,DICES-990,646,47,0.0,False,,,,,,,,,,,,,,,
1,max,DICES-990,647,47,0.0,False,,,,,,,,,,,,,,,
1,max,DICES-990,648,45,0.02380952380952381,False,,,,,,,,,,,,,,,
1,max,DICES-990,649,47,0.021739130434782608,False,,,,,,,,,,,,,,,
1,max,DICES-990,650,44,0.0,False,,,,,,,,,,,,,,,
1,max,DICES-990,651,48,0.06666666666666667,False,,,,,,,,,,,,,,,
1,max,DICES-990,652,43,0.025,False,,,,,,,,,,,,,,,
1,max,DICES-990,653,47,0.09302325581395349,False,,,,,,,,,,,,,,,
1,max,DICES-990,654,47,0.04651162790697674,False,,,,,,,,,,,,,,,
1,max,DICES-990,655,46,0.04545454545454545,False,,,,,,,,,,,,,,,
1,max,DICES-990,656,46,0.09677419354838712,False,,,,,,,,,,,,,,,
1,max,DICES-990,657,48,0.19999999999999998,False,,,,,,,,,,,,,,,
1,max,DICES-990,658,46,0.06976744186046512,False,,,,,,,,,,,,,,,
1,max,DICES-990,659,44,0.08108108108108107,False,,,,,,,,,,,,,,,
1,max,DICES-990,660,42,0.024390243902439025,False,,,,,,,,,,,,,,,
1,max,DICES-990,661,42,0.0,False,,,,,,,,,,,,,,,
1,max,DICES-990,662,47,0.25806451612903225,False,,,,,,,,,,,,,,,
1,max,DICES-990,663,46,0.2,False,,,,,,,,,,,,,,,
1,max,DICES-990,664,44,0.024390243902439025,False,,,,,,,,,,,,,,,
1,max,DICES-990,665,46,0.06976744186046512,False,,,,,,,,,,,,,,,
1,max,DICES-990,666,47,0.15384615384615383,False,,,,,,,,,,,,,,,
1,max,DICES-990,667,45,0.1081081081081081,False,,,,,,,,,,,,,,,
1,max,DICES-990,668,47,0.09756097560975609,False,,,,,,,,,,,,,,,
1,max,DICES-990,669,48,0.0,False,,,,,,,,,,,,,,,
1,max,DICES-990,670,49,0.36363636363636365,True,14.0,3.0,2.642857142857143,3.5,0.36363636363636365,0.511904761904762,0.39455782312925175,-0.08503401360544238,6.0,0.32323896863370544,0.35064935064935066,gender,"age, gender, race",3.0,5.0
1,max,DICES-990,671,45,0.07894736842105261,False,,,,,,,,,,,,,,,
1,max,DICES-990,672,47,0.04444444444444444,False,,,,,,,,,,,,,,,
1,max,DICES-990,673,45,0.0,False,,,,,,,,,,,,,,,
1,max,DICES-990,674,45,0.653846153846154,True,6.0,3.0,2.1666666666666665,7.5,0.653846153846154,0.4682539682539682,0.6772486772486772,-0.035792094615623826,3.0,0.3296703296703296,0.34615384615384603,gender,"age, gender, race",3.0,2.0
1,max,DICES-990,675,46,0.0,False,,,,,,,,,,,,,,,
1,max,DICES-990,676,48,0.0,False,,,,,,,,,,,,,,,
1,max,DICES-990,677,45,0.13157894736842105,False,,,,,,,,,,,,,,,
1,max,DICES-990,678,45,0.075,False,,,,,,,,,,,,,,,
1,max,DICES-990,679,45,0.046511627906976744,False,,,,,,,,,,,,,,,
1,max,DICES-990,680,49,0.0425531914893617,False,,,,,,,,,,,,,,,
1,max,DICES-990,681,46,0.09523809523809525,False,,,,,,,,,,,,,,,
1,max,DICES-990,682,46,0.15,False,,,,,,,,,,,,,,,
1,max,DICES-990,683,43,0.05128205128205129,False,,,,,,,,,,,,,,,
1,max,DICES-990,684,48,0.06976744186046512,False,,,,,,,,,,,,,,,
1,max,DICES-990,685,47,0.04444444444444444,False,,,,,,,,,,,,,,,
1,max,DICES-990,686,46,0.04545454545454545,False,,,,,,,,,,,,,,,
1,max,DICES-990,687,44,0.0,False,,,,,,,,,,,,,,,
1,max,DICES-990,688,47,0.021739130434782608,False,,,,,,,,,,,,,,,
1,max,DICES-990,689,44,0.41935483870967744,True,5.0,2.0,1.8,8.8,0.41935483870967744,0.20802005012531327,0.34711779448621555,0.17225756699440908,3.0,0.43693463048301756,0.5806451612903225,age,"age, education, gender",3.0,0.0
1,max,DICES-990,690,47,0.2647058823529412,False,,,,,,,,,,,,,,,
1,max,DICES-990,691,44,0.0,False,,,,,,,,,,,,,,,
1,max,DICES-990,692,43,0.048780487804878044,False,,,,,,,,,,,,,,,
1,max,DICES-990,693,47,0.0,False,,,,,,,,,,,,,,,
1,max,DICES-990,694,47,0.09756097560975609,False,,,,,,,,,,,,,,,
1,max,DICES-990,695,47,0.25,False,,,,,,,,,,,,,,,
1,max,DICES-990,696,49,0.06818181818181818,False,,,,,,,,,,,,,,,
1,max,DICES-990,697,47,0.0,False,,,,,,,,,,,,,,,
1,max,DICES-990,698,44,0.1,False,,,,,,,,,,,,,,,
1,max,DICES-990,699,43,0.0,False,,,,,,,,,,,,,,,
1,max,DICES-990,700,47,0.07142857142857142,False,,,,,,,,,,,,,,,
1,max,DICES-990,701,45,0.08333333333333333,False,,,,,,,,,,,,,,,
1,max,DICES-990,702,46,0.02564102564102564,False,,,,,,,,,,,,,,,
1,max,DICES-990,703,48,0.0,False,,,,,,,,,,,,,,,
1,max,DICES-990,704,46,0.2,False,,,,,,,,,,,,,,,
1,max,DICES-990,705,46,0.06976744186046512,False,,,,,,,,,,,,,,,
1,max,DICES-990,706,47,0.09756097560975609,False,,,,,,,,,,,,,,,
1,max,DICES-990,707,46,0.024390243902439025,False,,,,,,,,,,,,,,,
1,max,DICES-990,708,46,0.023255813953488372,False,,,,,,,,,,,,,,,
1,max,DICES-990,709,43,0.0,False,,,,,,,,,,,,,,,
1,max,DICES-990,710,46,0.04545454545454545,False,,,,,,,,,,,,,,,
1,max,DICES-990,711,45,0.0,False,,,,,,,,,,,,,,,
1,max,DICES-990,712,46,0.04761904761904762,False,,,,,,,,,,,,,,,
1,max,DICES-990,713,46,0.1,False,,,,,,,,,,,,,,,
1,max,DICES-990,714,43,0.03125,False,,,,,,,,,,,,,,,
1,max,DICES-990,715,47,0.048780487804878044,False,,,,,,,,,,,,,,,
1,max,DICES-990,716,48,0.1176470588235294,False,,,,,,,,,,,,,,,
1,max,DICES-990,717,47,0.04444444444444444,False,,,,,,,,,,,,,,,
1,max,DICES-990,718,45,0.0,False,,,,,,,,,,,,,,,
1,max,DICES-990,719,46,0.02222222222222222,False,,,,,,,,,,,,,,,
1,max,DICES-990,720,46,0.024390243902439025,False,,,,,,,,,,,,,,,
1,max,DICES-990,721,45,0.14705882352941177,False,,,,,,,,,,,,,,,
1,max,DICES-990,722,46,0.1282051282051282,False,,,,,,,,,,,,,,,
1,max,DICES-990,723,47,0.09302325581395349,False,,,,,,,,,,,,,,,
1,max,DICES-990,724,48,0.043478260869565216,False,,,,,,,,,,,,,,,
1,max,DICES-990,725,45,0.0,False,,,,,,,,,,,,,,,
1,max,DICES-990,726,45,0.07142857142857142,False,,,,,,,,,,,,,,,
1,max,DICES-990,727,47,0.32352941176470584,True,11.0,3.0,2.3636363636363638,4.2727272727272725,0.32352941176470584,0.3348484848484849,0.35283687943262415,-0.09058671824629294,7.0,0.24782913165266113,0.3431372549019609,race,"age, gender, race",3.0,1.0
1,max,DICES-990,728,48,0.12820512820512822,False,,,,,,,,,,,,,,,
1,max,DICES-990,729,46,0.4482758620689656,True,10.0,3.0,2.4,4.6,0.4482758620689656,0.3174242424242424,0.2863965744400527,0.36111533394142104,5.0,0.35818032542170475,0.3017241379310344,race,"age, gender, race",3.0,2.0
1,max,DICES-990,730,46,0.1282051282051282,False,,,,,,,,,,,,,,,
1,max,DICES-990,731,47,0.07894736842105263,False,,,,,,,,,,,,,,,
1,max,DICES-990,732,46,0.14285714285714285,False,,,,,,,,,,,,,,,
1,max,DICES-990,733,46,0.5333333333333333,True,7.0,3.0,2.0,6.571428571428571,0.5333333333333333,0.35000000000000003,0.3721014492753623,0.3023097826086957,3.0,0.39999999999999997,0.4666666666666667,race,"age, gender, race",3.0,1.0
1,max,DICES-990,734,47,0.06818181818181818,False,,,,,,,,,,,,,,,
1,max,DICES-990,735,46,0.02222222222222222,False,,,,,,,,,,,,,,,
1,max,DICES-990,736,47,0.16216216216216214,False,,,,,,,,,,,,,,,
1,max,DICES-990,737,44,0.024390243902439025,False,,,,,,,,,,,,,,,
1,max,DICES-990,738,46,0.5,True,8.0,3.0,2.5,5.75,0.5,0.39903846153846156,0.5025083612040134,-0.0050167224080268635,4.0,0.31196581196581197,0.1923076923076924,gender,"age, gender, race",3.0,2.0
1,max,DICES-990,739,46,0.14285714285714285,False,,,,,,,,,,,,,,,
1,max,DICES-990,740,43,0.02380952380952381,False,,,,,,,,,,,,,,,
1,max,DICES-990,741,47,0.48275862068965514,True,7.0,2.0,1.8571428571428572,6.714285714285714,0.48275862068965514,0.5071428571428571,0.5691489361702128,-0.17895136778115517,4.0,0.42653256704980846,0.3172413793103449,race,"gender, race",2.0,2.0
1,max,DICES-990,742,43,0.0,False,,,,,,,,,,,,,,,
1,max,DICES-990,743,48,0.6923076923076924,True,8.0,3.0,2.125,6.0,0.6923076923076924,0.5364583333333334,0.5980902777777778,0.13609182098765438,4.0,0.23317307692307693,0.3076923076923076,race,"age, gender, race",3.0,3.0
1,max,DICES-990,744,48,0.043478260869565216,False,,,,,,,,,,,,,,,
1,max,DICES-990,745,46,0.3793103448275862,True,11.0,3.0,2.4545454545454546,4.181818181818182,0.3793103448275862,0.446969696969697,0.34963768115942034,0.07822793148880092,6.0,0.2952217801355732,0.42068965517241375,race,"age, gender, race",3.0,3.0
1,max,DICES-990,746,46,0.05,False,,,,,,,,,,,,,,,
1,max,DICES-990,747,48,0.21052631578947367,False,,,,,,,,,,,,,,,
1,max,DICES-990,748,46,0.3125,True,7.0,3.0,2.2857142857142856,6.571428571428571,0.3125,0.5306122448979592,0.41459627329192544,-0.3267080745341615,5.0,0.41646825396825393,0.48749999999999993,age,"age, education, gender",3.0,2.0
1,max,DICES-990,749,45,0.022727272727272728,False,,,,,,,,,,,,,,,
1,max,DICES-990,750,47,0.04444444444444444,False,,,,,,,,,,,,,,,
1,max,DICES-990,751,46,0.04761904761904762,False,,,,,,,,,,,,,,,
1,max,DICES-990,752,47,0.0,False,,,,,,,,,,,,,,,
1,max,DICES-990,753,48,0.06666666666666667,False,,,,,,,,,,,,,,,
1,max,DICES-990,754,46,0.2222222222222222,False,,,,,,,,,,,,,,,
1,max,DICES-990,755,46,0.04761904761904762,False,,,,,,,,,,,,,,,
1,max,DICES-990,756,46,0.07317073170731707,False,,,,,,,,,,,,,,,
1,max,DICES-990,757,43,0.23333333333333334,False,,,,,,,,,,,,,,,
1,max,DICES-990,758,46,0.75,True,11.0,3.0,2.3636363636363638,4.181818181818182,0.75,0.5292207792207791,0.468167701863354,0.37577639751552805,6.0,0.5171957671957672,0.25,race,"age, gender, race",3.0,5.0
1,max,DICES-990,759,48,0.0,False,,,,,,,,,,,,,,,
1,max,DICES-990,760,46,0.024390243902439025,False,,,,,,,,,,,,,,,
1,max,DICES-990,761,48,0.025641025641025654,False,,,,,,,,,,,,,,,
1,max,DICES-990,762,48,0.2571428571428572,False,,,,,,,,,,,,,,,
1,max,DICES-990,763,48,0.43750000000000006,True,11.0,4.0,2.4545454545454546,4.363636363636363,0.43750000000000006,0.3560606060606061,0.3802083333333333,0.13095238095238115,7.0,0.33852040816326534,0.46249999999999997,race,"age, education, gender, race",4.0,2.0
1,max,DICES-990,764,45,0.022727272727272728,False,,,,,,,,,,,,,,,
1,max,DICES-990,765,45,0.10000000000000002,False,,,,,,,,,,,,,,,
1,max,DICES-990,766,46,0.04545454545454545,False,,,,,,,,,,,,,,,
1,max,DICES-990,767,43,0.27586206896551724,False,,,,,,,,,,,,,,,
1,max,DICES-990,768,47,0.2758620689655173,False,,,,,,,,,,,,,,,
1,max,DICES-990,769,44,0.19999999999999996,False,,,,,,,,,,,,,,,
1,max,DICES-990,770,45,0.14705882352941177,False,,,,,,,,,,,,,,,
1,max,DICES-990,771,46,0.21052631578947367,False,,,,,,,,,,,,,,,
1,max,DICES-990,772,48,0.09090909090909091,False,,,,,,,,,,,,,,,
1,max,DICES-990,773,47,0.04444444444444444,False,,,,,,,,,,,,,,,
1,max,DICES-990,774,47,0.04651162790697674,False,,,,,,,,,,,,,,,
1,max,DICES-990,775,48,0.0,False,,,,,,,,,,,,,,,
1,max,DICES-990,776,46,0.0,False,,,,,,,,,,,,,,,
1,max,DICES-990,777,43,0.10256410256410257,False,,,,,,,,,,,,,,,
1,max,DICES-990,778,45,0.1081081081081081,False,,,,,,,,,,,,,,,
1,max,DICES-990,779,44,0.5652173913043478,True,7.0,3.0,2.2857142857142856,6.285714285714286,0.5652173913043478,0.3071428571428571,0.5261363636363637,0.06914335664335636,3.0,0.30069676700111486,0.33478260869565224,gender,"age, gender, race",3.0,1.0
1,max,DICES-990,780,46,0.42857142857142855,True,9.0,3.0,2.3333333333333335,5.111111111111111,0.42857142857142855,0.48148148148148145,0.40942028985507245,0.04468599033816423,5.0,0.30761904761904757,0.32142857142857145,age,"age, gender, race",3.0,2.0
1,max,DICES-990,781,47,0.13157894736842105,False,,,,,,,,,,,,,,,
1,max,DICES-990,782,45,0.0,False,,,,,,,,,,,,,,,
1,max,DICES-990,783,44,0.0,False,,,,,,,,,,,,,,,
1,max,DICES-990,784,46,0.6296296296296297,True,8.0,3.0,2.0,5.75,0.6296296296296297,0.5432692307692308,0.6479933110367893,-0.029165846940782947,4.0,0.4041310541310541,0.2165242165242165,race,"age, education, gender, race",4.0,4.0
1,max,DICES-990,785,42,0.05,False,,,,,,,,,,,,,,,
1,max,DICES-990,786,42,0.0,False,,,,,,,,,,,,,,,
1,max,DICES-990,787,44,0.4399999999999999,True,12.0,3.0,2.5833333333333335,3.6666666666666665,0.4399999999999999,0.34722222222222227,0.30303030303030304,0.3112947658402202,7.0,0.4133333333333334,0.4350000000000001,race,"age, gender, race",3.0,2.0
1,max,DICES-990,788,45,0.2916666666666667,False,,,,,,,,,,,,,,,
1,max,DICES-990,789,46,0.2,False,,,,,,,,,,,,,,,
1,max,DICES-990,790,46,0.04545454545454545,False,,,,,,,,,,,,,,,
1,max,DICES-990,791,42,0.0,False,,,,,,,,,,,,,,,
1,max,DICES-990,792,46,0.02222222222222222,False,,,,,,,,,,,,,,,
1,max,DICES-990,793,44,0.4074074074074074,True,7.0,4.0,2.5714285714285716,6.285714285714286,0.4074074074074074,0.4740259740259741,0.5340909090909091,-0.31095041322314043,4.0,0.48811026936026936,0.41077441077441074,gender,"age, education, gender, race",4.0,2.0
1,max,DICES-990,794,46,0.023255813953488372,False,,,,,,,,,,,,,,,
1,max,DICES-990,795,46,0.6153846153846154,True,13.0,4.0,3.3076923076923075,3.5384615384615383,0.6153846153846154,0.41025641025641024,0.32608695652173914,0.47010869565217395,9.0,0.42236467236467234,0.3846153846153846,education,"age, education, gender, race",4.0,3.0
1,max,DICES-990,796,46,0.023255813953488372,False,,,,,,,,,,,,,,,
1,max,DICES-990,797,46,0.02222222222222222,False,,,,,,,,,,,,,,,
1,max,DICES-990,798,47,0.06818181818181818,False,,,,,,,,,,,,,,,
1,max,DICES-990,799,47,0.04444444444444444,False,,,,,,,,,,,,,,,
1,max,DICES-990,800,46,0.02222222222222222,False,,,,,,,,,,,,,,,
1,max,DICES-990,801,45,0.022727272727272728,False,,,,,,,,,,,,,,,
1,max,DICES-990,802,47,0.06818181818181818,False,,,,,,,,,,,,,,,
1,max,DICES-990,803,44,0.024390243902439025,False,,,,,,,,,,,,,,,
1,max,DICES-990,804,47,0.06818181818181818,False,,,,,,,,,,,,,,,
1,max,DICES-990,805,46,0.07317073170731707,False,,,,,,,,,,,,,,,
1,max,DICES-990,806,47,0.09756097560975609,False,,,,,,,,,,,,,,,
1,max,DICES-990,807,46,0.2571428571428571,False,,,,,,,,,,,,,,,
1,max,DICES-990,808,46,0.15,False,,,,,,,,,,,,,,,
1,max,DICES-990,809,48,0.043478260869565216,False,,,,,,,,,,,,,,,
1,max,DICES-990,810,46,0.0,False,,,,,,,,,,,,,,,
1,max,DICES-990,811,47,0.021739130434782608,False,,,,,,,,,,,,,,,
1,max,DICES-990,812,46,0.0,False,,,,,,,,,,,,,,,
1,max,DICES-990,813,46,0.04761904761904762,False,,,,,,,,,,,,,,,
1,max,DICES-990,814,47,0.3636363636363637,True,14.0,4.0,2.7857142857142856,3.357142857142857,0.3636363636363637,0.27976190476190477,0.32092198581560283,0.11746453900709242,9.0,0.3389610389610389,0.5113636363636362,race,"age, education, gender, race",4.0,2.0
1,max,DICES-990,815,45,0.125,False,,,,,,,,,,,,,,,
1,max,DICES-990,816,48,0.09090909090909091,False,,,,,,,,,,,,,,,
1,max,DICES-990,817,46,0.15,False,,,,,,,,,,,,,,,
1,max,DICES-990,818,48,0.06666666666666667,False,,,,,,,,,,,,,,,
1,max,DICES-990,819,48,0.04545454545454546,False,,,,,,,,,,,,,,,
1,max,DICES-990,820,47,0.25,False,,,,,,,,,,,,,,,
1,max,DICES-990,821,47,0.21875,False,,,,,,,,,,,,,,,
1,max,DICES-990,822,41,0.02631578947368421,False,,,,,,,,,,,,,,,
1,max,DICES-990,823,44,0.0,False,,,,,,,,,,,,,,,
1,max,DICES-990,824,45,0.0,False,,,,,,,,,,,,,,,
1,max,DICES-990,825,46,0.5384615384615384,True,12.0,4.0,2.5833333333333335,3.8333333333333335,0.5384615384615384,0.5034722222222222,0.41938405797101447,0.22114389233954457,8.0,0.356353021978022,0.31868131868131877,race,"age, education, gender, race",4.0,4.0
1,max,DICES-990,826,47,0.0,False,,,,,,,,,,,,,,,
1,max,DICES-990,827,48,0.0,False,,,,,,,,,,,,,,,
1,max,DICES-990,828,47,0.022727272727272728,False,,,,,,,,,,,,,,,
1,max,DICES-990,829,49,0.0,False,,,,,,,,,,,,,,,
1,max,DICES-990,830,46,0.027027027027027025,False,,,,,,,,,,,,,,,
1,max,DICES-990,831,46,0.1794871794871795,False,,,,,,,,,,,,,,,
1,max,DICES-990,832,46,0.04545454545454545,False,,,,,,,,,,,,,,,
1,max,DICES-990,833,43,0.10256410256410257,False,,,,,,,,,,,,,,,
1,max,DICES-990,834,46,0.04545454545454545,False,,,,,,,,,,,,,,,
1,max,DICES-990,835,48,0.0,False,,,,,,,,,,,,,,,
1,max,DICES-990,836,46,0.09677419354838712,False,,,,,,,,,,,,,,,
1,max,DICES-990,837,46,0.07317073170731707,False,,,,,,,,,,,,,,,
1,max,DICES-990,838,47,0.3928571428571429,True,11.0,3.0,2.5454545454545454,4.2727272727272725,0.3928571428571429,0.40151515151515155,0.4131205673758865,-0.051579626047710825,7.0,0.36495598239295723,0.6071428571428571,age,"age, education, gender, race",4.0,1.0
1,max,DICES-990,839,47,0.24242424242424246,False,,,,,,,,,,,,,,,
1,max,DICES-990,840,47,0.3636363636363637,True,9.0,3.0,2.3333333333333335,5.222222222222222,0.3636363636363637,0.3126984126984127,0.3893617021276595,-0.07074468085106345,5.0,0.43346320346320344,0.6363636363636362,age,"age, education, gender, race",4.0,1.0
1,max,DICES-990,841,46,0.02564102564102564,False,,,,,,,,,,,,,,,
1,max,DICES-990,842,47,0.021739130434782608,False,,,,,,,,,,,,,,,
1,max,DICES-990,843,46,0.058823529411764726,False,,,,,,,,,,,,,,,
1,max,DICES-990,844,45,0.07142857142857142,False,,,,,,,,,,,,,,,
1,max,DICES-990,845,48,0.33333333333333337,True,9.0,3.0,2.4444444444444446,5.333333333333333,0.33333333333333337,0.33465608465608465,0.33407738095238093,-0.0022321428571425717,6.0,0.4613408521303258,0.6666666666666666,age,"age, education, gender, race",4.0,2.0
1,max,DICES-990,846,47,0.04444444444444444,False,,,,,,,,,,,,,,,
1,max,DICES-990,847,43,0.075,False,,,,,,,,,,,,,,,
1,max,DICES-990,848,46,0.0,False,,,,,,,,,,,,,,,
1,max,DICES-990,849,46,0.0,False,,,,,,,,,,,,,,,
1,max,DICES-990,850,43,0.048780487804878044,False,,,,,,,,,,,,,,,
1,max,DICES-990,851,46,0.023255813953488372,False,,,,,,,,,,,,,,,
1,max,DICES-990,852,43,0.048780487804878044,False,,,,,,,,,,,,,,,
1,max,DICES-990,853,44,0.023255813953488372,False,,,,,,,,,,,,,,,
1,max,DICES-990,854,47,0.32352941176470584,True,10.0,4.0,2.5,4.7,0.32352941176470584,0.375,0.26063829787234044,0.19439071566731125,6.0,0.5232843137254902,0.3431372549019609,race,"age, education, gender, race",4.0,2.0
1,max,DICES-990,855,46,0.0,False,,,,,,,,,,,,,,,
1,max,DICES-990,856,42,0.024390243902439025,False,,,,,,,,,,,,,,,
1,max,DICES-990,857,44,0.0,False,,,,,,,,,,,,,,,
1,max,DICES-990,858,47,0.021739130434782608,False,,,,,,,,,,,,,,,
1,max,DICES-990,859,46,0.29032258064516125,False,,,,,,,,,,,,,,,
1,max,DICES-990,860,45,0.13888888888888887,False,,,,,,,,,,,,,,,
1,max,DICES-990,861,46,0.12195121951219512,False,,,,,,,,,,,,,,,
1,max,DICES-990,862,46,0.0,False,,,,,,,,,,,,,,,
1,max,DICES-990,863,48,0.0,False,,,,,,,,,,,,,,,
1,max,DICES-990,864,46,0.1891891891891892,False,,,,,,,,,,,,,,,
1,max,DICES-990,865,47,0.15384615384615383,False,,,,,,,,,,,,,,,
1,max,DICES-990,866,48,0.17948717948717946,False,,,,,,,,,,,,,,,
1,max,DICES-990,867,46,0.07317073170731707,False,,,,,,,,,,,,,,,
1,max,DICES-990,868,46,0.07317073170731707,False,,,,,,,,,,,,,,,
1,max,DICES-990,869,46,0.2941176470588236,False,,,,,,,,,,,,,,,
1,max,DICES-990,870,44,0.0,False,,,,,,,,,,,,,,,
1,max,DICES-990,871,47,0.5925925925925926,True,10.0,3.0,2.4,4.7,0.5925925925925926,0.34880952380952385,0.39792299898682876,0.32850493920972645,6.0,0.41954549673847924,0.40740740740740744,age,"age, gender, race",3.0,1.0
1,max,DICES-990,872,46,0.15789473684210528,False,,,,,,,,,,,,,,,
1,max,DICES-990,873,46,0.024390243902439025,False,,,,,,,,,,,,,,,
1,max,DICES-990,874,46,0.06976744186046512,False,,,,,,,,,,,,,,,
1,max,DICES-990,875,47,0.021739130434782608,False,,,,,,,,,,,,,,,
1,max,DICES-990,876,47,0.0,False,,,,,,,,,,,,,,,
1,max,DICES-990,877,46,0.0,False,,,,,,,,,,,,,,,
1,max,DICES-990,878,45,0.19444444444444445,False,,,,,,,,,,,,,,,
1,max,DICES-990,879,44,0.023255813953488372,False,,,,,,,,,,,,,,,
1,max,DICES-990,880,48,0.047619047619047616,False,,,,,,,,,,,,,,,
1,max,DICES-990,881,47,0.09756097560975609,False,,,,,,,,,,,,,,,
1,max,DICES-990,882,47,0.15384615384615383,False,,,,,,,,,,,,,,,
1,max,DICES-990,883,44,0.047619047619047616,False,,,,,,,,,,,,,,,
1,max,DICES-990,884,45,0.075,False,,,,,,,,,,,,,,,
1,max,DICES-990,885,44,0.024390243902439025,False,,,,,,,,,,,,,,,
1,max,DICES-990,886,46,0.09090909090909091,False,,,,,,,,,,,,,,,
1,max,DICES-990,887,46,0.04761904761904762,False,,,,,,,,,,,,,,,
1,max,DICES-990,888,45,0.046511627906976744,False,,,,,,,,,,,,,,,
1,max,DICES-990,889,45,0.05128205128205128,False,,,,,,,,,,,,,,,
1,max,DICES-990,890,48,0.06666666666666667,False,,,,,,,,,,,,,,,
1,max,DICES-990,891,46,0.10526315789473684,False,,,,,,,,,,,,,,,
1,max,DICES-990,892,46,0.0,False,,,,,,,,,,,,,,,
1,max,DICES-990,893,47,0.18421052631578946,False,,,,,,,,,,,,,,,
1,max,DICES-990,894,47,0.15625,False,,,,,,,,,,,,,,,
1,max,DICES-990,895,44,0.07692307692307691,False,,,,,,,,,,,,,,,
1,max,DICES-990,896,44,0.22580645161290322,False,,,,,,,,,,,,,,,
1,max,DICES-990,897,43,0.1818181818181818,False,,,,,,,,,,,,,,,
1,max,DICES-990,898,45,0.022727272727272728,False,,,,,,,,,,,,,,,
1,max,DICES-990,899,46,0.02222222222222222,False,,,,,,,,,,,,,,,
1,max,DICES-990,900,46,0.02222222222222222,False,,,,,,,,,,,,,,,
1,max,DICES-990,901,46,0.375,True,11.0,4.0,3.0,4.181818181818182,0.375,0.12229437229437229,0.17831262939958592,0.5244996549344376,7.0,0.40379427633122206,0.625,education,"age, education, gender, race",4.0,0.0
1,max,DICES-990,902,45,0.10256410256410255,False,,,,,,,,,,,,,,,
1,max,DICES-990,903,44,0.18750000000000003,False,,,,,,,,,,,,,,,
1,max,DICES-990,904,45,0.12121212121212123,False,,,,,,,,,,,,,,,
1,max,DICES-990,905,45,0.05405405405405405,False,,,,,,,,,,,,,,,
1,max,DICES-990,906,47,0.021739130434782608,False,,,,,,,,,,,,,,,
1,max,DICES-990,907,46,0.05,False,,,,,,,,,,,,,,,
1,max,DICES-990,908,46,0.10526315789473684,False,,,,,,,,,,,,,,,
1,max,DICES-990,909,45,0.0975609756097561,False,,,,,,,,,,,,,,,
1,max,DICES-990,910,47,0.07894736842105263,False,,,,,,,,,,,,,,,
1,max,DICES-990,911,46,0.0,False,,,,,,,,,,,,,,,
1,max,DICES-990,912,49,0.021739130434782605,False,,,,,,,,,,,,,,,
1,max,DICES-990,913,48,0.0,False,,,,,,,,,,,,,,,
1,max,DICES-990,914,45,0.0,False,,,,,,,,,,,,,,,
1,max,DICES-990,915,45,0.10256410256410255,False,,,,,,,,,,,,,,,
1,max,DICES-990,916,46,0.14285714285714285,False,,,,,,,,,,,,,,,
1,max,DICES-990,917,44,0.049999999999999996,False,,,,,,,,,,,,,,,
1,max,DICES-990,918,45,0.02380952380952381,False,,,,,,,,,,,,,,,
1,max,DICES-990,919,47,0.09756097560975609,False,,,,,,,,,,,,,,,
1,max,DICES-990,920,45,0.8636363636363636,True,1.0,0.0,0.0,45.0,0.8636363636363636,0.8636363636363636,0.8636363636363638,-2.220446049250313e-16,0.0,,,,,0.0,0.0
1,max,DICES-990,921,46,0.04545454545454545,False,,,,,,,,,,,,,,,
1,max,DICES-990,922,44,0.0,False,,,,,,,,,,,,,,,
1,max,DICES-990,923,44,0.11111111111111109,False,,,,,,,,,,,,,,,
1,max,DICES-990,924,45,0.046511627906976744,False,,,,,,,,,,,,,,,
1,max,DICES-990,925,47,0.048780487804878044,False,,,,,,,,,,,,,,,
1,max,DICES-990,926,44,0.023255813953488372,False,,,,,,,,,,,,,,,
1,max,DICES-990,927,42,0.19999999999999998,False,,,,,,,,,,,,,,,
1,max,DICES-990,928,46,0.02222222222222222,False,,,,,,,,,,,,,,,
1,max,DICES-990,929,46,0.6296296296296297,True,8.0,3.0,2.125,5.75,0.6296296296296297,0.5277777777777778,0.6292270531400966,0.0006393861892582953,5.0,0.3301851851851852,0.2592592592592592,race,"age, gender, race",3.0,2.0
1,max,DICES-990,930,45,0.024999999999999998,False,,,,,,,,,,,,,,,
1,max,DICES-990,931,46,0.0,False,,,,,,,,,,,,,,,
1,max,DICES-990,932,47,0.15384615384615383,False,,,,,,,,,,,,,,,
1,max,DICES-990,933,47,0.060606060606060615,False,,,,,,,,,,,,,,,
1,max,DICES-990,934,45,0.0,False,,,,,,,,,,,,,,,
1,max,DICES-990,935,48,0.043478260869565216,False,,,,,,,,,,,,,,,
1,max,DICES-990,936,48,0.06976744186046512,False,,,,,,,,,,,,,,,
1,max,DICES-990,937,44,0.0,False,,,,,,,,,,,,,,,
1,max,DICES-990,938,45,0.07894736842105261,False,,,,,,,,,,,,,,,
1,max,DICES-990,939,45,0.0,False,,,,,,,,,,,,,,,
1,max,DICES-990,940,47,0.06818181818181818,False,,,,,,,,,,,,,,,
1,max,DICES-990,941,46,0.1794871794871795,False,,,,,,,,,,,,,,,
1,max,DICES-990,942,45,0.3870967741935484,True,9.0,3.0,2.3333333333333335,5.0,0.3870967741935484,0.3796296296296296,0.2833333333333333,0.2680555555555556,4.0,0.383384536610343,0.3629032258064516,race,"age, gender, race",3.0,2.0
1,max,DICES-990,943,45,0.39999999999999997,True,11.0,4.0,3.1818181818181817,4.090909090909091,0.39999999999999997,0.25757575757575757,0.24074074074074073,0.39814814814814814,7.0,0.40995670995671,0.2666666666666668,education,"age, education, gender, race",4.0,1.0
1,max,DICES-990,944,46,0.023255813953488372,False,,,,,,,,,,,,,,,
1,max,DICES-990,945,46,0.1282051282051282,False,,,,,,,,,,,,,,,
1,max,DICES-990,946,47,0.3636363636363637,True,12.0,3.0,2.5,3.9166666666666665,0.3636363636363637,0.48611111111111116,0.4539007092198582,-0.24822695035460973,7.0,0.506035141329259,0.30303030303030304,age,"age, education, gender, race",4.0,4.0
1,max,DICES-990,947,46,0.1891891891891892,False,,,,,,,,,,,,,,,
1,max,DICES-990,948,47,0.09756097560975609,False,,,,,,,,,,,,,,,
1,max,DICES-990,949,43,0.0,False,,,,,,,,,,,,,,,
1,max,DICES-990,950,45,0.07142857142857142,False,,,,,,,,,,,,,,,
1,max,DICES-990,951,48,0.02222222222222222,False,,,,,,,,,,,,,,,
1,max,DICES-990,952,47,0.3870967741935484,True,10.0,3.0,2.3,4.7,0.3870967741935484,0.23095238095238094,0.2299898682877406,0.40585950692333683,6.0,0.3234468339307049,0.41290322580645167,race,"age, gender, race",3.0,0.0
1,max,DICES-990,953,42,0.2258064516129032,False,,,,,,,,,,,,,,,
1,max,DICES-990,954,46,0.0,False,,,,,,,,,,,,,,,
1,max,DICES-990,955,46,0.1282051282051282,False,,,,,,,,,,,,,,,
1,max,DICES-990,956,46,0.04545454545454545,False,,,,,,,,,,,,,,,
1,max,DICES-990,957,46,0.0,False,,,,,,,,,,,,,,,
1,max,DICES-990,958,45,0.7916666666666666,True,1.0,0.0,0.0,45.0,0.7916666666666666,0.7916666666666666,0.7916666666666666,0.0,0.0,,,,,0.0,0.0
1,max,DICES-990,959,46,0.07317073170731707,False,,,,,,,,,,,,,,,
1,max,DICES-990,960,43,0.07894736842105263,False,,,,,,,,,,,,,,,
1,max,DICES-990,961,46,0.04761904761904762,False,,,,,,,,,,,,,,,
1,max,DICES-990,962,47,0.09756097560975609,False,,,,,,,,,,,,,,,
1,max,DICES-990,963,47,0.023809523809523805,False,,,,,,,,,,,,,,,
1,max,DICES-990,964,47,0.04651162790697674,False,,,,,,,,,,,,,,,
1,max,DICES-990,965,43,0.048780487804878044,False,,,,,,,,,,,,,,,
1,max,DICES-990,966,47,0.12499999999999999,False,,,,,,,,,,,,,,,
1,max,DICES-990,967,45,0.17142857142857143,False,,,,,,,,,,,,,,,
1,max,DICES-990,968,45,0.022727272727272728,False,,,,,,,,,,,,,,,
1,max,DICES-990,969,43,0.0,False,,,,,,,,,,,,,,,
1,max,DICES-990,970,46,0.2941176470588236,False,,,,,,,,,,,,,,,
1,max,DICES-990,971,46,0.24324324324324326,False,,,,,,,,,,,,,,,
1,max,DICES-990,972,46,0.023255813953488372,False,,,,,,,,,,,,,,,
1,max,DICES-990,973,45,0.34375,True,12.0,4.0,3.1666666666666665,3.75,0.34375,0.36111111111111116,0.3333333333333333,0.030303030303030387,7.0,0.3925595238095238,0.65625,education,"age, education, gender, race",4.0,2.0
1,max,DICES-990,974,45,0.046511627906976744,False,,,,,,,,,,,,,,,
1,max,DICES-990,975,45,0.022727272727272728,False,,,,,,,,,,,,,,,
1,max,DICES-990,976,46,0.0,False,,,,,,,,,,,,,,,
1,max,DICES-990,977,44,0.07317073170731707,False,,,,,,,,,,,,,,,
1,max,DICES-990,978,45,0.0,False,,,,,,,,,,,,,,,
1,max,DICES-990,979,44,0.16666666666666666,False,,,,,,,,,,,,,,,
1,max,DICES-990,980,47,0.19354838709677424,False,,,,,,,,,,,,,,,
1,max,DICES-990,981,45,0.022727272727272728,False,,,,,,,,,,,,,,,
1,max,DICES-990,982,43,0.0,False,,,,,,,,,,,,,,,
1,max,DICES-990,983,46,0.2571428571428571,False,,,,,,,,,,,,,,,
1,max,DICES-990,984,47,0.06818181818181818,False,,,,,,,,,,,,,,,
1,max,DICES-990,985,44,0.024390243902439025,False,,,,,,,,,,,,,,,
1,max,DICES-990,986,46,0.07317073170731707,False,,,,,,,,,,,,,,,
1,max,DICES-990,987,49,0.13157894736842105,False,,,,,,,,,,,,,,,
1,max,DICES-990,988,45,0.075,False,,,,,,,,,,,,,,,
1,max,DICES-990,989,42,0.08108108108108107,False,,,,,,,,,,,,,,,
1,avg,DICES-990,0,45,0.4333333333333334,True,1.0,0.0,0.0,45.0,0.4333333333333334,0.4333333333333334,0.4333333333333334,0.0,0.0,,,,,0.0,0.0
1,avg,DICES-990,1,44,0.0,False,,,,,,,,,,,,,,,
1,avg,DICES-990,2,46,0.023255813953488372,False,,,,,,,,,,,,,,,
1,avg,DICES-990,3,47,0.022727272727272728,False,,,,,,,,,,,,,,,
1,avg,DICES-990,4,46,0.05,False,,,,,,,,,,,,,,,
1,avg,DICES-990,5,47,0.0,False,,,,,,,,,,,,,,,
1,avg,DICES-990,6,46,0.0,False,,,,,,,,,,,,,,,
1,avg,DICES-990,7,46,0.3142857142857143,True,4.0,1.0,1.0,11.5,0.3142857142857143,0.2605769230769231,0.38219063545150506,-0.21606111280024343,1.0,0.06790492116579072,0.06790492116579072,race,race,1.0,0.0
1,avg,DICES-990,8,48,0.043478260869565216,False,,,,,,,,,,,,,,,
1,avg,DICES-990,9,46,0.375,True,6.0,2.0,1.5,7.666666666666667,0.375,0.2546296296296296,0.3303140096618358,0.11916264090177131,2.0,0.16963566827697257,0.08695652173913038,race,"age, race",2.0,0.0
1,avg,DICES-990,10,48,0.0,False,,,,,,,,,,,,,,,
1,avg,DICES-990,11,46,0.13513513513513514,False,,,,,,,,,,,,,,,
1,avg,DICES-990,12,45,0.0,False,,,,,,,,,,,,,,,
1,avg,DICES-990,13,46,0.1,False,,,,,,,,,,,,,,,
1,avg,DICES-990,14,48,0.02222222222222222,False,,,,,,,,,,,,,,,
1,avg,DICES-990,15,47,0.04651162790697674,False,,,,,,,,,,,,,,,
1,avg,DICES-990,16,46,0.2571428571428571,False,,,,,,,,,,,,,,,
1,avg,DICES-990,17,46,0.09090909090909091,False,,,,,,,,,,,,,,,
1,avg,DICES-990,18,46,0.04761904761904762,False,,,,,,,,,,,,,,,
1,avg,DICES-990,19,44,0.3333333333333333,True,1.0,0.0,0.0,44.0,0.3333333333333333,0.3333333333333333,0.3333333333333333,0.0,0.0,,,,,0.0,0.0
1,avg,DICES-990,20,49,0.044444444444444446,False,,,,,,,,,,,,,,,
1,avg,DICES-990,21,48,0.7272727272727273,True,5.0,2.0,1.8,9.6,0.7272727272727273,0.14901960784313725,0.25081699346405234,0.655126633986928,3.0,0.19402349771775765,0.3678977272727273,age,"age, education, gender",3.0,0.0
1,avg,DICES-990,22,47,0.022727272727272728,False,,,,,,,,,,,,,,,
1,avg,DICES-990,23,46,0.02222222222222222,False,,,,,,,,,,,,,,,
1,avg,DICES-990,24,48,0.0,False,,,,,,,,,,,,,,,
1,avg,DICES-990,25,45,0.075,False,,,,,,,,,,,,,,,
1,avg,DICES-990,26,45,0.08333333333333333,False,,,,,,,,,,,,,,,
1,avg,DICES-990,27,43,0.31999999999999995,True,8.0,3.0,2.125,5.375,0.31999999999999995,0.40625,0.35852713178294576,-0.12039728682170558,4.0,0.22180261057911535,0.1296124031007752,race,"age, gender, race",3.0,1.0
1,avg,DICES-990,28,45,0.048780487804878044,False,,,,,,,,,,,,,,,
1,avg,DICES-990,29,45,0.10256410256410255,False,,,,,,,,,,,,,,,
1,avg,DICES-990,30,44,0.07317073170731707,False,,,,,,,,,,,,,,,
1,avg,DICES-990,31,46,0.023255813953488372,False,,,,,,,,,,,,,,,
1,avg,DICES-990,32,47,0.07142857142857142,False,,,,,,,,,,,,,,,
1,avg,DICES-990,33,45,0.07142857142857142,False,,,,,,,,,,,,,,,
1,avg,DICES-990,34,46,0.06976744186046512,False,,,,,,,,,,,,,,,
1,avg,DICES-990,35,45,0.046511627906976744,False,,,,,,,,,,,,,,,
1,avg,DICES-990,36,45,0.02380952380952381,False,,,,,,,,,,,,,,,
1,avg,DICES-990,37,46,0.15789473684210528,False,,,,,,,,,,,,,,,
1,avg,DICES-990,38,46,0.09523809523809525,False,,,,,,,,,,,,,,,
1,avg,DICES-990,39,45,0.048780487804878044,False,,,,,,,,,,,,,,,
1,avg,DICES-990,40,45,0.11428571428571428,False,,,,,,,,,,,,,,,
1,avg,DICES-990,41,42,0.0,False,,,,,,,,,,,,,,,
1,avg,DICES-990,42,47,0.3870967741935484,True,6.0,3.0,1.8333333333333333,7.833333333333333,0.3870967741935484,0.2619047619047619,0.21732522796352582,0.4385764944275583,3.0,0.27401706049612706,0.10062261005980977,race,"education, gender, race",3.0,1.0
1,avg,DICES-990,43,48,0.02222222222222222,False,,,,,,,,,,,,,,,
1,avg,DICES-990,44,44,0.13513513513513511,False,,,,,,,,,,,,,,,
1,avg,DICES-990,45,45,0.21875,False,,,,,,,,,,,,,,,
1,avg,DICES-990,46,46,0.06976744186046512,False,,,,,,,,,,,,,,,
1,avg,DICES-990,47,45,0.022727272727272728,False,,,,,,,,,,,,,,,
1,avg,DICES-990,48,48,0.3142857142857143,True,1.0,0.0,0.0,48.0,0.3142857142857143,0.3142857142857143,0.3142857142857143,0.0,0.0,,,,,0.0,0.0
1,avg,DICES-990,49,48,0.02127659574468085,False,,,,,,,,,,,,,,,
1,avg,DICES-990,50,42,0.0,False,,,,,,,,,,,,,,,
1,avg,DICES-990,51,45,0.07142857142857142,False,,,,,,,,,,,,,,,
1,avg,DICES-990,52,46,0.04545454545454545,False,,,,,,,,,,,,,,,
1,avg,DICES-990,53,45,0.0,False,,,,,,,,,,,,,,,
1,avg,DICES-990,54,47,0.175,False,,,,,,,,,,,,,,,
1,avg,DICES-990,55,47,0.17142857142857146,False,,,,,,,,,,,,,,,
1,avg,DICES-990,56,48,0.11627906976744186,False,,,,,,,,,,,,,,,
1,avg,DICES-990,57,46,0.1,False,,,,,,,,,,,,,,,
1,avg,DICES-990,58,46,0.023255813953488372,False,,,,,,,,,,,,,,,
1,avg,DICES-990,59,45,0.07142857142857142,False,,,,,,,,,,,,,,,
1,avg,DICES-990,60,49,0.0930232558139535,False,,,,,,,,,,,,,,,
1,avg,DICES-990,61,46,0.10526315789473684,False,,,,,,,,,,,,,,,
1,avg,DICES-990,62,47,0.06818181818181818,False,,,,,,,,,,,,,,,
1,avg,DICES-990,63,44,0.1,False,,,,,,,,,,,,,,,
1,avg,DICES-990,64,47,0.06818181818181818,False,,,,,,,,,,,,,,,
1,avg,DICES-990,65,46,0.04545454545454545,False,,,,,,,,,,,,,,,
1,avg,DICES-990,66,48,0.19999999999999998,False,,,,,,,,,,,,,,,
1,avg,DICES-990,67,47,0.38235294117647056,True,1.0,0.0,0.0,47.0,0.38235294117647056,0.38235294117647056,0.38235294117647056,0.0,0.0,,,,,0.0,0.0
1,avg,DICES-990,68,47,0.0,False,,,,,,,,,,,,,,,
1,avg,DICES-990,69,44,0.024390243902439025,False,,,,,,,,,,,,,,,
1,avg,DICES-990,70,46,0.0,False,,,,,,,,,,,,,,,
1,avg,DICES-990,71,45,0.10256410256410255,False,,,,,,,,,,,,,,,
1,avg,DICES-990,72,46,0.024390243902439025,False,,,,,,,,,,,,,,,
1,avg,DICES-990,73,47,0.1388888888888889,False,,,,,,,,,,,,,,,
1,avg,DICES-990,74,44,0.0,False,,,,,,,,,,,,,,,
1,avg,DICES-990,75,46,0.09523809523809525,False,,,,,,,,,,,,,,,
1,avg,DICES-990,76,45,0.0,False,,,,,,,,,,,,,,,
1,avg,DICES-990,77,42,0.0857142857142857,False,,,,,,,,,,,,,,,
1,avg,DICES-990,78,43,0.10810810810810811,False,,,,,,,,,,,,,,,
1,avg,DICES-990,79,46,0.09523809523809525,False,,,,,,,,,,,,,,,
1,avg,DICES-990,80,46,0.04761904761904762,False,,,,,,,,,,,,,,,
1,avg,DICES-990,81,47,0.05405405405405404,False,,,,,,,,,,,,,,,
1,avg,DICES-990,82,43,0.02380952380952381,False,,,,,,,,,,,,,,,
1,avg,DICES-990,83,47,0.20588235294117646,False,,,,,,,,,,,,,,,
1,avg,DICES-990,84,47,0.19444444444444445,False,,,,,,,,,,,,,,,
1,avg,DICES-990,85,42,0.0,False,,,,,,,,,,,,,,,
1,avg,DICES-990,86,47,0.0,False,,,,,,,,,,,,,,,
1,avg,DICES-990,87,45,0.07142857142857142,False,,,,,,,,,,,,,,,
1,avg,DICES-990,88,46,0.0,False,,,,,,,,,,,,,,,
1,avg,DICES-990,89,44,0.1,False,,,,,,,,,,,,,,,
1,avg,DICES-990,90,46,0.06976744186046512,False,,,,,,,,,,,,,,,
1,avg,DICES-990,91,47,0.0,False,,,,,,,,,,,,,,,
1,avg,DICES-990,92,46,0.22580645161290325,False,,,,,,,,,,,,,,,
1,avg,DICES-990,93,45,0.13888888888888887,False,,,,,,,,,,,,,,,
1,avg,DICES-990,94,47,0.48275862068965514,True,1.0,0.0,0.0,47.0,0.48275862068965514,0.48275862068965514,0.4827586206896551,1.1102230246251565e-16,0.0,,,,,0.0,0.0
1,avg,DICES-990,95,43,0.025,False,,,,,,,,,,,,,,,
1,avg,DICES-990,96,45,0.075,False,,,,,,,,,,,,,,,
1,avg,DICES-990,97,48,0.02127659574468085,False,,,,,,,,,,,,,,,
1,avg,DICES-990,98,45,0.0,False,,,,,,,,,,,,,,,
1,avg,DICES-990,99,47,0.021739130434782608,False,,,,,,,,,,,,,,,
1,avg,DICES-990,100,44,0.049999999999999996,False,,,,,,,,,,,,,,,
1,avg,DICES-990,101,47,0.0,False,,,,,,,,,,,,,,,
1,avg,DICES-990,102,45,0.048780487804878044,False,,,,,,,,,,,,,,,
1,avg,DICES-990,103,45,0.024999999999999998,False,,,,,,,,,,,,,,,
1,avg,DICES-990,104,45,0.046511627906976744,False,,,,,,,,,,,,,,,
1,avg,DICES-990,105,46,0.023255813953488372,False,,,,,,,,,,,,,,,
1,avg,DICES-990,106,49,0.13953488372093023,False,,,,,,,,,,,,,,,
1,avg,DICES-990,107,46,0.0,False,,,,,,,,,,,,,,,
1,avg,DICES-990,108,50,0.08695652173913043,False,,,,,,,,,,,,,,,
1,avg,DICES-990,109,45,0.15625,False,,,,,,,,,,,,,,,
1,avg,DICES-990,110,46,0.15,False,,,,,,,,,,,,,,,
1,avg,DICES-990,111,46,0.1,False,,,,,,,,,,,,,,,
1,avg,DICES-990,112,48,0.02222222222222222,False,,,,,,,,,,,,,,,
1,avg,DICES-990,113,47,0.17142857142857146,False,,,,,,,,,,,,,,,
1,avg,DICES-990,114,47,0.0,False,,,,,,,,,,,,,,,
1,avg,DICES-990,115,47,0.19444444444444445,False,,,,,,,,,,,,,,,
1,avg,DICES-990,116,47,0.43333333333333335,True,1.0,0.0,0.0,47.0,0.43333333333333335,0.43333333333333335,0.43333333333333335,0.0,0.0,,,,,0.0,0.0
1,avg,DICES-990,117,46,0.5384615384615384,True,5.0,2.0,1.4,9.2,0.5384615384615384,0.3812121212121212,0.35329380764163376,0.34388292866553727,2.0,0.12347631392253816,0.14168946995033949,race,"gender, race",2.0,1.0
1,avg,DICES-990,118,48,0.4482758620689655,True,1.0,0.0,0.0,48.0,0.4482758620689655,0.4482758620689655,0.4482758620689655,0.0,0.0,,,,,0.0,0.0
1,avg,DICES-990,119,48,0.02127659574468085,False,,,,,,,,,,,,,,,
1,avg,DICES-990,120,47,0.2368421052631579,False,,,,,,,,,,,,,,,
1,avg,DICES-990,121,45,0.048780487804878044,False,,,,,,,,,,,,,,,
1,avg,DICES-990,122,44,0.024390243902439025,False,,,,,,,,,,,,,,,
1,avg,DICES-990,123,45,0.3225806451612903,True,1.0,0.0,0.0,45.0,0.3225806451612903,0.3225806451612903,0.3225806451612903,0.0,0.0,,,,,0.0,0.0
1,avg,DICES-990,124,46,0.024390243902439025,False,,,,,,,,,,,,,,,
1,avg,DICES-990,125,47,0.303030303030303,True,1.0,0.0,0.0,47.0,0.303030303030303,0.303030303030303,0.303030303030303,0.0,0.0,,,,,0.0,0.0
1,avg,DICES-990,126,43,0.02380952380952381,False,,,,,,,,,,,,,,,
1,avg,DICES-990,127,47,0.15384615384615383,False,,,,,,,,,,,,,,,
1,avg,DICES-990,128,46,0.04545454545454545,False,,,,,,,,,,,,,,,
1,avg,DICES-990,129,46,0.06976744186046512,False,,,,,,,,,,,,,,,
1,avg,DICES-990,130,46,0.0,False,,,,,,,,,,,,,,,
1,avg,DICES-990,131,47,0.0,False,,,,,,,,,,,,,,,
1,avg,DICES-990,132,46,0.3125,True,1.0,0.0,0.0,46.0,0.3125,0.3125,0.3125,0.0,0.0,,,,,0.0,0.0
1,avg,DICES-990,133,47,0.07142857142857142,False,,,,,,,,,,,,,,,
1,avg,DICES-990,134,46,0.06976744186046512,False,,,,,,,,,,,,,,,
1,avg,DICES-990,135,47,0.10256410256410255,False,,,,,,,,,,,,,,,
1,avg,DICES-990,136,46,0.04761904761904762,False,,,,,,,,,,,,,,,
1,avg,DICES-990,137,46,0.1,False,,,,,,,,,,,,,,,
1,avg,DICES-990,138,47,0.0,False,,,,,,,,,,,,,,,
1,avg,DICES-990,139,45,0.022727272727272728,False,,,,,,,,,,,,,,,
1,avg,DICES-990,140,46,0.8333333333333334,True,4.0,1.0,1.0,11.5,0.8333333333333334,0.4732905982905983,0.522482348569305,0.37302118171683407,1.0,0.3108509847640284,0.3108509847640284,race,race,1.0,0.0
1,avg,DICES-990,141,48,0.22222222222222224,False,,,,,,,,,,,,,,,
1,avg,DICES-990,142,46,0.07317073170731707,False,,,,,,,,,,,,,,,
1,avg,DICES-990,143,46,0.02222222222222222,False,,,,,,,,,,,,,,,
1,avg,DICES-990,144,46,0.04545454545454545,False,,,,,,,,,,,,,,,
1,avg,DICES-990,145,47,0.048780487804878044,False,,,,,,,,,,,,,,,
1,avg,DICES-990,146,46,0.07317073170731707,False,,,,,,,,,,,,,,,
1,avg,DICES-990,147,47,0.3448275862068965,True,1.0,0.0,0.0,47.0,0.3448275862068965,0.3448275862068965,0.3448275862068965,0.0,0.0,,,,,0.0,0.0
1,avg,DICES-990,148,47,0.36666666666666664,True,1.0,0.0,0.0,47.0,0.36666666666666664,0.36666666666666664,0.3666666666666666,1.1102230246251565e-16,0.0,,,,,0.0,0.0
1,avg,DICES-990,149,47,0.2702702702702703,False,,,,,,,,,,,,,,,
1,avg,DICES-990,150,46,0.22580645161290325,False,,,,,,,,,,,,,,,
1,avg,DICES-990,151,47,0.04651162790697674,False,,,,,,,,,,,,,,,
1,avg,DICES-990,152,48,0.07692307692307693,False,,,,,,,,,,,,,,,
1,avg,DICES-990,153,48,0.0,False,,,,,,,,,,,,,,,
1,avg,DICES-990,154,47,0.09756097560975609,False,,,,,,,,,,,,,,,
1,avg,DICES-990,155,44,0.047619047619047616,False,,,,,,,,,,,,,,,
1,avg,DICES-990,156,48,0.0,False,,,,,,,,,,,,,,,
1,avg,DICES-990,157,46,0.04761904761904762,False,,,,,,,,,,,,,,,
1,avg,DICES-990,158,46,0.0,False,,,,,,,,,,,,,,,
1,avg,DICES-990,159,45,0.07894736842105261,False,,,,,,,,,,,,,,,
1,avg,DICES-990,160,47,0.09302325581395349,False,,,,,,,,,,,,,,,
1,avg,DICES-990,161,47,0.13157894736842105,False,,,,,,,,,,,,,,,
1,avg,DICES-990,162,47,0.0,False,,,,,,,,,,,,,,,
1,avg,DICES-990,163,46,0.0,False,,,,,,,,,,,,,,,
1,avg,DICES-990,164,44,0.25,False,,,,,,,,,,,,,,,
1,avg,DICES-990,165,45,0.21621621621621623,False,,,,,,,,,,,,,,,
1,avg,DICES-990,166,45,0.25806451612903225,False,,,,,,,,,,,,,,,
1,avg,DICES-990,167,47,0.021739130434782608,False,,,,,,,,,,,,,,,
1,avg,DICES-990,168,46,0.1891891891891892,False,,,,,,,,,,,,,,,
1,avg,DICES-990,169,47,0.023809523809523805,False,,,,,,,,,,,,,,,
1,avg,DICES-990,170,47,0.021739130434782608,False,,,,,,,,,,,,,,,
1,avg,DICES-990,171,46,0.0,False,,,,,,,,,,,,,,,
1,avg,DICES-990,172,46,0.0,False,,,,,,,,,,,,,,,
1,avg,DICES-990,173,47,0.07500000000000001,False,,,,,,,,,,,,,,,
1,avg,DICES-990,174,47,0.021739130434782608,False,,,,,,,,,,,,,,,
1,avg,DICES-990,175,42,0.0,False,,,,,,,,,,,,,,,
1,avg,DICES-990,176,48,0.0857142857142857,False,,,,,,,,,,,,,,,
1,avg,DICES-990,177,46,0.04545454545454545,False,,,,,,,,,,,,,,,
1,avg,DICES-990,178,44,0.8260869565217391,True,1.0,0.0,0.0,44.0,0.8260869565217391,0.8260869565217391,0.8260869565217391,0.0,0.0,,,,,0.0,0.0
1,avg,DICES-990,179,47,0.36666666666666664,True,1.0,0.0,0.0,47.0,0.36666666666666664,0.36666666666666664,0.3666666666666666,1.1102230246251565e-16,0.0,,,,,0.0,0.0
1,avg,DICES-990,180,44,0.5833333333333334,True,1.0,0.0,0.0,44.0,0.5833333333333334,0.5833333333333334,0.5833333333333334,0.0,0.0,,,,,0.0,0.0
1,avg,DICES-990,181,44,0.3571428571428572,True,1.0,0.0,0.0,44.0,0.3571428571428572,0.3571428571428572,0.3571428571428572,0.0,0.0,,,,,0.0,0.0
1,avg,DICES-990,182,45,0.0,False,,,,,,,,,,,,,,,
1,avg,DICES-990,183,48,0.02127659574468085,False,,,,,,,,,,,,,,,
1,avg,DICES-990,184,44,0.07317073170731707,False,,,,,,,,,,,,,,,
1,avg,DICES-990,185,47,0.0,False,,,,,,,,,,,,,,,
1,avg,DICES-990,186,46,0.35294117647058826,True,1.0,0.0,0.0,46.0,0.35294117647058826,0.35294117647058826,0.3529411764705883,-2.220446049250313e-16,0.0,,,,,0.0,0.0
1,avg,DICES-990,187,48,0.02222222222222222,False,,,,,,,,,,,,,,,
1,avg,DICES-990,188,46,0.15789473684210528,False,,,,,,,,,,,,,,,
1,avg,DICES-990,189,46,0.21212121212121215,False,,,,,,,,,,,,,,,
1,avg,DICES-990,190,48,0.11627906976744186,False,,,,,,,,,,,,,,,
1,avg,DICES-990,191,46,0.04545454545454545,False,,,,,,,,,,,,,,,
1,avg,DICES-990,192,46,0.2,False,,,,,,,,,,,,,,,
1,avg,DICES-990,193,45,0.046511627906976744,False,,,,,,,,,,,,,,,
1,avg,DICES-990,194,46,0.06976744186046512,False,,,,,,,,,,,,,,,
1,avg,DICES-990,195,46,0.023255813953488372,False,,,,,,,,,,,,,,,
1,avg,DICES-990,196,48,0.0,False,,,,,,,,,,,,,,,
1,avg,DICES-990,197,46,0.02222222222222222,False,,,,,,,,,,,,,,,
1,avg,DICES-990,198,44,0.025641025641025633,False,,,,,,,,,,,,,,,
1,avg,DICES-990,199,47,0.10256410256410255,False,,,,,,,,,,,,,,,
1,avg,DICES-990,200,46,0.4666666666666667,True,1.0,0.0,0.0,46.0,0.4666666666666667,0.4666666666666667,0.46666666666666673,-2.220446049250313e-16,0.0,,,,,0.0,0.0
1,avg,DICES-990,201,46,0.06976744186046512,False,,,,,,,,,,,,,,,
1,avg,DICES-990,202,46,0.02222222222222222,False,,,,,,,,,,,,,,,
1,avg,DICES-990,203,47,0.04651162790697674,False,,,,,,,,,,,,,,,
1,avg,DICES-990,204,47,0.303030303030303,True,6.0,2.0,1.5,7.833333333333333,0.303030303030303,0.34848484848484845,0.31753707285622185,-0.047872340425532345,2.0,0.10168755080873493,0.0765635074145713,race,"age, race",2.0,1.0
1,avg,DICES-990,205,48,0.06666666666666667,False,,,,,,,,,,,,,,,
1,avg,DICES-990,206,49,0.0,False,,,,,,,,,,,,,,,
1,avg,DICES-990,207,48,0.02127659574468085,False,,,,,,,,,,,,,,,
1,avg,DICES-990,208,44,0.0,False,,,,,,,,,,,,,,,
1,avg,DICES-990,209,44,0.024390243902439025,False,,,,,,,,,,,,,,,
1,avg,DICES-990,210,45,0.17142857142857143,False,,,,,,,,,,,,,,,
1,avg,DICES-990,211,41,0.0,False,,,,,,,,,,,,,,,
1,avg,DICES-990,212,46,0.02222222222222222,False,,,,,,,,,,,,,,,
1,avg,DICES-990,213,46,0.02222222222222222,False,,,,,,,,,,,,,,,
1,avg,DICES-990,214,47,0.04444444444444444,False,,,,,,,,,,,,,,,
1,avg,DICES-990,215,47,0.2702702702702703,False,,,,,,,,,,,,,,,
1,avg,DICES-990,216,48,0.0,False,,,,,,,,,,,,,,,
1,avg,DICES-990,217,47,0.0,False,,,,,,,,,,,,,,,
1,avg,DICES-990,218,45,0.0,False,,,,,,,,,,,,,,,
1,avg,DICES-990,219,46,0.09523809523809525,False,,,,,,,,,,,,,,,
1,avg,DICES-990,220,47,0.05128205128205129,False,,,,,,,,,,,,,,,
1,avg,DICES-990,221,47,0.022727272727272728,False,,,,,,,,,,,,,,,
1,avg,DICES-990,222,48,0.023255813953488375,False,,,,,,,,,,,,,,,
1,avg,DICES-990,223,47,0.048780487804878044,False,,,,,,,,,,,,,,,
1,avg,DICES-990,224,46,0.16666666666666666,False,,,,,,,,,,,,,,,
1,avg,DICES-990,225,46,0.16666666666666666,False,,,,,,,,,,,,,,,
1,avg,DICES-990,226,46,0.2,False,,,,,,,,,,,,,,,
1,avg,DICES-990,227,46,0.024390243902439025,False,,,,,,,,,,,,,,,
1,avg,DICES-990,228,47,0.0,False,,,,,,,,,,,,,,,
1,avg,DICES-990,229,46,0.3125,True,1.0,0.0,0.0,46.0,0.3125,0.3125,0.3125,0.0,0.0,,,,,0.0,0.0
1,avg,DICES-990,230,43,0.075,False,,,,,,,,,,,,,,,
1,avg,DICES-990,231,45,0.0,False,,,,,,,,,,,,,,,
1,avg,DICES-990,232,45,0.2647058823529412,False,,,,,,,,,,,,,,,
1,avg,DICES-990,233,44,0.1,False,,,,,,,,,,,,,,,
1,avg,DICES-990,234,46,0.024390243902439025,False,,,,,,,,,,,,,,,
1,avg,DICES-990,235,47,0.2162162162162162,False,,,,,,,,,,,,,,,
1,avg,DICES-990,236,47,0.04444444444444444,False,,,,,,,,,,,,,,,
1,avg,DICES-990,237,49,0.06818181818181818,False,,,,,,,,,,,,,,,
1,avg,DICES-990,238,47,0.07142857142857142,False,,,,,,,,,,,,,,,
1,avg,DICES-990,239,46,0.1,False,,,,,,,,,,,,,,,
1,avg,DICES-990,240,44,0.08108108108108107,False,,,,,,,,,,,,,,,
1,avg,DICES-990,241,47,0.25806451612903225,False,,,,,,,,,,,,,,,
1,avg,DICES-990,242,46,0.23529411764705882,False,,,,,,,,,,,,,,,
1,avg,DICES-990,243,47,0.022727272727272728,False,,,,,,,,,,,,,,,
1,avg,DICES-990,244,46,0.1282051282051282,False,,,,,,,,,,,,,,,
1,avg,DICES-990,245,46,0.0,False,,,,,,,,,,,,,,,
1,avg,DICES-990,246,47,0.0,False,,,,,,,,,,,,,,,
1,avg,DICES-990,247,45,0.8636363636363636,True,5.0,2.0,1.4,9.0,0.8636363636363636,0.3566666666666667,0.33666666666666667,0.6101754385964913,2.0,0.42621632996632997,0.4565993265993266,race,"gender, race",2.0,0.0
1,avg,DICES-990,248,46,0.05,False,,,,,,,,,,,,,,,
1,avg,DICES-990,249,44,0.1851851851851852,False,,,,,,,,,,,,,,,
1,avg,DICES-990,250,46,0.42857142857142855,True,1.0,0.0,0.0,46.0,0.42857142857142855,0.42857142857142855,0.4285714285714285,1.1102230246251565e-16,0.0,,,,,0.0,0.0
1,avg,DICES-990,251,45,0.027777777777777766,False,,,,,,,,,,,,,,,
1,avg,DICES-990,252,46,0.04545454545454545,False,,,,,,,,,,,,,,,
1,avg,DICES-990,253,45,0.17142857142857143,False,,,,,,,,,,,,,,,
1,avg,DICES-990,254,48,0.12195121951219513,False,,,,,,,,,,,,,,,
1,avg,DICES-990,255,46,0.6521739130434783,True,1.0,0.0,0.0,46.0,0.6521739130434783,0.6521739130434783,0.6521739130434783,0.0,0.0,,,,,0.0,0.0
1,avg,DICES-990,256,49,0.0425531914893617,False,,,,,,,,,,,,,,,
1,avg,DICES-990,257,43,0.02380952380952381,False,,,,,,,,,,,,,,,
1,avg,DICES-990,258,46,0.05,False,,,,,,,,,,,,,,,
1,avg,DICES-990,259,48,0.06976744186046512,False,,,,,,,,,,,,,,,
1,avg,DICES-990,260,45,0.0,False,,,,,,,,,,,,,,,
1,avg,DICES-990,261,49,0.0,False,,,,,,,,,,,,,,,
1,avg,DICES-990,262,46,0.16129032258064516,False,,,,,,,,,,,,,,,
1,avg,DICES-990,263,43,0.0,False,,,,,,,,,,,,,,,
1,avg,DICES-990,264,47,0.15625,False,,,,,,,,,,,,,,,
1,avg,DICES-990,265,45,0.9545454545454546,True,7.0,3.0,2.0,6.428571428571429,0.9545454545454546,0.5196428571428572,0.4725,0.5050000000000001,4.0,0.22619678932178933,0.5492676767676767,race,"education, gender, race",3.0,3.0
1,avg,DICES-990,266,48,0.02127659574468085,False,,,,,,,,,,,,,,,
1,avg,DICES-990,267,44,0.2222222222222222,False,,,,,,,,,,,,,,,
1,avg,DICES-990,268,47,0.7083333333333335,True,6.0,2.0,1.6666666666666667,7.833333333333333,0.7083333333333335,0.33134920634920634,0.35891590678824725,0.4932951904165922,3.0,0.2132368222793755,0.2720364741641339,race,"age, gender, race",3.0,1.0
1,avg,DICES-990,269,45,0.653846153846154,True,1.0,0.0,0.0,45.0,0.653846153846154,0.653846153846154,0.653846153846154,0.0,0.0,,,,,0.0,0.0
1,avg,DICES-990,270,46,0.25,False,,,,,,,,,,,,,,,
1,avg,DICES-990,271,47,0.14705882352941177,False,,,,,,,,,,,,,,,
1,avg,DICES-990,272,46,0.0,False,,,,,,,,,,,,,,,
1,avg,DICES-990,273,47,0.28125,False,,,,,,,,,,,,,,,
1,avg,DICES-990,274,44,0.0,False,,,,,,,,,,,,,,,
1,avg,DICES-990,275,47,0.06818181818181818,False,,,,,,,,,,,,,,,
1,avg,DICES-990,276,45,0.022727272727272728,False,,,,,,,,,,,,,,,
1,avg,DICES-990,277,48,0.2571428571428572,False,,,,,,,,,,,,,,,
1,avg,DICES-990,278,46,0.15,False,,,,,,,,,,,,,,,
1,avg,DICES-990,279,48,0.09090909090909091,False,,,,,,,,,,,,,,,
1,avg,DICES-990,280,46,0.09523809523809525,False,,,,,,,,,,,,,,,
1,avg,DICES-990,281,47,0.22857142857142856,False,,,,,,,,,,,,,,,
1,avg,DICES-990,282,46,0.31034482758620685,True,9.0,3.0,2.3333333333333335,5.111111111111111,0.31034482758620685,0.279320987654321,0.257548309178744,0.1701221148684915,4.0,0.23487856766061413,0.16821797434616031,race,"age, gender, race",3.0,0.0
1,avg,DICES-990,283,43,0.02631578947368421,False,,,,,,,,,,,,,,,
1,avg,DICES-990,284,42,0.0,False,,,,,,,,,,,,,,,
1,avg,DICES-990,285,46,0.0,False,,,,,,,,,,,,,,,
1,avg,DICES-990,286,46,0.0,False,,,,,,,,,,,,,,,
1,avg,DICES-990,287,47,0.09756097560975609,False,,,,,,,,,,,,,,,
1,avg,DICES-990,288,42,0.05,False,,,,,,,,,,,,,,,
1,avg,DICES-990,289,42,0.07692307692307691,False,,,,,,,,,,,,,,,
1,avg,DICES-990,290,47,0.09756097560975609,False,,,,,,,,,,,,,,,
1,avg,DICES-990,291,46,0.09523809523809525,False,,,,,,,,,,,,,,,
1,avg,DICES-990,292,47,0.0,False,,,,,,,,,,,,,,,
1,avg,DICES-990,293,44,0.2592592592592592,False,,,,,,,,,,,,,,,
1,avg,DICES-990,294,43,0.0,False,,,,,,,,,,,,,,,
1,avg,DICES-990,295,46,0.04545454545454545,False,,,,,,,,,,,,,,,
1,avg,DICES-990,296,47,0.11428571428571428,False,,,,,,,,,,,,,,,
1,avg,DICES-990,297,44,0.8333333333333334,True,1.0,0.0,0.0,44.0,0.8333333333333334,0.8333333333333334,0.8333333333333335,-2.220446049250313e-16,0.0,,,,,0.0,0.0
1,avg,DICES-990,298,47,0.021739130434782608,False,,,,,,,,,,,,,,,
1,avg,DICES-990,299,45,0.046511627906976744,False,,,,,,,,,,,,,,,
1,avg,DICES-990,300,48,0.07317073170731708,False,,,,,,,,,,,,,,,
1,avg,DICES-990,301,47,0.19444444444444445,False,,,,,,,,,,,,,,,
1,avg,DICES-990,302,45,0.022727272727272728,False,,,,,,,,,,,,,,,
1,avg,DICES-990,303,45,0.48275862068965514,True,1.0,0.0,0.0,45.0,0.48275862068965514,0.48275862068965514,0.48275862068965514,0.0,0.0,,,,,0.0,0.0
1,avg,DICES-990,304,42,0.027027027027027025,False,,,,,,,,,,,,,,,
1,avg,DICES-990,305,46,0.0,False,,,,,,,,,,,,,,,
1,avg,DICES-990,306,46,0.07692307692307693,False,,,,,,,,,,,,,,,
1,avg,DICES-990,307,45,0.16216216216216217,False,,,,,,,,,,,,,,,
1,avg,DICES-990,308,46,0.09523809523809525,False,,,,,,,,,,,,,,,
1,avg,DICES-990,309,45,0.19354838709677416,False,,,,,,,,,,,,,,,
1,avg,DICES-990,310,41,0.02631578947368421,False,,,,,,,,,,,,,,,
1,avg,DICES-990,311,45,0.17142857142857143,False,,,,,,,,,,,,,,,
1,avg,DICES-990,312,48,0.17948717948717946,False,,,,,,,,,,,,,,,
1,avg,DICES-990,313,45,0.30303030303030304,True,1.0,0.0,0.0,45.0,0.30303030303030304,0.30303030303030304,0.30303030303030304,0.0,0.0,,,,,0.0,0.0
1,avg,DICES-990,314,49,0.06521739130434782,False,,,,,,,,,,,,,,,
1,avg,DICES-990,315,47,0.09302325581395349,False,,,,,,,,,,,,,,,
1,avg,DICES-990,316,45,0.0,False,,,,,,,,,,,,,,,
1,avg,DICES-990,317,47,0.022727272727272728,False,,,,,,,,,,,,,,,
1,avg,DICES-990,318,46,0.04545454545454545,False,,,,,,,,,,,,,,,
1,avg,DICES-990,319,44,0.023255813953488372,False,,,,,,,,,,,,,,,
1,avg,DICES-990,320,46,0.06976744186046512,False,,,,,,,,,,,,,,,
1,avg,DICES-990,321,45,0.05405405405405405,False,,,,,,,,,,,,,,,
1,avg,DICES-990,322,43,0.06451612903225809,False,,,,,,,,,,,,,,,
1,avg,DICES-990,323,46,0.25,False,,,,,,,,,,,,,,,
1,avg,DICES-990,324,45,0.02380952380952381,False,,,,,,,,,,,,,,,
1,avg,DICES-990,325,44,0.0,False,,,,,,,,,,,,,,,
1,avg,DICES-990,326,45,0.022727272727272728,False,,,,,,,,,,,,,,,
1,avg,DICES-990,327,45,0.048780487804878044,False,,,,,,,,,,,,,,,
1,avg,DICES-990,328,45,0.022727272727272728,False,,,,,,,,,,,,,,,
1,avg,DICES-990,329,46,0.04545454545454545,False,,,,,,,,,,,,,,,
1,avg,DICES-990,330,42,0.058823529411764705,False,,,,,,,,,,,,,,,
1,avg,DICES-990,331,45,0.3448275862068965,True,1.0,0.0,0.0,45.0,0.3448275862068965,0.3448275862068965,0.3448275862068965,0.0,0.0,,,,,0.0,0.0
1,avg,DICES-990,332,44,0.027027027027027035,False,,,,,,,,,,,,,,,
1,avg,DICES-990,333,43,0.0,False,,,,,,,,,,,,,,,
1,avg,DICES-990,334,45,0.36666666666666664,True,1.0,0.0,0.0,45.0,0.36666666666666664,0.36666666666666664,0.36666666666666664,0.0,0.0,,,,,0.0,0.0
1,avg,DICES-990,335,46,0.8095238095238095,True,8.0,3.0,2.0,5.75,0.8095238095238095,0.24702380952380953,0.28105590062111807,0.6528132992327365,4.0,0.2538086051284809,0.3167701863354037,race,"age, education, gender, race",4.0,0.0
1,avg,DICES-990,336,47,0.04444444444444444,False,,,,,,,,,,,,,,,
1,avg,DICES-990,337,43,0.31999999999999995,True,4.0,1.0,1.0,10.75,0.31999999999999995,0.25416666666666665,0.21046511627906977,0.34229651162790686,1.0,0.10953488372093018,0.10953488372093018,race,race,1.0,0.0
1,avg,DICES-990,338,46,0.09523809523809525,False,,,,,,,,,,,,,,,
1,avg,DICES-990,339,44,0.025641025641025633,False,,,,,,,,,,,,,,,
1,avg,DICES-990,340,43,0.0,False,,,,,,,,,,,,,,,
1,avg,DICES-990,341,47,0.36666666666666664,True,9.0,3.0,2.3333333333333335,5.222222222222222,0.36666666666666664,0.3592592592592593,0.2475177304964539,0.3249516441005802,5.0,0.10591328220584284,0.16046870181930312,age,"age, education, gender, race",4.0,3.0
1,avg,DICES-990,342,47,0.04444444444444444,False,,,,,,,,,,,,,,,
1,avg,DICES-990,343,47,0.0,False,,,,,,,,,,,,,,,
1,avg,DICES-990,344,47,0.4583333333333334,True,8.0,4.0,2.625,5.875,0.4583333333333334,0.3666666666666667,0.3404255319148936,0.25725338491295957,4.0,0.14367448507780173,0.1279203170629955,age,"age, education, gender, race",4.0,2.0
1,avg,DICES-990,345,44,0.07692307692307691,False,,,,,,,,,,,,,,,
1,avg,DICES-990,346,46,0.1875,False,,,,,,,,,,,,,,,
1,avg,DICES-990,347,47,0.18181818181818185,False,,,,,,,,,,,,,,,
1,avg,DICES-990,348,48,0.0,False,,,,,,,,,,,,,,,
1,avg,DICES-990,349,44,0.07692307692307691,False,,,,,,,,,,,,,,,
1,avg,DICES-990,350,47,0.07500000000000001,False,,,,,,,,,,,,,,,
1,avg,DICES-990,351,49,0.020833333333333332,False,,,,,,,,,,,,,,,
1,avg,DICES-990,352,43,0.0,False,,,,,,,,,,,,,,,
1,avg,DICES-990,353,47,0.14634146341463414,False,,,,,,,,,,,,,,,
1,avg,DICES-990,354,42,0.0,False,,,,,,,,,,,,,,,
1,avg,DICES-990,355,49,0.0425531914893617,False,,,,,,,,,,,,,,,
1,avg,DICES-990,356,42,0.027027027027027025,False,,,,,,,,,,,,,,,
1,avg,DICES-990,357,47,0.04444444444444444,False,,,,,,,,,,,,,,,
1,avg,DICES-990,358,46,0.04761904761904762,False,,,,,,,,,,,,,,,
1,avg,DICES-990,359,45,0.022727272727272728,False,,,,,,,,,,,,,,,
1,avg,DICES-990,360,46,0.10526315789473684,False,,,,,,,,,,,,,,,
1,avg,DICES-990,361,45,0.16216216216216217,False,,,,,,,,,,,,,,,
1,avg,DICES-990,362,47,0.022727272727272728,False,,,,,,,,,,,,,,,
1,avg,DICES-990,363,46,0.12195121951219512,False,,,,,,,,,,,,,,,
1,avg,DICES-990,364,45,0.0,False,,,,,,,,,,,,,,,
1,avg,DICES-990,365,43,0.13888888888888887,False,,,,,,,,,,,,,,,
1,avg,DICES-990,366,46,0.02222222222222222,False,,,,,,,,,,,,,,,
1,avg,DICES-990,367,45,0.11428571428571428,False,,,,,,,,,,,,,,,
1,avg,DICES-990,368,47,0.07142857142857142,False,,,,,,,,,,,,,,,
1,avg,DICES-990,369,46,0.23529411764705882,False,,,,,,,,,,,,,,,
1,avg,DICES-990,370,46,0.33333333333333326,True,4.0,1.0,1.0,11.5,0.33333333333333326,0.3541666666666667,0.42210144927536236,-0.26630434782608736,1.0,0.08876811594202905,0.08876811594202905,race,race,1.0,0.0
1,avg,DICES-990,371,46,0.33333333333333337,True,4.0,1.0,1.0,11.5,0.33333333333333337,0.2583333333333333,0.4007246376811594,-0.2021739130434781,1.0,0.06739130434782603,0.06739130434782603,race,race,1.0,0.0
1,avg,DICES-990,372,46,0.04761904761904762,False,,,,,,,,,,,,,,,
1,avg,DICES-990,373,48,0.0,False,,,,,,,,,,,,,,,
1,avg,DICES-990,374,48,0.09090909090909091,False,,,,,,,,,,,,,,,
1,avg,DICES-990,375,44,0.030303030303030293,False,,,,,,,,,,,,,,,
1,avg,DICES-990,376,46,0.2222222222222222,False,,,,,,,,,,,,,,,
1,avg,DICES-990,377,44,0.07692307692307691,False,,,,,,,,,,,,,,,
1,avg,DICES-990,378,46,0.15,False,,,,,,,,,,,,,,,
1,avg,DICES-990,379,45,0.19444444444444445,False,,,,,,,,,,,,,,,
1,avg,DICES-990,380,45,0.07142857142857142,False,,,,,,,,,,,,,,,
1,avg,DICES-990,381,42,0.0,False,,,,,,,,,,,,,,,
1,avg,DICES-990,382,48,0.09090909090909091,False,,,,,,,,,,,,,,,
1,avg,DICES-990,383,46,0.0,False,,,,,,,,,,,,,,,
1,avg,DICES-990,384,46,0.10526315789473684,False,,,,,,,,,,,,,,,
1,avg,DICES-990,385,46,0.0,False,,,,,,,,,,,,,,,
1,avg,DICES-990,386,45,0.046511627906976744,False,,,,,,,,,,,,,,,
1,avg,DICES-990,387,47,0.021739130434782608,False,,,,,,,,,,,,,,,
1,avg,DICES-990,388,42,0.0,False,,,,,,,,,,,,,,,
1,avg,DICES-990,389,46,0.11111111111111112,False,,,,,,,,,,,,,,,
1,avg,DICES-990,390,46,0.15789473684210528,False,,,,,,,,,,,,,,,
1,avg,DICES-990,391,47,0.04444444444444444,False,,,,,,,,,,,,,,,
1,avg,DICES-990,392,46,0.0,False,,,,,,,,,,,,,,,
1,avg,DICES-990,393,43,0.02380952380952381,False,,,,,,,,,,,,,,,
1,avg,DICES-990,394,46,0.02222222222222222,False,,,,,,,,,,,,,,,
1,avg,DICES-990,395,42,0.05,False,,,,,,,,,,,,,,,
1,avg,DICES-990,396,47,0.2162162162162162,False,,,,,,,,,,,,,,,
1,avg,DICES-990,397,45,0.046511627906976744,False,,,,,,,,,,,,,,,
1,avg,DICES-990,398,46,0.05,False,,,,,,,,,,,,,,,
1,avg,DICES-990,399,45,0.10256410256410255,False,,,,,,,,,,,,,,,
1,avg,DICES-990,400,42,0.05263157894736842,False,,,,,,,,,,,,,,,
1,avg,DICES-990,401,44,0.1764705882352941,False,,,,,,,,,,,,,,,
1,avg,DICES-990,402,45,0.125,False,,,,,,,,,,,,,,,
1,avg,DICES-990,403,45,0.2058823529411765,False,,,,,,,,,,,,,,,
1,avg,DICES-990,404,44,0.1,False,,,,,,,,,,,,,,,
1,avg,DICES-990,405,48,0.06976744186046512,False,,,,,,,,,,,,,,,
1,avg,DICES-990,406,46,0.08108108108108107,False,,,,,,,,,,,,,,,
1,avg,DICES-990,407,48,0.12195121951219513,False,,,,,,,,,,,,,,,
1,avg,DICES-990,408,44,0.023255813953488372,False,,,,,,,,,,,,,,,
1,avg,DICES-990,409,45,0.026315789473684216,False,,,,,,,,,,,,,,,
1,avg,DICES-990,410,44,0.0,False,,,,,,,,,,,,,,,
1,avg,DICES-990,411,46,0.04545454545454545,False,,,,,,,,,,,,,,,
1,avg,DICES-990,412,46,0.024390243902439025,False,,,,,,,,,,,,,,,
1,avg,DICES-990,413,43,0.02380952380952381,False,,,,,,,,,,,,,,,
1,avg,DICES-990,414,49,0.021739130434782605,False,,,,,,,,,,,,,,,
1,avg,DICES-990,415,47,0.04444444444444444,False,,,,,,,,,,,,,,,
1,avg,DICES-990,416,45,0.10256410256410255,False,,,,,,,,,,,,,,,
1,avg,DICES-990,417,44,0.024390243902439025,False,,,,,,,,,,,,,,,
1,avg,DICES-990,418,43,0.08333333333333333,False,,,,,,,,,,,,,,,
1,avg,DICES-990,419,47,0.021739130434782608,False,,,,,,,,,,,,,,,
1,avg,DICES-990,420,46,0.05,False,,,,,,,,,,,,,,,
1,avg,DICES-990,421,43,0.075,False,,,,,,,,,,,,,,,
1,avg,DICES-990,422,47,0.0,False,,,,,,,,,,,,,,,
1,avg,DICES-990,423,46,0.0,False,,,,,,,,,,,,,,,
1,avg,DICES-990,424,44,0.08108108108108107,False,,,,,,,,,,,,,,,
1,avg,DICES-990,425,46,0.11111111111111112,False,,,,,,,,,,,,,,,
1,avg,DICES-990,426,47,0.40625,True,9.0,3.0,2.111111111111111,5.222222222222222,0.40625,0.2916666666666667,0.27925531914893614,0.3126022913256956,5.0,0.2633830324521814,0.10567778852353327,race,"age, gender, race",3.0,1.0
1,avg,DICES-990,427,47,0.023809523809523805,False,,,,,,,,,,,,,,,
1,avg,DICES-990,428,45,0.36363636363636365,True,1.0,0.0,0.0,45.0,0.36363636363636365,0.36363636363636365,0.36363636363636365,0.0,0.0,,,,,0.0,0.0
1,avg,DICES-990,429,47,0.09302325581395349,False,,,,,,,,,,,,,,,
1,avg,DICES-990,430,46,0.023255813953488372,False,,,,,,,,,,,,,,,
1,avg,DICES-990,431,45,0.07142857142857142,False,,,,,,,,,,,,,,,
1,avg,DICES-990,432,43,0.048780487804878044,False,,,,,,,,,,,,,,,
1,avg,DICES-990,433,46,0.02222222222222222,False,,,,,,,,,,,,,,,
1,avg,DICES-990,434,44,0.14285714285714285,False,,,,,,,,,,,,,,,
1,avg,DICES-990,435,44,0.024390243902439025,False,,,,,,,,,,,,,,,
1,avg,DICES-990,436,48,0.393939393939394,True,1.0,0.0,0.0,48.0,0.393939393939394,0.393939393939394,0.393939393939394,0.0,0.0,,,,,0.0,0.0
1,avg,DICES-990,437,46,0.10526315789473684,False,,,,,,,,,,,,,,,
1,avg,DICES-990,438,46,0.2,False,,,,,,,,,,,,,,,
1,avg,DICES-990,439,44,0.18918918918918917,False,,,,,,,,,,,,,,,
1,avg,DICES-990,440,47,0.06818181818181818,False,,,,,,,,,,,,,,,
1,avg,DICES-990,441,42,0.29032258064516125,False,,,,,,,,,,,,,,,
1,avg,DICES-990,442,44,0.05555555555555555,False,,,,,,,,,,,,,,,
1,avg,DICES-990,443,43,0.0,False,,,,,,,,,,,,,,,
1,avg,DICES-990,444,44,0.15151515151515152,False,,,,,,,,,,,,,,,
1,avg,DICES-990,445,47,0.2647058823529412,False,,,,,,,,,,,,,,,
1,avg,DICES-990,446,48,0.0,False,,,,,,,,,,,,,,,
1,avg,DICES-990,447,46,0.5,True,1.0,0.0,0.0,46.0,0.5,0.5,0.5,0.0,0.0,,,,,0.0,0.0
1,avg,DICES-990,448,48,0.6190476190476192,True,8.0,3.0,2.0,6.0,0.6190476190476192,0.12878787878787878,0.19823232323232323,0.6797785547785549,4.0,0.47803077770183033,0.2920274170274172,race,"age, education, gender, race",4.0,0.0
1,avg,DICES-990,449,47,0.4800000000000001,True,1.0,0.0,0.0,47.0,0.4800000000000001,0.4800000000000001,0.48000000000000015,-2.220446049250313e-16,0.0,,,,,0.0,0.0
1,avg,DICES-990,450,46,0.04545454545454545,False,,,,,,,,,,,,,,,
1,avg,DICES-990,451,45,0.3225806451612903,True,1.0,0.0,0.0,45.0,0.3225806451612903,0.3225806451612903,0.3225806451612903,0.0,0.0,,,,,0.0,0.0
1,avg,DICES-990,452,46,0.07317073170731707,False,,,,,,,,,,,,,,,
1,avg,DICES-990,453,45,0.0,False,,,,,,,,,,,,,,,
1,avg,DICES-990,454,47,0.021739130434782608,False,,,,,,,,,,,,,,,
1,avg,DICES-990,455,45,0.0,False,,,,,,,,,,,,,,,
1,avg,DICES-990,456,49,0.044444444444444446,False,,,,,,,,,,,,,,,
1,avg,DICES-990,457,46,0.0,False,,,,,,,,,,,,,,,
1,avg,DICES-990,458,47,0.18421052631578946,False,,,,,,,,,,,,,,,
1,avg,DICES-990,459,46,0.0,False,,,,,,,,,,,,,,,
1,avg,DICES-990,460,46,0.024390243902439025,False,,,,,,,,,,,,,,,
1,avg,DICES-990,461,45,0.07142857142857142,False,,,,,,,,,,,,,,,
1,avg,DICES-990,462,43,0.025,False,,,,,,,,,,,,,,,
1,avg,DICES-990,463,46,0.023255813953488372,False,,,,,,,,,,,,,,,
1,avg,DICES-990,464,48,0.8181818181818182,True,9.0,3.0,2.0,5.333333333333333,0.8181818181818182,0.34444444444444444,0.5270833333333333,0.35578703703703707,4.0,0.17004644660894663,0.264709595959596,race,"age, gender, race",3.0,1.0
1,avg,DICES-990,465,43,0.12121212121212123,False,,,,,,,,,,,,,,,
1,avg,DICES-990,466,48,0.0,False,,,,,,,,,,,,,,,
1,avg,DICES-990,467,46,0.1875,False,,,,,,,,,,,,,,,
1,avg,DICES-990,468,45,0.10256410256410255,False,,,,,,,,,,,,,,,
1,avg,DICES-990,469,45,0.07142857142857142,False,,,,,,,,,,,,,,,
1,avg,DICES-990,470,41,0.09374999999999999,False,,,,,,,,,,,,,,,
1,avg,DICES-990,471,42,0.05,False,,,,,,,,,,,,,,,
1,avg,DICES-990,472,46,0.15,False,,,,,,,,,,,,,,,
1,avg,DICES-990,473,47,0.021739130434782608,False,,,,,,,,,,,,,,,
1,avg,DICES-990,474,46,0.12195121951219512,False,,,,,,,,,,,,,,,
1,avg,DICES-990,475,48,0.06666666666666667,False,,,,,,,,,,,,,,,
1,avg,DICES-990,476,47,0.04444444444444444,False,,,,,,,,,,,,,,,
1,avg,DICES-990,477,47,0.5357142857142858,True,1.0,0.0,0.0,47.0,0.5357142857142858,0.5357142857142858,0.5357142857142858,0.0,0.0,,,,,0.0,0.0
1,avg,DICES-990,478,47,0.023809523809523805,False,,,,,,,,,,,,,,,
1,avg,DICES-990,479,41,0.02631578947368421,False,,,,,,,,,,,,,,,
1,avg,DICES-990,480,47,0.021739130434782608,False,,,,,,,,,,,,,,,
1,avg,DICES-990,481,46,0.0,False,,,,,,,,,,,,,,,
1,avg,DICES-990,482,47,0.34285714285714286,True,1.0,0.0,0.0,47.0,0.34285714285714286,0.34285714285714286,0.34285714285714286,0.0,0.0,,,,,0.0,0.0
1,avg,DICES-990,483,46,0.6799999999999999,True,3.0,1.0,1.0,15.333333333333334,0.6799999999999999,0.5,0.5,0.2647058823529411,1.0,0.17999999999999994,0.17999999999999994,age,age,1.0,0.0
1,avg,DICES-990,484,47,0.1388888888888889,False,,,,,,,,,,,,,,,
1,avg,DICES-990,485,43,0.10256410256410257,False,,,,,,,,,,,,,,,
1,avg,DICES-990,486,46,0.1282051282051282,False,,,,,,,,,,,,,,,
1,avg,DICES-990,487,47,0.021739130434782608,False,,,,,,,,,,,,,,,
1,avg,DICES-990,488,46,0.13513513513513514,False,,,,,,,,,,,,,,,
1,avg,DICES-990,489,47,0.25,False,,,,,,,,,,,,,,,
1,avg,DICES-990,490,47,0.021739130434782608,False,,,,,,,,,,,,,,,
1,avg,DICES-990,491,45,0.02380952380952381,False,,,,,,,,,,,,,,,
1,avg,DICES-990,492,45,0.13157894736842105,False,,,,,,,,,,,,,,,
1,avg,DICES-990,493,44,0.052631578947368425,False,,,,,,,,,,,,,,,
1,avg,DICES-990,494,45,0.07142857142857142,False,,,,,,,,,,,,,,,
1,avg,DICES-990,495,49,0.07142857142857144,False,,,,,,,,,,,,,,,
1,avg,DICES-990,496,44,0.023255813953488372,False,,,,,,,,,,,,,,,
1,avg,DICES-990,497,44,0.0,False,,,,,,,,,,,,,,,
1,avg,DICES-990,498,46,0.0,False,,,,,,,,,,,,,,,
1,avg,DICES-990,499,48,0.043478260869565216,False,,,,,,,,,,,,,,,
1,avg,DICES-990,500,43,0.075,False,,,,,,,,,,,,,,,
1,avg,DICES-990,501,47,0.0,False,,,,,,,,,,,,,,,
1,avg,DICES-990,502,48,0.06976744186046512,False,,,,,,,,,,,,,,,
1,avg,DICES-990,503,48,0.09090909090909091,False,,,,,,,,,,,,,,,
1,avg,DICES-990,504,45,0.0,False,,,,,,,,,,,,,,,
1,avg,DICES-990,505,45,0.2424242424242424,False,,,,,,,,,,,,,,,
1,avg,DICES-990,506,47,0.09756097560975609,False,,,,,,,,,,,,,,,
1,avg,DICES-990,507,47,0.0,False,,,,,,,,,,,,,,,
1,avg,DICES-990,508,47,0.20588235294117646,False,,,,,,,,,,,,,,,
1,avg,DICES-990,509,45,0.18181818181818188,False,,,,,,,,,,,,,,,
1,avg,DICES-990,510,46,0.02222222222222222,False,,,,,,,,,,,,,,,
1,avg,DICES-990,511,45,0.07142857142857142,False,,,,,,,,,,,,,,,
1,avg,DICES-990,512,46,0.6666666666666666,True,7.0,3.0,2.0,6.571428571428571,0.6666666666666666,0.20970695970695968,0.32706243032329985,0.5094063545150502,4.0,0.17616625524234214,0.3190728353771832,race,"education, gender, race",3.0,0.0
1,avg,DICES-990,513,45,0.0,False,,,,,,,,,,,,,,,
1,avg,DICES-990,514,45,0.16216216216216217,False,,,,,,,,,,,,,,,
1,avg,DICES-990,515,46,0.04545454545454545,False,,,,,,,,,,,,,,,
1,avg,DICES-990,516,47,0.021739130434782608,False,,,,,,,,,,,,,,,
1,avg,DICES-990,517,47,0.04651162790697674,False,,,,,,,,,,,,,,,
1,avg,DICES-990,518,46,0.07692307692307693,False,,,,,,,,,,,,,,,
1,avg,DICES-990,519,47,0.11904761904761905,False,,,,,,,,,,,,,,,
1,avg,DICES-990,520,47,0.021739130434782608,False,,,,,,,,,,,,,,,
1,avg,DICES-990,521,48,0.0,False,,,,,,,,,,,,,,,
1,avg,DICES-990,522,46,0.3125,True,5.0,2.0,1.4,9.2,0.3125,0.3787878787878788,0.4370882740447958,-0.3986824769433466,2.0,0.07612812911725951,0.11589262187088267,race,"education, race",2.0,0.0
1,avg,DICES-990,523,48,0.3125,True,1.0,0.0,0.0,48.0,0.3125,0.3125,0.3125,0.0,0.0,,,,,0.0,0.0
1,avg,DICES-990,524,46,0.2222222222222222,False,,,,,,,,,,,,,,,
1,avg,DICES-990,525,44,0.11111111111111109,False,,,,,,,,,,,,,,,
1,avg,DICES-990,526,48,0.02439024390243902,False,,,,,,,,,,,,,,,
1,avg,DICES-990,527,47,0.05128205128205129,False,,,,,,,,,,,,,,,
1,avg,DICES-990,528,47,0.057142857142857134,False,,,,,,,,,,,,,,,
1,avg,DICES-990,529,46,0.1875,False,,,,,,,,,,,,,,,
1,avg,DICES-990,530,46,0.3793103448275862,True,1.0,0.0,0.0,46.0,0.3793103448275862,0.3793103448275862,0.3793103448275862,0.0,0.0,,,,,0.0,0.0
1,avg,DICES-990,531,44,0.024390243902439025,False,,,,,,,,,,,,,,,
1,avg,DICES-990,532,48,0.043478260869565216,False,,,,,,,,,,,,,,,
1,avg,DICES-990,533,48,0.15,False,,,,,,,,,,,,,,,
1,avg,DICES-990,534,46,0.06976744186046512,False,,,,,,,,,,,,,,,
1,avg,DICES-990,535,46,0.02222222222222222,False,,,,,,,,,,,,,,,
1,avg,DICES-990,536,46,0.8333333333333334,True,6.0,2.0,1.8333333333333333,7.666666666666667,0.8333333333333334,0.3715686274509804,0.4101023017902814,0.5078772378516623,3.0,0.23838549912718712,0.40801364023870423,age,"age, gender, race",3.0,1.0
1,avg,DICES-990,537,46,0.0,False,,,,,,,,,,,,,,,
1,avg,DICES-990,538,48,0.22222222222222224,False,,,,,,,,,,,,,,,
1,avg,DICES-990,539,45,0.17142857142857143,False,,,,,,,,,,,,,,,
1,avg,DICES-990,540,48,0.29411764705882354,False,,,,,,,,,,,,,,,
1,avg,DICES-990,541,44,0.10526315789473685,False,,,,,,,,,,,,,,,
1,avg,DICES-990,542,42,0.024390243902439025,False,,,,,,,,,,,,,,,
1,avg,DICES-990,543,42,0.024390243902439025,False,,,,,,,,,,,,,,,
1,avg,DICES-990,544,46,0.02222222222222222,False,,,,,,,,,,,,,,,
1,avg,DICES-990,545,45,0.8636363636363636,True,10.0,2.0,2.0,4.5,0.8636363636363636,0.3166666666666667,0.42592592592592593,0.50682261208577,5.0,0.19982683982683982,0.2797979797979798,race,"age, gender, race",3.0,1.0
1,avg,DICES-990,546,44,0.023255813953488372,False,,,,,,,,,,,,,,,
1,avg,DICES-990,547,47,0.04444444444444444,False,,,,,,,,,,,,,,,
1,avg,DICES-990,548,47,0.021739130434782608,False,,,,,,,,,,,,,,,
1,avg,DICES-990,549,46,0.0,False,,,,,,,,,,,,,,,
1,avg,DICES-990,550,48,0.5172413793103449,True,1.0,0.0,0.0,48.0,0.5172413793103449,0.5172413793103449,0.5172413793103449,0.0,0.0,,,,,0.0,0.0
1,avg,DICES-990,551,43,0.05714285714285714,False,,,,,,,,,,,,,,,
1,avg,DICES-990,552,45,0.21621621621621623,False,,,,,,,,,,,,,,,
1,avg,DICES-990,553,47,0.10256410256410255,False,,,,,,,,,,,,,,,
1,avg,DICES-990,554,45,0.16216216216216217,False,,,,,,,,,,,,,,,
1,avg,DICES-990,555,46,0.0,False,,,,,,,,,,,,,,,
1,avg,DICES-990,556,47,0.0,False,,,,,,,,,,,,,,,
1,avg,DICES-990,557,48,0.3333333333333333,True,1.0,0.0,0.0,48.0,0.3333333333333333,0.3333333333333333,0.3333333333333333,0.0,0.0,,,,,0.0,0.0
1,avg,DICES-990,558,46,0.1794871794871795,False,,,,,,,,,,,,,,,
1,avg,DICES-990,559,46,0.04545454545454545,False,,,,,,,,,,,,,,,
1,avg,DICES-990,560,48,0.17073170731707318,False,,,,,,,,,,,,,,,
1,avg,DICES-990,561,47,0.0,False,,,,,,,,,,,,,,,
1,avg,DICES-990,562,44,0.0,False,,,,,,,,,,,,,,,
1,avg,DICES-990,563,46,0.0,False,,,,,,,,,,,,,,,
1,avg,DICES-990,564,44,0.0,False,,,,,,,,,,,,,,,
1,avg,DICES-990,565,47,0.8,True,4.0,2.0,1.5,11.75,0.8,0.3923611111111111,0.5271867612293144,0.34101654846335705,2.0,0.16459810874704495,0.27919621749408985,age,"age, gender",2.0,0.0
1,avg,DICES-990,566,47,0.11904761904761905,False,,,,,,,,,,,,,,,
1,avg,DICES-990,567,46,0.0,False,,,,,,,,,,,,,,,
1,avg,DICES-990,568,48,0.043478260869565216,False,,,,,,,,,,,,,,,
1,avg,DICES-990,569,46,0.1,False,,,,,,,,,,,,,,,
1,avg,DICES-990,570,43,0.0,False,,,,,,,,,,,,,,,
1,avg,DICES-990,571,46,0.15,False,,,,,,,,,,,,,,,
1,avg,DICES-990,572,44,0.049999999999999996,False,,,,,,,,,,,,,,,
1,avg,DICES-990,573,43,0.0,False,,,,,,,,,,,,,,,
1,avg,DICES-990,574,46,0.07317073170731707,False,,,,,,,,,,,,,,,
1,avg,DICES-990,575,46,0.10526315789473684,False,,,,,,,,,,,,,,,
1,avg,DICES-990,576,44,0.07317073170731707,False,,,,,,,,,,,,,,,
1,avg,DICES-990,577,46,0.02222222222222222,False,,,,,,,,,,,,,,,
1,avg,DICES-990,578,42,0.0,False,,,,,,,,,,,,,,,
1,avg,DICES-990,579,46,0.02222222222222222,False,,,,,,,,,,,,,,,
1,avg,DICES-990,580,44,0.0,False,,,,,,,,,,,,,,,
1,avg,DICES-990,581,46,0.05,False,,,,,,,,,,,,,,,
1,avg,DICES-990,582,44,0.22580645161290322,False,,,,,,,,,,,,,,,
1,avg,DICES-990,583,46,0.023255813953488372,False,,,,,,,,,,,,,,,
1,avg,DICES-990,584,46,0.024390243902439025,False,,,,,,,,,,,,,,,
1,avg,DICES-990,585,44,0.2,False,,,,,,,,,,,,,,,
1,avg,DICES-990,586,45,0.7999999999999999,True,1.0,0.0,0.0,45.0,0.7999999999999999,0.7999999999999999,0.8,-2.220446049250313e-16,0.0,,,,,0.0,0.0
1,avg,DICES-990,587,48,0.07317073170731708,False,,,,,,,,,,,,,,,
1,avg,DICES-990,588,46,0.10526315789473684,False,,,,,,,,,,,,,,,
1,avg,DICES-990,589,47,0.04444444444444444,False,,,,,,,,,,,,,,,
1,avg,DICES-990,590,47,0.10256410256410255,False,,,,,,,,,,,,,,,
1,avg,DICES-990,591,44,0.023255813953488372,False,,,,,,,,,,,,,,,
1,avg,DICES-990,592,45,0.046511627906976744,False,,,,,,,,,,,,,,,
1,avg,DICES-990,593,43,0.048780487804878044,False,,,,,,,,,,,,,,,
1,avg,DICES-990,594,40,0.08108108108108107,False,,,,,,,,,,,,,,,
1,avg,DICES-990,595,45,0.28124999999999994,False,,,,,,,,,,,,,,,
1,avg,DICES-990,596,47,0.0,False,,,,,,,,,,,,,,,
1,avg,DICES-990,597,43,0.38709677419354843,True,1.0,0.0,0.0,43.0,0.38709677419354843,0.38709677419354843,0.38709677419354843,0.0,0.0,,,,,0.0,0.0
1,avg,DICES-990,598,43,0.029411764705882353,False,,,,,,,,,,,,,,,
1,avg,DICES-990,599,45,0.02380952380952381,False,,,,,,,,,,,,,,,
1,avg,DICES-990,600,46,0.4814814814814814,True,1.0,0.0,0.0,46.0,0.4814814814814814,0.4814814814814814,0.4814814814814814,0.0,0.0,,,,,0.0,0.0
1,avg,DICES-990,601,46,0.023255813953488372,False,,,,,,,,,,,,,,,
1,avg,DICES-990,602,49,0.2702702702702703,False,,,,,,,,,,,,,,,
1,avg,DICES-990,603,47,0.09756097560975609,False,,,,,,,,,,,,,,,
1,avg,DICES-990,604,48,0.04545454545454546,False,,,,,,,,,,,,,,,
1,avg,DICES-990,605,46,0.0,False,,,,,,,,,,,,,,,
1,avg,DICES-990,606,49,0.0425531914893617,False,,,,,,,,,,,,,,,
1,avg,DICES-990,607,46,0.023255813953488372,False,,,,,,,,,,,,,,,
1,avg,DICES-990,608,47,0.4642857142857143,True,1.0,0.0,0.0,47.0,0.4642857142857143,0.4642857142857143,0.4642857142857143,0.0,0.0,,,,,0.0,0.0
1,avg,DICES-990,609,46,0.0,False,,,,,,,,,,,,,,,
1,avg,DICES-990,610,44,0.1,False,,,,,,,,,,,,,,,
1,avg,DICES-990,611,45,0.0,False,,,,,,,,,,,,,,,
1,avg,DICES-990,612,47,0.021739130434782608,False,,,,,,,,,,,,,,,
1,avg,DICES-990,613,48,0.1875,False,,,,,,,,,,,,,,,
1,avg,DICES-990,614,47,0.17142857142857146,False,,,,,,,,,,,,,,,
1,avg,DICES-990,615,49,0.15384615384615385,False,,,,,,,,,,,,,,,
1,avg,DICES-990,616,46,0.22580645161290325,False,,,,,,,,,,,,,,,
1,avg,DICES-990,617,46,0.02222222222222222,False,,,,,,,,,,,,,,,
1,avg,DICES-990,618,46,0.05,False,,,,,,,,,,,,,,,
1,avg,DICES-990,619,46,0.12195121951219512,False,,,,,,,,,,,,,,,
1,avg,DICES-990,620,49,0.13953488372093023,False,,,,,,,,,,,,,,,
1,avg,DICES-990,621,47,0.07142857142857142,False,,,,,,,,,,,,,,,
1,avg,DICES-990,622,47,0.10256410256410255,False,,,,,,,,,,,,,,,
1,avg,DICES-990,623,45,0.18421052631578946,False,,,,,,,,,,,,,,,
1,avg,DICES-990,624,46,0.08571428571428573,False,,,,,,,,,,,,,,,
1,avg,DICES-990,625,47,0.18421052631578946,False,,,,,,,,,,,,,,,
1,avg,DICES-990,626,48,0.0857142857142857,False,,,,,,,,,,,,,,,
1,avg,DICES-990,627,49,0.0,False,,,,,,,,,,,,,,,
1,avg,DICES-990,628,41,0.0,False,,,,,,,,,,,,,,,
1,avg,DICES-990,629,42,0.024390243902439025,False,,,,,,,,,,,,,,,
1,avg,DICES-990,630,46,0.16666666666666666,False,,,,,,,,,,,,,,,
1,avg,DICES-990,631,48,0.27777777777777773,False,,,,,,,,,,,,,,,
1,avg,DICES-990,632,47,0.06818181818181818,False,,,,,,,,,,,,,,,
1,avg,DICES-990,633,47,0.0,False,,,,,,,,,,,,,,,
1,avg,DICES-990,634,48,0.17073170731707318,False,,,,,,,,,,,,,,,
1,avg,DICES-990,635,47,0.25,False,,,,,,,,,,,,,,,
1,avg,DICES-990,636,45,0.125,False,,,,,,,,,,,,,,,
1,avg,DICES-990,637,48,0.2352941176470588,False,,,,,,,,,,,,,,,
1,avg,DICES-990,638,48,0.21052631578947367,False,,,,,,,,,,,,,,,
1,avg,DICES-990,639,48,0.05,False,,,,,,,,,,,,,,,
1,avg,DICES-990,640,46,0.4482758620689656,True,1.0,0.0,0.0,46.0,0.4482758620689656,0.4482758620689656,0.4482758620689656,0.0,0.0,,,,,0.0,0.0
1,avg,DICES-990,641,46,0.2571428571428571,False,,,,,,,,,,,,,,,
1,avg,DICES-990,642,47,0.09756097560975609,False,,,,,,,,,,,,,,,
1,avg,DICES-990,643,48,0.02127659574468085,False,,,,,,,,,,,,,,,
1,avg,DICES-990,644,44,0.07692307692307691,False,,,,,,,,,,,,,,,
1,avg,DICES-990,645,47,0.09756097560975609,False,,,,,,,,,,,,,,,
1,avg,DICES-990,646,47,0.0,False,,,,,,,,,,,,,,,
1,avg,DICES-990,647,47,0.0,False,,,,,,,,,,,,,,,
1,avg,DICES-990,648,45,0.02380952380952381,False,,,,,,,,,,,,,,,
1,avg,DICES-990,649,47,0.021739130434782608,False,,,,,,,,,,,,,,,
1,avg,DICES-990,650,44,0.0,False,,,,,,,,,,,,,,,
1,avg,DICES-990,651,48,0.06666666666666667,False,,,,,,,,,,,,,,,
1,avg,DICES-990,652,43,0.025,False,,,,,,,,,,,,,,,
1,avg,DICES-990,653,47,0.09302325581395349,False,,,,,,,,,,,,,,,
1,avg,DICES-990,654,47,0.04651162790697674,False,,,,,,,,,,,,,,,
1,avg,DICES-990,655,46,0.04545454545454545,False,,,,,,,,,,,,,,,
1,avg,DICES-990,656,46,0.09677419354838712,False,,,,,,,,,,,,,,,
1,avg,DICES-990,657,48,0.19999999999999998,False,,,,,,,,,,,,,,,
1,avg,DICES-990,658,46,0.06976744186046512,False,,,,,,,,,,,,,,,
1,avg,DICES-990,659,44,0.08108108108108107,False,,,,,,,,,,,,,,,
1,avg,DICES-990,660,42,0.024390243902439025,False,,,,,,,,,,,,,,,
1,avg,DICES-990,661,42,0.0,False,,,,,,,,,,,,,,,
1,avg,DICES-990,662,47,0.25806451612903225,False,,,,,,,,,,,,,,,
1,avg,DICES-990,663,46,0.2,False,,,,,,,,,,,,,,,
1,avg,DICES-990,664,44,0.024390243902439025,False,,,,,,,,,,,,,,,
1,avg,DICES-990,665,46,0.06976744186046512,False,,,,,,,,,,,,,,,
1,avg,DICES-990,666,47,0.15384615384615383,False,,,,,,,,,,,,,,,
1,avg,DICES-990,667,45,0.1081081081081081,False,,,,,,,,,,,,,,,
1,avg,DICES-990,668,47,0.09756097560975609,False,,,,,,,,,,,,,,,
1,avg,DICES-990,669,48,0.0,False,,,,,,,,,,,,,,,
1,avg,DICES-990,670,49,0.36363636363636365,True,1.0,0.0,0.0,49.0,0.36363636363636365,0.36363636363636365,0.3636363636363637,-2.220446049250313e-16,0.0,,,,,0.0,0.0
1,avg,DICES-990,671,45,0.07894736842105261,False,,,,,,,,,,,,,,,
1,avg,DICES-990,672,47,0.04444444444444444,False,,,,,,,,,,,,,,,
1,avg,DICES-990,673,45,0.0,False,,,,,,,,,,,,,,,
1,avg,DICES-990,674,45,0.653846153846154,True,6.0,2.0,1.5,7.5,0.653846153846154,0.28055555555555556,0.26407407407407407,0.5961220043572986,2.0,0.27378219093905376,0.29396961063627747,race,"age, race",2.0,1.0
1,avg,DICES-990,675,46,0.0,False,,,,,,,,,,,,,,,
1,avg,DICES-990,676,48,0.0,False,,,,,,,,,,,,,,,
1,avg,DICES-990,677,45,0.13157894736842105,False,,,,,,,,,,,,,,,
1,avg,DICES-990,678,45,0.075,False,,,,,,,,,,,,,,,
1,avg,DICES-990,679,45,0.046511627906976744,False,,,,,,,,,,,,,,,
1,avg,DICES-990,680,49,0.0425531914893617,False,,,,,,,,,,,,,,,
1,avg,DICES-990,681,46,0.09523809523809525,False,,,,,,,,,,,,,,,
1,avg,DICES-990,682,46,0.15,False,,,,,,,,,,,,,,,
1,avg,DICES-990,683,43,0.05128205128205129,False,,,,,,,,,,,,,,,
1,avg,DICES-990,684,48,0.06976744186046512,False,,,,,,,,,,,,,,,
1,avg,DICES-990,685,47,0.04444444444444444,False,,,,,,,,,,,,,,,
1,avg,DICES-990,686,46,0.04545454545454545,False,,,,,,,,,,,,,,,
1,avg,DICES-990,687,44,0.0,False,,,,,,,,,,,,,,,
1,avg,DICES-990,688,47,0.021739130434782608,False,,,,,,,,,,,,,,,
1,avg,DICES-990,689,44,0.41935483870967744,True,1.0,0.0,0.0,44.0,0.41935483870967744,0.41935483870967744,0.41935483870967744,0.0,0.0,,,,,0.0,0.0
1,avg,DICES-990,690,47,0.2647058823529412,False,,,,,,,,,,,,,,,
1,avg,DICES-990,691,44,0.0,False,,,,,,,,,,,,,,,
1,avg,DICES-990,692,43,0.048780487804878044,False,,,,,,,,,,,,,,,
1,avg,DICES-990,693,47,0.0,False,,,,,,,,,,,,,,,
1,avg,DICES-990,694,47,0.09756097560975609,False,,,,,,,,,,,,,,,
1,avg,DICES-990,695,47,0.25,False,,,,,,,,,,,,,,,
1,avg,DICES-990,696,49,0.06818181818181818,False,,,,,,,,,,,,,,,
1,avg,DICES-990,697,47,0.0,False,,,,,,,,,,,,,,,
1,avg,DICES-990,698,44,0.1,False,,,,,,,,,,,,,,,
1,avg,DICES-990,699,43,0.0,False,,,,,,,,,,,,,,,
1,avg,DICES-990,700,47,0.07142857142857142,False,,,,,,,,,,,,,,,
1,avg,DICES-990,701,45,0.08333333333333333,False,,,,,,,,,,,,,,,
1,avg,DICES-990,702,46,0.02564102564102564,False,,,,,,,,,,,,,,,
1,avg,DICES-990,703,48,0.0,False,,,,,,,,,,,,,,,
1,avg,DICES-990,704,46,0.2,False,,,,,,,,,,,,,,,
1,avg,DICES-990,705,46,0.06976744186046512,False,,,,,,,,,,,,,,,
1,avg,DICES-990,706,47,0.09756097560975609,False,,,,,,,,,,,,,,,
1,avg,DICES-990,707,46,0.024390243902439025,False,,,,,,,,,,,,,,,
1,avg,DICES-990,708,46,0.023255813953488372,False,,,,,,,,,,,,,,,
1,avg,DICES-990,709,43,0.0,False,,,,,,,,,,,,,,,
1,avg,DICES-990,710,46,0.04545454545454545,False,,,,,,,,,,,,,,,
1,avg,DICES-990,711,45,0.0,False,,,,,,,,,,,,,,,
1,avg,DICES-990,712,46,0.04761904761904762,False,,,,,,,,,,,,,,,
1,avg,DICES-990,713,46,0.1,False,,,,,,,,,,,,,,,
1,avg,DICES-990,714,43,0.03125,False,,,,,,,,,,,,,,,
1,avg,DICES-990,715,47,0.048780487804878044,False,,,,,,,,,,,,,,,
1,avg,DICES-990,716,48,0.1176470588235294,False,,,,,,,,,,,,,,,
1,avg,DICES-990,717,47,0.04444444444444444,False,,,,,,,,,,,,,,,
1,avg,DICES-990,718,45,0.0,False,,,,,,,,,,,,,,,
1,avg,DICES-990,719,46,0.02222222222222222,False,,,,,,,,,,,,,,,
1,avg,DICES-990,720,46,0.024390243902439025,False,,,,,,,,,,,,,,,
1,avg,DICES-990,721,45,0.14705882352941177,False,,,,,,,,,,,,,,,
1,avg,DICES-990,722,46,0.1282051282051282,False,,,,,,,,,,,,,,,
1,avg,DICES-990,723,47,0.09302325581395349,False,,,,,,,,,,,,,,,
1,avg,DICES-990,724,48,0.043478260869565216,False,,,,,,,,,,,,,,,
1,avg,DICES-990,725,45,0.0,False,,,,,,,,,,,,,,,
1,avg,DICES-990,726,45,0.07142857142857142,False,,,,,,,,,,,,,,,
1,avg,DICES-990,727,47,0.32352941176470584,True,1.0,0.0,0.0,47.0,0.32352941176470584,0.32352941176470584,0.32352941176470584,0.0,0.0,,,,,0.0,0.0
1,avg,DICES-990,728,48,0.12820512820512822,False,,,,,,,,,,,,,,,
1,avg,DICES-990,729,46,0.4482758620689656,True,1.0,0.0,0.0,46.0,0.4482758620689656,0.4482758620689656,0.4482758620689656,0.0,0.0,,,,,0.0,0.0
1,avg,DICES-990,730,46,0.1282051282051282,False,,,,,,,,,,,,,,,
1,avg,DICES-990,731,47,0.07894736842105263,False,,,,,,,,,,,,,,,
1,avg,DICES-990,732,46,0.14285714285714285,False,,,,,,,,,,,,,,,
1,avg,DICES-990,733,46,0.5333333333333333,True,1.0,0.0,0.0,46.0,0.5333333333333333,0.5333333333333333,0.5333333333333333,0.0,0.0,,,,,0.0,0.0
1,avg,DICES-990,734,47,0.06818181818181818,False,,,,,,,,,,,,,,,
1,avg,DICES-990,735,46,0.02222222222222222,False,,,,,,,,,,,,,,,
1,avg,DICES-990,736,47,0.16216216216216214,False,,,,,,,,,,,,,,,
1,avg,DICES-990,737,44,0.024390243902439025,False,,,,,,,,,,,,,,,
1,avg,DICES-990,738,46,0.5,True,5.0,2.0,1.4,9.2,0.5,0.2371428571428571,0.3450310559006211,0.3099378881987578,2.0,0.14104455327281418,0.10489130434782612,race,"age, race",2.0,1.0
1,avg,DICES-990,739,46,0.14285714285714285,False,,,,,,,,,,,,,,,
1,avg,DICES-990,740,43,0.02380952380952381,False,,,,,,,,,,,,,,,
1,avg,DICES-990,741,47,0.48275862068965514,True,1.0,0.0,0.0,47.0,0.48275862068965514,0.48275862068965514,0.4827586206896551,1.1102230246251565e-16,0.0,,,,,0.0,0.0
1,avg,DICES-990,742,43,0.0,False,,,,,,,,,,,,,,,
1,avg,DICES-990,743,48,0.6923076923076924,True,1.0,0.0,0.0,48.0,0.6923076923076924,0.6923076923076924,0.6923076923076924,0.0,0.0,,,,,0.0,0.0
1,avg,DICES-990,744,48,0.043478260869565216,False,,,,,,,,,,,,,,,
1,avg,DICES-990,745,46,0.3793103448275862,True,1.0,0.0,0.0,46.0,0.3793103448275862,0.3793103448275862,0.3793103448275862,0.0,0.0,,,,,0.0,0.0
1,avg,DICES-990,746,46,0.05,False,,,,,,,,,,,,,,,
1,avg,DICES-990,747,48,0.21052631578947367,False,,,,,,,,,,,,,,,
1,avg,DICES-990,748,46,0.3125,True,1.0,0.0,0.0,46.0,0.3125,0.3125,0.3125,0.0,0.0,,,,,0.0,0.0
1,avg,DICES-990,749,45,0.022727272727272728,False,,,,,,,,,,,,,,,
1,avg,DICES-990,750,47,0.04444444444444444,False,,,,,,,,,,,,,,,
1,avg,DICES-990,751,46,0.04761904761904762,False,,,,,,,,,,,,,,,
1,avg,DICES-990,752,47,0.0,False,,,,,,,,,,,,,,,
1,avg,DICES-990,753,48,0.06666666666666667,False,,,,,,,,,,,,,,,
1,avg,DICES-990,754,46,0.2222222222222222,False,,,,,,,,,,,,,,,
1,avg,DICES-990,755,46,0.04761904761904762,False,,,,,,,,,,,,,,,
1,avg,DICES-990,756,46,0.07317073170731707,False,,,,,,,,,,,,,,,
1,avg,DICES-990,757,43,0.23333333333333334,False,,,,,,,,,,,,,,,
1,avg,DICES-990,758,46,0.75,True,5.0,2.0,1.4,9.2,0.75,0.3888888888888889,0.3864734299516908,0.4847020933977456,2.0,0.2649154589371981,0.37983091787439616,race,"gender, race",2.0,1.0
1,avg,DICES-990,759,48,0.0,False,,,,,,,,,,,,,,,
1,avg,DICES-990,760,46,0.024390243902439025,False,,,,,,,,,,,,,,,
1,avg,DICES-990,761,48,0.025641025641025654,False,,,,,,,,,,,,,,,
1,avg,DICES-990,762,48,0.2571428571428572,False,,,,,,,,,,,,,,,
1,avg,DICES-990,763,48,0.43750000000000006,True,7.0,2.0,1.7142857142857142,6.857142857142857,0.43750000000000006,0.35714285714285715,0.3680555555555556,0.15873015873015883,3.0,0.2096891534391534,0.0981150793650793,race,"age, gender, race",3.0,1.0
1,avg,DICES-990,764,45,0.022727272727272728,False,,,,,,,,,,,,,,,
1,avg,DICES-990,765,45,0.10000000000000002,False,,,,,,,,,,,,,,,
1,avg,DICES-990,766,46,0.04545454545454545,False,,,,,,,,,,,,,,,
1,avg,DICES-990,767,43,0.27586206896551724,False,,,,,,,,,,,,,,,
1,avg,DICES-990,768,47,0.2758620689655173,False,,,,,,,,,,,,,,,
1,avg,DICES-990,769,44,0.19999999999999996,False,,,,,,,,,,,,,,,
1,avg,DICES-990,770,45,0.14705882352941177,False,,,,,,,,,,,,,,,
1,avg,DICES-990,771,46,0.21052631578947367,False,,,,,,,,,,,,,,,
1,avg,DICES-990,772,48,0.09090909090909091,False,,,,,,,,,,,,,,,
1,avg,DICES-990,773,47,0.04444444444444444,False,,,,,,,,,,,,,,,
1,avg,DICES-990,774,47,0.04651162790697674,False,,,,,,,,,,,,,,,
1,avg,DICES-990,775,48,0.0,False,,,,,,,,,,,,,,,
1,avg,DICES-990,776,46,0.0,False,,,,,,,,,,,,,,,
1,avg,DICES-990,777,43,0.10256410256410257,False,,,,,,,,,,,,,,,
1,avg,DICES-990,778,45,0.1081081081081081,False,,,,,,,,,,,,,,,
1,avg,DICES-990,779,44,0.5652173913043478,True,1.0,0.0,0.0,44.0,0.5652173913043478,0.5652173913043478,0.5652173913043478,0.0,0.0,,,,,0.0,0.0
1,avg,DICES-990,780,46,0.42857142857142855,True,1.0,0.0,0.0,46.0,0.42857142857142855,0.42857142857142855,0.4285714285714285,1.1102230246251565e-16,0.0,,,,,0.0,0.0
1,avg,DICES-990,781,47,0.13157894736842105,False,,,,,,,,,,,,,,,
1,avg,DICES-990,782,45,0.0,False,,,,,,,,,,,,,,,
1,avg,DICES-990,783,44,0.0,False,,,,,,,,,,,,,,,
1,avg,DICES-990,784,46,0.6296296296296297,True,1.0,0.0,0.0,46.0,0.6296296296296297,0.6296296296296297,0.6296296296296297,0.0,0.0,,,,,0.0,0.0
1,avg,DICES-990,785,42,0.05,False,,,,,,,,,,,,,,,
1,avg,DICES-990,786,42,0.0,False,,,,,,,,,,,,,,,
1,avg,DICES-990,787,44,0.4399999999999999,True,11.0,3.0,2.4545454545454546,4.0,0.4399999999999999,0.29545454545454547,0.30113636363636365,0.3155991735537188,6.0,0.26082256387403446,0.1298863636363638,race,"age, gender, race",3.0,1.0
1,avg,DICES-990,788,45,0.2916666666666667,False,,,,,,,,,,,,,,,
1,avg,DICES-990,789,46,0.2,False,,,,,,,,,,,,,,,
1,avg,DICES-990,790,46,0.04545454545454545,False,,,,,,,,,,,,,,,
1,avg,DICES-990,791,42,0.0,False,,,,,,,,,,,,,,,
1,avg,DICES-990,792,46,0.02222222222222222,False,,,,,,,,,,,,,,,
1,avg,DICES-990,793,44,0.4074074074074074,True,1.0,0.0,0.0,44.0,0.4074074074074074,0.4074074074074074,0.4074074074074074,0.0,0.0,,,,,0.0,0.0
1,avg,DICES-990,794,46,0.023255813953488372,False,,,,,,,,,,,,,,,
1,avg,DICES-990,795,46,0.6153846153846154,True,6.0,2.0,1.6666666666666667,7.666666666666667,0.6153846153846154,0.2043650793650794,0.20988612836438925,0.6589350414078675,3.0,0.39489273474780723,0.16072623029144772,race,"age, gender, race",3.0,0.0
1,avg,DICES-990,796,46,0.023255813953488372,False,,,,,,,,,,,,,,,
1,avg,DICES-990,797,46,0.02222222222222222,False,,,,,,,,,,,,,,,
1,avg,DICES-990,798,47,0.06818181818181818,False,,,,,,,,,,,,,,,
1,avg,DICES-990,799,47,0.04444444444444444,False,,,,,,,,,,,,,,,
1,avg,DICES-990,800,46,0.02222222222222222,False,,,,,,,,,,,,,,,
1,avg,DICES-990,801,45,0.022727272727272728,False,,,,,,,,,,,,,,,
1,avg,DICES-990,802,47,0.06818181818181818,False,,,,,,,,,,,,,,,
1,avg,DICES-990,803,44,0.024390243902439025,False,,,,,,,,,,,,,,,
1,avg,DICES-990,804,47,0.06818181818181818,False,,,,,,,,,,,,,,,
1,avg,DICES-990,805,46,0.07317073170731707,False,,,,,,,,,,,,,,,
1,avg,DICES-990,806,47,0.09756097560975609,False,,,,,,,,,,,,,,,
1,avg,DICES-990,807,46,0.2571428571428571,False,,,,,,,,,,,,,,,
1,avg,DICES-990,808,46,0.15,False,,,,,,,,,,,,,,,
1,avg,DICES-990,809,48,0.043478260869565216,False,,,,,,,,,,,,,,,
1,avg,DICES-990,810,46,0.0,False,,,,,,,,,,,,,,,
1,avg,DICES-990,811,47,0.021739130434782608,False,,,,,,,,,,,,,,,
1,avg,DICES-990,812,46,0.0,False,,,,,,,,,,,,,,,
1,avg,DICES-990,813,46,0.04761904761904762,False,,,,,,,,,,,,,,,
1,avg,DICES-990,814,47,0.3636363636363637,True,10.0,3.0,2.4,4.7,0.3636363636363637,0.35,0.3049645390070922,0.1613475177304966,5.0,0.16951415339400322,0.08203232937275484,race,"age, gender, race",3.0,2.0
1,avg,DICES-990,815,45,0.125,False,,,,,,,,,,,,,,,
1,avg,DICES-990,816,48,0.09090909090909091,False,,,,,,,,,,,,,,,
1,avg,DICES-990,817,46,0.15,False,,,,,,,,,,,,,,,
1,avg,DICES-990,818,48,0.06666666666666667,False,,,,,,,,,,,,,,,
1,avg,DICES-990,819,48,0.04545454545454546,False,,,,,,,,,,,,,,,
1,avg,DICES-990,820,47,0.25,False,,,,,,,,,,,,,,,
1,avg,DICES-990,821,47,0.21875,False,,,,,,,,,,,,,,,
1,avg,DICES-990,822,41,0.02631578947368421,False,,,,,,,,,,,,,,,
1,avg,DICES-990,823,44,0.0,False,,,,,,,,,,,,,,,
1,avg,DICES-990,824,45,0.0,False,,,,,,,,,,,,,,,
1,avg,DICES-990,825,46,0.5384615384615384,True,4.0,2.0,1.5,11.5,0.5384615384615384,0.24460784313725492,0.3262148337595908,0.39417245158933134,2.0,0.16721986453444254,0.1641100587392147,age,"age, gender",2.0,0.0
1,avg,DICES-990,826,47,0.0,False,,,,,,,,,,,,,,,
1,avg,DICES-990,827,48,0.0,False,,,,,,,,,,,,,,,
1,avg,DICES-990,828,47,0.022727272727272728,False,,,,,,,,,,,,,,,
1,avg,DICES-990,829,49,0.0,False,,,,,,,,,,,,,,,
1,avg,DICES-990,830,46,0.027027027027027025,False,,,,,,,,,,,,,,,
1,avg,DICES-990,831,46,0.1794871794871795,False,,,,,,,,,,,,,,,
1,avg,DICES-990,832,46,0.04545454545454545,False,,,,,,,,,,,,,,,
1,avg,DICES-990,833,43,0.10256410256410257,False,,,,,,,,,,,,,,,
1,avg,DICES-990,834,46,0.04545454545454545,False,,,,,,,,,,,,,,,
1,avg,DICES-990,835,48,0.0,False,,,,,,,,,,,,,,,
1,avg,DICES-990,836,46,0.09677419354838712,False,,,,,,,,,,,,,,,
1,avg,DICES-990,837,46,0.07317073170731707,False,,,,,,,,,,,,,,,
1,avg,DICES-990,838,47,0.3928571428571429,True,1.0,0.0,0.0,47.0,0.3928571428571429,0.3928571428571429,0.3928571428571429,0.0,0.0,,,,,0.0,0.0
1,avg,DICES-990,839,47,0.24242424242424246,False,,,,,,,,,,,,,,,
1,avg,DICES-990,840,47,0.3636363636363637,True,1.0,0.0,0.0,47.0,0.3636363636363637,0.3636363636363637,0.3636363636363637,0.0,0.0,,,,,0.0,0.0
1,avg,DICES-990,841,46,0.02564102564102564,False,,,,,,,,,,,,,,,
1,avg,DICES-990,842,47,0.021739130434782608,False,,,,,,,,,,,,,,,
1,avg,DICES-990,843,46,0.058823529411764726,False,,,,,,,,,,,,,,,
1,avg,DICES-990,844,45,0.07142857142857142,False,,,,,,,,,,,,,,,
1,avg,DICES-990,845,48,0.33333333333333337,True,1.0,0.0,0.0,48.0,0.33333333333333337,0.33333333333333337,0.3333333333333333,1.1102230246251565e-16,0.0,,,,,0.0,0.0
1,avg,DICES-990,846,47,0.04444444444444444,False,,,,,,,,,,,,,,,
1,avg,DICES-990,847,43,0.075,False,,,,,,,,,,,,,,,
1,avg,DICES-990,848,46,0.0,False,,,,,,,,,,,,,,,
1,avg,DICES-990,849,46,0.0,False,,,,,,,,,,,,,,,
1,avg,DICES-990,850,43,0.048780487804878044,False,,,,,,,,,,,,,,,
1,avg,DICES-990,851,46,0.023255813953488372,False,,,,,,,,,,,,,,,
1,avg,DICES-990,852,43,0.048780487804878044,False,,,,,,,,,,,,,,,
1,avg,DICES-990,853,44,0.023255813953488372,False,,,,,,,,,,,,,,,
1,avg,DICES-990,854,47,0.32352941176470584,True,1.0,0.0,0.0,47.0,0.32352941176470584,0.32352941176470584,0.32352941176470584,0.0,0.0,,,,,0.0,0.0
1,avg,DICES-990,855,46,0.0,False,,,,,,,,,,,,,,,
1,avg,DICES-990,856,42,0.024390243902439025,False,,,,,,,,,,,,,,,
1,avg,DICES-990,857,44,0.0,False,,,,,,,,,,,,,,,
1,avg,DICES-990,858,47,0.021739130434782608,False,,,,,,,,,,,,,,,
1,avg,DICES-990,859,46,0.29032258064516125,False,,,,,,,,,,,,,,,
1,avg,DICES-990,860,45,0.13888888888888887,False,,,,,,,,,,,,,,,
1,avg,DICES-990,861,46,0.12195121951219512,False,,,,,,,,,,,,,,,
1,avg,DICES-990,862,46,0.0,False,,,,,,,,,,,,,,,
1,avg,DICES-990,863,48,0.0,False,,,,,,,,,,,,,,,
1,avg,DICES-990,864,46,0.1891891891891892,False,,,,,,,,,,,,,,,
1,avg,DICES-990,865,47,0.15384615384615383,False,,,,,,,,,,,,,,,
1,avg,DICES-990,866,48,0.17948717948717946,False,,,,,,,,,,,,,,,
1,avg,DICES-990,867,46,0.07317073170731707,False,,,,,,,,,,,,,,,
1,avg,DICES-990,868,46,0.07317073170731707,False,,,,,,,,,,,,,,,
1,avg,DICES-990,869,46,0.2941176470588236,False,,,,,,,,,,,,,,,
1,avg,DICES-990,870,44,0.0,False,,,,,,,,,,,,,,,
1,avg,DICES-990,871,47,0.5925925925925926,True,1.0,0.0,0.0,47.0,0.5925925925925926,0.5925925925925926,0.5925925925925926,0.0,0.0,,,,,0.0,0.0
1,avg,DICES-990,872,46,0.15789473684210528,False,,,,,,,,,,,,,,,
1,avg,DICES-990,873,46,0.024390243902439025,False,,,,,,,,,,,,,,,
1,avg,DICES-990,874,46,0.06976744186046512,False,,,,,,,,,,,,,,,
1,avg,DICES-990,875,47,0.021739130434782608,False,,,,,,,,,,,,,,,
1,avg,DICES-990,876,47,0.0,False,,,,,,,,,,,,,,,
1,avg,DICES-990,877,46,0.0,False,,,,,,,,,,,,,,,
1,avg,DICES-990,878,45,0.19444444444444445,False,,,,,,,,,,,,,,,
1,avg,DICES-990,879,44,0.023255813953488372,False,,,,,,,,,,,,,,,
1,avg,DICES-990,880,48,0.047619047619047616,False,,,,,,,,,,,,,,,
1,avg,DICES-990,881,47,0.09756097560975609,False,,,,,,,,,,,,,,,
1,avg,DICES-990,882,47,0.15384615384615383,False,,,,,,,,,,,,,,,
1,avg,DICES-990,883,44,0.047619047619047616,False,,,,,,,,,,,,,,,
1,avg,DICES-990,884,45,0.075,False,,,,,,,,,,,,,,,
1,avg,DICES-990,885,44,0.024390243902439025,False,,,,,,,,,,,,,,,
1,avg,DICES-990,886,46,0.09090909090909091,False,,,,,,,,,,,,,,,
1,avg,DICES-990,887,46,0.04761904761904762,False,,,,,,,,,,,,,,,
1,avg,DICES-990,888,45,0.046511627906976744,False,,,,,,,,,,,,,,,
1,avg,DICES-990,889,45,0.05128205128205128,False,,,,,,,,,,,,,,,
1,avg,DICES-990,890,48,0.06666666666666667,False,,,,,,,,,,,,,,,
1,avg,DICES-990,891,46,0.10526315789473684,False,,,,,,,,,,,,,,,
1,avg,DICES-990,892,46,0.0,False,,,,,,,,,,,,,,,
1,avg,DICES-990,893,47,0.18421052631578946,False,,,,,,,,,,,,,,,
1,avg,DICES-990,894,47,0.15625,False,,,,,,,,,,,,,,,
1,avg,DICES-990,895,44,0.07692307692307691,False,,,,,,,,,,,,,,,
1,avg,DICES-990,896,44,0.22580645161290322,False,,,,,,,,,,,,,,,
1,avg,DICES-990,897,43,0.1818181818181818,False,,,,,,,,,,,,,,,
1,avg,DICES-990,898,45,0.022727272727272728,False,,,,,,,,,,,,,,,
1,avg,DICES-990,899,46,0.02222222222222222,False,,,,,,,,,,,,,,,
1,avg,DICES-990,900,46,0.02222222222222222,False,,,,,,,,,,,,,,,
1,avg,DICES-990,901,46,0.375,True,1.0,0.0,0.0,46.0,0.375,0.375,0.375,0.0,0.0,,,,,0.0,0.0
1,avg,DICES-990,902,45,0.10256410256410255,False,,,,,,,,,,,,,,,
1,avg,DICES-990,903,44,0.18750000000000003,False,,,,,,,,,,,,,,,
1,avg,DICES-990,904,45,0.12121212121212123,False,,,,,,,,,,,,,,,
1,avg,DICES-990,905,45,0.05405405405405405,False,,,,,,,,,,,,,,,
1,avg,DICES-990,906,47,0.021739130434782608,False,,,,,,,,,,,,,,,
1,avg,DICES-990,907,46,0.05,False,,,,,,,,,,,,,,,
1,avg,DICES-990,908,46,0.10526315789473684,False,,,,,,,,,,,,,,,
1,avg,DICES-990,909,45,0.0975609756097561,False,,,,,,,,,,,,,,,
1,avg,DICES-990,910,47,0.07894736842105263,False,,,,,,,,,,,,,,,
1,avg,DICES-990,911,46,0.0,False,,,,,,,,,,,,,,,
1,avg,DICES-990,912,49,0.021739130434782605,False,,,,,,,,,,,,,,,
1,avg,DICES-990,913,48,0.0,False,,,,,,,,,,,,,,,
1,avg,DICES-990,914,45,0.0,False,,,,,,,,,,,,,,,
1,avg,DICES-990,915,45,0.10256410256410255,False,,,,,,,,,,,,,,,
1,avg,DICES-990,916,46,0.14285714285714285,False,,,,,,,,,,,,,,,
1,avg,DICES-990,917,44,0.049999999999999996,False,,,,,,,,,,,,,,,
1,avg,DICES-990,918,45,0.02380952380952381,False,,,,,,,,,,,,,,,
1,avg,DICES-990,919,47,0.09756097560975609,False,,,,,,,,,,,,,,,
1,avg,DICES-990,920,45,0.8636363636363636,True,5.0,2.0,1.4,9.0,0.8636363636363636,0.3083333333333333,0.31759259259259254,0.6322612085769981,2.0,0.4187890812890813,0.4923400673400674,race,"gender, race",2.0,0.0
1,avg,DICES-990,921,46,0.04545454545454545,False,,,,,,,,,,,,,,,
1,avg,DICES-990,922,44,0.0,False,,,,,,,,,,,,,,,
1,avg,DICES-990,923,44,0.11111111111111109,False,,,,,,,,,,,,,,,
1,avg,DICES-990,924,45,0.046511627906976744,False,,,,,,,,,,,,,,,
1,avg,DICES-990,925,47,0.048780487804878044,False,,,,,,,,,,,,,,,
1,avg,DICES-990,926,44,0.023255813953488372,False,,,,,,,,,,,,,,,
1,avg,DICES-990,927,42,0.19999999999999998,False,,,,,,,,,,,,,,,
1,avg,DICES-990,928,46,0.02222222222222222,False,,,,,,,,,,,,,,,
1,avg,DICES-990,929,46,0.6296296296296297,True,1.0,0.0,0.0,46.0,0.6296296296296297,0.6296296296296297,0.6296296296296297,0.0,0.0,,,,,0.0,0.0
1,avg,DICES-990,930,45,0.024999999999999998,False,,,,,,,,,,,,,,,
1,avg,DICES-990,931,46,0.0,False,,,,,,,,,,,,,,,
1,avg,DICES-990,932,47,0.15384615384615383,False,,,,,,,,,,,,,,,
1,avg,DICES-990,933,47,0.060606060606060615,False,,,,,,,,,,,,,,,
1,avg,DICES-990,934,45,0.0,False,,,,,,,,,,,,,,,
1,avg,DICES-990,935,48,0.043478260869565216,False,,,,,,,,,,,,,,,
1,avg,DICES-990,936,48,0.06976744186046512,False,,,,,,,,,,,,,,,
1,avg,DICES-990,937,44,0.0,False,,,,,,,,,,,,,,,
1,avg,DICES-990,938,45,0.07894736842105261,False,,,,,,,,,,,,,,,
1,avg,DICES-990,939,45,0.0,False,,,,,,,,,,,,,,,
1,avg,DICES-990,940,47,0.06818181818181818,False,,,,,,,,,,,,,,,
1,avg,DICES-990,941,46,0.1794871794871795,False,,,,,,,,,,,,,,,
1,avg,DICES-990,942,45,0.3870967741935484,True,1.0,0.0,0.0,45.0,0.3870967741935484,0.3870967741935484,0.3870967741935484,0.0,0.0,,,,,0.0,0.0
1,avg,DICES-990,943,45,0.39999999999999997,True,3.0,1.0,1.0,15.0,0.39999999999999997,0.14814814814814817,0.27654320987654324,0.3086419753086418,1.0,0.12345679012345673,0.12345679012345673,age,age,1.0,0.0
1,avg,DICES-990,944,46,0.023255813953488372,False,,,,,,,,,,,,,,,
1,avg,DICES-990,945,46,0.1282051282051282,False,,,,,,,,,,,,,,,
1,avg,DICES-990,946,47,0.3636363636363637,True,1.0,0.0,0.0,47.0,0.3636363636363637,0.3636363636363637,0.3636363636363637,0.0,0.0,,,,,0.0,0.0
1,avg,DICES-990,947,46,0.1891891891891892,False,,,,,,,,,,,,,,,
1,avg,DICES-990,948,47,0.09756097560975609,False,,,,,,,,,,,,,,,
1,avg,DICES-990,949,43,0.0,False,,,,,,,,,,,,,,,
1,avg,DICES-990,950,45,0.07142857142857142,False,,,,,,,,,,,,,,,
1,avg,DICES-990,951,48,0.02222222222222222,False,,,,,,,,,,,,,,,
1,avg,DICES-990,952,47,0.3870967741935484,True,8.0,3.0,2.25,5.875,0.3870967741935484,0.2811147186147186,0.22966749562494243,0.4066923029688987,4.0,0.20363816005545587,0.08927791494709819,age,"age, education, gender, race",4.0,1.0
1,avg,DICES-990,953,42,0.2258064516129032,False,,,,,,,,,,,,,,,
1,avg,DICES-990,954,46,0.0,False,,,,,,,,,,,,,,,
1,avg,DICES-990,955,46,0.1282051282051282,False,,,,,,,,,,,,,,,
1,avg,DICES-990,956,46,0.04545454545454545,False,,,,,,,,,,,,,,,
1,avg,DICES-990,957,46,0.0,False,,,,,,,,,,,,,,,
1,avg,DICES-990,958,45,0.7916666666666666,True,5.0,2.0,1.4,9.0,0.7916666666666666,0.35857142857142854,0.5074603174603175,0.35899749373433576,2.0,0.20103174603174598,0.30563492063492065,race,"gender, race",2.0,0.0
1,avg,DICES-990,959,46,0.07317073170731707,False,,,,,,,,,,,,,,,
1,avg,DICES-990,960,43,0.07894736842105263,False,,,,,,,,,,,,,,,
1,avg,DICES-990,961,46,0.04761904761904762,False,,,,,,,,,,,,,,,
1,avg,DICES-990,962,47,0.09756097560975609,False,,,,,,,,,,,,,,,
1,avg,DICES-990,963,47,0.023809523809523805,False,,,,,,,,,,,,,,,
1,avg,DICES-990,964,47,0.04651162790697674,False,,,,,,,,,,,,,,,
1,avg,DICES-990,965,43,0.048780487804878044,False,,,,,,,,,,,,,,,
1,avg,DICES-990,966,47,0.12499999999999999,False,,,,,,,,,,,,,,,
1,avg,DICES-990,967,45,0.17142857142857143,False,,,,,,,,,,,,,,,
1,avg,DICES-990,968,45,0.022727272727272728,False,,,,,,,,,,,,,,,
1,avg,DICES-990,969,43,0.0,False,,,,,,,,,,,,,,,
1,avg,DICES-990,970,46,0.2941176470588236,False,,,,,,,,,,,,,,,
1,avg,DICES-990,971,46,0.24324324324324326,False,,,,,,,,,,,,,,,
1,avg,DICES-990,972,46,0.023255813953488372,False,,,,,,,,,,,,,,,
1,avg,DICES-990,973,45,0.34375,True,1.0,0.0,0.0,45.0,0.34375,0.34375,0.34375,0.0,0.0,,,,,0.0,0.0
1,avg,DICES-990,974,45,0.046511627906976744,False,,,,,,,,,,,,,,,
1,avg,DICES-990,975,45,0.022727272727272728,False,,,,,,,,,,,,,,,
1,avg,DICES-990,976,46,0.0,False,,,,,,,,,,,,,,,
1,avg,DICES-990,977,44,0.07317073170731707,False,,,,,,,,,,,,,,,
1,avg,DICES-990,978,45,0.0,False,,,,,,,,,,,,,,,
1,avg,DICES-990,979,44,0.16666666666666666,False,,,,,,,,,,,,,,,
1,avg,DICES-990,980,47,0.19354838709677424,False,,,,,,,,,,,,,,,
1,avg,DICES-990,981,45,0.022727272727272728,False,,,,,,,,,,,,,,,
1,avg,DICES-990,982,43,0.0,False,,,,,,,,,,,,,,,
1,avg,DICES-990,983,46,0.2571428571428571,False,,,,,,,,,,,,,,,
1,avg,DICES-990,984,47,0.06818181818181818,False,,,,,,,,,,,,,,,
1,avg,DICES-990,985,44,0.024390243902439025,False,,,,,,,,,,,,,,,
1,avg,DICES-990,986,46,0.07317073170731707,False,,,,,,,,,,,,,,,
1,avg,DICES-990,987,49,0.13157894736842105,False,,,,,,,,,,,,,,,
1,avg,DICES-990,988,45,0.075,False,,,,,,,,,,,,,,,
1,avg,DICES-990,989,42,0.08108108108108107,False,,,,,,,,,,,,,,,
1,min,DICES-990,0,45,0.4333333333333334,True,12.0,4.0,2.6666666666666665,3.75,0.4333333333333334,0.4944444444444444,0.42518518518518517,0.01880341880341896,8.0,0.23645833333333335,0.4333333333333334,race,"age, education, gender, race",4.0,3.0
1,min,DICES-990,1,44,0.0,False,,,,,,,,,,,,,,,
1,min,DICES-990,2,46,0.023255813953488372,False,,,,,,,,,,,,,,,
1,min,DICES-990,3,47,0.022727272727272728,False,,,,,,,,,,,,,,,
1,min,DICES-990,4,46,0.05,False,,,,,,,,,,,,,,,
1,min,DICES-990,5,47,0.0,False,,,,,,,,,,,,,,,
1,min,DICES-990,6,46,0.0,False,,,,,,,,,,,,,,,
1,min,DICES-990,7,46,0.3142857142857143,True,11.0,3.0,2.4545454545454546,4.181818181818182,0.3142857142857143,0.28030303030303033,0.3568840579710145,-0.13554018445322802,7.0,0.2890371533228676,0.3142857142857143,race,"age, education, gender, race",4.0,0.0
1,min,DICES-990,8,48,0.043478260869565216,False,,,,,,,,,,,,,,,
1,min,DICES-990,9,46,0.375,True,7.0,2.0,1.7142857142857142,6.571428571428571,0.375,0.25396825396825395,0.3357487922705314,0.10466988727858295,3.0,0.4861111111111111,0.375,race,"age, gender, race",3.0,0.0
1,min,DICES-990,10,48,0.0,False,,,,,,,,,,,,,,,
1,min,DICES-990,11,46,0.13513513513513514,False,,,,,,,,,,,,,,,
1,min,DICES-990,12,45,0.0,False,,,,,,,,,,,,,,,
1,min,DICES-990,13,46,0.1,False,,,,,,,,,,,,,,,
1,min,DICES-990,14,48,0.02222222222222222,False,,,,,,,,,,,,,,,
1,min,DICES-990,15,47,0.04651162790697674,False,,,,,,,,,,,,,,,
1,min,DICES-990,16,46,0.2571428571428571,False,,,,,,,,,,,,,,,
1,min,DICES-990,17,46,0.09090909090909091,False,,,,,,,,,,,,,,,
1,min,DICES-990,18,46,0.04761904761904762,False,,,,,,,,,,,,,,,
1,min,DICES-990,19,44,0.3333333333333333,True,9.0,3.0,2.3333333333333335,4.888888888888889,0.3333333333333333,0.3648148148148148,0.32462121212121214,0.026136363636363513,5.0,0.3175438596491228,0.3333333333333333,age,"age, gender, race",3.0,1.0
1,min,DICES-990,20,49,0.044444444444444446,False,,,,,,,,,,,,,,,
1,min,DICES-990,21,48,0.7272727272727273,True,11.0,3.0,2.272727272727273,4.363636363636363,0.7272727272727273,0.2987012987012987,0.26339285714285715,0.6378348214285714,6.0,0.5273615273615274,0.7272727272727273,race,"age, gender, race",3.0,1.0
1,min,DICES-990,22,47,0.022727272727272728,False,,,,,,,,,,,,,,,
1,min,DICES-990,23,46,0.02222222222222222,False,,,,,,,,,,,,,,,
1,min,DICES-990,24,48,0.0,False,,,,,,,,,,,,,,,
1,min,DICES-990,25,45,0.075,False,,,,,,,,,,,,,,,
1,min,DICES-990,26,45,0.08333333333333333,False,,,,,,,,,,,,,,,
1,min,DICES-990,27,43,0.31999999999999995,True,8.0,3.0,2.0,5.375,0.31999999999999995,0.375,0.3178294573643411,0.0067829457364338985,4.0,0.47583333333333333,0.31999999999999995,race,"age, gender, race",3.0,1.0
1,min,DICES-990,28,45,0.048780487804878044,False,,,,,,,,,,,,,,,
1,min,DICES-990,29,45,0.10256410256410255,False,,,,,,,,,,,,,,,
1,min,DICES-990,30,44,0.07317073170731707,False,,,,,,,,,,,,,,,
1,min,DICES-990,31,46,0.023255813953488372,False,,,,,,,,,,,,,,,
1,min,DICES-990,32,47,0.07142857142857142,False,,,,,,,,,,,,,,,
1,min,DICES-990,33,45,0.07142857142857142,False,,,,,,,,,,,,,,,
1,min,DICES-990,34,46,0.06976744186046512,False,,,,,,,,,,,,,,,
1,min,DICES-990,35,45,0.046511627906976744,False,,,,,,,,,,,,,,,
1,min,DICES-990,36,45,0.02380952380952381,False,,,,,,,,,,,,,,,
1,min,DICES-990,37,46,0.15789473684210528,False,,,,,,,,,,,,,,,
1,min,DICES-990,38,46,0.09523809523809525,False,,,,,,,,,,,,,,,
1,min,DICES-990,39,45,0.048780487804878044,False,,,,,,,,,,,,,,,
1,min,DICES-990,40,45,0.11428571428571428,False,,,,,,,,,,,,,,,
1,min,DICES-990,41,42,0.0,False,,,,,,,,,,,,,,,
1,min,DICES-990,42,47,0.3870967741935484,True,9.0,3.0,2.2222222222222223,5.222222222222222,0.3870967741935484,0.3783068783068783,0.2244174265450861,0.42025498142519424,5.0,0.43075268817204304,0.3870967741935484,race,"age, education, gender, race",4.0,4.0
1,min,DICES-990,43,48,0.02222222222222222,False,,,,,,,,,,,,,,,
1,min,DICES-990,44,44,0.13513513513513511,False,,,,,,,,,,,,,,,
1,min,DICES-990,45,45,0.21875,False,,,,,,,,,,,,,,,
1,min,DICES-990,46,46,0.06976744186046512,False,,,,,,,,,,,,,,,
1,min,DICES-990,47,45,0.022727272727272728,False,,,,,,,,,,,,,,,
1,min,DICES-990,48,48,0.3142857142857143,True,10.0,4.0,3.2,4.8,0.3142857142857143,0.36111111111111105,0.3553240740740741,-0.13057659932659949,7.0,0.2443987272328286,0.3142857142857143,education,"age, education, gender, race",4.0,2.0
1,min,DICES-990,49,48,0.02127659574468085,False,,,,,,,,,,,,,,,
1,min,DICES-990,50,42,0.0,False,,,,,,,,,,,,,,,
1,min,DICES-990,51,45,0.07142857142857142,False,,,,,,,,,,,,,,,
1,min,DICES-990,52,46,0.04545454545454545,False,,,,,,,,,,,,,,,
1,min,DICES-990,53,45,0.0,False,,,,,,,,,,,,,,,
1,min,DICES-990,54,47,0.175,False,,,,,,,,,,,,,,,
1,min,DICES-990,55,47,0.17142857142857146,False,,,,,,,,,,,,,,,
1,min,DICES-990,56,48,0.11627906976744186,False,,,,,,,,,,,,,,,
1,min,DICES-990,57,46,0.1,False,,,,,,,,,,,,,,,
1,min,DICES-990,58,46,0.023255813953488372,False,,,,,,,,,,,,,,,
1,min,DICES-990,59,45,0.07142857142857142,False,,,,,,,,,,,,,,,
1,min,DICES-990,60,49,0.0930232558139535,False,,,,,,,,,,,,,,,
1,min,DICES-990,61,46,0.10526315789473684,False,,,,,,,,,,,,,,,
1,min,DICES-990,62,47,0.06818181818181818,False,,,,,,,,,,,,,,,
1,min,DICES-990,63,44,0.1,False,,,,,,,,,,,,,,,
1,min,DICES-990,64,47,0.06818181818181818,False,,,,,,,,,,,,,,,
1,min,DICES-990,65,46,0.04545454545454545,False,,,,,,,,,,,,,,,
1,min,DICES-990,66,48,0.19999999999999998,False,,,,,,,,,,,,,,,
1,min,DICES-990,67,47,0.38235294117647056,True,11.0,3.0,2.4545454545454546,4.2727272727272725,0.38235294117647056,0.41735537190082633,0.3104448742746615,0.1880672518970391,7.0,0.2790498017388774,0.2914438502673796,race,"age, gender, race",3.0,2.0
1,min,DICES-990,68,47,0.0,False,,,,,,,,,,,,,,,
1,min,DICES-990,69,44,0.024390243902439025,False,,,,,,,,,,,,,,,
1,min,DICES-990,70,46,0.0,False,,,,,,,,,,,,,,,
1,min,DICES-990,71,45,0.10256410256410255,False,,,,,,,,,,,,,,,
1,min,DICES-990,72,46,0.024390243902439025,False,,,,,,,,,,,,,,,
1,min,DICES-990,73,47,0.1388888888888889,False,,,,,,,,,,,,,,,
1,min,DICES-990,74,44,0.0,False,,,,,,,,,,,,,,,
1,min,DICES-990,75,46,0.09523809523809525,False,,,,,,,,,,,,,,,
1,min,DICES-990,76,45,0.0,False,,,,,,,,,,,,,,,
1,min,DICES-990,77,42,0.0857142857142857,False,,,,,,,,,,,,,,,
1,min,DICES-990,78,43,0.10810810810810811,False,,,,,,,,,,,,,,,
1,min,DICES-990,79,46,0.09523809523809525,False,,,,,,,,,,,,,,,
1,min,DICES-990,80,46,0.04761904761904762,False,,,,,,,,,,,,,,,
1,min,DICES-990,81,47,0.05405405405405404,False,,,,,,,,,,,,,,,
1,min,DICES-990,82,43,0.02380952380952381,False,,,,,,,,,,,,,,,
1,min,DICES-990,83,47,0.20588235294117646,False,,,,,,,,,,,,,,,
1,min,DICES-990,84,47,0.19444444444444445,False,,,,,,,,,,,,,,,
1,min,DICES-990,85,42,0.0,False,,,,,,,,,,,,,,,
1,min,DICES-990,86,47,0.0,False,,,,,,,,,,,,,,,
1,min,DICES-990,87,45,0.07142857142857142,False,,,,,,,,,,,,,,,
1,min,DICES-990,88,46,0.0,False,,,,,,,,,,,,,,,
1,min,DICES-990,89,44,0.1,False,,,,,,,,,,,,,,,
1,min,DICES-990,90,46,0.06976744186046512,False,,,,,,,,,,,,,,,
1,min,DICES-990,91,47,0.0,False,,,,,,,,,,,,,,,
1,min,DICES-990,92,46,0.22580645161290325,False,,,,,,,,,,,,,,,
1,min,DICES-990,93,45,0.13888888888888887,False,,,,,,,,,,,,,,,
1,min,DICES-990,94,47,0.48275862068965514,True,12.0,3.0,2.4166666666666665,3.9166666666666665,0.48275862068965514,0.5694444444444445,0.5567375886524822,-0.15324214792299906,7.0,0.40059817030260375,0.48275862068965514,race,"age, gender, race",3.0,5.0
1,min,DICES-990,95,43,0.025,False,,,,,,,,,,,,,,,
1,min,DICES-990,96,45,0.075,False,,,,,,,,,,,,,,,
1,min,DICES-990,97,48,0.02127659574468085,False,,,,,,,,,,,,,,,
1,min,DICES-990,98,45,0.0,False,,,,,,,,,,,,,,,
1,min,DICES-990,99,47,0.021739130434782608,False,,,,,,,,,,,,,,,
1,min,DICES-990,100,44,0.049999999999999996,False,,,,,,,,,,,,,,,
1,min,DICES-990,101,47,0.0,False,,,,,,,,,,,,,,,
1,min,DICES-990,102,45,0.048780487804878044,False,,,,,,,,,,,,,,,
1,min,DICES-990,103,45,0.024999999999999998,False,,,,,,,,,,,,,,,
1,min,DICES-990,104,45,0.046511627906976744,False,,,,,,,,,,,,,,,
1,min,DICES-990,105,46,0.023255813953488372,False,,,,,,,,,,,,,,,
1,min,DICES-990,106,49,0.13953488372093023,False,,,,,,,,,,,,,,,
1,min,DICES-990,107,46,0.0,False,,,,,,,,,,,,,,,
1,min,DICES-990,108,50,0.08695652173913043,False,,,,,,,,,,,,,,,
1,min,DICES-990,109,45,0.15625,False,,,,,,,,,,,,,,,
1,min,DICES-990,110,46,0.15,False,,,,,,,,,,,,,,,
1,min,DICES-990,111,46,0.1,False,,,,,,,,,,,,,,,
1,min,DICES-990,112,48,0.02222222222222222,False,,,,,,,,,,,,,,,
1,min,DICES-990,113,47,0.17142857142857146,False,,,,,,,,,,,,,,,
1,min,DICES-990,114,47,0.0,False,,,,,,,,,,,,,,,
1,min,DICES-990,115,47,0.19444444444444445,False,,,,,,,,,,,,,,,
1,min,DICES-990,116,47,0.43333333333333335,True,10.0,3.0,2.3,4.7,0.43333333333333335,0.325,0.3829787234042553,0.1162029459901801,6.0,0.48690476190476195,0.43333333333333335,race,"age, education, gender, race",4.0,2.0
1,min,DICES-990,117,46,0.5384615384615384,True,10.0,4.0,2.9,4.6,0.5384615384615384,0.30166666666666664,0.3235507246376812,0.39912008281573486,6.0,0.49747001364648424,0.5384615384615384,age,"age, education, gender, race",4.0,2.0
1,min,DICES-990,118,48,0.4482758620689655,True,10.0,3.0,2.2,4.8,0.4482758620689655,0.4333333333333333,0.3923611111111111,0.12473290598290598,6.0,0.2941570881226054,0.16256157635467983,race,"age, gender, race",3.0,4.0
1,min,DICES-990,119,48,0.02127659574468085,False,,,,,,,,,,,,,,,
1,min,DICES-990,120,47,0.2368421052631579,False,,,,,,,,,,,,,,,
1,min,DICES-990,121,45,0.048780487804878044,False,,,,,,,,,,,,,,,
1,min,DICES-990,122,44,0.024390243902439025,False,,,,,,,,,,,,,,,
1,min,DICES-990,123,45,0.3225806451612903,True,14.0,4.0,2.7857142857142856,3.2142857142857144,0.3225806451612903,0.4047619047619047,0.3703703703703703,-0.14814814814814792,9.0,0.20462536268987877,0.12258064516129033,race,"age, education, gender, race",4.0,4.0
1,min,DICES-990,124,46,0.024390243902439025,False,,,,,,,,,,,,,,,
1,min,DICES-990,125,47,0.303030303030303,True,9.0,3.0,2.3333333333333335,5.222222222222222,0.303030303030303,0.38333333333333336,0.37127659574468086,-0.225212765957447,5.0,0.2633333333333333,0.303030303030303,age,"age, gender, race",3.0,2.0
1,min,DICES-990,126,43,0.02380952380952381,False,,,,,,,,,,,,,,,
1,min,DICES-990,127,47,0.15384615384615383,False,,,,,,,,,,,,,,,
1,min,DICES-990,128,46,0.04545454545454545,False,,,,,,,,,,,,,,,
1,min,DICES-990,129,46,0.06976744186046512,False,,,,,,,,,,,,,,,
1,min,DICES-990,130,46,0.0,False,,,,,,,,,,,,,,,
1,min,DICES-990,131,47,0.0,False,,,,,,,,,,,,,,,
1,min,DICES-990,132,46,0.3125,True,10.0,4.0,3.0,4.6,0.3125,0.3666666666666667,0.3804347826086957,-0.21739130434782616,6.0,0.24288793103448272,0.3125,education,"age, education, gender, race",4.0,1.0
1,min,DICES-990,133,47,0.07142857142857142,False,,,,,,,,,,,,,,,
1,min,DICES-990,134,46,0.06976744186046512,False,,,,,,,,,,,,,,,
1,min,DICES-990,135,47,0.10256410256410255,False,,,,,,,,,,,,,,,
1,min,DICES-990,136,46,0.04761904761904762,False,,,,,,,,,,,,,,,
1,min,DICES-990,137,46,0.1,False,,,,,,,,,,,,,,,
1,min,DICES-990,138,47,0.0,False,,,,,,,,,,,,,,,
1,min,DICES-990,139,45,0.022727272727272728,False,,,,,,,,,,,,,,,
1,min,DICES-990,140,46,0.8333333333333334,True,11.0,3.0,2.4545454545454546,4.181818181818182,0.8333333333333334,0.4761904761904761,0.520703933747412,0.3751552795031057,6.0,0.4306064306064306,0.5,race,"age, education, gender, race",4.0,3.0
1,min,DICES-990,141,48,0.22222222222222224,False,,,,,,,,,,,,,,,
1,min,DICES-990,142,46,0.07317073170731707,False,,,,,,,,,,,,,,,
1,min,DICES-990,143,46,0.02222222222222222,False,,,,,,,,,,,,,,,
1,min,DICES-990,144,46,0.04545454545454545,False,,,,,,,,,,,,,,,
1,min,DICES-990,145,47,0.048780487804878044,False,,,,,,,,,,,,,,,
1,min,DICES-990,146,46,0.07317073170731707,False,,,,,,,,,,,,,,,
1,min,DICES-990,147,47,0.3448275862068965,True,11.0,3.0,2.4545454545454546,4.2727272727272725,0.3448275862068965,0.20454545454545456,0.17553191489361702,0.4909574468085106,7.0,0.36870552818828684,0.3448275862068965,race,"age, gender, race",3.0,0.0
1,min,DICES-990,148,47,0.36666666666666664,True,10.0,3.0,2.3,4.7,0.36666666666666664,0.215,0.16914893617021276,0.5386847195357833,6.0,0.38463203463203466,0.36666666666666664,race,"age, gender, race",3.0,1.0
1,min,DICES-990,149,47,0.2702702702702703,False,,,,,,,,,,,,,,,
1,min,DICES-990,150,46,0.22580645161290325,False,,,,,,,,,,,,,,,
1,min,DICES-990,151,47,0.04651162790697674,False,,,,,,,,,,,,,,,
1,min,DICES-990,152,48,0.07692307692307693,False,,,,,,,,,,,,,,,
1,min,DICES-990,153,48,0.0,False,,,,,,,,,,,,,,,
1,min,DICES-990,154,47,0.09756097560975609,False,,,,,,,,,,,,,,,
1,min,DICES-990,155,44,0.047619047619047616,False,,,,,,,,,,,,,,,
1,min,DICES-990,156,48,0.0,False,,,,,,,,,,,,,,,
1,min,DICES-990,157,46,0.04761904761904762,False,,,,,,,,,,,,,,,
1,min,DICES-990,158,46,0.0,False,,,,,,,,,,,,,,,
1,min,DICES-990,159,45,0.07894736842105261,False,,,,,,,,,,,,,,,
1,min,DICES-990,160,47,0.09302325581395349,False,,,,,,,,,,,,,,,
1,min,DICES-990,161,47,0.13157894736842105,False,,,,,,,,,,,,,,,
1,min,DICES-990,162,47,0.0,False,,,,,,,,,,,,,,,
1,min,DICES-990,163,46,0.0,False,,,,,,,,,,,,,,,
1,min,DICES-990,164,44,0.25,False,,,,,,,,,,,,,,,
1,min,DICES-990,165,45,0.21621621621621623,False,,,,,,,,,,,,,,,
1,min,DICES-990,166,45,0.25806451612903225,False,,,,,,,,,,,,,,,
1,min,DICES-990,167,47,0.021739130434782608,False,,,,,,,,,,,,,,,
1,min,DICES-990,168,46,0.1891891891891892,False,,,,,,,,,,,,,,,
1,min,DICES-990,169,47,0.023809523809523805,False,,,,,,,,,,,,,,,
1,min,DICES-990,170,47,0.021739130434782608,False,,,,,,,,,,,,,,,
1,min,DICES-990,171,46,0.0,False,,,,,,,,,,,,,,,
1,min,DICES-990,172,46,0.0,False,,,,,,,,,,,,,,,
1,min,DICES-990,173,47,0.07500000000000001,False,,,,,,,,,,,,,,,
1,min,DICES-990,174,47,0.021739130434782608,False,,,,,,,,,,,,,,,
1,min,DICES-990,175,42,0.0,False,,,,,,,,,,,,,,,
1,min,DICES-990,176,48,0.0857142857142857,False,,,,,,,,,,,,,,,
1,min,DICES-990,177,46,0.04545454545454545,False,,,,,,,,,,,,,,,
1,min,DICES-990,178,44,0.8260869565217391,True,12.0,3.0,2.5833333333333335,3.6666666666666665,0.8260869565217391,0.3597222222222222,0.44734848484848483,0.4584728867623604,7.0,0.5515725130631963,0.42608695652173917,race,"age, education, gender, race",4.0,2.0
1,min,DICES-990,179,47,0.36666666666666664,True,13.0,3.0,2.6153846153846154,3.6153846153846154,0.36666666666666664,0.2128205128205128,0.25460992907801416,0.30560928433268864,6.0,0.3321937321937322,0.19019607843137254,gender,"age, gender, race",3.0,1.0
1,min,DICES-990,180,44,0.5833333333333334,True,9.0,4.0,2.888888888888889,4.888888888888889,0.5833333333333334,0.4444444444444444,0.38636363636363635,0.3376623376623378,5.0,0.4928571428571429,0.5833333333333334,age,"age, education, gender, race",4.0,3.0
1,min,DICES-990,181,44,0.3571428571428572,True,11.0,3.0,2.5454545454545454,4.0,0.3571428571428572,0.18181818181818182,0.20454545454545456,0.42727272727272736,7.0,0.4621315192743765,0.3571428571428572,race,"age, gender, race",3.0,1.0
1,min,DICES-990,182,45,0.0,False,,,,,,,,,,,,,,,
1,min,DICES-990,183,48,0.02127659574468085,False,,,,,,,,,,,,,,,
1,min,DICES-990,184,44,0.07317073170731707,False,,,,,,,,,,,,,,,
1,min,DICES-990,185,47,0.0,False,,,,,,,,,,,,,,,
1,min,DICES-990,186,46,0.35294117647058826,True,10.0,3.0,2.3,4.6,0.35294117647058826,0.2875,0.3106884057971015,0.11971618357487912,6.0,0.35485527544351075,0.35294117647058826,race,"age, education, gender, race",4.0,0.0
1,min,DICES-990,187,48,0.02222222222222222,False,,,,,,,,,,,,,,,
1,min,DICES-990,188,46,0.15789473684210528,False,,,,,,,,,,,,,,,
1,min,DICES-990,189,46,0.21212121212121215,False,,,,,,,,,,,,,,,
1,min,DICES-990,190,48,0.11627906976744186,False,,,,,,,,,,,,,,,
1,min,DICES-990,191,46,0.04545454545454545,False,,,,,,,,,,,,,,,
1,min,DICES-990,192,46,0.2,False,,,,,,,,,,,,,,,
1,min,DICES-990,193,45,0.046511627906976744,False,,,,,,,,,,,,,,,
1,min,DICES-990,194,46,0.06976744186046512,False,,,,,,,,,,,,,,,
1,min,DICES-990,195,46,0.023255813953488372,False,,,,,,,,,,,,,,,
1,min,DICES-990,196,48,0.0,False,,,,,,,,,,,,,,,
1,min,DICES-990,197,46,0.02222222222222222,False,,,,,,,,,,,,,,,
1,min,DICES-990,198,44,0.025641025641025633,False,,,,,,,,,,,,,,,
1,min,DICES-990,199,47,0.10256410256410255,False,,,,,,,,,,,,,,,
1,min,DICES-990,200,46,0.4666666666666667,True,10.0,3.0,2.4,4.6,0.4666666666666667,0.30666666666666664,0.29130434782608694,0.37577639751552805,6.0,0.3891812865497077,0.2666666666666667,age,"age, gender, race",3.0,0.0
1,min,DICES-990,201,46,0.06976744186046512,False,,,,,,,,,,,,,,,
1,min,DICES-990,202,46,0.02222222222222222,False,,,,,,,,,,,,,,,
1,min,DICES-990,203,47,0.04651162790697674,False,,,,,,,,,,,,,,,
1,min,DICES-990,204,47,0.303030303030303,True,9.0,3.0,2.2222222222222223,5.222222222222222,0.303030303030303,0.44713804713804717,0.3281753707285622,-0.08297872340425538,5.0,0.24393939393939396,0.303030303030303,race,"age, gender, race",3.0,3.0
1,min,DICES-990,205,48,0.06666666666666667,False,,,,,,,,,,,,,,,
1,min,DICES-990,206,49,0.0,False,,,,,,,,,,,,,,,
1,min,DICES-990,207,48,0.02127659574468085,False,,,,,,,,,,,,,,,
1,min,DICES-990,208,44,0.0,False,,,,,,,,,,,,,,,
1,min,DICES-990,209,44,0.024390243902439025,False,,,,,,,,,,,,,,,
1,min,DICES-990,210,45,0.17142857142857143,False,,,,,,,,,,,,,,,
1,min,DICES-990,211,41,0.0,False,,,,,,,,,,,,,,,
1,min,DICES-990,212,46,0.02222222222222222,False,,,,,,,,,,,,,,,
1,min,DICES-990,213,46,0.02222222222222222,False,,,,,,,,,,,,,,,
1,min,DICES-990,214,47,0.04444444444444444,False,,,,,,,,,,,,,,,
1,min,DICES-990,215,47,0.2702702702702703,False,,,,,,,,,,,,,,,
1,min,DICES-990,216,48,0.0,False,,,,,,,,,,,,,,,
1,min,DICES-990,217,47,0.0,False,,,,,,,,,,,,,,,
1,min,DICES-990,218,45,0.0,False,,,,,,,,,,,,,,,
1,min,DICES-990,219,46,0.09523809523809525,False,,,,,,,,,,,,,,,
1,min,DICES-990,220,47,0.05128205128205129,False,,,,,,,,,,,,,,,
1,min,DICES-990,221,47,0.022727272727272728,False,,,,,,,,,,,,,,,
1,min,DICES-990,222,48,0.023255813953488375,False,,,,,,,,,,,,,,,
1,min,DICES-990,223,47,0.048780487804878044,False,,,,,,,,,,,,,,,
1,min,DICES-990,224,46,0.16666666666666666,False,,,,,,,,,,,,,,,
1,min,DICES-990,225,46,0.16666666666666666,False,,,,,,,,,,,,,,,
1,min,DICES-990,226,46,0.2,False,,,,,,,,,,,,,,,
1,min,DICES-990,227,46,0.024390243902439025,False,,,,,,,,,,,,,,,
1,min,DICES-990,228,47,0.0,False,,,,,,,,,,,,,,,
1,min,DICES-990,229,46,0.3125,True,9.0,3.0,2.111111111111111,5.111111111111111,0.3125,0.26851851851851855,0.3278985507246377,-0.049275362318840665,5.0,0.37488095238095237,0.3125,race,"age, gender, race",3.0,0.0
1,min,DICES-990,230,43,0.075,False,,,,,,,,,,,,,,,
1,min,DICES-990,231,45,0.0,False,,,,,,,,,,,,,,,
1,min,DICES-990,232,45,0.2647058823529412,False,,,,,,,,,,,,,,,
1,min,DICES-990,233,44,0.1,False,,,,,,,,,,,,,,,
1,min,DICES-990,234,46,0.024390243902439025,False,,,,,,,,,,,,,,,
1,min,DICES-990,235,47,0.2162162162162162,False,,,,,,,,,,,,,,,
1,min,DICES-990,236,47,0.04444444444444444,False,,,,,,,,,,,,,,,
1,min,DICES-990,237,49,0.06818181818181818,False,,,,,,,,,,,,,,,
1,min,DICES-990,238,47,0.07142857142857142,False,,,,,,,,,,,,,,,
1,min,DICES-990,239,46,0.1,False,,,,,,,,,,,,,,,
1,min,DICES-990,240,44,0.08108108108108107,False,,,,,,,,,,,,,,,
1,min,DICES-990,241,47,0.25806451612903225,False,,,,,,,,,,,,,,,
1,min,DICES-990,242,46,0.23529411764705882,False,,,,,,,,,,,,,,,
1,min,DICES-990,243,47,0.022727272727272728,False,,,,,,,,,,,,,,,
1,min,DICES-990,244,46,0.1282051282051282,False,,,,,,,,,,,,,,,
1,min,DICES-990,245,46,0.0,False,,,,,,,,,,,,,,,
1,min,DICES-990,246,47,0.0,False,,,,,,,,,,,,,,,
1,min,DICES-990,247,45,0.8636363636363636,True,10.0,3.0,2.3,4.5,0.8636363636363636,0.3,0.2740740740740741,0.6826510721247563,6.0,0.4272727272727273,0.8636363636363636,race,"age, education, gender, race",4.0,0.0
1,min,DICES-990,248,46,0.05,False,,,,,,,,,,,,,,,
1,min,DICES-990,249,44,0.1851851851851852,False,,,,,,,,,,,,,,,
1,min,DICES-990,250,46,0.42857142857142855,True,13.0,4.0,2.769230769230769,3.5384615384615383,0.42857142857142855,0.41025641025641024,0.3550724637681159,0.1714975845410628,9.0,0.30493487993487994,0.42857142857142855,race,"age, education, gender, race",4.0,4.0
1,min,DICES-990,251,45,0.027777777777777766,False,,,,,,,,,,,,,,,
1,min,DICES-990,252,46,0.04545454545454545,False,,,,,,,,,,,,,,,
1,min,DICES-990,253,45,0.17142857142857143,False,,,,,,,,,,,,,,,
1,min,DICES-990,254,48,0.12195121951219513,False,,,,,,,,,,,,,,,
1,min,DICES-990,255,46,0.6521739130434783,True,8.0,3.0,2.25,5.75,0.6521739130434783,0.2569444444444444,0.31280193236714976,0.5203703703703704,4.0,0.46304347826086956,0.6521739130434783,age,"age, gender, race",3.0,1.0
1,min,DICES-990,256,49,0.0425531914893617,False,,,,,,,,,,,,,,,
1,min,DICES-990,257,43,0.02380952380952381,False,,,,,,,,,,,,,,,
1,min,DICES-990,258,46,0.05,False,,,,,,,,,,,,,,,
1,min,DICES-990,259,48,0.06976744186046512,False,,,,,,,,,,,,,,,
1,min,DICES-990,260,45,0.0,False,,,,,,,,,,,,,,,
1,min,DICES-990,261,49,0.0,False,,,,,,,,,,,,,,,
1,min,DICES-990,262,46,0.16129032258064516,False,,,,,,,,,,,,,,,
1,min,DICES-990,263,43,0.0,False,,,,,,,,,,,,,,,
1,min,DICES-990,264,47,0.15625,False,,,,,,,,,,,,,,,
1,min,DICES-990,265,45,0.9545454545454546,True,12.0,4.0,3.25,3.75,0.9545454545454546,0.4166666666666667,0.42592592592592593,0.5537918871252205,8.0,0.41574675324675325,0.9545454545454546,education,"age, education, gender, race",4.0,3.0
1,min,DICES-990,266,48,0.02127659574468085,False,,,,,,,,,,,,,,,
1,min,DICES-990,267,44,0.2222222222222222,False,,,,,,,,,,,,,,,
1,min,DICES-990,268,47,0.7083333333333335,True,12.0,4.0,3.0833333333333335,3.9166666666666665,0.7083333333333335,0.3680555555555556,0.34219858156028377,0.5168961201501877,8.0,0.477827380952381,0.5416666666666669,age,"age, education, gender, race",4.0,2.0
1,min,DICES-990,269,45,0.653846153846154,True,14.0,4.0,3.5,3.2142857142857144,0.653846153846154,0.42857142857142855,0.43703703703703706,0.3315904139433552,9.0,0.3902249119640424,0.653846153846154,education,"age, education, gender, race",4.0,4.0
1,min,DICES-990,270,46,0.25,False,,,,,,,,,,,,,,,
1,min,DICES-990,271,47,0.14705882352941177,False,,,,,,,,,,,,,,,
1,min,DICES-990,272,46,0.0,False,,,,,,,,,,,,,,,
1,min,DICES-990,273,47,0.28125,False,,,,,,,,,,,,,,,
1,min,DICES-990,274,44,0.0,False,,,,,,,,,,,,,,,
1,min,DICES-990,275,47,0.06818181818181818,False,,,,,,,,,,,,,,,
1,min,DICES-990,276,45,0.022727272727272728,False,,,,,,,,,,,,,,,
1,min,DICES-990,277,48,0.2571428571428572,False,,,,,,,,,,,,,,,
1,min,DICES-990,278,46,0.15,False,,,,,,,,,,,,,,,
1,min,DICES-990,279,48,0.09090909090909091,False,,,,,,,,,,,,,,,
1,min,DICES-990,280,46,0.09523809523809525,False,,,,,,,,,,,,,,,
1,min,DICES-990,281,47,0.22857142857142856,False,,,,,,,,,,,,,,,
1,min,DICES-990,282,46,0.31034482758620685,True,12.0,4.0,2.9166666666666665,3.8333333333333335,0.31034482758620685,0.23055555555555554,0.23550724637681164,0.2411433172302735,8.0,0.48150143678160917,0.31034482758620685,race,"age, education, gender, race",4.0,1.0
1,min,DICES-990,283,43,0.02631578947368421,False,,,,,,,,,,,,,,,
1,min,DICES-990,284,42,0.0,False,,,,,,,,,,,,,,,
1,min,DICES-990,285,46,0.0,False,,,,,,,,,,,,,,,
1,min,DICES-990,286,46,0.0,False,,,,,,,,,,,,,,,
1,min,DICES-990,287,47,0.09756097560975609,False,,,,,,,,,,,,,,,
1,min,DICES-990,288,42,0.05,False,,,,,,,,,,,,,,,
1,min,DICES-990,289,42,0.07692307692307691,False,,,,,,,,,,,,,,,
1,min,DICES-990,290,47,0.09756097560975609,False,,,,,,,,,,,,,,,
1,min,DICES-990,291,46,0.09523809523809525,False,,,,,,,,,,,,,,,
1,min,DICES-990,292,47,0.0,False,,,,,,,,,,,,,,,
1,min,DICES-990,293,44,0.2592592592592592,False,,,,,,,,,,,,,,,
1,min,DICES-990,294,43,0.0,False,,,,,,,,,,,,,,,
1,min,DICES-990,295,46,0.04545454545454545,False,,,,,,,,,,,,,,,
1,min,DICES-990,296,47,0.11428571428571428,False,,,,,,,,,,,,,,,
1,min,DICES-990,297,44,0.8333333333333334,True,13.0,4.0,3.076923076923077,3.3846153846153846,0.8333333333333334,0.43846153846153846,0.425,0.49,9.0,0.4873897707231041,0.5,race,"age, education, gender, race",4.0,4.0
1,min,DICES-990,298,47,0.021739130434782608,False,,,,,,,,,,,,,,,
1,min,DICES-990,299,45,0.046511627906976744,False,,,,,,,,,,,,,,,
1,min,DICES-990,300,48,0.07317073170731708,False,,,,,,,,,,,,,,,
1,min,DICES-990,301,47,0.19444444444444445,False,,,,,,,,,,,,,,,
1,min,DICES-990,302,45,0.022727272727272728,False,,,,,,,,,,,,,,,
1,min,DICES-990,303,45,0.48275862068965514,True,13.0,4.0,3.0,3.4615384615384617,0.48275862068965514,0.28205128205128205,0.35185185185185186,0.27116402116402105,8.0,0.39752431476569405,0.23275862068965514,race,"age, education, gender, race",4.0,0.0
1,min,DICES-990,304,42,0.027027027027027025,False,,,,,,,,,,,,,,,
1,min,DICES-990,305,46,0.0,False,,,,,,,,,,,,,,,
1,min,DICES-990,306,46,0.07692307692307693,False,,,,,,,,,,,,,,,
1,min,DICES-990,307,45,0.16216216216216217,False,,,,,,,,,,,,,,,
1,min,DICES-990,308,46,0.09523809523809525,False,,,,,,,,,,,,,,,
1,min,DICES-990,309,45,0.19354838709677416,False,,,,,,,,,,,,,,,
1,min,DICES-990,310,41,0.02631578947368421,False,,,,,,,,,,,,,,,
1,min,DICES-990,311,45,0.17142857142857143,False,,,,,,,,,,,,,,,
1,min,DICES-990,312,48,0.17948717948717946,False,,,,,,,,,,,,,,,
1,min,DICES-990,313,45,0.30303030303030304,True,12.0,4.0,2.6666666666666665,3.75,0.30303030303030304,0.2986111111111111,0.25740740740740736,0.15055555555555578,8.0,0.3091991341991342,0.30303030303030304,race,"age, education, gender, race",4.0,2.0
1,min,DICES-990,314,49,0.06521739130434782,False,,,,,,,,,,,,,,,
1,min,DICES-990,315,47,0.09302325581395349,False,,,,,,,,,,,,,,,
1,min,DICES-990,316,45,0.0,False,,,,,,,,,,,,,,,
1,min,DICES-990,317,47,0.022727272727272728,False,,,,,,,,,,,,,,,
1,min,DICES-990,318,46,0.04545454545454545,False,,,,,,,,,,,,,,,
1,min,DICES-990,319,44,0.023255813953488372,False,,,,,,,,,,,,,,,
1,min,DICES-990,320,46,0.06976744186046512,False,,,,,,,,,,,,,,,
1,min,DICES-990,321,45,0.05405405405405405,False,,,,,,,,,,,,,,,
1,min,DICES-990,322,43,0.06451612903225809,False,,,,,,,,,,,,,,,
1,min,DICES-990,323,46,0.25,False,,,,,,,,,,,,,,,
1,min,DICES-990,324,45,0.02380952380952381,False,,,,,,,,,,,,,,,
1,min,DICES-990,325,44,0.0,False,,,,,,,,,,,,,,,
1,min,DICES-990,326,45,0.022727272727272728,False,,,,,,,,,,,,,,,
1,min,DICES-990,327,45,0.048780487804878044,False,,,,,,,,,,,,,,,
1,min,DICES-990,328,45,0.022727272727272728,False,,,,,,,,,,,,,,,
1,min,DICES-990,329,46,0.04545454545454545,False,,,,,,,,,,,,,,,
1,min,DICES-990,330,42,0.058823529411764705,False,,,,,,,,,,,,,,,
1,min,DICES-990,331,45,0.3448275862068965,True,13.0,4.0,2.6923076923076925,3.4615384615384617,0.3448275862068965,0.37179487179487175,0.37407407407407406,-0.0848148148148149,9.0,0.3901660280970626,0.20197044334975364,race,"age, education, gender, race",4.0,5.0
1,min,DICES-990,332,44,0.027027027027027035,False,,,,,,,,,,,,,,,
1,min,DICES-990,333,43,0.0,False,,,,,,,,,,,,,,,
1,min,DICES-990,334,45,0.36666666666666664,True,13.0,4.0,2.8461538461538463,3.4615384615384617,0.36666666666666664,0.2717948717948718,0.25629629629629624,0.30101010101010106,8.0,0.36224816849816854,0.36666666666666664,race,"age, education, gender, race",4.0,2.0
1,min,DICES-990,335,46,0.8095238095238095,True,11.0,3.0,2.272727272727273,4.181818181818182,0.8095238095238095,0.3766233766233766,0.3136645962732919,0.612531969309463,6.0,0.5099206349206349,0.8095238095238095,race,"age, gender, race",3.0,3.0
1,min,DICES-990,336,47,0.04444444444444444,False,,,,,,,,,,,,,,,
1,min,DICES-990,337,43,0.31999999999999995,True,7.0,3.0,2.0,6.142857142857143,0.31999999999999995,0.21666666666666665,0.21821705426356588,0.31807170542635654,3.0,0.25746031746031744,0.31999999999999995,race,"age, gender, race",3.0,0.0
1,min,DICES-990,338,46,0.09523809523809525,False,,,,,,,,,,,,,,,
1,min,DICES-990,339,44,0.025641025641025633,False,,,,,,,,,,,,,,,
1,min,DICES-990,340,43,0.0,False,,,,,,,,,,,,,,,
1,min,DICES-990,341,47,0.36666666666666664,True,10.0,3.0,2.5,4.7,0.36666666666666664,0.32333333333333336,0.24751773049645392,0.3249516441005802,6.0,0.27065217391304347,0.19999999999999998,age,"age, education, gender, race",4.0,4.0
1,min,DICES-990,342,47,0.04444444444444444,False,,,,,,,,,,,,,,,
1,min,DICES-990,343,47,0.0,False,,,,,,,,,,,,,,,
1,min,DICES-990,344,47,0.4583333333333334,True,9.0,4.0,2.6666666666666665,5.222222222222222,0.4583333333333334,0.40740740740740744,0.3404255319148936,0.25725338491295957,5.0,0.32328054298642533,0.4583333333333334,age,"age, education, gender, race",4.0,3.0
1,min,DICES-990,345,44,0.07692307692307691,False,,,,,,,,,,,,,,,
1,min,DICES-990,346,46,0.1875,False,,,,,,,,,,,,,,,
1,min,DICES-990,347,47,0.18181818181818185,False,,,,,,,,,,,,,,,
1,min,DICES-990,348,48,0.0,False,,,,,,,,,,,,,,,
1,min,DICES-990,349,44,0.07692307692307691,False,,,,,,,,,,,,,,,
1,min,DICES-990,350,47,0.07500000000000001,False,,,,,,,,,,,,,,,
1,min,DICES-990,351,49,0.020833333333333332,False,,,,,,,,,,,,,,,
1,min,DICES-990,352,43,0.0,False,,,,,,,,,,,,,,,
1,min,DICES-990,353,47,0.14634146341463414,False,,,,,,,,,,,,,,,
1,min,DICES-990,354,42,0.0,False,,,,,,,,,,,,,,,
1,min,DICES-990,355,49,0.0425531914893617,False,,,,,,,,,,,,,,,
1,min,DICES-990,356,42,0.027027027027027025,False,,,,,,,,,,,,,,,
1,min,DICES-990,357,47,0.04444444444444444,False,,,,,,,,,,,,,,,
1,min,DICES-990,358,46,0.04761904761904762,False,,,,,,,,,,,,,,,
1,min,DICES-990,359,45,0.022727272727272728,False,,,,,,,,,,,,,,,
1,min,DICES-990,360,46,0.10526315789473684,False,,,,,,,,,,,,,,,
1,min,DICES-990,361,45,0.16216216216216217,False,,,,,,,,,,,,,,,
1,min,DICES-990,362,47,0.022727272727272728,False,,,,,,,,,,,,,,,
1,min,DICES-990,363,46,0.12195121951219512,False,,,,,,,,,,,,,,,
1,min,DICES-990,364,45,0.0,False,,,,,,,,,,,,,,,
1,min,DICES-990,365,43,0.13888888888888887,False,,,,,,,,,,,,,,,
1,min,DICES-990,366,46,0.02222222222222222,False,,,,,,,,,,,,,,,
1,min,DICES-990,367,45,0.11428571428571428,False,,,,,,,,,,,,,,,
1,min,DICES-990,368,47,0.07142857142857142,False,,,,,,,,,,,,,,,
1,min,DICES-990,369,46,0.23529411764705882,False,,,,,,,,,,,,,,,
1,min,DICES-990,370,46,0.33333333333333326,True,10.0,3.0,2.3,4.6,0.33333333333333326,0.35833333333333334,0.27355072463768115,0.17934782608695632,6.0,0.4166666666666666,0.33333333333333326,race,"age, gender, race",3.0,2.0
1,min,DICES-990,371,46,0.33333333333333337,True,10.0,3.0,2.4,4.6,0.33333333333333337,0.29166666666666663,0.27355072463768115,0.17934782608695665,6.0,0.45,0.33333333333333337,race,"age, gender, race",3.0,1.0
1,min,DICES-990,372,46,0.04761904761904762,False,,,,,,,,,,,,,,,
1,min,DICES-990,373,48,0.0,False,,,,,,,,,,,,,,,
1,min,DICES-990,374,48,0.09090909090909091,False,,,,,,,,,,,,,,,
1,min,DICES-990,375,44,0.030303030303030293,False,,,,,,,,,,,,,,,
1,min,DICES-990,376,46,0.2222222222222222,False,,,,,,,,,,,,,,,
1,min,DICES-990,377,44,0.07692307692307691,False,,,,,,,,,,,,,,,
1,min,DICES-990,378,46,0.15,False,,,,,,,,,,,,,,,
1,min,DICES-990,379,45,0.19444444444444445,False,,,,,,,,,,,,,,,
1,min,DICES-990,380,45,0.07142857142857142,False,,,,,,,,,,,,,,,
1,min,DICES-990,381,42,0.0,False,,,,,,,,,,,,,,,
1,min,DICES-990,382,48,0.09090909090909091,False,,,,,,,,,,,,,,,
1,min,DICES-990,383,46,0.0,False,,,,,,,,,,,,,,,
1,min,DICES-990,384,46,0.10526315789473684,False,,,,,,,,,,,,,,,
1,min,DICES-990,385,46,0.0,False,,,,,,,,,,,,,,,
1,min,DICES-990,386,45,0.046511627906976744,False,,,,,,,,,,,,,,,
1,min,DICES-990,387,47,0.021739130434782608,False,,,,,,,,,,,,,,,
1,min,DICES-990,388,42,0.0,False,,,,,,,,,,,,,,,
1,min,DICES-990,389,46,0.11111111111111112,False,,,,,,,,,,,,,,,
1,min,DICES-990,390,46,0.15789473684210528,False,,,,,,,,,,,,,,,
1,min,DICES-990,391,47,0.04444444444444444,False,,,,,,,,,,,,,,,
1,min,DICES-990,392,46,0.0,False,,,,,,,,,,,,,,,
1,min,DICES-990,393,43,0.02380952380952381,False,,,,,,,,,,,,,,,
1,min,DICES-990,394,46,0.02222222222222222,False,,,,,,,,,,,,,,,
1,min,DICES-990,395,42,0.05,False,,,,,,,,,,,,,,,
1,min,DICES-990,396,47,0.2162162162162162,False,,,,,,,,,,,,,,,
1,min,DICES-990,397,45,0.046511627906976744,False,,,,,,,,,,,,,,,
1,min,DICES-990,398,46,0.05,False,,,,,,,,,,,,,,,
1,min,DICES-990,399,45,0.10256410256410255,False,,,,,,,,,,,,,,,
1,min,DICES-990,400,42,0.05263157894736842,False,,,,,,,,,,,,,,,
1,min,DICES-990,401,44,0.1764705882352941,False,,,,,,,,,,,,,,,
1,min,DICES-990,402,45,0.125,False,,,,,,,,,,,,,,,
1,min,DICES-990,403,45,0.2058823529411765,False,,,,,,,,,,,,,,,
1,min,DICES-990,404,44,0.1,False,,,,,,,,,,,,,,,
1,min,DICES-990,405,48,0.06976744186046512,False,,,,,,,,,,,,,,,
1,min,DICES-990,406,46,0.08108108108108107,False,,,,,,,,,,,,,,,
1,min,DICES-990,407,48,0.12195121951219513,False,,,,,,,,,,,,,,,
1,min,DICES-990,408,44,0.023255813953488372,False,,,,,,,,,,,,,,,
1,min,DICES-990,409,45,0.026315789473684216,False,,,,,,,,,,,,,,,
1,min,DICES-990,410,44,0.0,False,,,,,,,,,,,,,,,
1,min,DICES-990,411,46,0.04545454545454545,False,,,,,,,,,,,,,,,
1,min,DICES-990,412,46,0.024390243902439025,False,,,,,,,,,,,,,,,
1,min,DICES-990,413,43,0.02380952380952381,False,,,,,,,,,,,,,,,
1,min,DICES-990,414,49,0.021739130434782605,False,,,,,,,,,,,,,,,
1,min,DICES-990,415,47,0.04444444444444444,False,,,,,,,,,,,,,,,
1,min,DICES-990,416,45,0.10256410256410255,False,,,,,,,,,,,,,,,
1,min,DICES-990,417,44,0.024390243902439025,False,,,,,,,,,,,,,,,
1,min,DICES-990,418,43,0.08333333333333333,False,,,,,,,,,,,,,,,
1,min,DICES-990,419,47,0.021739130434782608,False,,,,,,,,,,,,,,,
1,min,DICES-990,420,46,0.05,False,,,,,,,,,,,,,,,
1,min,DICES-990,421,43,0.075,False,,,,,,,,,,,,,,,
1,min,DICES-990,422,47,0.0,False,,,,,,,,,,,,,,,
1,min,DICES-990,423,46,0.0,False,,,,,,,,,,,,,,,
1,min,DICES-990,424,44,0.08108108108108107,False,,,,,,,,,,,,,,,
1,min,DICES-990,425,46,0.11111111111111112,False,,,,,,,,,,,,,,,
1,min,DICES-990,426,47,0.40625,True,9.0,3.0,2.111111111111111,5.222222222222222,0.40625,0.2916666666666667,0.27925531914893614,0.3126022913256956,5.0,0.5842803030303031,0.40625,race,"age, gender, race",3.0,1.0
1,min,DICES-990,427,47,0.023809523809523805,False,,,,,,,,,,,,,,,
1,min,DICES-990,428,45,0.36363636363636365,True,9.0,3.0,2.2222222222222223,5.0,0.36363636363636365,0.28518518518518515,0.33629629629629626,0.07518518518518535,5.0,0.31685425685425683,0.36363636363636365,race,"age, gender, race",3.0,0.0
1,min,DICES-990,429,47,0.09302325581395349,False,,,,,,,,,,,,,,,
1,min,DICES-990,430,46,0.023255813953488372,False,,,,,,,,,,,,,,,
1,min,DICES-990,431,45,0.07142857142857142,False,,,,,,,,,,,,,,,
1,min,DICES-990,432,43,0.048780487804878044,False,,,,,,,,,,,,,,,
1,min,DICES-990,433,46,0.02222222222222222,False,,,,,,,,,,,,,,,
1,min,DICES-990,434,44,0.14285714285714285,False,,,,,,,,,,,,,,,
1,min,DICES-990,435,44,0.024390243902439025,False,,,,,,,,,,,,,,,
1,min,DICES-990,436,48,0.393939393939394,True,9.0,3.0,2.111111111111111,5.333333333333333,0.393939393939394,0.28703703703703703,0.38715277777777773,0.01722756410256432,5.0,0.4412878787878788,0.393939393939394,race,"age, gender, race",3.0,2.0
1,min,DICES-990,437,46,0.10526315789473684,False,,,,,,,,,,,,,,,
1,min,DICES-990,438,46,0.2,False,,,,,,,,,,,,,,,
1,min,DICES-990,439,44,0.18918918918918917,False,,,,,,,,,,,,,,,
1,min,DICES-990,440,47,0.06818181818181818,False,,,,,,,,,,,,,,,
1,min,DICES-990,441,42,0.29032258064516125,False,,,,,,,,,,,,,,,
1,min,DICES-990,442,44,0.05555555555555555,False,,,,,,,,,,,,,,,
1,min,DICES-990,443,43,0.0,False,,,,,,,,,,,,,,,
1,min,DICES-990,444,44,0.15151515151515152,False,,,,,,,,,,,,,,,
1,min,DICES-990,445,47,0.2647058823529412,False,,,,,,,,,,,,,,,
1,min,DICES-990,446,48,0.0,False,,,,,,,,,,,,,,,
1,min,DICES-990,447,46,0.5,True,11.0,3.0,2.272727272727273,4.181818181818182,0.5,0.38636363636363635,0.33695652173913043,0.32608695652173914,6.0,0.38611111111111107,0.5,race,"age, education, gender, race",4.0,3.0
1,min,DICES-990,448,48,0.6190476190476192,True,10.0,3.0,2.3,4.8,0.6190476190476192,0.42000000000000004,0.25416666666666665,0.589423076923077,6.0,0.3210678210678211,0.6190476190476192,race,"age, gender, race",3.0,4.0
1,min,DICES-990,449,47,0.4800000000000001,True,10.0,4.0,2.9,4.7,0.4800000000000001,0.22333333333333333,0.21914893617021278,0.5434397163120568,6.0,0.45579365079365086,0.4800000000000001,age,"age, education, gender, race",4.0,0.0
1,min,DICES-990,450,46,0.04545454545454545,False,,,,,,,,,,,,,,,
1,min,DICES-990,451,45,0.3225806451612903,True,12.0,4.0,2.8333333333333335,3.75,0.3225806451612903,0.2833333333333333,0.28444444444444444,0.11822222222222223,8.0,0.3063815217041024,0.3225806451612903,race,"age, education, gender, race",4.0,2.0
1,min,DICES-990,452,46,0.07317073170731707,False,,,,,,,,,,,,,,,
1,min,DICES-990,453,45,0.0,False,,,,,,,,,,,,,,,
1,min,DICES-990,454,47,0.021739130434782608,False,,,,,,,,,,,,,,,
1,min,DICES-990,455,45,0.0,False,,,,,,,,,,,,,,,
1,min,DICES-990,456,49,0.044444444444444446,False,,,,,,,,,,,,,,,
1,min,DICES-990,457,46,0.0,False,,,,,,,,,,,,,,,
1,min,DICES-990,458,47,0.18421052631578946,False,,,,,,,,,,,,,,,
1,min,DICES-990,459,46,0.0,False,,,,,,,,,,,,,,,
1,min,DICES-990,460,46,0.024390243902439025,False,,,,,,,,,,,,,,,
1,min,DICES-990,461,45,0.07142857142857142,False,,,,,,,,,,,,,,,
1,min,DICES-990,462,43,0.025,False,,,,,,,,,,,,,,,
1,min,DICES-990,463,46,0.023255813953488372,False,,,,,,,,,,,,,,,
1,min,DICES-990,464,48,0.8181818181818182,True,14.0,3.0,2.5714285714285716,3.4285714285714284,0.8181818181818182,0.39285714285714285,0.34722222222222227,0.5756172839506173,9.0,0.3612794612794613,0.6181818181818183,race,"age, education, gender, race",4.0,4.0
1,min,DICES-990,465,43,0.12121212121212123,False,,,,,,,,,,,,,,,
1,min,DICES-990,466,48,0.0,False,,,,,,,,,,,,,,,
1,min,DICES-990,467,46,0.1875,False,,,,,,,,,,,,,,,
1,min,DICES-990,468,45,0.10256410256410255,False,,,,,,,,,,,,,,,
1,min,DICES-990,469,45,0.07142857142857142,False,,,,,,,,,,,,,,,
1,min,DICES-990,470,41,0.09374999999999999,False,,,,,,,,,,,,,,,
1,min,DICES-990,471,42,0.05,False,,,,,,,,,,,,,,,
1,min,DICES-990,472,46,0.15,False,,,,,,,,,,,,,,,
1,min,DICES-990,473,47,0.021739130434782608,False,,,,,,,,,,,,,,,
1,min,DICES-990,474,46,0.12195121951219512,False,,,,,,,,,,,,,,,
1,min,DICES-990,475,48,0.06666666666666667,False,,,,,,,,,,,,,,,
1,min,DICES-990,476,47,0.04444444444444444,False,,,,,,,,,,,,,,,
1,min,DICES-990,477,47,0.5357142857142858,True,11.0,3.0,2.272727272727273,4.2727272727272725,0.5357142857142858,0.31818181818181823,0.3404255319148936,0.36453900709219866,6.0,0.4456654456654457,0.5357142857142858,race,"age, gender, race",3.0,2.0
1,min,DICES-990,478,47,0.023809523809523805,False,,,,,,,,,,,,,,,
1,min,DICES-990,479,41,0.02631578947368421,False,,,,,,,,,,,,,,,
1,min,DICES-990,480,47,0.021739130434782608,False,,,,,,,,,,,,,,,
1,min,DICES-990,481,46,0.0,False,,,,,,,,,,,,,,,
1,min,DICES-990,482,47,0.34285714285714286,True,11.0,3.0,2.4545454545454546,4.2727272727272725,0.34285714285714286,0.3939393939393939,0.46453900709219864,-0.354905437352246,6.0,0.3784391534391534,0.34285714285714286,age,"age, gender, race",3.0,3.0
1,min,DICES-990,483,46,0.6799999999999999,True,12.0,4.0,3.0833333333333335,3.8333333333333335,0.6799999999999999,0.4583333333333333,0.4963768115942029,0.27003410059676036,7.0,0.4148541313758705,0.6799999999999999,education,"age, education, gender, race",4.0,4.0
1,min,DICES-990,484,47,0.1388888888888889,False,,,,,,,,,,,,,,,
1,min,DICES-990,485,43,0.10256410256410257,False,,,,,,,,,,,,,,,
1,min,DICES-990,486,46,0.1282051282051282,False,,,,,,,,,,,,,,,
1,min,DICES-990,487,47,0.021739130434782608,False,,,,,,,,,,,,,,,
1,min,DICES-990,488,46,0.13513513513513514,False,,,,,,,,,,,,,,,
1,min,DICES-990,489,47,0.25,False,,,,,,,,,,,,,,,
1,min,DICES-990,490,47,0.021739130434782608,False,,,,,,,,,,,,,,,
1,min,DICES-990,491,45,0.02380952380952381,False,,,,,,,,,,,,,,,
1,min,DICES-990,492,45,0.13157894736842105,False,,,,,,,,,,,,,,,
1,min,DICES-990,493,44,0.052631578947368425,False,,,,,,,,,,,,,,,
1,min,DICES-990,494,45,0.07142857142857142,False,,,,,,,,,,,,,,,
1,min,DICES-990,495,49,0.07142857142857144,False,,,,,,,,,,,,,,,
1,min,DICES-990,496,44,0.023255813953488372,False,,,,,,,,,,,,,,,
1,min,DICES-990,497,44,0.0,False,,,,,,,,,,,,,,,
1,min,DICES-990,498,46,0.0,False,,,,,,,,,,,,,,,
1,min,DICES-990,499,48,0.043478260869565216,False,,,,,,,,,,,,,,,
1,min,DICES-990,500,43,0.075,False,,,,,,,,,,,,,,,
1,min,DICES-990,501,47,0.0,False,,,,,,,,,,,,,,,
1,min,DICES-990,502,48,0.06976744186046512,False,,,,,,,,,,,,,,,
1,min,DICES-990,503,48,0.09090909090909091,False,,,,,,,,,,,,,,,
1,min,DICES-990,504,45,0.0,False,,,,,,,,,,,,,,,
1,min,DICES-990,505,45,0.2424242424242424,False,,,,,,,,,,,,,,,
1,min,DICES-990,506,47,0.09756097560975609,False,,,,,,,,,,,,,,,
1,min,DICES-990,507,47,0.0,False,,,,,,,,,,,,,,,
1,min,DICES-990,508,47,0.20588235294117646,False,,,,,,,,,,,,,,,
1,min,DICES-990,509,45,0.18181818181818188,False,,,,,,,,,,,,,,,
1,min,DICES-990,510,46,0.02222222222222222,False,,,,,,,,,,,,,,,
1,min,DICES-990,511,45,0.07142857142857142,False,,,,,,,,,,,,,,,
1,min,DICES-990,512,46,0.6666666666666666,True,10.0,3.0,2.3,4.6,0.6666666666666666,0.1983333333333333,0.2539855072463768,0.6190217391304348,6.0,0.5353988603988603,0.6666666666666666,race,"age, education, gender, race",4.0,0.0
1,min,DICES-990,513,45,0.0,False,,,,,,,,,,,,,,,
1,min,DICES-990,514,45,0.16216216216216217,False,,,,,,,,,,,,,,,
1,min,DICES-990,515,46,0.04545454545454545,False,,,,,,,,,,,,,,,
1,min,DICES-990,516,47,0.021739130434782608,False,,,,,,,,,,,,,,,
1,min,DICES-990,517,47,0.04651162790697674,False,,,,,,,,,,,,,,,
1,min,DICES-990,518,46,0.07692307692307693,False,,,,,,,,,,,,,,,
1,min,DICES-990,519,47,0.11904761904761905,False,,,,,,,,,,,,,,,
1,min,DICES-990,520,47,0.021739130434782608,False,,,,,,,,,,,,,,,
1,min,DICES-990,521,48,0.0,False,,,,,,,,,,,,,,,
1,min,DICES-990,522,46,0.3125,True,10.0,3.0,2.3,4.6,0.3125,0.4333333333333334,0.3840579710144928,-0.2289855072463769,6.0,0.3288510101010101,0.3125,race,"age, education, gender, race",4.0,2.0
1,min,DICES-990,523,48,0.3125,True,13.0,4.0,3.1538461538461537,3.6923076923076925,0.3125,0.22115384615384615,0.22135416666666666,0.29166666666666674,8.0,0.25762590498581883,0.3125,education,"age, education, gender, race",4.0,3.0
1,min,DICES-990,524,46,0.2222222222222222,False,,,,,,,,,,,,,,,
1,min,DICES-990,525,44,0.11111111111111109,False,,,,,,,,,,,,,,,
1,min,DICES-990,526,48,0.02439024390243902,False,,,,,,,,,,,,,,,
1,min,DICES-990,527,47,0.05128205128205129,False,,,,,,,,,,,,,,,
1,min,DICES-990,528,47,0.057142857142857134,False,,,,,,,,,,,,,,,
1,min,DICES-990,529,46,0.1875,False,,,,,,,,,,,,,,,
1,min,DICES-990,530,46,0.3793103448275862,True,12.0,3.0,2.3333333333333335,3.8333333333333335,0.3793103448275862,0.44345238095238093,0.43866459627329196,-0.15647939017504253,7.0,0.25115688908792355,0.2681992337164751,race,"age, education, gender, race",4.0,5.0
1,min,DICES-990,531,44,0.024390243902439025,False,,,,,,,,,,,,,,,
1,min,DICES-990,532,48,0.043478260869565216,False,,,,,,,,,,,,,,,
1,min,DICES-990,533,48,0.15,False,,,,,,,,,,,,,,,
1,min,DICES-990,534,46,0.06976744186046512,False,,,,,,,,,,,,,,,
1,min,DICES-990,535,46,0.02222222222222222,False,,,,,,,,,,,,,,,
1,min,DICES-990,536,46,0.8333333333333334,True,11.0,4.0,2.8181818181818183,4.181818181818182,0.8333333333333334,0.3590909090909091,0.3467391304347826,0.5839130434782609,7.0,0.43991596638655456,0.6333333333333334,age,"age, education, gender, race",4.0,2.0
1,min,DICES-990,537,46,0.0,False,,,,,,,,,,,,,,,
1,min,DICES-990,538,48,0.22222222222222224,False,,,,,,,,,,,,,,,
1,min,DICES-990,539,45,0.17142857142857143,False,,,,,,,,,,,,,,,
1,min,DICES-990,540,48,0.29411764705882354,False,,,,,,,,,,,,,,,
1,min,DICES-990,541,44,0.10526315789473685,False,,,,,,,,,,,,,,,
1,min,DICES-990,542,42,0.024390243902439025,False,,,,,,,,,,,,,,,
1,min,DICES-990,543,42,0.024390243902439025,False,,,,,,,,,,,,,,,
1,min,DICES-990,544,46,0.02222222222222222,False,,,,,,,,,,,,,,,
1,min,DICES-990,545,45,0.8636363636363636,True,11.0,4.0,3.0,4.090909090909091,0.8636363636363636,0.303030303030303,0.34814814814814815,0.5968810916179337,7.0,0.5702020202020203,0.8636363636363636,education,"age, education, gender, race",4.0,1.0
1,min,DICES-990,546,44,0.023255813953488372,False,,,,,,,,,,,,,,,
1,min,DICES-990,547,47,0.04444444444444444,False,,,,,,,,,,,,,,,
1,min,DICES-990,548,47,0.021739130434782608,False,,,,,,,,,,,,,,,
1,min,DICES-990,549,46,0.0,False,,,,,,,,,,,,,,,
1,min,DICES-990,550,48,0.5172413793103449,True,10.0,3.0,2.3,4.8,0.5172413793103449,0.52,0.5499999999999999,-0.06333333333333324,6.0,0.3163656267104543,0.5172413793103449,race,"age, gender, race",3.0,4.0
1,min,DICES-990,551,43,0.05714285714285714,False,,,,,,,,,,,,,,,
1,min,DICES-990,552,45,0.21621621621621623,False,,,,,,,,,,,,,,,
1,min,DICES-990,553,47,0.10256410256410255,False,,,,,,,,,,,,,,,
1,min,DICES-990,554,45,0.16216216216216217,False,,,,,,,,,,,,,,,
1,min,DICES-990,555,46,0.0,False,,,,,,,,,,,,,,,
1,min,DICES-990,556,47,0.0,False,,,,,,,,,,,,,,,
1,min,DICES-990,557,48,0.3333333333333333,True,10.0,3.0,2.3,4.8,0.3333333333333333,0.2833333333333333,0.2673611111111111,0.19791666666666663,6.0,0.4069444444444444,0.3333333333333333,race,"age, gender, race",3.0,2.0
1,min,DICES-990,558,46,0.1794871794871795,False,,,,,,,,,,,,,,,
1,min,DICES-990,559,46,0.04545454545454545,False,,,,,,,,,,,,,,,
1,min,DICES-990,560,48,0.17073170731707318,False,,,,,,,,,,,,,,,
1,min,DICES-990,561,47,0.0,False,,,,,,,,,,,,,,,
1,min,DICES-990,562,44,0.0,False,,,,,,,,,,,,,,,
1,min,DICES-990,563,46,0.0,False,,,,,,,,,,,,,,,
1,min,DICES-990,564,44,0.0,False,,,,,,,,,,,,,,,
1,min,DICES-990,565,47,0.8,True,10.0,4.0,2.7,4.7,0.8,0.35000000000000003,0.4199594731509625,0.4750506585612969,6.0,0.40681216931216935,0.6000000000000001,age,"age, education, gender, race",4.0,0.0
1,min,DICES-990,566,47,0.11904761904761905,False,,,,,,,,,,,,,,,
1,min,DICES-990,567,46,0.0,False,,,,,,,,,,,,,,,
1,min,DICES-990,568,48,0.043478260869565216,False,,,,,,,,,,,,,,,
1,min,DICES-990,569,46,0.1,False,,,,,,,,,,,,,,,
1,min,DICES-990,570,43,0.0,False,,,,,,,,,,,,,,,
1,min,DICES-990,571,46,0.15,False,,,,,,,,,,,,,,,
1,min,DICES-990,572,44,0.049999999999999996,False,,,,,,,,,,,,,,,
1,min,DICES-990,573,43,0.0,False,,,,,,,,,,,,,,,
1,min,DICES-990,574,46,0.07317073170731707,False,,,,,,,,,,,,,,,
1,min,DICES-990,575,46,0.10526315789473684,False,,,,,,,,,,,,,,,
1,min,DICES-990,576,44,0.07317073170731707,False,,,,,,,,,,,,,,,
1,min,DICES-990,577,46,0.02222222222222222,False,,,,,,,,,,,,,,,
1,min,DICES-990,578,42,0.0,False,,,,,,,,,,,,,,,
1,min,DICES-990,579,46,0.02222222222222222,False,,,,,,,,,,,,,,,
1,min,DICES-990,580,44,0.0,False,,,,,,,,,,,,,,,
1,min,DICES-990,581,46,0.05,False,,,,,,,,,,,,,,,
1,min,DICES-990,582,44,0.22580645161290322,False,,,,,,,,,,,,,,,
1,min,DICES-990,583,46,0.023255813953488372,False,,,,,,,,,,,,,,,
1,min,DICES-990,584,46,0.024390243902439025,False,,,,,,,,,,,,,,,
1,min,DICES-990,585,44,0.2,False,,,,,,,,,,,,,,,
1,min,DICES-990,586,45,0.7999999999999999,True,15.0,4.0,3.4,3.0,0.7999999999999999,0.4777777777777778,0.5407407407407407,0.32407407407407396,10.0,0.47325396825396815,0.5499999999999999,education,"age, education, gender, race",4.0,4.0
1,min,DICES-990,587,48,0.07317073170731708,False,,,,,,,,,,,,,,,
1,min,DICES-990,588,46,0.10526315789473684,False,,,,,,,,,,,,,,,
1,min,DICES-990,589,47,0.04444444444444444,False,,,,,,,,,,,,,,,
1,min,DICES-990,590,47,0.10256410256410255,False,,,,,,,,,,,,,,,
1,min,DICES-990,591,44,0.023255813953488372,False,,,,,,,,,,,,,,,
1,min,DICES-990,592,45,0.046511627906976744,False,,,,,,,,,,,,,,,
1,min,DICES-990,593,43,0.048780487804878044,False,,,,,,,,,,,,,,,
1,min,DICES-990,594,40,0.08108108108108107,False,,,,,,,,,,,,,,,
1,min,DICES-990,595,45,0.28124999999999994,False,,,,,,,,,,,,,,,
1,min,DICES-990,596,47,0.0,False,,,,,,,,,,,,,,,
1,min,DICES-990,597,43,0.38709677419354843,True,13.0,3.0,2.6923076923076925,3.3076923076923075,0.38709677419354843,0.3525641025641026,0.36240310077519383,0.06379198966408273,8.0,0.27755376344086025,0.15632754342431765,race,"age, gender, race",3.0,2.0
1,min,DICES-990,598,43,0.029411764705882353,False,,,,,,,,,,,,,,,
1,min,DICES-990,599,45,0.02380952380952381,False,,,,,,,,,,,,,,,
1,min,DICES-990,600,46,0.4814814814814814,True,11.0,3.0,2.4545454545454546,4.181818181818182,0.4814814814814814,0.4372294372294373,0.4342650103519669,0.09806497849976092,7.0,0.30631141345427054,0.2592592592592592,race,"age, education, gender, race",4.0,2.0
1,min,DICES-990,601,46,0.023255813953488372,False,,,,,,,,,,,,,,,
1,min,DICES-990,602,49,0.2702702702702703,False,,,,,,,,,,,,,,,
1,min,DICES-990,603,47,0.09756097560975609,False,,,,,,,,,,,,,,,
1,min,DICES-990,604,48,0.04545454545454546,False,,,,,,,,,,,,,,,
1,min,DICES-990,605,46,0.0,False,,,,,,,,,,,,,,,
1,min,DICES-990,606,49,0.0425531914893617,False,,,,,,,,,,,,,,,
1,min,DICES-990,607,46,0.023255813953488372,False,,,,,,,,,,,,,,,
1,min,DICES-990,608,47,0.4642857142857143,True,10.0,3.0,2.4,4.7,0.4642857142857143,0.5023809523809525,0.4675785207700102,-0.007092198581560405,6.0,0.3664529914529915,0.4642857142857143,race,"age, education, gender, race",4.0,4.0
1,min,DICES-990,609,46,0.0,False,,,,,,,,,,,,,,,
1,min,DICES-990,610,44,0.1,False,,,,,,,,,,,,,,,
1,min,DICES-990,611,45,0.0,False,,,,,,,,,,,,,,,
1,min,DICES-990,612,47,0.021739130434782608,False,,,,,,,,,,,,,,,
1,min,DICES-990,613,48,0.1875,False,,,,,,,,,,,,,,,
1,min,DICES-990,614,47,0.17142857142857146,False,,,,,,,,,,,,,,,
1,min,DICES-990,615,49,0.15384615384615385,False,,,,,,,,,,,,,,,
1,min,DICES-990,616,46,0.22580645161290325,False,,,,,,,,,,,,,,,
1,min,DICES-990,617,46,0.02222222222222222,False,,,,,,,,,,,,,,,
1,min,DICES-990,618,46,0.05,False,,,,,,,,,,,,,,,
1,min,DICES-990,619,46,0.12195121951219512,False,,,,,,,,,,,,,,,
1,min,DICES-990,620,49,0.13953488372093023,False,,,,,,,,,,,,,,,
1,min,DICES-990,621,47,0.07142857142857142,False,,,,,,,,,,,,,,,
1,min,DICES-990,622,47,0.10256410256410255,False,,,,,,,,,,,,,,,
1,min,DICES-990,623,45,0.18421052631578946,False,,,,,,,,,,,,,,,
1,min,DICES-990,624,46,0.08571428571428573,False,,,,,,,,,,,,,,,
1,min,DICES-990,625,47,0.18421052631578946,False,,,,,,,,,,,,,,,
1,min,DICES-990,626,48,0.0857142857142857,False,,,,,,,,,,,,,,,
1,min,DICES-990,627,49,0.0,False,,,,,,,,,,,,,,,
1,min,DICES-990,628,41,0.0,False,,,,,,,,,,,,,,,
1,min,DICES-990,629,42,0.024390243902439025,False,,,,,,,,,,,,,,,
1,min,DICES-990,630,46,0.16666666666666666,False,,,,,,,,,,,,,,,
1,min,DICES-990,631,48,0.27777777777777773,False,,,,,,,,,,,,,,,
1,min,DICES-990,632,47,0.06818181818181818,False,,,,,,,,,,,,,,,
1,min,DICES-990,633,47,0.0,False,,,,,,,,,,,,,,,
1,min,DICES-990,634,48,0.17073170731707318,False,,,,,,,,,,,,,,,
1,min,DICES-990,635,47,0.25,False,,,,,,,,,,,,,,,
1,min,DICES-990,636,45,0.125,False,,,,,,,,,,,,,,,
1,min,DICES-990,637,48,0.2352941176470588,False,,,,,,,,,,,,,,,
1,min,DICES-990,638,48,0.21052631578947367,False,,,,,,,,,,,,,,,
1,min,DICES-990,639,48,0.05,False,,,,,,,,,,,,,,,
1,min,DICES-990,640,46,0.4482758620689656,True,11.0,3.0,2.4545454545454546,4.181818181818182,0.4482758620689656,0.27878787878787875,0.24927536231884054,0.44392419175027886,7.0,0.40433244916003536,0.4482758620689656,race,"age, gender, race",3.0,0.0
1,min,DICES-990,641,46,0.2571428571428571,False,,,,,,,,,,,,,,,
1,min,DICES-990,642,47,0.09756097560975609,False,,,,,,,,,,,,,,,
1,min,DICES-990,643,48,0.02127659574468085,False,,,,,,,,,,,,,,,
1,min,DICES-990,644,44,0.07692307692307691,False,,,,,,,,,,,,,,,
1,min,DICES-990,645,47,0.09756097560975609,False,,,,,,,,,,,,,,,
1,min,DICES-990,646,47,0.0,False,,,,,,,,,,,,,,,
1,min,DICES-990,647,47,0.0,False,,,,,,,,,,,,,,,
1,min,DICES-990,648,45,0.02380952380952381,False,,,,,,,,,,,,,,,
1,min,DICES-990,649,47,0.021739130434782608,False,,,,,,,,,,,,,,,
1,min,DICES-990,650,44,0.0,False,,,,,,,,,,,,,,,
1,min,DICES-990,651,48,0.06666666666666667,False,,,,,,,,,,,,,,,
1,min,DICES-990,652,43,0.025,False,,,,,,,,,,,,,,,
1,min,DICES-990,653,47,0.09302325581395349,False,,,,,,,,,,,,,,,
1,min,DICES-990,654,47,0.04651162790697674,False,,,,,,,,,,,,,,,
1,min,DICES-990,655,46,0.04545454545454545,False,,,,,,,,,,,,,,,
1,min,DICES-990,656,46,0.09677419354838712,False,,,,,,,,,,,,,,,
1,min,DICES-990,657,48,0.19999999999999998,False,,,,,,,,,,,,,,,
1,min,DICES-990,658,46,0.06976744186046512,False,,,,,,,,,,,,,,,
1,min,DICES-990,659,44,0.08108108108108107,False,,,,,,,,,,,,,,,
1,min,DICES-990,660,42,0.024390243902439025,False,,,,,,,,,,,,,,,
1,min,DICES-990,661,42,0.0,False,,,,,,,,,,,,,,,
1,min,DICES-990,662,47,0.25806451612903225,False,,,,,,,,,,,,,,,
1,min,DICES-990,663,46,0.2,False,,,,,,,,,,,,,,,
1,min,DICES-990,664,44,0.024390243902439025,False,,,,,,,,,,,,,,,
1,min,DICES-990,665,46,0.06976744186046512,False,,,,,,,,,,,,,,,
1,min,DICES-990,666,47,0.15384615384615383,False,,,,,,,,,,,,,,,
1,min,DICES-990,667,45,0.1081081081081081,False,,,,,,,,,,,,,,,
1,min,DICES-990,668,47,0.09756097560975609,False,,,,,,,,,,,,,,,
1,min,DICES-990,669,48,0.0,False,,,,,,,,,,,,,,,
1,min,DICES-990,670,49,0.36363636363636365,True,11.0,4.0,2.727272727272727,4.454545454545454,0.36363636363636365,0.5,0.3673469387755102,-0.010204081632653184,7.0,0.2954854669140384,0.36363636363636365,race,"age, education, gender, race",4.0,4.0
1,min,DICES-990,671,45,0.07894736842105261,False,,,,,,,,,,,,,,,
1,min,DICES-990,672,47,0.04444444444444444,False,,,,,,,,,,,,,,,
1,min,DICES-990,673,45,0.0,False,,,,,,,,,,,,,,,
1,min,DICES-990,674,45,0.653846153846154,True,6.0,2.0,1.5,7.5,0.653846153846154,0.28055555555555556,0.26407407407407407,0.5961220043572986,2.0,0.7713675213675214,0.653846153846154,race,"age, race",2.0,1.0
1,min,DICES-990,675,46,0.0,False,,,,,,,,,,,,,,,
1,min,DICES-990,676,48,0.0,False,,,,,,,,,,,,,,,
1,min,DICES-990,677,45,0.13157894736842105,False,,,,,,,,,,,,,,,
1,min,DICES-990,678,45,0.075,False,,,,,,,,,,,,,,,
1,min,DICES-990,679,45,0.046511627906976744,False,,,,,,,,,,,,,,,
1,min,DICES-990,680,49,0.0425531914893617,False,,,,,,,,,,,,,,,
1,min,DICES-990,681,46,0.09523809523809525,False,,,,,,,,,,,,,,,
1,min,DICES-990,682,46,0.15,False,,,,,,,,,,,,,,,
1,min,DICES-990,683,43,0.05128205128205129,False,,,,,,,,,,,,,,,
1,min,DICES-990,684,48,0.06976744186046512,False,,,,,,,,,,,,,,,
1,min,DICES-990,685,47,0.04444444444444444,False,,,,,,,,,,,,,,,
1,min,DICES-990,686,46,0.04545454545454545,False,,,,,,,,,,,,,,,
1,min,DICES-990,687,44,0.0,False,,,,,,,,,,,,,,,
1,min,DICES-990,688,47,0.021739130434782608,False,,,,,,,,,,,,,,,
1,min,DICES-990,689,44,0.41935483870967744,True,10.0,3.0,2.3,4.4,0.41935483870967744,0.205,0.2579545454545455,0.38487762237762235,6.0,0.34940185262765905,0.41935483870967744,race,"age, gender, race",3.0,0.0
1,min,DICES-990,690,47,0.2647058823529412,False,,,,,,,,,,,,,,,
1,min,DICES-990,691,44,0.0,False,,,,,,,,,,,,,,,
1,min,DICES-990,692,43,0.048780487804878044,False,,,,,,,,,,,,,,,
1,min,DICES-990,693,47,0.0,False,,,,,,,,,,,,,,,
1,min,DICES-990,694,47,0.09756097560975609,False,,,,,,,,,,,,,,,
1,min,DICES-990,695,47,0.25,False,,,,,,,,,,,,,,,
1,min,DICES-990,696,49,0.06818181818181818,False,,,,,,,,,,,,,,,
1,min,DICES-990,697,47,0.0,False,,,,,,,,,,,,,,,
1,min,DICES-990,698,44,0.1,False,,,,,,,,,,,,,,,
1,min,DICES-990,699,43,0.0,False,,,,,,,,,,,,,,,
1,min,DICES-990,700,47,0.07142857142857142,False,,,,,,,,,,,,,,,
1,min,DICES-990,701,45,0.08333333333333333,False,,,,,,,,,,,,,,,
1,min,DICES-990,702,46,0.02564102564102564,False,,,,,,,,,,,,,,,
1,min,DICES-990,703,48,0.0,False,,,,,,,,,,,,,,,
1,min,DICES-990,704,46,0.2,False,,,,,,,,,,,,,,,
1,min,DICES-990,705,46,0.06976744186046512,False,,,,,,,,,,,,,,,
1,min,DICES-990,706,47,0.09756097560975609,False,,,,,,,,,,,,,,,
1,min,DICES-990,707,46,0.024390243902439025,False,,,,,,,,,,,,,,,
1,min,DICES-990,708,46,0.023255813953488372,False,,,,,,,,,,,,,,,
1,min,DICES-990,709,43,0.0,False,,,,,,,,,,,,,,,
1,min,DICES-990,710,46,0.04545454545454545,False,,,,,,,,,,,,,,,
1,min,DICES-990,711,45,0.0,False,,,,,,,,,,,,,,,
1,min,DICES-990,712,46,0.04761904761904762,False,,,,,,,,,,,,,,,
1,min,DICES-990,713,46,0.1,False,,,,,,,,,,,,,,,
1,min,DICES-990,714,43,0.03125,False,,,,,,,,,,,,,,,
1,min,DICES-990,715,47,0.048780487804878044,False,,,,,,,,,,,,,,,
1,min,DICES-990,716,48,0.1176470588235294,False,,,,,,,,,,,,,,,
1,min,DICES-990,717,47,0.04444444444444444,False,,,,,,,,,,,,,,,
1,min,DICES-990,718,45,0.0,False,,,,,,,,,,,,,,,
1,min,DICES-990,719,46,0.02222222222222222,False,,,,,,,,,,,,,,,
1,min,DICES-990,720,46,0.024390243902439025,False,,,,,,,,,,,,,,,
1,min,DICES-990,721,45,0.14705882352941177,False,,,,,,,,,,,,,,,
1,min,DICES-990,722,46,0.1282051282051282,False,,,,,,,,,,,,,,,
1,min,DICES-990,723,47,0.09302325581395349,False,,,,,,,,,,,,,,,
1,min,DICES-990,724,48,0.043478260869565216,False,,,,,,,,,,,,,,,
1,min,DICES-990,725,45,0.0,False,,,,,,,,,,,,,,,
1,min,DICES-990,726,45,0.07142857142857142,False,,,,,,,,,,,,,,,
1,min,DICES-990,727,47,0.32352941176470584,True,7.0,3.0,2.0,6.714285714285714,0.32352941176470584,0.3297619047619048,0.3874113475177305,-0.1974532559638944,3.0,0.2779211099644536,0.32352941176470584,age,"age, gender, race",3.0,0.0
1,min,DICES-990,728,48,0.12820512820512822,False,,,,,,,,,,,,,,,
1,min,DICES-990,729,46,0.4482758620689656,True,9.0,3.0,2.2222222222222223,5.111111111111111,0.4482758620689656,0.35269360269360267,0.2863965744400527,0.36111533394142104,5.0,0.5351097178683386,0.4482758620689656,race,"age, gender, race",3.0,2.0
1,min,DICES-990,730,46,0.1282051282051282,False,,,,,,,,,,,,,,,
1,min,DICES-990,731,47,0.07894736842105263,False,,,,,,,,,,,,,,,
1,min,DICES-990,732,46,0.14285714285714285,False,,,,,,,,,,,,,,,
1,min,DICES-990,733,46,0.5333333333333333,True,7.0,3.0,2.0,6.571428571428571,0.5333333333333333,0.35000000000000003,0.3721014492753623,0.3023097826086957,3.0,0.6444444444444445,0.5333333333333333,race,"age, gender, race",3.0,1.0
1,min,DICES-990,734,47,0.06818181818181818,False,,,,,,,,,,,,,,,
1,min,DICES-990,735,46,0.02222222222222222,False,,,,,,,,,,,,,,,
1,min,DICES-990,736,47,0.16216216216216214,False,,,,,,,,,,,,,,,
1,min,DICES-990,737,44,0.024390243902439025,False,,,,,,,,,,,,,,,
1,min,DICES-990,738,46,0.5,True,13.0,4.0,3.0,3.5384615384615383,0.5,0.3576923076923077,0.32717391304347826,0.3456521739130435,8.0,0.36800595238095235,0.5,race,"age, education, gender, race",4.0,4.0
1,min,DICES-990,739,46,0.14285714285714285,False,,,,,,,,,,,,,,,
1,min,DICES-990,740,43,0.02380952380952381,False,,,,,,,,,,,,,,,
1,min,DICES-990,741,47,0.48275862068965514,True,11.0,3.0,2.3636363636363638,4.2727272727272725,0.48275862068965514,0.45909090909090905,0.4563829787234042,0.054635258358662564,7.0,0.385632183908046,0.37164750957854403,race,"age, gender, race",3.0,3.0
1,min,DICES-990,742,43,0.0,False,,,,,,,,,,,,,,,
1,min,DICES-990,743,48,0.6923076923076924,True,9.0,3.0,2.0,5.333333333333333,0.6923076923076924,0.5277777777777778,0.5364583333333334,0.2251157407407408,4.0,0.42307692307692313,0.6923076923076924,race,"age, gender, race",3.0,3.0
1,min,DICES-990,744,48,0.043478260869565216,False,,,,,,,,,,,,,,,
1,min,DICES-990,745,46,0.3793103448275862,True,9.0,3.0,2.2222222222222223,5.111111111111111,0.3793103448275862,0.44999999999999996,0.3467391304347826,0.08586956521739131,5.0,0.3074005305039788,0.3793103448275862,race,"age, gender, race",3.0,2.0
1,min,DICES-990,746,46,0.05,False,,,,,,,,,,,,,,,
1,min,DICES-990,747,48,0.21052631578947367,False,,,,,,,,,,,,,,,
1,min,DICES-990,748,46,0.3125,True,6.0,3.0,2.5,7.666666666666667,0.3125,0.3865497076023392,0.24774980930587343,0.20720061022120506,3.0,0.49687921727395407,0.2598684210526316,gender,"education, gender, race",3.0,1.0
1,min,DICES-990,749,45,0.022727272727272728,False,,,,,,,,,,,,,,,
1,min,DICES-990,750,47,0.04444444444444444,False,,,,,,,,,,,,,,,
1,min,DICES-990,751,46,0.04761904761904762,False,,,,,,,,,,,,,,,
1,min,DICES-990,752,47,0.0,False,,,,,,,,,,,,,,,
1,min,DICES-990,753,48,0.06666666666666667,False,,,,,,,,,,,,,,,
1,min,DICES-990,754,46,0.2222222222222222,False,,,,,,,,,,,,,,,
1,min,DICES-990,755,46,0.04761904761904762,False,,,,,,,,,,,,,,,
1,min,DICES-990,756,46,0.07317073170731707,False,,,,,,,,,,,,,,,
1,min,DICES-990,757,43,0.23333333333333334,False,,,,,,,,,,,,,,,
1,min,DICES-990,758,46,0.75,True,10.0,3.0,2.1,4.6,0.75,0.4916666666666667,0.46195652173913043,0.3840579710144928,5.0,0.4188888888888889,0.75,race,"age, gender, race",3.0,4.0
1,min,DICES-990,759,48,0.0,False,,,,,,,,,,,,,,,
1,min,DICES-990,760,46,0.024390243902439025,False,,,,,,,,,,,,,,,
1,min,DICES-990,761,48,0.025641025641025654,False,,,,,,,,,,,,,,,
1,min,DICES-990,762,48,0.2571428571428572,False,,,,,,,,,,,,,,,
1,min,DICES-990,763,48,0.43750000000000006,True,10.0,4.0,2.5,4.8,0.43750000000000006,0.3916666666666667,0.3802083333333333,0.13095238095238115,7.0,0.27950680272108847,0.2946428571428572,race,"age, education, gender, race",4.0,2.0
1,min,DICES-990,764,45,0.022727272727272728,False,,,,,,,,,,,,,,,
1,min,DICES-990,765,45,0.10000000000000002,False,,,,,,,,,,,,,,,
1,min,DICES-990,766,46,0.04545454545454545,False,,,,,,,,,,,,,,,
1,min,DICES-990,767,43,0.27586206896551724,False,,,,,,,,,,,,,,,
1,min,DICES-990,768,47,0.2758620689655173,False,,,,,,,,,,,,,,,
1,min,DICES-990,769,44,0.19999999999999996,False,,,,,,,,,,,,,,,
1,min,DICES-990,770,45,0.14705882352941177,False,,,,,,,,,,,,,,,
1,min,DICES-990,771,46,0.21052631578947367,False,,,,,,,,,,,,,,,
1,min,DICES-990,772,48,0.09090909090909091,False,,,,,,,,,,,,,,,
1,min,DICES-990,773,47,0.04444444444444444,False,,,,,,,,,,,,,,,
1,min,DICES-990,774,47,0.04651162790697674,False,,,,,,,,,,,,,,,
1,min,DICES-990,775,48,0.0,False,,,,,,,,,,,,,,,
1,min,DICES-990,776,46,0.0,False,,,,,,,,,,,,,,,
1,min,DICES-990,777,43,0.10256410256410257,False,,,,,,,,,,,,,,,
1,min,DICES-990,778,45,0.1081081081081081,False,,,,,,,,,,,,,,,
1,min,DICES-990,779,44,0.5652173913043478,True,11.0,3.0,2.4545454545454546,4.0,0.5652173913043478,0.3939393939393939,0.38257575757575757,0.3231351981351981,6.0,0.4878897672375933,0.5652173913043478,race,"age, gender, race",3.0,3.0
1,min,DICES-990,780,46,0.42857142857142855,True,10.0,3.0,2.4,4.6,0.42857142857142855,0.3333333333333333,0.3514492753623188,0.17995169082125606,6.0,0.47341269841269834,0.42857142857142855,race,"age, gender, race",3.0,1.0
1,min,DICES-990,781,47,0.13157894736842105,False,,,,,,,,,,,,,,,
1,min,DICES-990,782,45,0.0,False,,,,,,,,,,,,,,,
1,min,DICES-990,783,44,0.0,False,,,,,,,,,,,,,,,
1,min,DICES-990,784,46,0.6296296296296297,True,11.0,4.0,2.5454545454545454,4.181818181818182,0.6296296296296297,0.3560606060606061,0.3170289855072464,0.4964833759590793,7.0,0.5743182743182744,0.6296296296296297,race,"age, education, gender, race",4.0,2.0
1,min,DICES-990,785,42,0.05,False,,,,,,,,,,,,,,,
1,min,DICES-990,786,42,0.0,False,,,,,,,,,,,,,,,
1,min,DICES-990,787,44,0.4399999999999999,True,11.0,3.0,2.4545454545454546,4.0,0.4399999999999999,0.29545454545454547,0.30113636363636365,0.3155991735537188,7.0,0.445,0.4399999999999999,race,"age, gender, race",3.0,1.0
1,min,DICES-990,788,45,0.2916666666666667,False,,,,,,,,,,,,,,,
1,min,DICES-990,789,46,0.2,False,,,,,,,,,,,,,,,
1,min,DICES-990,790,46,0.04545454545454545,False,,,,,,,,,,,,,,,
1,min,DICES-990,791,42,0.0,False,,,,,,,,,,,,,,,
1,min,DICES-990,792,46,0.02222222222222222,False,,,,,,,,,,,,,,,
1,min,DICES-990,793,44,0.4074074074074074,True,10.0,3.0,2.4,4.4,0.4074074074074074,0.3583333333333333,0.3428030303030303,0.15857438016528924,6.0,0.3503086419753087,0.4074074074074074,race,"age, education, gender, race",4.0,2.0
1,min,DICES-990,794,46,0.023255813953488372,False,,,,,,,,,,,,,,,
1,min,DICES-990,795,46,0.6153846153846154,True,10.0,3.0,2.3,4.6,0.6153846153846154,0.2583333333333333,0.24094202898550723,0.6084692028985508,6.0,0.4997863247863248,0.6153846153846154,race,"age, education, gender, race",4.0,1.0
1,min,DICES-990,796,46,0.023255813953488372,False,,,,,,,,,,,,,,,
1,min,DICES-990,797,46,0.02222222222222222,False,,,,,,,,,,,,,,,
1,min,DICES-990,798,47,0.06818181818181818,False,,,,,,,,,,,,,,,
1,min,DICES-990,799,47,0.04444444444444444,False,,,,,,,,,,,,,,,
1,min,DICES-990,800,46,0.02222222222222222,False,,,,,,,,,,,,,,,
1,min,DICES-990,801,45,0.022727272727272728,False,,,,,,,,,,,,,,,
1,min,DICES-990,802,47,0.06818181818181818,False,,,,,,,,,,,,,,,
1,min,DICES-990,803,44,0.024390243902439025,False,,,,,,,,,,,,,,,
1,min,DICES-990,804,47,0.06818181818181818,False,,,,,,,,,,,,,,,
1,min,DICES-990,805,46,0.07317073170731707,False,,,,,,,,,,,,,,,
1,min,DICES-990,806,47,0.09756097560975609,False,,,,,,,,,,,,,,,
1,min,DICES-990,807,46,0.2571428571428571,False,,,,,,,,,,,,,,,
1,min,DICES-990,808,46,0.15,False,,,,,,,,,,,,,,,
1,min,DICES-990,809,48,0.043478260869565216,False,,,,,,,,,,,,,,,
1,min,DICES-990,810,46,0.0,False,,,,,,,,,,,,,,,
1,min,DICES-990,811,47,0.021739130434782608,False,,,,,,,,,,,,,,,
1,min,DICES-990,812,46,0.0,False,,,,,,,,,,,,,,,
1,min,DICES-990,813,46,0.04761904761904762,False,,,,,,,,,,,,,,,
1,min,DICES-990,814,47,0.3636363636363637,True,11.0,4.0,2.909090909090909,4.2727272727272725,0.3636363636363637,0.35000000000000003,0.34574468085106386,0.049202127659574546,7.0,0.34186401833460656,0.2525252525252526,age,"age, education, gender, race",4.0,2.0
1,min,DICES-990,815,45,0.125,False,,,,,,,,,,,,,,,
1,min,DICES-990,816,48,0.09090909090909091,False,,,,,,,,,,,,,,,
1,min,DICES-990,817,46,0.15,False,,,,,,,,,,,,,,,
1,min,DICES-990,818,48,0.06666666666666667,False,,,,,,,,,,,,,,,
1,min,DICES-990,819,48,0.04545454545454546,False,,,,,,,,,,,,,,,
1,min,DICES-990,820,47,0.25,False,,,,,,,,,,,,,,,
1,min,DICES-990,821,47,0.21875,False,,,,,,,,,,,,,,,
1,min,DICES-990,822,41,0.02631578947368421,False,,,,,,,,,,,,,,,
1,min,DICES-990,823,44,0.0,False,,,,,,,,,,,,,,,
1,min,DICES-990,824,45,0.0,False,,,,,,,,,,,,,,,
1,min,DICES-990,825,46,0.5384615384615384,True,12.0,3.0,2.3333333333333335,3.8333333333333335,0.5384615384615384,0.4548611111111111,0.384963768115942,0.28506728778467905,7.0,0.42556253270538985,0.37179487179487175,race,"age, education, gender, race",4.0,4.0
1,min,DICES-990,826,47,0.0,False,,,,,,,,,,,,,,,
1,min,DICES-990,827,48,0.0,False,,,,,,,,,,,,,,,
1,min,DICES-990,828,47,0.022727272727272728,False,,,,,,,,,,,,,,,
1,min,DICES-990,829,49,0.0,False,,,,,,,,,,,,,,,
1,min,DICES-990,830,46,0.027027027027027025,False,,,,,,,,,,,,,,,
1,min,DICES-990,831,46,0.1794871794871795,False,,,,,,,,,,,,,,,
1,min,DICES-990,832,46,0.04545454545454545,False,,,,,,,,,,,,,,,
1,min,DICES-990,833,43,0.10256410256410257,False,,,,,,,,,,,,,,,
1,min,DICES-990,834,46,0.04545454545454545,False,,,,,,,,,,,,,,,
1,min,DICES-990,835,48,0.0,False,,,,,,,,,,,,,,,
1,min,DICES-990,836,46,0.09677419354838712,False,,,,,,,,,,,,,,,
1,min,DICES-990,837,46,0.07317073170731707,False,,,,,,,,,,,,,,,
1,min,DICES-990,838,47,0.3928571428571429,True,12.0,4.0,2.9166666666666665,3.9166666666666665,0.3928571428571429,0.24444444444444444,0.31134751773049646,0.20747904577691823,7.0,0.341248434105577,0.3928571428571429,race,"age, education, gender, race",4.0,1.0
1,min,DICES-990,839,47,0.24242424242424246,False,,,,,,,,,,,,,,,
1,min,DICES-990,840,47,0.3636363636363637,True,13.0,4.0,2.6153846153846154,3.6153846153846154,0.3636363636363637,0.33076923076923076,0.35531914893617017,0.02287234042553221,8.0,0.3532231657231657,0.3636363636363637,race,"age, education, gender, race",4.0,2.0
1,min,DICES-990,841,46,0.02564102564102564,False,,,,,,,,,,,,,,,
1,min,DICES-990,842,47,0.021739130434782608,False,,,,,,,,,,,,,,,
1,min,DICES-990,843,46,0.058823529411764726,False,,,,,,,,,,,,,,,
1,min,DICES-990,844,45,0.07142857142857142,False,,,,,,,,,,,,,,,
1,min,DICES-990,845,48,0.33333333333333337,True,10.0,3.0,2.4,4.8,0.33333333333333337,0.46333333333333326,0.3756944444444444,-0.127083333333333,5.0,0.22974358974358972,0.21568627450980393,gender,"age, education, gender, race",4.0,3.0
1,min,DICES-990,846,47,0.04444444444444444,False,,,,,,,,,,,,,,,
1,min,DICES-990,847,43,0.075,False,,,,,,,,,,,,,,,
1,min,DICES-990,848,46,0.0,False,,,,,,,,,,,,,,,
1,min,DICES-990,849,46,0.0,False,,,,,,,,,,,,,,,
1,min,DICES-990,850,43,0.048780487804878044,False,,,,,,,,,,,,,,,
1,min,DICES-990,851,46,0.023255813953488372,False,,,,,,,,,,,,,,,
1,min,DICES-990,852,43,0.048780487804878044,False,,,,,,,,,,,,,,,
1,min,DICES-990,853,44,0.023255813953488372,False,,,,,,,,,,,,,,,
1,min,DICES-990,854,47,0.32352941176470584,True,9.0,3.0,2.111111111111111,5.222222222222222,0.32352941176470584,0.30341880341880345,0.21685761047463178,0.329712840351138,5.0,0.3175716440422323,0.32352941176470584,race,"age, gender, race",3.0,1.0
1,min,DICES-990,855,46,0.0,False,,,,,,,,,,,,,,,
1,min,DICES-990,856,42,0.024390243902439025,False,,,,,,,,,,,,,,,
1,min,DICES-990,857,44,0.0,False,,,,,,,,,,,,,,,
1,min,DICES-990,858,47,0.021739130434782608,False,,,,,,,,,,,,,,,
1,min,DICES-990,859,46,0.29032258064516125,False,,,,,,,,,,,,,,,
1,min,DICES-990,860,45,0.13888888888888887,False,,,,,,,,,,,,,,,
1,min,DICES-990,861,46,0.12195121951219512,False,,,,,,,,,,,,,,,
1,min,DICES-990,862,46,0.0,False,,,,,,,,,,,,,,,
1,min,DICES-990,863,48,0.0,False,,,,,,,,,,,,,,,
1,min,DICES-990,864,46,0.1891891891891892,False,,,,,,,,,,,,,,,
1,min,DICES-990,865,47,0.15384615384615383,False,,,,,,,,,,,,,,,
1,min,DICES-990,866,48,0.17948717948717946,False,,,,,,,,,,,,,,,
1,min,DICES-990,867,46,0.07317073170731707,False,,,,,,,,,,,,,,,
1,min,DICES-990,868,46,0.07317073170731707,False,,,,,,,,,,,,,,,
1,min,DICES-990,869,46,0.2941176470588236,False,,,,,,,,,,,,,,,
1,min,DICES-990,870,44,0.0,False,,,,,,,,,,,,,,,
1,min,DICES-990,871,47,0.5925925925925926,True,9.0,3.0,2.2222222222222223,5.222222222222222,0.5925925925925926,0.34615384615384615,0.44517184942716853,0.24877250409165308,6.0,0.4654320987654321,0.25925925925925924,race,"education, gender, race",3.0,1.0
1,min,DICES-990,872,46,0.15789473684210528,False,,,,,,,,,,,,,,,
1,min,DICES-990,873,46,0.024390243902439025,False,,,,,,,,,,,,,,,
1,min,DICES-990,874,46,0.06976744186046512,False,,,,,,,,,,,,,,,
1,min,DICES-990,875,47,0.021739130434782608,False,,,,,,,,,,,,,,,
1,min,DICES-990,876,47,0.0,False,,,,,,,,,,,,,,,
1,min,DICES-990,877,46,0.0,False,,,,,,,,,,,,,,,
1,min,DICES-990,878,45,0.19444444444444445,False,,,,,,,,,,,,,,,
1,min,DICES-990,879,44,0.023255813953488372,False,,,,,,,,,,,,,,,
1,min,DICES-990,880,48,0.047619047619047616,False,,,,,,,,,,,,,,,
1,min,DICES-990,881,47,0.09756097560975609,False,,,,,,,,,,,,,,,
1,min,DICES-990,882,47,0.15384615384615383,False,,,,,,,,,,,,,,,
1,min,DICES-990,883,44,0.047619047619047616,False,,,,,,,,,,,,,,,
1,min,DICES-990,884,45,0.075,False,,,,,,,,,,,,,,,
1,min,DICES-990,885,44,0.024390243902439025,False,,,,,,,,,,,,,,,
1,min,DICES-990,886,46,0.09090909090909091,False,,,,,,,,,,,,,,,
1,min,DICES-990,887,46,0.04761904761904762,False,,,,,,,,,,,,,,,
1,min,DICES-990,888,45,0.046511627906976744,False,,,,,,,,,,,,,,,
1,min,DICES-990,889,45,0.05128205128205128,False,,,,,,,,,,,,,,,
1,min,DICES-990,890,48,0.06666666666666667,False,,,,,,,,,,,,,,,
1,min,DICES-990,891,46,0.10526315789473684,False,,,,,,,,,,,,,,,
1,min,DICES-990,892,46,0.0,False,,,,,,,,,,,,,,,
1,min,DICES-990,893,47,0.18421052631578946,False,,,,,,,,,,,,,,,
1,min,DICES-990,894,47,0.15625,False,,,,,,,,,,,,,,,
1,min,DICES-990,895,44,0.07692307692307691,False,,,,,,,,,,,,,,,
1,min,DICES-990,896,44,0.22580645161290322,False,,,,,,,,,,,,,,,
1,min,DICES-990,897,43,0.1818181818181818,False,,,,,,,,,,,,,,,
1,min,DICES-990,898,45,0.022727272727272728,False,,,,,,,,,,,,,,,
1,min,DICES-990,899,46,0.02222222222222222,False,,,,,,,,,,,,,,,
1,min,DICES-990,900,46,0.02222222222222222,False,,,,,,,,,,,,,,,
1,min,DICES-990,901,46,0.375,True,11.0,3.0,2.3636363636363638,4.181818181818182,0.375,0.21818181818181817,0.24782608695652175,0.3391304347826086,6.0,0.5132936507936509,0.375,race,"age, gender, race",3.0,1.0
1,min,DICES-990,902,45,0.10256410256410255,False,,,,,,,,,,,,,,,
1,min,DICES-990,903,44,0.18750000000000003,False,,,,,,,,,,,,,,,
1,min,DICES-990,904,45,0.12121212121212123,False,,,,,,,,,,,,,,,
1,min,DICES-990,905,45,0.05405405405405405,False,,,,,,,,,,,,,,,
1,min,DICES-990,906,47,0.021739130434782608,False,,,,,,,,,,,,,,,
1,min,DICES-990,907,46,0.05,False,,,,,,,,,,,,,,,
1,min,DICES-990,908,46,0.10526315789473684,False,,,,,,,,,,,,,,,
1,min,DICES-990,909,45,0.0975609756097561,False,,,,,,,,,,,,,,,
1,min,DICES-990,910,47,0.07894736842105263,False,,,,,,,,,,,,,,,
1,min,DICES-990,911,46,0.0,False,,,,,,,,,,,,,,,
1,min,DICES-990,912,49,0.021739130434782605,False,,,,,,,,,,,,,,,
1,min,DICES-990,913,48,0.0,False,,,,,,,,,,,,,,,
1,min,DICES-990,914,45,0.0,False,,,,,,,,,,,,,,,
1,min,DICES-990,915,45,0.10256410256410255,False,,,,,,,,,,,,,,,
1,min,DICES-990,916,46,0.14285714285714285,False,,,,,,,,,,,,,,,
1,min,DICES-990,917,44,0.049999999999999996,False,,,,,,,,,,,,,,,
1,min,DICES-990,918,45,0.02380952380952381,False,,,,,,,,,,,,,,,
1,min,DICES-990,919,47,0.09756097560975609,False,,,,,,,,,,,,,,,
1,min,DICES-990,920,45,0.8636363636363636,True,6.0,2.0,1.6666666666666667,7.5,0.8636363636363636,0.29444444444444445,0.33259259259259255,0.6148927875243666,3.0,0.5517676767676768,0.8636363636363636,race,"gender, race",2.0,0.0
1,min,DICES-990,921,46,0.04545454545454545,False,,,,,,,,,,,,,,,
1,min,DICES-990,922,44,0.0,False,,,,,,,,,,,,,,,
1,min,DICES-990,923,44,0.11111111111111109,False,,,,,,,,,,,,,,,
1,min,DICES-990,924,45,0.046511627906976744,False,,,,,,,,,,,,,,,
1,min,DICES-990,925,47,0.048780487804878044,False,,,,,,,,,,,,,,,
1,min,DICES-990,926,44,0.023255813953488372,False,,,,,,,,,,,,,,,
1,min,DICES-990,927,42,0.19999999999999998,False,,,,,,,,,,,,,,,
1,min,DICES-990,928,46,0.02222222222222222,False,,,,,,,,,,,,,,,
1,min,DICES-990,929,46,0.6296296296296297,True,13.0,3.0,2.6153846153846154,3.5384615384615383,0.6296296296296297,0.35641025641025637,0.39202898550724635,0.37736572890025577,9.0,0.37520576131687244,0.462962962962963,race,"age, gender, race",3.0,2.0
1,min,DICES-990,930,45,0.024999999999999998,False,,,,,,,,,,,,,,,
1,min,DICES-990,931,46,0.0,False,,,,,,,,,,,,,,,
1,min,DICES-990,932,47,0.15384615384615383,False,,,,,,,,,,,,,,,
1,min,DICES-990,933,47,0.060606060606060615,False,,,,,,,,,,,,,,,
1,min,DICES-990,934,45,0.0,False,,,,,,,,,,,,,,,
1,min,DICES-990,935,48,0.043478260869565216,False,,,,,,,,,,,,,,,
1,min,DICES-990,936,48,0.06976744186046512,False,,,,,,,,,,,,,,,
1,min,DICES-990,937,44,0.0,False,,,,,,,,,,,,,,,
1,min,DICES-990,938,45,0.07894736842105261,False,,,,,,,,,,,,,,,
1,min,DICES-990,939,45,0.0,False,,,,,,,,,,,,,,,
1,min,DICES-990,940,47,0.06818181818181818,False,,,,,,,,,,,,,,,
1,min,DICES-990,941,46,0.1794871794871795,False,,,,,,,,,,,,,,,
1,min,DICES-990,942,45,0.3870967741935484,True,9.0,3.0,2.3333333333333335,5.0,0.3870967741935484,0.3796296296296296,0.2833333333333333,0.2680555555555556,4.0,0.3914170506912442,0.3870967741935484,race,"age, gender, race",3.0,2.0
1,min,DICES-990,943,45,0.39999999999999997,True,10.0,4.0,3.1,4.5,0.39999999999999997,0.2833333333333333,0.24074074074074073,0.39814814814814814,6.0,0.42407407407407405,0.39999999999999997,age,"age, education, gender, race",4.0,1.0
1,min,DICES-990,944,46,0.023255813953488372,False,,,,,,,,,,,,,,,
1,min,DICES-990,945,46,0.1282051282051282,False,,,,,,,,,,,,,,,
1,min,DICES-990,946,47,0.3636363636363637,True,14.0,3.0,2.5714285714285716,3.357142857142857,0.3636363636363637,0.4309523809523809,0.3836879432624113,-0.05514184397163091,9.0,0.2668350168350168,0.19696969696969704,race,"age, gender, race",3.0,5.0
1,min,DICES-990,947,46,0.1891891891891892,False,,,,,,,,,,,,,,,
1,min,DICES-990,948,47,0.09756097560975609,False,,,,,,,,,,,,,,,
1,min,DICES-990,949,43,0.0,False,,,,,,,,,,,,,,,
1,min,DICES-990,950,45,0.07142857142857142,False,,,,,,,,,,,,,,,
1,min,DICES-990,951,48,0.02222222222222222,False,,,,,,,,,,,,,,,
1,min,DICES-990,952,47,0.3870967741935484,True,12.0,3.0,2.4166666666666665,3.9166666666666665,0.3870967741935484,0.25357142857142856,0.24346504559270518,0.3710486322188449,7.0,0.34282788384170876,0.3870967741935484,race,"age, education, gender, race",4.0,1.0
1,min,DICES-990,953,42,0.2258064516129032,False,,,,,,,,,,,,,,,
1,min,DICES-990,954,46,0.0,False,,,,,,,,,,,,,,,
1,min,DICES-990,955,46,0.1282051282051282,False,,,,,,,,,,,,,,,
1,min,DICES-990,956,46,0.04545454545454545,False,,,,,,,,,,,,,,,
1,min,DICES-990,957,46,0.0,False,,,,,,,,,,,,,,,
1,min,DICES-990,958,45,0.7916666666666666,True,10.0,3.0,2.4,4.5,0.7916666666666666,0.43166666666666664,0.43444444444444447,0.45122807017543853,5.0,0.44404761904761897,0.7916666666666666,race,"age, gender, race",3.0,1.0
1,min,DICES-990,959,46,0.07317073170731707,False,,,,,,,,,,,,,,,
1,min,DICES-990,960,43,0.07894736842105263,False,,,,,,,,,,,,,,,
1,min,DICES-990,961,46,0.04761904761904762,False,,,,,,,,,,,,,,,
1,min,DICES-990,962,47,0.09756097560975609,False,,,,,,,,,,,,,,,
1,min,DICES-990,963,47,0.023809523809523805,False,,,,,,,,,,,,,,,
1,min,DICES-990,964,47,0.04651162790697674,False,,,,,,,,,,,,,,,
1,min,DICES-990,965,43,0.048780487804878044,False,,,,,,,,,,,,,,,
1,min,DICES-990,966,47,0.12499999999999999,False,,,,,,,,,,,,,,,
1,min,DICES-990,967,45,0.17142857142857143,False,,,,,,,,,,,,,,,
1,min,DICES-990,968,45,0.022727272727272728,False,,,,,,,,,,,,,,,
1,min,DICES-990,969,43,0.0,False,,,,,,,,,,,,,,,
1,min,DICES-990,970,46,0.2941176470588236,False,,,,,,,,,,,,,,,
1,min,DICES-990,971,46,0.24324324324324326,False,,,,,,,,,,,,,,,
1,min,DICES-990,972,46,0.023255813953488372,False,,,,,,,,,,,,,,,
1,min,DICES-990,973,45,0.34375,True,10.0,4.0,2.9,4.5,0.34375,0.39,0.3325925925925926,0.03245791245791241,5.0,0.3639880952380953,0.34375,race,"age, education, gender, race",4.0,2.0
1,min,DICES-990,974,45,0.046511627906976744,False,,,,,,,,,,,,,,,
1,min,DICES-990,975,45,0.022727272727272728,False,,,,,,,,,,,,,,,
1,min,DICES-990,976,46,0.0,False,,,,,,,,,,,,,,,
1,min,DICES-990,977,44,0.07317073170731707,False,,,,,,,,,,,,,,,
1,min,DICES-990,978,45,0.0,False,,,,,,,,,,,,,,,
1,min,DICES-990,979,44,0.16666666666666666,False,,,,,,,,,,,,,,,
1,min,DICES-990,980,47,0.19354838709677424,False,,,,,,,,,,,,,,,
1,min,DICES-990,981,45,0.022727272727272728,False,,,,,,,,,,,,,,,
1,min,DICES-990,982,43,0.0,False,,,,,,,,,,,,,,,
1,min,DICES-990,983,46,0.2571428571428571,False,,,,,,,,,,,,,,,
1,min,DICES-990,984,47,0.06818181818181818,False,,,,,,,,,,,,,,,
1,min,DICES-990,985,44,0.024390243902439025,False,,,,,,,,,,,,,,,
1,min,DICES-990,986,46,0.07317073170731707,False,,,,,,,,,,,,,,,
1,min,DICES-990,987,49,0.13157894736842105,False,,,,,,,,,,,,,,,
1,min,DICES-990,988,45,0.075,False,,,,,,,,,,,,,,,
1,min,DICES-990,989,42,0.08108108108108107,False,,,,,,,,,,,,,,,
1,mean,DICES-990,0,45,0.4333333333333334,True,12.0,3.0,2.5833333333333335,3.75,0.4333333333333334,0.5208333333333334,0.4166666666666667,0.03846153846153855,8.0,0.2231001348188848,0.21049382716049378,race,"age, gender, race",3.0,3.0
1,mean,DICES-990,1,44,0.0,False,,,,,,,,,,,,,,,
1,mean,DICES-990,2,46,0.023255813953488372,False,,,,,,,,,,,,,,,
1,mean,DICES-990,3,47,0.022727272727272728,False,,,,,,,,,,,,,,,
1,mean,DICES-990,4,46,0.05,False,,,,,,,,,,,,,,,
1,mean,DICES-990,5,47,0.0,False,,,,,,,,,,,,,,,
1,mean,DICES-990,6,46,0.0,False,,,,,,,,,,,,,,,
1,mean,DICES-990,7,46,0.3142857142857143,True,11.0,3.0,2.4545454545454546,4.181818181818182,0.3142857142857143,0.28030303030303033,0.3568840579710145,-0.13554018445322802,7.0,0.19136488080587458,0.253404204491161,race,"age, education, gender, race",4.0,0.0
1,mean,DICES-990,8,48,0.043478260869565216,False,,,,,,,,,,,,,,,
1,mean,DICES-990,9,46,0.375,True,7.0,2.0,1.7142857142857142,6.571428571428571,0.375,0.25396825396825395,0.3357487922705314,0.10466988727858295,3.0,0.2901659509751297,0.30676328502415456,race,"age, gender, race",3.0,0.0
1,mean,DICES-990,10,48,0.0,False,,,,,,,,,,,,,,,
1,mean,DICES-990,11,46,0.13513513513513514,False,,,,,,,,,,,,,,,
1,mean,DICES-990,12,45,0.0,False,,,,,,,,,,,,,,,
1,mean,DICES-990,13,46,0.1,False,,,,,,,,,,,,,,,
1,mean,DICES-990,14,48,0.02222222222222222,False,,,,,,,,,,,,,,,
1,mean,DICES-990,15,47,0.04651162790697674,False,,,,,,,,,,,,,,,
1,mean,DICES-990,16,46,0.2571428571428571,False,,,,,,,,,,,,,,,
1,mean,DICES-990,17,46,0.09090909090909091,False,,,,,,,,,,,,,,,
1,mean,DICES-990,18,46,0.04761904761904762,False,,,,,,,,,,,,,,,
1,mean,DICES-990,19,44,0.3333333333333333,True,9.0,3.0,2.3333333333333335,4.888888888888889,0.3333333333333333,0.3648148148148148,0.32462121212121214,0.026136363636363513,5.0,0.22946094191708227,0.22248803827751198,age,"age, gender, race",3.0,1.0
1,mean,DICES-990,20,49,0.044444444444444446,False,,,,,,,,,,,,,,,
1,mean,DICES-990,21,48,0.7272727272727273,True,9.0,3.0,2.3333333333333335,5.333333333333333,0.7272727272727273,0.34814814814814815,0.2777777777777778,0.6180555555555556,5.0,0.313202951512961,0.440814393939394,age,"age, education, gender, race",4.0,2.0
1,mean,DICES-990,22,47,0.022727272727272728,False,,,,,,,,,,,,,,,
1,mean,DICES-990,23,46,0.02222222222222222,False,,,,,,,,,,,,,,,
1,mean,DICES-990,24,48,0.0,False,,,,,,,,,,,,,,,
1,mean,DICES-990,25,45,0.075,False,,,,,,,,,,,,,,,
1,mean,DICES-990,26,45,0.08333333333333333,False,,,,,,,,,,,,,,,
1,mean,DICES-990,27,43,0.31999999999999995,True,8.0,3.0,2.0,5.375,0.31999999999999995,0.375,0.3178294573643411,0.0067829457364338985,4.0,0.3646321493713764,0.3765374677002584,race,"age, gender, race",3.0,1.0
1,mean,DICES-990,28,45,0.048780487804878044,False,,,,,,,,,,,,,,,
1,mean,DICES-990,29,45,0.10256410256410255,False,,,,,,,,,,,,,,,
1,mean,DICES-990,30,44,0.07317073170731707,False,,,,,,,,,,,,,,,
1,mean,DICES-990,31,46,0.023255813953488372,False,,,,,,,,,,,,,,,
1,mean,DICES-990,32,47,0.07142857142857142,False,,,,,,,,,,,,,,,
1,mean,DICES-990,33,45,0.07142857142857142,False,,,,,,,,,,,,,,,
1,mean,DICES-990,34,46,0.06976744186046512,False,,,,,,,,,,,,,,,
1,mean,DICES-990,35,45,0.046511627906976744,False,,,,,,,,,,,,,,,
1,mean,DICES-990,36,45,0.02380952380952381,False,,,,,,,,,,,,,,,
1,mean,DICES-990,37,46,0.15789473684210528,False,,,,,,,,,,,,,,,
1,mean,DICES-990,38,46,0.09523809523809525,False,,,,,,,,,,,,,,,
1,mean,DICES-990,39,45,0.048780487804878044,False,,,,,,,,,,,,,,,
1,mean,DICES-990,40,45,0.11428571428571428,False,,,,,,,,,,,,,,,
1,mean,DICES-990,41,42,0.0,False,,,,,,,,,,,,,,,
1,mean,DICES-990,42,47,0.3870967741935484,True,9.0,3.0,2.2222222222222223,5.222222222222222,0.3870967741935484,0.3783068783068783,0.2244174265450861,0.42025498142519424,5.0,0.3713113486071619,0.2835408700199366,race,"age, education, gender, race",4.0,4.0
1,mean,DICES-990,43,48,0.02222222222222222,False,,,,,,,,,,,,,,,
1,mean,DICES-990,44,44,0.13513513513513511,False,,,,,,,,,,,,,,,
1,mean,DICES-990,45,45,0.21875,False,,,,,,,,,,,,,,,
1,mean,DICES-990,46,46,0.06976744186046512,False,,,,,,,,,,,,,,,
1,mean,DICES-990,47,45,0.022727272727272728,False,,,,,,,,,,,,,,,
1,mean,DICES-990,48,48,0.3142857142857143,True,13.0,3.0,2.4615384615384617,3.6923076923076925,0.3142857142857143,0.42014652014652015,0.36081349206349206,-0.14804292929292928,8.0,0.17761547967140073,0.15793302701197443,race,"age, gender, race",3.0,3.0
1,mean,DICES-990,49,48,0.02127659574468085,False,,,,,,,,,,,,,,,
1,mean,DICES-990,50,42,0.0,False,,,,,,,,,,,,,,,
1,mean,DICES-990,51,45,0.07142857142857142,False,,,,,,,,,,,,,,,
1,mean,DICES-990,52,46,0.04545454545454545,False,,,,,,,,,,,,,,,
1,mean,DICES-990,53,45,0.0,False,,,,,,,,,,,,,,,
1,mean,DICES-990,54,47,0.175,False,,,,,,,,,,,,,,,
1,mean,DICES-990,55,47,0.17142857142857146,False,,,,,,,,,,,,,,,
1,mean,DICES-990,56,48,0.11627906976744186,False,,,,,,,,,,,,,,,
1,mean,DICES-990,57,46,0.1,False,,,,,,,,,,,,,,,
1,mean,DICES-990,58,46,0.023255813953488372,False,,,,,,,,,,,,,,,
1,mean,DICES-990,59,45,0.07142857142857142,False,,,,,,,,,,,,,,,
1,mean,DICES-990,60,49,0.0930232558139535,False,,,,,,,,,,,,,,,
1,mean,DICES-990,61,46,0.10526315789473684,False,,,,,,,,,,,,,,,
1,mean,DICES-990,62,47,0.06818181818181818,False,,,,,,,,,,,,,,,
1,mean,DICES-990,63,44,0.1,False,,,,,,,,,,,,,,,
1,mean,DICES-990,64,47,0.06818181818181818,False,,,,,,,,,,,,,,,
1,mean,DICES-990,65,46,0.04545454545454545,False,,,,,,,,,,,,,,,
1,mean,DICES-990,66,48,0.19999999999999998,False,,,,,,,,,,,,,,,
1,mean,DICES-990,67,47,0.38235294117647056,True,11.0,3.0,2.4545454545454546,4.2727272727272725,0.38235294117647056,0.41735537190082633,0.3104448742746615,0.1880672518970391,7.0,0.2444927386027123,0.24978029896678203,race,"age, gender, race",3.0,2.0
1,mean,DICES-990,68,47,0.0,False,,,,,,,,,,,,,,,
1,mean,DICES-990,69,44,0.024390243902439025,False,,,,,,,,,,,,,,,
1,mean,DICES-990,70,46,0.0,False,,,,,,,,,,,,,,,
1,mean,DICES-990,71,45,0.10256410256410255,False,,,,,,,,,,,,,,,
1,mean,DICES-990,72,46,0.024390243902439025,False,,,,,,,,,,,,,,,
1,mean,DICES-990,73,47,0.1388888888888889,False,,,,,,,,,,,,,,,
1,mean,DICES-990,74,44,0.0,False,,,,,,,,,,,,,,,
1,mean,DICES-990,75,46,0.09523809523809525,False,,,,,,,,,,,,,,,
1,mean,DICES-990,76,45,0.0,False,,,,,,,,,,,,,,,
1,mean,DICES-990,77,42,0.0857142857142857,False,,,,,,,,,,,,,,,
1,mean,DICES-990,78,43,0.10810810810810811,False,,,,,,,,,,,,,,,
1,mean,DICES-990,79,46,0.09523809523809525,False,,,,,,,,,,,,,,,
1,mean,DICES-990,80,46,0.04761904761904762,False,,,,,,,,,,,,,,,
1,mean,DICES-990,81,47,0.05405405405405404,False,,,,,,,,,,,,,,,
1,mean,DICES-990,82,43,0.02380952380952381,False,,,,,,,,,,,,,,,
1,mean,DICES-990,83,47,0.20588235294117646,False,,,,,,,,,,,,,,,
1,mean,DICES-990,84,47,0.19444444444444445,False,,,,,,,,,,,,,,,
1,mean,DICES-990,85,42,0.0,False,,,,,,,,,,,,,,,
1,mean,DICES-990,86,47,0.0,False,,,,,,,,,,,,,,,
1,mean,DICES-990,87,45,0.07142857142857142,False,,,,,,,,,,,,,,,
1,mean,DICES-990,88,46,0.0,False,,,,,,,,,,,,,,,
1,mean,DICES-990,89,44,0.1,False,,,,,,,,,,,,,,,
1,mean,DICES-990,90,46,0.06976744186046512,False,,,,,,,,,,,,,,,
1,mean,DICES-990,91,47,0.0,False,,,,,,,,,,,,,,,
1,mean,DICES-990,92,46,0.22580645161290325,False,,,,,,,,,,,,,,,
1,mean,DICES-990,93,45,0.13888888888888887,False,,,,,,,,,,,,,,,
1,mean,DICES-990,94,47,0.48275862068965514,True,12.0,3.0,2.4166666666666665,3.9166666666666665,0.48275862068965514,0.5694444444444445,0.5567375886524822,-0.15324214792299906,7.0,0.26624346757805867,0.27710815311695725,race,"age, gender, race",3.0,5.0
1,mean,DICES-990,95,43,0.025,False,,,,,,,,,,,,,,,
1,mean,DICES-990,96,45,0.075,False,,,,,,,,,,,,,,,
1,mean,DICES-990,97,48,0.02127659574468085,False,,,,,,,,,,,,,,,
1,mean,DICES-990,98,45,0.0,False,,,,,,,,,,,,,,,
1,mean,DICES-990,99,47,0.021739130434782608,False,,,,,,,,,,,,,,,
1,mean,DICES-990,100,44,0.049999999999999996,False,,,,,,,,,,,,,,,
1,mean,DICES-990,101,47,0.0,False,,,,,,,,,,,,,,,
1,mean,DICES-990,102,45,0.048780487804878044,False,,,,,,,,,,,,,,,
1,mean,DICES-990,103,45,0.024999999999999998,False,,,,,,,,,,,,,,,
1,mean,DICES-990,104,45,0.046511627906976744,False,,,,,,,,,,,,,,,
1,mean,DICES-990,105,46,0.023255813953488372,False,,,,,,,,,,,,,,,
1,mean,DICES-990,106,49,0.13953488372093023,False,,,,,,,,,,,,,,,
1,mean,DICES-990,107,46,0.0,False,,,,,,,,,,,,,,,
1,mean,DICES-990,108,50,0.08695652173913043,False,,,,,,,,,,,,,,,
1,mean,DICES-990,109,45,0.15625,False,,,,,,,,,,,,,,,
1,mean,DICES-990,110,46,0.15,False,,,,,,,,,,,,,,,
1,mean,DICES-990,111,46,0.1,False,,,,,,,,,,,,,,,
1,mean,DICES-990,112,48,0.02222222222222222,False,,,,,,,,,,,,,,,
1,mean,DICES-990,113,47,0.17142857142857146,False,,,,,,,,,,,,,,,
1,mean,DICES-990,114,47,0.0,False,,,,,,,,,,,,,,,
1,mean,DICES-990,115,47,0.19444444444444445,False,,,,,,,,,,,,,,,
1,mean,DICES-990,116,47,0.43333333333333335,True,10.0,3.0,2.3,4.7,0.43333333333333335,0.325,0.3829787234042553,0.1162029459901801,6.0,0.3089590152755046,0.22451874366767988,race,"age, education, gender, race",4.0,2.0
1,mean,DICES-990,117,46,0.5384615384615384,True,10.0,4.0,2.9,4.6,0.5384615384615384,0.30166666666666664,0.3235507246376812,0.39912008281573486,6.0,0.2900134658251515,0.2519509476031215,age,"age, education, gender, race",4.0,2.0
1,mean,DICES-990,118,48,0.4482758620689655,True,12.0,3.0,2.3333333333333335,4.0,0.4482758620689655,0.4444444444444444,0.40277777777777773,0.10149572649572658,7.0,0.24255319883090817,0.1562129401569057,race,"age, gender, race",3.0,6.0
1,mean,DICES-990,119,48,0.02127659574468085,False,,,,,,,,,,,,,,,
1,mean,DICES-990,120,47,0.2368421052631579,False,,,,,,,,,,,,,,,
1,mean,DICES-990,121,45,0.048780487804878044,False,,,,,,,,,,,,,,,
1,mean,DICES-990,122,44,0.024390243902439025,False,,,,,,,,,,,,,,,
1,mean,DICES-990,123,45,0.3225806451612903,True,12.0,3.0,2.6666666666666665,3.75,0.3225806451612903,0.3611111111111111,0.2962962962962963,0.08148148148148149,8.0,0.1785567030498706,0.17130909711554873,age,"age, education, gender, race",4.0,2.0
1,mean,DICES-990,124,46,0.024390243902439025,False,,,,,,,,,,,,,,,
1,mean,DICES-990,125,47,0.303030303030303,True,12.0,3.0,2.5,3.9166666666666665,0.303030303030303,0.42777777777777776,0.34751773049645396,-0.14680851063829814,8.0,0.22619392566826863,0.17821790224793985,race,"age, education, gender, race",4.0,3.0
1,mean,DICES-990,126,43,0.02380952380952381,False,,,,,,,,,,,,,,,
1,mean,DICES-990,127,47,0.15384615384615383,False,,,,,,,,,,,,,,,
1,mean,DICES-990,128,46,0.04545454545454545,False,,,,,,,,,,,,,,,
1,mean,DICES-990,129,46,0.06976744186046512,False,,,,,,,,,,,,,,,
1,mean,DICES-990,130,46,0.0,False,,,,,,,,,,,,,,,
1,mean,DICES-990,131,47,0.0,False,,,,,,,,,,,,,,,
1,mean,DICES-990,132,46,0.3125,True,10.0,3.0,2.3,4.6,0.3125,0.4583333333333333,0.3496376811594203,-0.11884057971014483,6.0,0.28758137796181277,0.18834541062801935,race,"age, gender, race",3.0,3.0
1,mean,DICES-990,133,47,0.07142857142857142,False,,,,,,,,,,,,,,,
1,mean,DICES-990,134,46,0.06976744186046512,False,,,,,,,,,,,,,,,
1,mean,DICES-990,135,47,0.10256410256410255,False,,,,,,,,,,,,,,,
1,mean,DICES-990,136,46,0.04761904761904762,False,,,,,,,,,,,,,,,
1,mean,DICES-990,137,46,0.1,False,,,,,,,,,,,,,,,
1,mean,DICES-990,138,47,0.0,False,,,,,,,,,,,,,,,
1,mean,DICES-990,139,45,0.022727272727272728,False,,,,,,,,,,,,,,,
1,mean,DICES-990,140,46,0.8333333333333334,True,11.0,3.0,2.4545454545454546,4.181818181818182,0.8333333333333334,0.4761904761904761,0.520703933747412,0.3751552795031057,6.0,0.2863228113616313,0.34293323423758215,race,"age, education, gender, race",4.0,3.0
1,mean,DICES-990,141,48,0.22222222222222224,False,,,,,,,,,,,,,,,
1,mean,DICES-990,142,46,0.07317073170731707,False,,,,,,,,,,,,,,,
1,mean,DICES-990,143,46,0.02222222222222222,False,,,,,,,,,,,,,,,
1,mean,DICES-990,144,46,0.04545454545454545,False,,,,,,,,,,,,,,,
1,mean,DICES-990,145,47,0.048780487804878044,False,,,,,,,,,,,,,,,
1,mean,DICES-990,146,46,0.07317073170731707,False,,,,,,,,,,,,,,,
1,mean,DICES-990,147,47,0.3448275862068965,True,11.0,3.0,2.4545454545454546,4.2727272727272725,0.3448275862068965,0.20454545454545456,0.17553191489361702,0.4909574468085106,7.0,0.2666184458816718,0.2268620417923426,race,"age, gender, race",3.0,0.0
1,mean,DICES-990,148,47,0.36666666666666664,True,12.0,4.0,2.9166666666666665,3.9166666666666665,0.36666666666666664,0.28055555555555556,0.23758865248226949,0.3520309477756286,7.0,0.3312199223892703,0.2410559495665879,education,"age, education, gender, race",4.0,1.0
1,mean,DICES-990,149,47,0.2702702702702703,False,,,,,,,,,,,,,,,
1,mean,DICES-990,150,46,0.22580645161290325,False,,,,,,,,,,,,,,,
1,mean,DICES-990,151,47,0.04651162790697674,False,,,,,,,,,,,,,,,
1,mean,DICES-990,152,48,0.07692307692307693,False,,,,,,,,,,,,,,,
1,mean,DICES-990,153,48,0.0,False,,,,,,,,,,,,,,,
1,mean,DICES-990,154,47,0.09756097560975609,False,,,,,,,,,,,,,,,
1,mean,DICES-990,155,44,0.047619047619047616,False,,,,,,,,,,,,,,,
1,mean,DICES-990,156,48,0.0,False,,,,,,,,,,,,,,,
1,mean,DICES-990,157,46,0.04761904761904762,False,,,,,,,,,,,,,,,
1,mean,DICES-990,158,46,0.0,False,,,,,,,,,,,,,,,
1,mean,DICES-990,159,45,0.07894736842105261,False,,,,,,,,,,,,,,,
1,mean,DICES-990,160,47,0.09302325581395349,False,,,,,,,,,,,,,,,
1,mean,DICES-990,161,47,0.13157894736842105,False,,,,,,,,,,,,,,,
1,mean,DICES-990,162,47,0.0,False,,,,,,,,,,,,,,,
1,mean,DICES-990,163,46,0.0,False,,,,,,,,,,,,,,,
1,mean,DICES-990,164,44,0.25,False,,,,,,,,,,,,,,,
1,mean,DICES-990,165,45,0.21621621621621623,False,,,,,,,,,,,,,,,
1,mean,DICES-990,166,45,0.25806451612903225,False,,,,,,,,,,,,,,,
1,mean,DICES-990,167,47,0.021739130434782608,False,,,,,,,,,,,,,,,
1,mean,DICES-990,168,46,0.1891891891891892,False,,,,,,,,,,,,,,,
1,mean,DICES-990,169,47,0.023809523809523805,False,,,,,,,,,,,,,,,
1,mean,DICES-990,170,47,0.021739130434782608,False,,,,,,,,,,,,,,,
1,mean,DICES-990,171,46,0.0,False,,,,,,,,,,,,,,,
1,mean,DICES-990,172,46,0.0,False,,,,,,,,,,,,,,,
1,mean,DICES-990,173,47,0.07500000000000001,False,,,,,,,,,,,,,,,
1,mean,DICES-990,174,47,0.021739130434782608,False,,,,,,,,,,,,,,,
1,mean,DICES-990,175,42,0.0,False,,,,,,,,,,,,,,,
1,mean,DICES-990,176,48,0.0857142857142857,False,,,,,,,,,,,,,,,
1,mean,DICES-990,177,46,0.04545454545454545,False,,,,,,,,,,,,,,,
1,mean,DICES-990,178,44,0.8260869565217391,True,12.0,3.0,2.5833333333333335,3.6666666666666665,0.8260869565217391,0.3597222222222222,0.44734848484848483,0.4584728867623604,8.0,0.38929435097913356,0.1990515925298534,race,"age, education, gender, race",4.0,2.0
1,mean,DICES-990,179,47,0.36666666666666664,True,13.0,4.0,3.230769230769231,3.6153846153846154,0.36666666666666664,0.2423076923076923,0.20319148936170214,0.4458413926499032,9.0,0.3655009115314794,0.2303613644039176,education,"age, education, gender, race",4.0,3.0
1,mean,DICES-990,180,44,0.5833333333333334,True,5.0,3.0,2.0,8.8,0.5833333333333334,0.3285714285714286,0.3798701298701299,0.34879406307977734,3.0,0.2757057757057757,0.26911976911976915,age,"age, education, gender",3.0,0.0
1,mean,DICES-990,181,44,0.3571428571428572,True,10.0,3.0,2.5,4.4,0.3571428571428572,0.225,0.23295454545454544,0.3477272727272729,6.0,0.3092770655270655,0.2328042328042328,race,"age, gender, race",3.0,1.0
1,mean,DICES-990,182,45,0.0,False,,,,,,,,,,,,,,,
1,mean,DICES-990,183,48,0.02127659574468085,False,,,,,,,,,,,,,,,
1,mean,DICES-990,184,44,0.07317073170731707,False,,,,,,,,,,,,,,,
1,mean,DICES-990,185,47,0.0,False,,,,,,,,,,,,,,,
1,mean,DICES-990,186,46,0.35294117647058826,True,10.0,3.0,2.3,4.6,0.35294117647058826,0.2875,0.3106884057971015,0.11971618357487912,6.0,0.25336970523582486,0.2366490074290586,race,"age, education, gender, race",4.0,0.0
1,mean,DICES-990,187,48,0.02222222222222222,False,,,,,,,,,,,,,,,
1,mean,DICES-990,188,46,0.15789473684210528,False,,,,,,,,,,,,,,,
1,mean,DICES-990,189,46,0.21212121212121215,False,,,,,,,,,,,,,,,
1,mean,DICES-990,190,48,0.11627906976744186,False,,,,,,,,,,,,,,,
1,mean,DICES-990,191,46,0.04545454545454545,False,,,,,,,,,,,,,,,
1,mean,DICES-990,192,46,0.2,False,,,,,,,,,,,,,,,
1,mean,DICES-990,193,45,0.046511627906976744,False,,,,,,,,,,,,,,,
1,mean,DICES-990,194,46,0.06976744186046512,False,,,,,,,,,,,,,,,
1,mean,DICES-990,195,46,0.023255813953488372,False,,,,,,,,,,,,,,,
1,mean,DICES-990,196,48,0.0,False,,,,,,,,,,,,,,,
1,mean,DICES-990,197,46,0.02222222222222222,False,,,,,,,,,,,,,,,
1,mean,DICES-990,198,44,0.025641025641025633,False,,,,,,,,,,,,,,,
1,mean,DICES-990,199,47,0.10256410256410255,False,,,,,,,,,,,,,,,
1,mean,DICES-990,200,46,0.4666666666666667,True,10.0,3.0,2.4,4.6,0.4666666666666667,0.30666666666666664,0.29130434782608694,0.37577639751552805,6.0,0.35880368695490744,0.2815153826595474,age,"age, gender, race",3.0,0.0
1,mean,DICES-990,201,46,0.06976744186046512,False,,,,,,,,,,,,,,,
1,mean,DICES-990,202,46,0.02222222222222222,False,,,,,,,,,,,,,,,
1,mean,DICES-990,203,47,0.04651162790697674,False,,,,,,,,,,,,,,,
1,mean,DICES-990,204,47,0.303030303030303,True,8.0,3.0,2.0,5.875,0.303030303030303,0.44886363636363635,0.32108317214700194,-0.05957446808510647,4.0,0.22805903624590027,0.24774339136041268,race,"age, gender, race",3.0,3.0
1,mean,DICES-990,205,48,0.06666666666666667,False,,,,,,,,,,,,,,,
1,mean,DICES-990,206,49,0.0,False,,,,,,,,,,,,,,,
1,mean,DICES-990,207,48,0.02127659574468085,False,,,,,,,,,,,,,,,
1,mean,DICES-990,208,44,0.0,False,,,,,,,,,,,,,,,
1,mean,DICES-990,209,44,0.024390243902439025,False,,,,,,,,,,,,,,,
1,mean,DICES-990,210,45,0.17142857142857143,False,,,,,,,,,,,,,,,
1,mean,DICES-990,211,41,0.0,False,,,,,,,,,,,,,,,
1,mean,DICES-990,212,46,0.02222222222222222,False,,,,,,,,,,,,,,,
1,mean,DICES-990,213,46,0.02222222222222222,False,,,,,,,,,,,,,,,
1,mean,DICES-990,214,47,0.04444444444444444,False,,,,,,,,,,,,,,,
1,mean,DICES-990,215,47,0.2702702702702703,False,,,,,,,,,,,,,,,
1,mean,DICES-990,216,48,0.0,False,,,,,,,,,,,,,,,
1,mean,DICES-990,217,47,0.0,False,,,,,,,,,,,,,,,
1,mean,DICES-990,218,45,0.0,False,,,,,,,,,,,,,,,
1,mean,DICES-990,219,46,0.09523809523809525,False,,,,,,,,,,,,,,,
1,mean,DICES-990,220,47,0.05128205128205129,False,,,,,,,,,,,,,,,
1,mean,DICES-990,221,47,0.022727272727272728,False,,,,,,,,,,,,,,,
1,mean,DICES-990,222,48,0.023255813953488375,False,,,,,,,,,,,,,,,
1,mean,DICES-990,223,47,0.048780487804878044,False,,,,,,,,,,,,,,,
1,mean,DICES-990,224,46,0.16666666666666666,False,,,,,,,,,,,,,,,
1,mean,DICES-990,225,46,0.16666666666666666,False,,,,,,,,,,,,,,,
1,mean,DICES-990,226,46,0.2,False,,,,,,,,,,,,,,,
1,mean,DICES-990,227,46,0.024390243902439025,False,,,,,,,,,,,,,,,
1,mean,DICES-990,228,47,0.0,False,,,,,,,,,,,,,,,
1,mean,DICES-990,229,46,0.3125,True,10.0,3.0,2.1,4.6,0.3125,0.275,0.29891304347826086,0.04347826086956519,5.0,0.303090637221072,0.1726621808143547,race,"age, education, gender, race",4.0,1.0
1,mean,DICES-990,230,43,0.075,False,,,,,,,,,,,,,,,
1,mean,DICES-990,231,45,0.0,False,,,,,,,,,,,,,,,
1,mean,DICES-990,232,45,0.2647058823529412,False,,,,,,,,,,,,,,,
1,mean,DICES-990,233,44,0.1,False,,,,,,,,,,,,,,,
1,mean,DICES-990,234,46,0.024390243902439025,False,,,,,,,,,,,,,,,
1,mean,DICES-990,235,47,0.2162162162162162,False,,,,,,,,,,,,,,,
1,mean,DICES-990,236,47,0.04444444444444444,False,,,,,,,,,,,,,,,
1,mean,DICES-990,237,49,0.06818181818181818,False,,,,,,,,,,,,,,,
1,mean,DICES-990,238,47,0.07142857142857142,False,,,,,,,,,,,,,,,
1,mean,DICES-990,239,46,0.1,False,,,,,,,,,,,,,,,
1,mean,DICES-990,240,44,0.08108108108108107,False,,,,,,,,,,,,,,,
1,mean,DICES-990,241,47,0.25806451612903225,False,,,,,,,,,,,,,,,
1,mean,DICES-990,242,46,0.23529411764705882,False,,,,,,,,,,,,,,,
1,mean,DICES-990,243,47,0.022727272727272728,False,,,,,,,,,,,,,,,
1,mean,DICES-990,244,46,0.1282051282051282,False,,,,,,,,,,,,,,,
1,mean,DICES-990,245,46,0.0,False,,,,,,,,,,,,,,,
1,mean,DICES-990,246,47,0.0,False,,,,,,,,,,,,,,,
1,mean,DICES-990,247,45,0.8636363636363636,True,10.0,3.0,2.3,4.5,0.8636363636363636,0.3,0.2740740740740741,0.6826510721247563,6.0,0.26393401608679384,0.48553310886644213,race,"age, gender, race",3.0,0.0
1,mean,DICES-990,248,46,0.05,False,,,,,,,,,,,,,,,
1,mean,DICES-990,249,44,0.1851851851851852,False,,,,,,,,,,,,,,,
1,mean,DICES-990,250,46,0.42857142857142855,True,13.0,4.0,2.769230769230769,3.5384615384615383,0.42857142857142855,0.41025641025641024,0.3550724637681159,0.1714975845410628,9.0,0.23902590416680594,0.25855032648510906,race,"age, education, gender, race",4.0,4.0
1,mean,DICES-990,251,45,0.027777777777777766,False,,,,,,,,,,,,,,,
1,mean,DICES-990,252,46,0.04545454545454545,False,,,,,,,,,,,,,,,
1,mean,DICES-990,253,45,0.17142857142857143,False,,,,,,,,,,,,,,,
1,mean,DICES-990,254,48,0.12195121951219513,False,,,,,,,,,,,,,,,
1,mean,DICES-990,255,46,0.6521739130434783,True,10.0,4.0,2.7,4.6,0.6521739130434783,0.4833333333333333,0.40942028985507245,0.37222222222222223,6.0,0.28669916034046466,0.30531400966183575,age,"age, education, gender, race",4.0,5.0
1,mean,DICES-990,256,49,0.0425531914893617,False,,,,,,,,,,,,,,,
1,mean,DICES-990,257,43,0.02380952380952381,False,,,,,,,,,,,,,,,
1,mean,DICES-990,258,46,0.05,False,,,,,,,,,,,,,,,
1,mean,DICES-990,259,48,0.06976744186046512,False,,,,,,,,,,,,,,,
1,mean,DICES-990,260,45,0.0,False,,,,,,,,,,,,,,,
1,mean,DICES-990,261,49,0.0,False,,,,,,,,,,,,,,,
1,mean,DICES-990,262,46,0.16129032258064516,False,,,,,,,,,,,,,,,
1,mean,DICES-990,263,43,0.0,False,,,,,,,,,,,,,,,
1,mean,DICES-990,264,47,0.15625,False,,,,,,,,,,,,,,,
1,mean,DICES-990,265,45,0.9545454545454546,True,12.0,4.0,2.9166666666666665,3.75,0.9545454545454546,0.5,0.43703703703703706,0.5421516754850089,8.0,0.2613001957114276,0.47475589225589226,race,"age, education, gender, race",4.0,4.0
1,mean,DICES-990,266,48,0.02127659574468085,False,,,,,,,,,,,,,,,
1,mean,DICES-990,267,44,0.2222222222222222,False,,,,,,,,,,,,,,,
1,mean,DICES-990,268,47,0.7083333333333335,True,12.0,4.0,2.75,3.9166666666666665,0.7083333333333335,0.3680555555555556,0.34219858156028377,0.5168961201501877,8.0,0.28578793009047954,0.25907632556568716,age,"age, education, gender, race",4.0,2.0
1,mean,DICES-990,269,45,0.653846153846154,True,13.0,3.0,2.6923076923076925,3.4615384615384617,0.653846153846154,0.3974358974358974,0.4185185185185185,0.3599128540305012,8.0,0.26417799218452814,0.2506521050965495,race,"age, gender, race",3.0,2.0
1,mean,DICES-990,270,46,0.25,False,,,,,,,,,,,,,,,
1,mean,DICES-990,271,47,0.14705882352941177,False,,,,,,,,,,,,,,,
1,mean,DICES-990,272,46,0.0,False,,,,,,,,,,,,,,,
1,mean,DICES-990,273,47,0.28125,False,,,,,,,,,,,,,,,
1,mean,DICES-990,274,44,0.0,False,,,,,,,,,,,,,,,
1,mean,DICES-990,275,47,0.06818181818181818,False,,,,,,,,,,,,,,,
1,mean,DICES-990,276,45,0.022727272727272728,False,,,,,,,,,,,,,,,
1,mean,DICES-990,277,48,0.2571428571428572,False,,,,,,,,,,,,,,,
1,mean,DICES-990,278,46,0.15,False,,,,,,,,,,,,,,,
1,mean,DICES-990,279,48,0.09090909090909091,False,,,,,,,,,,,,,,,
1,mean,DICES-990,280,46,0.09523809523809525,False,,,,,,,,,,,,,,,
1,mean,DICES-990,281,47,0.22857142857142856,False,,,,,,,,,,,,,,,
1,mean,DICES-990,282,46,0.31034482758620685,True,12.0,4.0,2.9166666666666665,3.8333333333333335,0.31034482758620685,0.23055555555555554,0.23550724637681164,0.2411433172302735,8.0,0.30909462371628427,0.38940599144872007,race,"age, education, gender, race",4.0,1.0
1,mean,DICES-990,283,43,0.02631578947368421,False,,,,,,,,,,,,,,,
1,mean,DICES-990,284,42,0.0,False,,,,,,,,,,,,,,,
1,mean,DICES-990,285,46,0.0,False,,,,,,,,,,,,,,,
1,mean,DICES-990,286,46,0.0,False,,,,,,,,,,,,,,,
1,mean,DICES-990,287,47,0.09756097560975609,False,,,,,,,,,,,,,,,
1,mean,DICES-990,288,42,0.05,False,,,,,,,,,,,,,,,
1,mean,DICES-990,289,42,0.07692307692307691,False,,,,,,,,,,,,,,,
1,mean,DICES-990,290,47,0.09756097560975609,False,,,,,,,,,,,,,,,
1,mean,DICES-990,291,46,0.09523809523809525,False,,,,,,,,,,,,,,,
1,mean,DICES-990,292,47,0.0,False,,,,,,,,,,,,,,,
1,mean,DICES-990,293,44,0.2592592592592592,False,,,,,,,,,,,,,,,
1,mean,DICES-990,294,43,0.0,False,,,,,,,,,,,,,,,
1,mean,DICES-990,295,46,0.04545454545454545,False,,,,,,,,,,,,,,,
1,mean,DICES-990,296,47,0.11428571428571428,False,,,,,,,,,,,,,,,
1,mean,DICES-990,297,44,0.8333333333333334,True,13.0,4.0,3.076923076923077,3.3846153846153846,0.8333333333333334,0.43846153846153846,0.425,0.49,9.0,0.384811673502764,0.22673160173160176,race,"age, education, gender, race",4.0,4.0
1,mean,DICES-990,298,47,0.021739130434782608,False,,,,,,,,,,,,,,,
1,mean,DICES-990,299,45,0.046511627906976744,False,,,,,,,,,,,,,,,
1,mean,DICES-990,300,48,0.07317073170731708,False,,,,,,,,,,,,,,,
1,mean,DICES-990,301,47,0.19444444444444445,False,,,,,,,,,,,,,,,
1,mean,DICES-990,302,45,0.022727272727272728,False,,,,,,,,,,,,,,,
1,mean,DICES-990,303,45,0.48275862068965514,True,8.0,3.0,2.125,5.625,0.48275862068965514,0.2860576923076923,0.4226495726495726,0.12451159951159962,5.0,0.22807013420806524,0.15229983298948815,race,"education, gender, race",3.0,0.0
1,mean,DICES-990,304,42,0.027027027027027025,False,,,,,,,,,,,,,,,
1,mean,DICES-990,305,46,0.0,False,,,,,,,,,,,,,,,
1,mean,DICES-990,306,46,0.07692307692307693,False,,,,,,,,,,,,,,,
1,mean,DICES-990,307,45,0.16216216216216217,False,,,,,,,,,,,,,,,
1,mean,DICES-990,308,46,0.09523809523809525,False,,,,,,,,,,,,,,,
1,mean,DICES-990,309,45,0.19354838709677416,False,,,,,,,,,,,,,,,
1,mean,DICES-990,310,41,0.02631578947368421,False,,,,,,,,,,,,,,,
1,mean,DICES-990,311,45,0.17142857142857143,False,,,,,,,,,,,,,,,
1,mean,DICES-990,312,48,0.17948717948717946,False,,,,,,,,,,,,,,,
1,mean,DICES-990,313,45,0.30303030303030304,True,11.0,4.0,2.727272727272727,4.090909090909091,0.30303030303030304,0.32575757575757575,0.25740740740740736,0.15055555555555578,7.0,0.2673104144532716,0.25434343434343437,age,"age, education, gender, race",4.0,2.0
1,mean,DICES-990,314,49,0.06521739130434782,False,,,,,,,,,,,,,,,
1,mean,DICES-990,315,47,0.09302325581395349,False,,,,,,,,,,,,,,,
1,mean,DICES-990,316,45,0.0,False,,,,,,,,,,,,,,,
1,mean,DICES-990,317,47,0.022727272727272728,False,,,,,,,,,,,,,,,
1,mean,DICES-990,318,46,0.04545454545454545,False,,,,,,,,,,,,,,,
1,mean,DICES-990,319,44,0.023255813953488372,False,,,,,,,,,,,,,,,
1,mean,DICES-990,320,46,0.06976744186046512,False,,,,,,,,,,,,,,,
1,mean,DICES-990,321,45,0.05405405405405405,False,,,,,,,,,,,,,,,
1,mean,DICES-990,322,43,0.06451612903225809,False,,,,,,,,,,,,,,,
1,mean,DICES-990,323,46,0.25,False,,,,,,,,,,,,,,,
1,mean,DICES-990,324,45,0.02380952380952381,False,,,,,,,,,,,,,,,
1,mean,DICES-990,325,44,0.0,False,,,,,,,,,,,,,,,
1,mean,DICES-990,326,45,0.022727272727272728,False,,,,,,,,,,,,,,,
1,mean,DICES-990,327,45,0.048780487804878044,False,,,,,,,,,,,,,,,
1,mean,DICES-990,328,45,0.022727272727272728,False,,,,,,,,,,,,,,,
1,mean,DICES-990,329,46,0.04545454545454545,False,,,,,,,,,,,,,,,
1,mean,DICES-990,330,42,0.058823529411764705,False,,,,,,,,,,,,,,,
1,mean,DICES-990,331,45,0.3448275862068965,True,13.0,4.0,2.6923076923076925,3.4615384615384617,0.3448275862068965,0.37179487179487175,0.37407407407407406,-0.0848148148148149,9.0,0.3245644887726624,0.30428145715502036,race,"age, education, gender, race",4.0,5.0
1,mean,DICES-990,332,44,0.027027027027027035,False,,,,,,,,,,,,,,,
1,mean,DICES-990,333,43,0.0,False,,,,,,,,,,,,,,,
1,mean,DICES-990,334,45,0.36666666666666664,True,11.0,3.0,2.5454545454545454,4.090909090909091,0.36666666666666664,0.46969696969696967,0.337037037037037,0.08080808080808077,7.0,0.2786897800055695,0.2719298245614035,age,"age, gender, race",3.0,3.0
1,mean,DICES-990,335,46,0.8095238095238095,True,11.0,3.0,2.3636363636363638,4.181818181818182,0.8095238095238095,0.3766233766233766,0.3136645962732919,0.612531969309463,6.0,0.32624318209204334,0.4389233954451346,race,"age, education, gender, race",4.0,3.0
1,mean,DICES-990,336,47,0.04444444444444444,False,,,,,,,,,,,,,,,
1,mean,DICES-990,337,43,0.31999999999999995,True,8.0,3.0,2.125,5.375,0.31999999999999995,0.3145833333333333,0.26472868217054263,0.17272286821705418,4.0,0.25804766006316393,0.2365116279069767,race,"age, gender, race",3.0,1.0
1,mean,DICES-990,338,46,0.09523809523809525,False,,,,,,,,,,,,,,,
1,mean,DICES-990,339,44,0.025641025641025633,False,,,,,,,,,,,,,,,
1,mean,DICES-990,340,43,0.0,False,,,,,,,,,,,,,,,
1,mean,DICES-990,341,47,0.36666666666666664,True,11.0,3.0,2.1818181818181817,4.2727272727272725,0.36666666666666664,0.45454545454545453,0.2765957446808511,0.2456479690522243,6.0,0.23575087245300008,0.20260047281323876,race,"age, education, gender, race",4.0,4.0
1,mean,DICES-990,342,47,0.04444444444444444,False,,,,,,,,,,,,,,,
1,mean,DICES-990,343,47,0.0,False,,,,,,,,,,,,,,,
1,mean,DICES-990,344,47,0.4583333333333334,True,11.0,3.0,2.3636363636363638,4.2727272727272725,0.4583333333333334,0.38636363636363635,0.3776595744680851,0.17601547388781447,6.0,0.2964949435250854,0.28221040189125285,race,"age, gender, race",3.0,3.0
1,mean,DICES-990,345,44,0.07692307692307691,False,,,,,,,,,,,,,,,
1,mean,DICES-990,346,46,0.1875,False,,,,,,,,,,,,,,,
1,mean,DICES-990,347,47,0.18181818181818185,False,,,,,,,,,,,,,,,
1,mean,DICES-990,348,48,0.0,False,,,,,,,,,,,,,,,
1,mean,DICES-990,349,44,0.07692307692307691,False,,,,,,,,,,,,,,,
1,mean,DICES-990,350,47,0.07500000000000001,False,,,,,,,,,,,,,,,
1,mean,DICES-990,351,49,0.020833333333333332,False,,,,,,,,,,,,,,,
1,mean,DICES-990,352,43,0.0,False,,,,,,,,,,,,,,,
1,mean,DICES-990,353,47,0.14634146341463414,False,,,,,,,,,,,,,,,
1,mean,DICES-990,354,42,0.0,False,,,,,,,,,,,,,,,
1,mean,DICES-990,355,49,0.0425531914893617,False,,,,,,,,,,,,,,,
1,mean,DICES-990,356,42,0.027027027027027025,False,,,,,,,,,,,,,,,
1,mean,DICES-990,357,47,0.04444444444444444,False,,,,,,,,,,,,,,,
1,mean,DICES-990,358,46,0.04761904761904762,False,,,,,,,,,,,,,,,
1,mean,DICES-990,359,45,0.022727272727272728,False,,,,,,,,,,,,,,,
1,mean,DICES-990,360,46,0.10526315789473684,False,,,,,,,,,,,,,,,
1,mean,DICES-990,361,45,0.16216216216216217,False,,,,,,,,,,,,,,,
1,mean,DICES-990,362,47,0.022727272727272728,False,,,,,,,,,,,,,,,
1,mean,DICES-990,363,46,0.12195121951219512,False,,,,,,,,,,,,,,,
1,mean,DICES-990,364,45,0.0,False,,,,,,,,,,,,,,,
1,mean,DICES-990,365,43,0.13888888888888887,False,,,,,,,,,,,,,,,
1,mean,DICES-990,366,46,0.02222222222222222,False,,,,,,,,,,,,,,,
1,mean,DICES-990,367,45,0.11428571428571428,False,,,,,,,,,,,,,,,
1,mean,DICES-990,368,47,0.07142857142857142,False,,,,,,,,,,,,,,,
1,mean,DICES-990,369,46,0.23529411764705882,False,,,,,,,,,,,,,,,
1,mean,DICES-990,370,46,0.33333333333333326,True,10.0,3.0,2.3,4.6,0.33333333333333326,0.35833333333333334,0.27355072463768115,0.17934782608695632,6.0,0.3059236254888429,0.27958937198067635,race,"age, gender, race",3.0,2.0
1,mean,DICES-990,371,46,0.33333333333333337,True,11.0,3.0,2.5454545454545454,4.181818181818182,0.33333333333333337,0.4090909090909091,0.3804347826086957,-0.14130434782608692,7.0,0.25326393460163876,0.28385955831608006,age,"age, education, gender, race",4.0,3.0
1,mean,DICES-990,372,46,0.04761904761904762,False,,,,,,,,,,,,,,,
1,mean,DICES-990,373,48,0.0,False,,,,,,,,,,,,,,,
1,mean,DICES-990,374,48,0.09090909090909091,False,,,,,,,,,,,,,,,
1,mean,DICES-990,375,44,0.030303030303030293,False,,,,,,,,,,,,,,,
1,mean,DICES-990,376,46,0.2222222222222222,False,,,,,,,,,,,,,,,
1,mean,DICES-990,377,44,0.07692307692307691,False,,,,,,,,,,,,,,,
1,mean,DICES-990,378,46,0.15,False,,,,,,,,,,,,,,,
1,mean,DICES-990,379,45,0.19444444444444445,False,,,,,,,,,,,,,,,
1,mean,DICES-990,380,45,0.07142857142857142,False,,,,,,,,,,,,,,,
1,mean,DICES-990,381,42,0.0,False,,,,,,,,,,,,,,,
1,mean,DICES-990,382,48,0.09090909090909091,False,,,,,,,,,,,,,,,
1,mean,DICES-990,383,46,0.0,False,,,,,,,,,,,,,,,
1,mean,DICES-990,384,46,0.10526315789473684,False,,,,,,,,,,,,,,,
1,mean,DICES-990,385,46,0.0,False,,,,,,,,,,,,,,,
1,mean,DICES-990,386,45,0.046511627906976744,False,,,,,,,,,,,,,,,
1,mean,DICES-990,387,47,0.021739130434782608,False,,,,,,,,,,,,,,,
1,mean,DICES-990,388,42,0.0,False,,,,,,,,,,,,,,,
1,mean,DICES-990,389,46,0.11111111111111112,False,,,,,,,,,,,,,,,
1,mean,DICES-990,390,46,0.15789473684210528,False,,,,,,,,,,,,,,,
1,mean,DICES-990,391,47,0.04444444444444444,False,,,,,,,,,,,,,,,
1,mean,DICES-990,392,46,0.0,False,,,,,,,,,,,,,,,
1,mean,DICES-990,393,43,0.02380952380952381,False,,,,,,,,,,,,,,,
1,mean,DICES-990,394,46,0.02222222222222222,False,,,,,,,,,,,,,,,
1,mean,DICES-990,395,42,0.05,False,,,,,,,,,,,,,,,
1,mean,DICES-990,396,47,0.2162162162162162,False,,,,,,,,,,,,,,,
1,mean,DICES-990,397,45,0.046511627906976744,False,,,,,,,,,,,,,,,
1,mean,DICES-990,398,46,0.05,False,,,,,,,,,,,,,,,
1,mean,DICES-990,399,45,0.10256410256410255,False,,,,,,,,,,,,,,,
1,mean,DICES-990,400,42,0.05263157894736842,False,,,,,,,,,,,,,,,
1,mean,DICES-990,401,44,0.1764705882352941,False,,,,,,,,,,,,,,,
1,mean,DICES-990,402,45,0.125,False,,,,,,,,,,,,,,,
1,mean,DICES-990,403,45,0.2058823529411765,False,,,,,,,,,,,,,,,
1,mean,DICES-990,404,44,0.1,False,,,,,,,,,,,,,,,
1,mean,DICES-990,405,48,0.06976744186046512,False,,,,,,,,,,,,,,,
1,mean,DICES-990,406,46,0.08108108108108107,False,,,,,,,,,,,,,,,
1,mean,DICES-990,407,48,0.12195121951219513,False,,,,,,,,,,,,,,,
1,mean,DICES-990,408,44,0.023255813953488372,False,,,,,,,,,,,,,,,
1,mean,DICES-990,409,45,0.026315789473684216,False,,,,,,,,,,,,,,,
1,mean,DICES-990,410,44,0.0,False,,,,,,,,,,,,,,,
1,mean,DICES-990,411,46,0.04545454545454545,False,,,,,,,,,,,,,,,
1,mean,DICES-990,412,46,0.024390243902439025,False,,,,,,,,,,,,,,,
1,mean,DICES-990,413,43,0.02380952380952381,False,,,,,,,,,,,,,,,
1,mean,DICES-990,414,49,0.021739130434782605,False,,,,,,,,,,,,,,,
1,mean,DICES-990,415,47,0.04444444444444444,False,,,,,,,,,,,,,,,
1,mean,DICES-990,416,45,0.10256410256410255,False,,,,,,,,,,,,,,,
1,mean,DICES-990,417,44,0.024390243902439025,False,,,,,,,,,,,,,,,
1,mean,DICES-990,418,43,0.08333333333333333,False,,,,,,,,,,,,,,,
1,mean,DICES-990,419,47,0.021739130434782608,False,,,,,,,,,,,,,,,
1,mean,DICES-990,420,46,0.05,False,,,,,,,,,,,,,,,
1,mean,DICES-990,421,43,0.075,False,,,,,,,,,,,,,,,
1,mean,DICES-990,422,47,0.0,False,,,,,,,,,,,,,,,
1,mean,DICES-990,423,46,0.0,False,,,,,,,,,,,,,,,
1,mean,DICES-990,424,44,0.08108108108108107,False,,,,,,,,,,,,,,,
1,mean,DICES-990,425,46,0.11111111111111112,False,,,,,,,,,,,,,,,
1,mean,DICES-990,426,47,0.40625,True,9.0,3.0,2.111111111111111,5.222222222222222,0.40625,0.2916666666666667,0.27925531914893614,0.3126022913256956,5.0,0.37668323303961604,0.36855926284117774,race,"age, gender, race",3.0,1.0
1,mean,DICES-990,427,47,0.023809523809523805,False,,,,,,,,,,,,,,,
1,mean,DICES-990,428,45,0.36363636363636365,True,9.0,3.0,2.2222222222222223,5.0,0.36363636363636365,0.28518518518518515,0.33629629629629626,0.07518518518518535,5.0,0.17963171628872104,0.2315685960130404,race,"age, gender, race",3.0,0.0
1,mean,DICES-990,429,47,0.09302325581395349,False,,,,,,,,,,,,,,,
1,mean,DICES-990,430,46,0.023255813953488372,False,,,,,,,,,,,,,,,
1,mean,DICES-990,431,45,0.07142857142857142,False,,,,,,,,,,,,,,,
1,mean,DICES-990,432,43,0.048780487804878044,False,,,,,,,,,,,,,,,
1,mean,DICES-990,433,46,0.02222222222222222,False,,,,,,,,,,,,,,,
1,mean,DICES-990,434,44,0.14285714285714285,False,,,,,,,,,,,,,,,
1,mean,DICES-990,435,44,0.024390243902439025,False,,,,,,,,,,,,,,,
1,mean,DICES-990,436,48,0.393939393939394,True,9.0,3.0,2.111111111111111,5.333333333333333,0.393939393939394,0.28703703703703703,0.38715277777777773,0.01722756410256432,5.0,0.3294575667388167,0.2246291035353536,race,"age, gender, race",3.0,2.0
1,mean,DICES-990,437,46,0.10526315789473684,False,,,,,,,,,,,,,,,
1,mean,DICES-990,438,46,0.2,False,,,,,,,,,,,,,,,
1,mean,DICES-990,439,44,0.18918918918918917,False,,,,,,,,,,,,,,,
1,mean,DICES-990,440,47,0.06818181818181818,False,,,,,,,,,,,,,,,
1,mean,DICES-990,441,42,0.29032258064516125,False,,,,,,,,,,,,,,,
1,mean,DICES-990,442,44,0.05555555555555555,False,,,,,,,,,,,,,,,
1,mean,DICES-990,443,43,0.0,False,,,,,,,,,,,,,,,
1,mean,DICES-990,444,44,0.15151515151515152,False,,,,,,,,,,,,,,,
1,mean,DICES-990,445,47,0.2647058823529412,False,,,,,,,,,,,,,,,
1,mean,DICES-990,446,48,0.0,False,,,,,,,,,,,,,,,
1,mean,DICES-990,447,46,0.5,True,8.0,3.0,2.25,5.75,0.5,0.3729166666666667,0.3181159420289855,0.36376811594202896,4.0,0.3717934559505961,0.2951992753623188,age,"age, education, gender, race",4.0,2.0
1,mean,DICES-990,448,48,0.6190476190476192,True,13.0,4.0,2.769230769230769,3.6923076923076925,0.6190476190476192,0.2846153846153846,0.22291666666666665,0.6399038461538462,8.0,0.38996527731241354,0.31956469456469466,race,"age, education, gender, race",4.0,3.0
1,mean,DICES-990,449,47,0.4800000000000001,True,9.0,3.0,2.3333333333333335,5.222222222222222,0.4800000000000001,0.18518518518518517,0.21631205673758863,0.5493498817966904,5.0,0.2717845072360439,0.2647720364741641,age,"age, education, gender, race",4.0,0.0
1,mean,DICES-990,450,46,0.04545454545454545,False,,,,,,,,,,,,,,,
1,mean,DICES-990,451,45,0.3225806451612903,True,10.0,3.0,2.3,4.5,0.3225806451612903,0.2666666666666667,0.29629629629629634,0.08148148148148138,6.0,0.1657779735329962,0.24583087163732328,race,"age, education, gender, race",4.0,0.0
1,mean,DICES-990,452,46,0.07317073170731707,False,,,,,,,,,,,,,,,
1,mean,DICES-990,453,45,0.0,False,,,,,,,,,,,,,,,
1,mean,DICES-990,454,47,0.021739130434782608,False,,,,,,,,,,,,,,,
1,mean,DICES-990,455,45,0.0,False,,,,,,,,,,,,,,,
1,mean,DICES-990,456,49,0.044444444444444446,False,,,,,,,,,,,,,,,
1,mean,DICES-990,457,46,0.0,False,,,,,,,,,,,,,,,
1,mean,DICES-990,458,47,0.18421052631578946,False,,,,,,,,,,,,,,,
1,mean,DICES-990,459,46,0.0,False,,,,,,,,,,,,,,,
1,mean,DICES-990,460,46,0.024390243902439025,False,,,,,,,,,,,,,,,
1,mean,DICES-990,461,45,0.07142857142857142,False,,,,,,,,,,,,,,,
1,mean,DICES-990,462,43,0.025,False,,,,,,,,,,,,,,,
1,mean,DICES-990,463,46,0.023255813953488372,False,,,,,,,,,,,,,,,
1,mean,DICES-990,464,48,0.8181818181818182,True,11.0,3.0,2.272727272727273,4.363636363636363,0.8181818181818182,0.3393939393939394,0.5194444444444445,0.3651234567901235,6.0,0.2640226671476672,0.32156986531986537,race,"age, gender, race",3.0,2.0
1,mean,DICES-990,465,43,0.12121212121212123,False,,,,,,,,,,,,,,,
1,mean,DICES-990,466,48,0.0,False,,,,,,,,,,,,,,,
1,mean,DICES-990,467,46,0.1875,False,,,,,,,,,,,,,,,
1,mean,DICES-990,468,45,0.10256410256410255,False,,,,,,,,,,,,,,,
1,mean,DICES-990,469,45,0.07142857142857142,False,,,,,,,,,,,,,,,
1,mean,DICES-990,470,41,0.09374999999999999,False,,,,,,,,,,,,,,,
1,mean,DICES-990,471,42,0.05,False,,,,,,,,,,,,,,,
1,mean,DICES-990,472,46,0.15,False,,,,,,,,,,,,,,,
1,mean,DICES-990,473,47,0.021739130434782608,False,,,,,,,,,,,,,,,
1,mean,DICES-990,474,46,0.12195121951219512,False,,,,,,,,,,,,,,,
1,mean,DICES-990,475,48,0.06666666666666667,False,,,,,,,,,,,,,,,
1,mean,DICES-990,476,47,0.04444444444444444,False,,,,,,,,,,,,,,,
1,mean,DICES-990,477,47,0.5357142857142858,True,11.0,3.0,2.272727272727273,4.2727272727272725,0.5357142857142858,0.37878787878787884,0.3546099290780142,0.33806146572104023,6.0,0.31825745668830774,0.26743823552334195,race,"age, education, gender, race",4.0,2.0
1,mean,DICES-990,478,47,0.023809523809523805,False,,,,,,,,,,,,,,,
1,mean,DICES-990,479,41,0.02631578947368421,False,,,,,,,,,,,,,,,
1,mean,DICES-990,480,47,0.021739130434782608,False,,,,,,,,,,,,,,,
1,mean,DICES-990,481,46,0.0,False,,,,,,,,,,,,,,,
1,mean,DICES-990,482,47,0.34285714285714286,True,11.0,3.0,2.4545454545454546,4.2727272727272725,0.34285714285714286,0.3939393939393939,0.46453900709219864,-0.354905437352246,6.0,0.2866942618715668,0.1542722053360351,age,"age, gender, race",3.0,3.0
1,mean,DICES-990,483,46,0.6799999999999999,True,11.0,4.0,3.272727272727273,4.181818181818182,0.6799999999999999,0.4231601731601732,0.4754140786749483,0.30086164900742896,7.0,0.23028136219769774,0.2480907372400756,education,"age, education, gender, race",4.0,2.0
1,mean,DICES-990,484,47,0.1388888888888889,False,,,,,,,,,,,,,,,
1,mean,DICES-990,485,43,0.10256410256410257,False,,,,,,,,,,,,,,,
1,mean,DICES-990,486,46,0.1282051282051282,False,,,,,,,,,,,,,,,
1,mean,DICES-990,487,47,0.021739130434782608,False,,,,,,,,,,,,,,,
1,mean,DICES-990,488,46,0.13513513513513514,False,,,,,,,,,,,,,,,
1,mean,DICES-990,489,47,0.25,False,,,,,,,,,,,,,,,
1,mean,DICES-990,490,47,0.021739130434782608,False,,,,,,,,,,,,,,,
1,mean,DICES-990,491,45,0.02380952380952381,False,,,,,,,,,,,,,,,
1,mean,DICES-990,492,45,0.13157894736842105,False,,,,,,,,,,,,,,,
1,mean,DICES-990,493,44,0.052631578947368425,False,,,,,,,,,,,,,,,
1,mean,DICES-990,494,45,0.07142857142857142,False,,,,,,,,,,,,,,,
1,mean,DICES-990,495,49,0.07142857142857144,False,,,,,,,,,,,,,,,
1,mean,DICES-990,496,44,0.023255813953488372,False,,,,,,,,,,,,,,,
1,mean,DICES-990,497,44,0.0,False,,,,,,,,,,,,,,,
1,mean,DICES-990,498,46,0.0,False,,,,,,,,,,,,,,,
1,mean,DICES-990,499,48,0.043478260869565216,False,,,,,,,,,,,,,,,
1,mean,DICES-990,500,43,0.075,False,,,,,,,,,,,,,,,
1,mean,DICES-990,501,47,0.0,False,,,,,,,,,,,,,,,
1,mean,DICES-990,502,48,0.06976744186046512,False,,,,,,,,,,,,,,,
1,mean,DICES-990,503,48,0.09090909090909091,False,,,,,,,,,,,,,,,
1,mean,DICES-990,504,45,0.0,False,,,,,,,,,,,,,,,
1,mean,DICES-990,505,45,0.2424242424242424,False,,,,,,,,,,,,,,,
1,mean,DICES-990,506,47,0.09756097560975609,False,,,,,,,,,,,,,,,
1,mean,DICES-990,507,47,0.0,False,,,,,,,,,,,,,,,
1,mean,DICES-990,508,47,0.20588235294117646,False,,,,,,,,,,,,,,,
1,mean,DICES-990,509,45,0.18181818181818188,False,,,,,,,,,,,,,,,
1,mean,DICES-990,510,46,0.02222222222222222,False,,,,,,,,,,,,,,,
1,mean,DICES-990,511,45,0.07142857142857142,False,,,,,,,,,,,,,,,
1,mean,DICES-990,512,46,0.6666666666666666,True,10.0,3.0,2.3,4.6,0.6666666666666666,0.1983333333333333,0.2539855072463768,0.6190217391304348,6.0,0.30627876551789596,0.40265390808869067,race,"age, education, gender, race",4.0,0.0
1,mean,DICES-990,513,45,0.0,False,,,,,,,,,,,,,,,
1,mean,DICES-990,514,45,0.16216216216216217,False,,,,,,,,,,,,,,,
1,mean,DICES-990,515,46,0.04545454545454545,False,,,,,,,,,,,,,,,
1,mean,DICES-990,516,47,0.021739130434782608,False,,,,,,,,,,,,,,,
1,mean,DICES-990,517,47,0.04651162790697674,False,,,,,,,,,,,,,,,
1,mean,DICES-990,518,46,0.07692307692307693,False,,,,,,,,,,,,,,,
1,mean,DICES-990,519,47,0.11904761904761905,False,,,,,,,,,,,,,,,
1,mean,DICES-990,520,47,0.021739130434782608,False,,,,,,,,,,,,,,,
1,mean,DICES-990,521,48,0.0,False,,,,,,,,,,,,,,,
1,mean,DICES-990,522,46,0.3125,True,9.0,3.0,2.111111111111111,5.111111111111111,0.3125,0.42592592592592593,0.3731884057971015,-0.1942028985507247,5.0,0.2552297822949997,0.2810551163812033,race,"age, education, gender, race",4.0,1.0
1,mean,DICES-990,523,48,0.3125,True,13.0,3.0,2.3846153846153846,3.6923076923076925,0.3125,0.25961538461538464,0.23177083333333334,0.2583333333333333,7.0,0.25619191489727206,0.18026620370370372,race,"age, gender, race",3.0,4.0
1,mean,DICES-990,524,46,0.2222222222222222,False,,,,,,,,,,,,,,,
1,mean,DICES-990,525,44,0.11111111111111109,False,,,,,,,,,,,,,,,
1,mean,DICES-990,526,48,0.02439024390243902,False,,,,,,,,,,,,,,,
1,mean,DICES-990,527,47,0.05128205128205129,False,,,,,,,,,,,,,,,
1,mean,DICES-990,528,47,0.057142857142857134,False,,,,,,,,,,,,,,,
1,mean,DICES-990,529,46,0.1875,False,,,,,,,,,,,,,,,
1,mean,DICES-990,530,46,0.3793103448275862,True,10.0,3.0,2.3,4.6,0.3793103448275862,0.3654761904761905,0.4350414078674949,-0.14692734801430474,5.0,0.2700174912543728,0.2060626432815338,age,"age, education, gender, race",4.0,3.0
1,mean,DICES-990,531,44,0.024390243902439025,False,,,,,,,,,,,,,,,
1,mean,DICES-990,532,48,0.043478260869565216,False,,,,,,,,,,,,,,,
1,mean,DICES-990,533,48,0.15,False,,,,,,,,,,,,,,,
1,mean,DICES-990,534,46,0.06976744186046512,False,,,,,,,,,,,,,,,
1,mean,DICES-990,535,46,0.02222222222222222,False,,,,,,,,,,,,,,,
1,mean,DICES-990,536,46,0.8333333333333334,True,12.0,3.0,2.5,3.8333333333333335,0.8333333333333334,0.3361111111111111,0.3485507246376812,0.5817391304347825,7.0,0.3184596023470704,0.44842284739982957,age,"age, gender, race",3.0,3.0
1,mean,DICES-990,537,46,0.0,False,,,,,,,,,,,,,,,
1,mean,DICES-990,538,48,0.22222222222222224,False,,,,,,,,,,,,,,,
1,mean,DICES-990,539,45,0.17142857142857143,False,,,,,,,,,,,,,,,
1,mean,DICES-990,540,48,0.29411764705882354,False,,,,,,,,,,,,,,,
1,mean,DICES-990,541,44,0.10526315789473685,False,,,,,,,,,,,,,,,
1,mean,DICES-990,542,42,0.024390243902439025,False,,,,,,,,,,,,,,,
1,mean,DICES-990,543,42,0.024390243902439025,False,,,,,,,,,,,,,,,
1,mean,DICES-990,544,46,0.02222222222222222,False,,,,,,,,,,,,,,,
1,mean,DICES-990,545,45,0.8636363636363636,True,11.0,4.0,3.0,4.090909090909091,0.8636363636363636,0.303030303030303,0.34814814814814815,0.5968810916179337,7.0,0.3409671193004527,0.3347474747474746,education,"age, education, gender, race",4.0,1.0
1,mean,DICES-990,546,44,0.023255813953488372,False,,,,,,,,,,,,,,,
1,mean,DICES-990,547,47,0.04444444444444444,False,,,,,,,,,,,,,,,
1,mean,DICES-990,548,47,0.021739130434782608,False,,,,,,,,,,,,,,,
1,mean,DICES-990,549,46,0.0,False,,,,,,,,,,,,,,,
1,mean,DICES-990,550,48,0.5172413793103449,True,11.0,3.0,2.4545454545454546,4.363636363636363,0.5172413793103449,0.551948051948052,0.5580357142857143,-0.07886904761904767,7.0,0.2364581029877321,0.24904784710819192,race,"age, gender, race",3.0,5.0
1,mean,DICES-990,551,43,0.05714285714285714,False,,,,,,,,,,,,,,,
1,mean,DICES-990,552,45,0.21621621621621623,False,,,,,,,,,,,,,,,
1,mean,DICES-990,553,47,0.10256410256410255,False,,,,,,,,,,,,,,,
1,mean,DICES-990,554,45,0.16216216216216217,False,,,,,,,,,,,,,,,
1,mean,DICES-990,555,46,0.0,False,,,,,,,,,,,,,,,
1,mean,DICES-990,556,47,0.0,False,,,,,,,,,,,,,,,
1,mean,DICES-990,557,48,0.3333333333333333,True,12.0,3.0,2.4166666666666665,4.0,0.3333333333333333,0.3444444444444444,0.35694444444444445,-0.07083333333333353,7.0,0.32282162499502726,0.2281828703703704,race,"age, gender, race",3.0,2.0
1,mean,DICES-990,558,46,0.1794871794871795,False,,,,,,,,,,,,,,,
1,mean,DICES-990,559,46,0.04545454545454545,False,,,,,,,,,,,,,,,
1,mean,DICES-990,560,48,0.17073170731707318,False,,,,,,,,,,,,,,,
1,mean,DICES-990,561,47,0.0,False,,,,,,,,,,,,,,,
1,mean,DICES-990,562,44,0.0,False,,,,,,,,,,,,,,,
1,mean,DICES-990,563,46,0.0,False,,,,,,,,,,,,,,,
1,mean,DICES-990,564,44,0.0,False,,,,,,,,,,,,,,,
1,mean,DICES-990,565,47,0.8,True,9.0,3.0,2.4444444444444446,5.222222222222222,0.8,0.3412698412698413,0.4706180344478217,0.41172745694022295,5.0,0.22251947107266257,0.35139873916469666,age,"age, education, gender, race",4.0,0.0
1,mean,DICES-990,566,47,0.11904761904761905,False,,,,,,,,,,,,,,,
1,mean,DICES-990,567,46,0.0,False,,,,,,,,,,,,,,,
1,mean,DICES-990,568,48,0.043478260869565216,False,,,,,,,,,,,,,,,
1,mean,DICES-990,569,46,0.1,False,,,,,,,,,,,,,,,
1,mean,DICES-990,570,43,0.0,False,,,,,,,,,,,,,,,
1,mean,DICES-990,571,46,0.15,False,,,,,,,,,,,,,,,
1,mean,DICES-990,572,44,0.049999999999999996,False,,,,,,,,,,,,,,,
1,mean,DICES-990,573,43,0.0,False,,,,,,,,,,,,,,,
1,mean,DICES-990,574,46,0.07317073170731707,False,,,,,,,,,,,,,,,
1,mean,DICES-990,575,46,0.10526315789473684,False,,,,,,,,,,,,,,,
1,mean,DICES-990,576,44,0.07317073170731707,False,,,,,,,,,,,,,,,
1,mean,DICES-990,577,46,0.02222222222222222,False,,,,,,,,,,,,,,,
1,mean,DICES-990,578,42,0.0,False,,,,,,,,,,,,,,,
1,mean,DICES-990,579,46,0.02222222222222222,False,,,,,,,,,,,,,,,
1,mean,DICES-990,580,44,0.0,False,,,,,,,,,,,,,,,
1,mean,DICES-990,581,46,0.05,False,,,,,,,,,,,,,,,
1,mean,DICES-990,582,44,0.22580645161290322,False,,,,,,,,,,,,,,,
1,mean,DICES-990,583,46,0.023255813953488372,False,,,,,,,,,,,,,,,
1,mean,DICES-990,584,46,0.024390243902439025,False,,,,,,,,,,,,,,,
1,mean,DICES-990,585,44,0.2,False,,,,,,,,,,,,,,,
1,mean,DICES-990,586,45,0.7999999999999999,True,8.0,3.0,2.125,5.625,0.7999999999999999,0.4736111111111111,0.6239506172839506,0.22006172839506166,5.0,0.31627366255144035,0.2327572016460905,race,"age, gender, race",3.0,1.0
1,mean,DICES-990,587,48,0.07317073170731708,False,,,,,,,,,,,,,,,
1,mean,DICES-990,588,46,0.10526315789473684,False,,,,,,,,,,,,,,,
1,mean,DICES-990,589,47,0.04444444444444444,False,,,,,,,,,,,,,,,
1,mean,DICES-990,590,47,0.10256410256410255,False,,,,,,,,,,,,,,,
1,mean,DICES-990,591,44,0.023255813953488372,False,,,,,,,,,,,,,,,
1,mean,DICES-990,592,45,0.046511627906976744,False,,,,,,,,,,,,,,,
1,mean,DICES-990,593,43,0.048780487804878044,False,,,,,,,,,,,,,,,
1,mean,DICES-990,594,40,0.08108108108108107,False,,,,,,,,,,,,,,,
1,mean,DICES-990,595,45,0.28124999999999994,False,,,,,,,,,,,,,,,
1,mean,DICES-990,596,47,0.0,False,,,,,,,,,,,,,,,
1,mean,DICES-990,597,43,0.38709677419354843,True,13.0,3.0,2.6923076923076925,3.3076923076923075,0.38709677419354843,0.3525641025641026,0.36240310077519383,0.06379198966408273,8.0,0.2680488269197947,0.2684036393713813,race,"age, gender, race",3.0,2.0
1,mean,DICES-990,598,43,0.029411764705882353,False,,,,,,,,,,,,,,,
1,mean,DICES-990,599,45,0.02380952380952381,False,,,,,,,,,,,,,,,
1,mean,DICES-990,600,46,0.4814814814814814,True,11.0,3.0,2.4545454545454546,4.181818181818182,0.4814814814814814,0.4372294372294373,0.4342650103519669,0.09806497849976092,7.0,0.24250984953624707,0.185654857756307,race,"age, education, gender, race",4.0,2.0
1,mean,DICES-990,601,46,0.023255813953488372,False,,,,,,,,,,,,,,,
1,mean,DICES-990,602,49,0.2702702702702703,False,,,,,,,,,,,,,,,
1,mean,DICES-990,603,47,0.09756097560975609,False,,,,,,,,,,,,,,,
1,mean,DICES-990,604,48,0.04545454545454546,False,,,,,,,,,,,,,,,
1,mean,DICES-990,605,46,0.0,False,,,,,,,,,,,,,,,
1,mean,DICES-990,606,49,0.0425531914893617,False,,,,,,,,,,,,,,,
1,mean,DICES-990,607,46,0.023255813953488372,False,,,,,,,,,,,,,,,
1,mean,DICES-990,608,47,0.4642857142857143,True,7.0,3.0,2.2857142857142856,6.714285714285714,0.4642857142857143,0.39880952380952384,0.4406028368794327,0.05100927441352965,5.0,0.3031578793546879,0.22889226612630864,age,"age, education, gender",3.0,0.0
1,mean,DICES-990,609,46,0.0,False,,,,,,,,,,,,,,,
1,mean,DICES-990,610,44,0.1,False,,,,,,,,,,,,,,,
1,mean,DICES-990,611,45,0.0,False,,,,,,,,,,,,,,,
1,mean,DICES-990,612,47,0.021739130434782608,False,,,,,,,,,,,,,,,
1,mean,DICES-990,613,48,0.1875,False,,,,,,,,,,,,,,,
1,mean,DICES-990,614,47,0.17142857142857146,False,,,,,,,,,,,,,,,
1,mean,DICES-990,615,49,0.15384615384615385,False,,,,,,,,,,,,,,,
1,mean,DICES-990,616,46,0.22580645161290325,False,,,,,,,,,,,,,,,
1,mean,DICES-990,617,46,0.02222222222222222,False,,,,,,,,,,,,,,,
1,mean,DICES-990,618,46,0.05,False,,,,,,,,,,,,,,,
1,mean,DICES-990,619,46,0.12195121951219512,False,,,,,,,,,,,,,,,
1,mean,DICES-990,620,49,0.13953488372093023,False,,,,,,,,,,,,,,,
1,mean,DICES-990,621,47,0.07142857142857142,False,,,,,,,,,,,,,,,
1,mean,DICES-990,622,47,0.10256410256410255,False,,,,,,,,,,,,,,,
1,mean,DICES-990,623,45,0.18421052631578946,False,,,,,,,,,,,,,,,
1,mean,DICES-990,624,46,0.08571428571428573,False,,,,,,,,,,,,,,,
1,mean,DICES-990,625,47,0.18421052631578946,False,,,,,,,,,,,,,,,
1,mean,DICES-990,626,48,0.0857142857142857,False,,,,,,,,,,,,,,,
1,mean,DICES-990,627,49,0.0,False,,,,,,,,,,,,,,,
1,mean,DICES-990,628,41,0.0,False,,,,,,,,,,,,,,,
1,mean,DICES-990,629,42,0.024390243902439025,False,,,,,,,,,,,,,,,
1,mean,DICES-990,630,46,0.16666666666666666,False,,,,,,,,,,,,,,,
1,mean,DICES-990,631,48,0.27777777777777773,False,,,,,,,,,,,,,,,
1,mean,DICES-990,632,47,0.06818181818181818,False,,,,,,,,,,,,,,,
1,mean,DICES-990,633,47,0.0,False,,,,,,,,,,,,,,,
1,mean,DICES-990,634,48,0.17073170731707318,False,,,,,,,,,,,,,,,
1,mean,DICES-990,635,47,0.25,False,,,,,,,,,,,,,,,
1,mean,DICES-990,636,45,0.125,False,,,,,,,,,,,,,,,
1,mean,DICES-990,637,48,0.2352941176470588,False,,,,,,,,,,,,,,,
1,mean,DICES-990,638,48,0.21052631578947367,False,,,,,,,,,,,,,,,
1,mean,DICES-990,639,48,0.05,False,,,,,,,,,,,,,,,
1,mean,DICES-990,640,46,0.4482758620689656,True,12.0,4.0,2.6666666666666665,3.8333333333333335,0.4482758620689656,0.38055555555555554,0.30362318840579705,0.32268673355629895,8.0,0.31612916641496097,0.25400280628916305,race,"age, education, gender, race",4.0,2.0
1,mean,DICES-990,641,46,0.2571428571428571,False,,,,,,,,,,,,,,,
1,mean,DICES-990,642,47,0.09756097560975609,False,,,,,,,,,,,,,,,
1,mean,DICES-990,643,48,0.02127659574468085,False,,,,,,,,,,,,,,,
1,mean,DICES-990,644,44,0.07692307692307691,False,,,,,,,,,,,,,,,
1,mean,DICES-990,645,47,0.09756097560975609,False,,,,,,,,,,,,,,,
1,mean,DICES-990,646,47,0.0,False,,,,,,,,,,,,,,,
1,mean,DICES-990,647,47,0.0,False,,,,,,,,,,,,,,,
1,mean,DICES-990,648,45,0.02380952380952381,False,,,,,,,,,,,,,,,
1,mean,DICES-990,649,47,0.021739130434782608,False,,,,,,,,,,,,,,,
1,mean,DICES-990,650,44,0.0,False,,,,,,,,,,,,,,,
1,mean,DICES-990,651,48,0.06666666666666667,False,,,,,,,,,,,,,,,
1,mean,DICES-990,652,43,0.025,False,,,,,,,,,,,,,,,
1,mean,DICES-990,653,47,0.09302325581395349,False,,,,,,,,,,,,,,,
1,mean,DICES-990,654,47,0.04651162790697674,False,,,,,,,,,,,,,,,
1,mean,DICES-990,655,46,0.04545454545454545,False,,,,,,,,,,,,,,,
1,mean,DICES-990,656,46,0.09677419354838712,False,,,,,,,,,,,,,,,
1,mean,DICES-990,657,48,0.19999999999999998,False,,,,,,,,,,,,,,,
1,mean,DICES-990,658,46,0.06976744186046512,False,,,,,,,,,,,,,,,
1,mean,DICES-990,659,44,0.08108108108108107,False,,,,,,,,,,,,,,,
1,mean,DICES-990,660,42,0.024390243902439025,False,,,,,,,,,,,,,,,
1,mean,DICES-990,661,42,0.0,False,,,,,,,,,,,,,,,
1,mean,DICES-990,662,47,0.25806451612903225,False,,,,,,,,,,,,,,,
1,mean,DICES-990,663,46,0.2,False,,,,,,,,,,,,,,,
1,mean,DICES-990,664,44,0.024390243902439025,False,,,,,,,,,,,,,,,
1,mean,DICES-990,665,46,0.06976744186046512,False,,,,,,,,,,,,,,,
1,mean,DICES-990,666,47,0.15384615384615383,False,,,,,,,,,,,,,,,
1,mean,DICES-990,667,45,0.1081081081081081,False,,,,,,,,,,,,,,,
1,mean,DICES-990,668,47,0.09756097560975609,False,,,,,,,,,,,,,,,
1,mean,DICES-990,669,48,0.0,False,,,,,,,,,,,,,,,
1,mean,DICES-990,670,49,0.36363636363636365,True,13.0,4.0,2.769230769230769,3.769230769230769,0.36363636363636365,0.5128205128205129,0.3639455782312926,-0.0008503401360546725,8.0,0.26309081686901237,0.22572665429808292,race,"age, education, gender, race",4.0,5.0
1,mean,DICES-990,671,45,0.07894736842105261,False,,,,,,,,,,,,,,,
1,mean,DICES-990,672,47,0.04444444444444444,False,,,,,,,,,,,,,,,
1,mean,DICES-990,673,45,0.0,False,,,,,,,,,,,,,,,
1,mean,DICES-990,674,45,0.653846153846154,True,7.0,3.0,1.8571428571428572,6.428571428571429,0.653846153846154,0.369047619047619,0.2685185185185185,0.5893246187363836,3.0,0.32905036341855515,0.39428616650838877,race,"age, gender, race",3.0,2.0
1,mean,DICES-990,675,46,0.0,False,,,,,,,,,,,,,,,
1,mean,DICES-990,676,48,0.0,False,,,,,,,,,,,,,,,
1,mean,DICES-990,677,45,0.13157894736842105,False,,,,,,,,,,,,,,,
1,mean,DICES-990,678,45,0.075,False,,,,,,,,,,,,,,,
1,mean,DICES-990,679,45,0.046511627906976744,False,,,,,,,,,,,,,,,
1,mean,DICES-990,680,49,0.0425531914893617,False,,,,,,,,,,,,,,,
1,mean,DICES-990,681,46,0.09523809523809525,False,,,,,,,,,,,,,,,
1,mean,DICES-990,682,46,0.15,False,,,,,,,,,,,,,,,
1,mean,DICES-990,683,43,0.05128205128205129,False,,,,,,,,,,,,,,,
1,mean,DICES-990,684,48,0.06976744186046512,False,,,,,,,,,,,,,,,
1,mean,DICES-990,685,47,0.04444444444444444,False,,,,,,,,,,,,,,,
1,mean,DICES-990,686,46,0.04545454545454545,False,,,,,,,,,,,,,,,
1,mean,DICES-990,687,44,0.0,False,,,,,,,,,,,,,,,
1,mean,DICES-990,688,47,0.021739130434782608,False,,,,,,,,,,,,,,,
1,mean,DICES-990,689,44,0.41935483870967744,True,10.0,3.0,2.3,4.4,0.41935483870967744,0.205,0.2579545454545455,0.38487762237762235,6.0,0.2127112770756873,0.2707963590661538,race,"age, gender, race",3.0,0.0
1,mean,DICES-990,690,47,0.2647058823529412,False,,,,,,,,,,,,,,,
1,mean,DICES-990,691,44,0.0,False,,,,,,,,,,,,,,,
1,mean,DICES-990,692,43,0.048780487804878044,False,,,,,,,,,,,,,,,
1,mean,DICES-990,693,47,0.0,False,,,,,,,,,,,,,,,
1,mean,DICES-990,694,47,0.09756097560975609,False,,,,,,,,,,,,,,,
1,mean,DICES-990,695,47,0.25,False,,,,,,,,,,,,,,,
1,mean,DICES-990,696,49,0.06818181818181818,False,,,,,,,,,,,,,,,
1,mean,DICES-990,697,47,0.0,False,,,,,,,,,,,,,,,
1,mean,DICES-990,698,44,0.1,False,,,,,,,,,,,,,,,
1,mean,DICES-990,699,43,0.0,False,,,,,,,,,,,,,,,
1,mean,DICES-990,700,47,0.07142857142857142,False,,,,,,,,,,,,,,,
1,mean,DICES-990,701,45,0.08333333333333333,False,,,,,,,,,,,,,,,
1,mean,DICES-990,702,46,0.02564102564102564,False,,,,,,,,,,,,,,,
1,mean,DICES-990,703,48,0.0,False,,,,,,,,,,,,,,,
1,mean,DICES-990,704,46,0.2,False,,,,,,,,,,,,,,,
1,mean,DICES-990,705,46,0.06976744186046512,False,,,,,,,,,,,,,,,
1,mean,DICES-990,706,47,0.09756097560975609,False,,,,,,,,,,,,,,,
1,mean,DICES-990,707,46,0.024390243902439025,False,,,,,,,,,,,,,,,
1,mean,DICES-990,708,46,0.023255813953488372,False,,,,,,,,,,,,,,,
1,mean,DICES-990,709,43,0.0,False,,,,,,,,,,,,,,,
1,mean,DICES-990,710,46,0.04545454545454545,False,,,,,,,,,,,,,,,
1,mean,DICES-990,711,45,0.0,False,,,,,,,,,,,,,,,
1,mean,DICES-990,712,46,0.04761904761904762,False,,,,,,,,,,,,,,,
1,mean,DICES-990,713,46,0.1,False,,,,,,,,,,,,,,,
1,mean,DICES-990,714,43,0.03125,False,,,,,,,,,,,,,,,
1,mean,DICES-990,715,47,0.048780487804878044,False,,,,,,,,,,,,,,,
1,mean,DICES-990,716,48,0.1176470588235294,False,,,,,,,,,,,,,,,
1,mean,DICES-990,717,47,0.04444444444444444,False,,,,,,,,,,,,,,,
1,mean,DICES-990,718,45,0.0,False,,,,,,,,,,,,,,,
1,mean,DICES-990,719,46,0.02222222222222222,False,,,,,,,,,,,,,,,
1,mean,DICES-990,720,46,0.024390243902439025,False,,,,,,,,,,,,,,,
1,mean,DICES-990,721,45,0.14705882352941177,False,,,,,,,,,,,,,,,
1,mean,DICES-990,722,46,0.1282051282051282,False,,,,,,,,,,,,,,,
1,mean,DICES-990,723,47,0.09302325581395349,False,,,,,,,,,,,,,,,
1,mean,DICES-990,724,48,0.043478260869565216,False,,,,,,,,,,,,,,,
1,mean,DICES-990,725,45,0.0,False,,,,,,,,,,,,,,,
1,mean,DICES-990,726,45,0.07142857142857142,False,,,,,,,,,,,,,,,
1,mean,DICES-990,727,47,0.32352941176470584,True,7.0,3.0,2.0,6.714285714285714,0.32352941176470584,0.3297619047619048,0.3874113475177305,-0.1974532559638944,3.0,0.1756339077734975,0.218584634301649,age,"age, gender, race",3.0,0.0
1,mean,DICES-990,728,48,0.12820512820512822,False,,,,,,,,,,,,,,,
1,mean,DICES-990,729,46,0.4482758620689656,True,10.0,3.0,2.4,4.6,0.4482758620689656,0.3174242424242424,0.2863965744400527,0.36111533394142104,5.0,0.277594761421598,0.26773545045658986,race,"age, gender, race",3.0,2.0
1,mean,DICES-990,730,46,0.1282051282051282,False,,,,,,,,,,,,,,,
1,mean,DICES-990,731,47,0.07894736842105263,False,,,,,,,,,,,,,,,
1,mean,DICES-990,732,46,0.14285714285714285,False,,,,,,,,,,,,,,,
1,mean,DICES-990,733,46,0.5333333333333333,True,7.0,3.0,2.0,6.571428571428571,0.5333333333333333,0.35000000000000003,0.3721014492753623,0.3023097826086957,3.0,0.4259661835748792,0.3612318840579711,race,"age, gender, race",3.0,1.0
1,mean,DICES-990,734,47,0.06818181818181818,False,,,,,,,,,,,,,,,
1,mean,DICES-990,735,46,0.02222222222222222,False,,,,,,,,,,,,,,,
1,mean,DICES-990,736,47,0.16216216216216214,False,,,,,,,,,,,,,,,
1,mean,DICES-990,737,44,0.024390243902439025,False,,,,,,,,,,,,,,,
1,mean,DICES-990,738,46,0.5,True,13.0,4.0,3.0,3.5384615384615383,0.5,0.3576923076923077,0.32717391304347826,0.3456521739130435,8.0,0.22235576504145343,0.2016304347826087,race,"age, education, gender, race",4.0,4.0
1,mean,DICES-990,739,46,0.14285714285714285,False,,,,,,,,,,,,,,,
1,mean,DICES-990,740,43,0.02380952380952381,False,,,,,,,,,,,,,,,
1,mean,DICES-990,741,47,0.48275862068965514,True,11.0,3.0,2.3636363636363638,4.2727272727272725,0.48275862068965514,0.45909090909090905,0.4563829787234042,0.054635258358662564,7.0,0.30035407478390397,0.244833020841825,race,"age, gender, race",3.0,3.0
1,mean,DICES-990,742,43,0.0,False,,,,,,,,,,,,,,,
1,mean,DICES-990,743,48,0.6923076923076924,True,9.0,3.0,2.0,5.333333333333333,0.6923076923076924,0.5277777777777778,0.5364583333333334,0.2251157407407408,4.0,0.235976826992452,0.3583733974358975,race,"age, gender, race",3.0,3.0
1,mean,DICES-990,744,48,0.043478260869565216,False,,,,,,,,,,,,,,,
1,mean,DICES-990,745,46,0.3793103448275862,True,9.0,3.0,2.2222222222222223,5.111111111111111,0.3793103448275862,0.44999999999999996,0.3467391304347826,0.08586956521739131,5.0,0.25597797255218546,0.2678404387549815,race,"age, gender, race",3.0,2.0
1,mean,DICES-990,746,46,0.05,False,,,,,,,,,,,,,,,
1,mean,DICES-990,747,48,0.21052631578947367,False,,,,,,,,,,,,,,,
1,mean,DICES-990,748,46,0.3125,True,7.0,4.0,2.857142857142857,6.571428571428571,0.3125,0.4598997493734336,0.2520976353928299,0.19328756674294423,4.0,0.2742904722724517,0.2285799155078331,gender,"age, education, gender, race",4.0,2.0
1,mean,DICES-990,749,45,0.022727272727272728,False,,,,,,,,,,,,,,,
1,mean,DICES-990,750,47,0.04444444444444444,False,,,,,,,,,,,,,,,
1,mean,DICES-990,751,46,0.04761904761904762,False,,,,,,,,,,,,,,,
1,mean,DICES-990,752,47,0.0,False,,,,,,,,,,,,,,,
1,mean,DICES-990,753,48,0.06666666666666667,False,,,,,,,,,,,,,,,
1,mean,DICES-990,754,46,0.2222222222222222,False,,,,,,,,,,,,,,,
1,mean,DICES-990,755,46,0.04761904761904762,False,,,,,,,,,,,,,,,
1,mean,DICES-990,756,46,0.07317073170731707,False,,,,,,,,,,,,,,,
1,mean,DICES-990,757,43,0.23333333333333334,False,,,,,,,,,,,,,,,
1,mean,DICES-990,758,46,0.75,True,11.0,3.0,2.272727272727273,4.181818181818182,0.75,0.5292207792207791,0.468167701863354,0.37577639751552805,6.0,0.33168711991175753,0.45994363929146537,race,"age, gender, race",3.0,5.0
1,mean,DICES-990,759,48,0.0,False,,,,,,,,,,,,,,,
1,mean,DICES-990,760,46,0.024390243902439025,False,,,,,,,,,,,,,,,
1,mean,DICES-990,761,48,0.025641025641025654,False,,,,,,,,,,,,,,,
1,mean,DICES-990,762,48,0.2571428571428572,False,,,,,,,,,,,,,,,
1,mean,DICES-990,763,48,0.43750000000000006,True,11.0,4.0,2.4545454545454546,4.363636363636363,0.43750000000000006,0.3560606060606061,0.3802083333333333,0.13095238095238115,7.0,0.23364555418126845,0.2850859788359788,race,"age, education, gender, race",4.0,2.0
1,mean,DICES-990,764,45,0.022727272727272728,False,,,,,,,,,,,,,,,
1,mean,DICES-990,765,45,0.10000000000000002,False,,,,,,,,,,,,,,,
1,mean,DICES-990,766,46,0.04545454545454545,False,,,,,,,,,,,,,,,
1,mean,DICES-990,767,43,0.27586206896551724,False,,,,,,,,,,,,,,,
1,mean,DICES-990,768,47,0.2758620689655173,False,,,,,,,,,,,,,,,
1,mean,DICES-990,769,44,0.19999999999999996,False,,,,,,,,,,,,,,,
1,mean,DICES-990,770,45,0.14705882352941177,False,,,,,,,,,,,,,,,
1,mean,DICES-990,771,46,0.21052631578947367,False,,,,,,,,,,,,,,,
1,mean,DICES-990,772,48,0.09090909090909091,False,,,,,,,,,,,,,,,
1,mean,DICES-990,773,47,0.04444444444444444,False,,,,,,,,,,,,,,,
1,mean,DICES-990,774,47,0.04651162790697674,False,,,,,,,,,,,,,,,
1,mean,DICES-990,775,48,0.0,False,,,,,,,,,,,,,,,
1,mean,DICES-990,776,46,0.0,False,,,,,,,,,,,,,,,
1,mean,DICES-990,777,43,0.10256410256410257,False,,,,,,,,,,,,,,,
1,mean,DICES-990,778,45,0.1081081081081081,False,,,,,,,,,,,,,,,
1,mean,DICES-990,779,44,0.5652173913043478,True,12.0,3.0,2.5833333333333335,3.6666666666666665,0.5652173913043478,0.3819444444444444,0.3996212121212121,0.2929778554778555,7.0,0.34438644124556034,0.2701206731345071,race,"age, education, gender, race",4.0,3.0
1,mean,DICES-990,780,46,0.42857142857142855,True,9.0,3.0,2.3333333333333335,5.111111111111111,0.42857142857142855,0.48148148148148145,0.40942028985507245,0.04468599033816423,5.0,0.2861236357130077,0.2756211180124224,age,"age, gender, race",3.0,2.0
1,mean,DICES-990,781,47,0.13157894736842105,False,,,,,,,,,,,,,,,
1,mean,DICES-990,782,45,0.0,False,,,,,,,,,,,,,,,
1,mean,DICES-990,783,44,0.0,False,,,,,,,,,,,,,,,
1,mean,DICES-990,784,46,0.6296296296296297,True,13.0,4.0,2.6153846153846154,3.5384615384615383,0.6296296296296297,0.40384615384615385,0.375,0.40441176470588236,8.0,0.3835062854650717,0.2869647797184029,race,"age, education, gender, race",4.0,5.0
1,mean,DICES-990,785,42,0.05,False,,,,,,,,,,,,,,,
1,mean,DICES-990,786,42,0.0,False,,,,,,,,,,,,,,,
1,mean,DICES-990,787,44,0.4399999999999999,True,11.0,3.0,2.4545454545454546,4.0,0.4399999999999999,0.29545454545454547,0.30113636363636365,0.3155991735537188,6.0,0.35962603980986335,0.33496212121212127,race,"age, gender, race",3.0,1.0
1,mean,DICES-990,788,45,0.2916666666666667,False,,,,,,,,,,,,,,,
1,mean,DICES-990,789,46,0.2,False,,,,,,,,,,,,,,,
1,mean,DICES-990,790,46,0.04545454545454545,False,,,,,,,,,,,,,,,
1,mean,DICES-990,791,42,0.0,False,,,,,,,,,,,,,,,
1,mean,DICES-990,792,46,0.02222222222222222,False,,,,,,,,,,,,,,,
1,mean,DICES-990,793,44,0.4074074074074074,True,8.0,3.0,2.125,5.5,0.4074074074074074,0.3680555555555556,0.3244949494949495,0.20351239669421484,4.0,0.23911739048800457,0.2697109988776656,race,"age, gender, race",3.0,2.0
1,mean,DICES-990,794,46,0.023255813953488372,False,,,,,,,,,,,,,,,
1,mean,DICES-990,795,46,0.6153846153846154,True,10.0,3.0,2.3,4.6,0.6153846153846154,0.2583333333333333,0.24094202898550723,0.6084692028985508,6.0,0.367042675074076,0.3392896958114349,race,"age, education, gender, race",4.0,1.0
1,mean,DICES-990,796,46,0.023255813953488372,False,,,,,,,,,,,,,,,
1,mean,DICES-990,797,46,0.02222222222222222,False,,,,,,,,,,,,,,,
1,mean,DICES-990,798,47,0.06818181818181818,False,,,,,,,,,,,,,,,
1,mean,DICES-990,799,47,0.04444444444444444,False,,,,,,,,,,,,,,,
1,mean,DICES-990,800,46,0.02222222222222222,False,,,,,,,,,,,,,,,
1,mean,DICES-990,801,45,0.022727272727272728,False,,,,,,,,,,,,,,,
1,mean,DICES-990,802,47,0.06818181818181818,False,,,,,,,,,,,,,,,
1,mean,DICES-990,803,44,0.024390243902439025,False,,,,,,,,,,,,,,,
1,mean,DICES-990,804,47,0.06818181818181818,False,,,,,,,,,,,,,,,
1,mean,DICES-990,805,46,0.07317073170731707,False,,,,,,,,,,,,,,,
1,mean,DICES-990,806,47,0.09756097560975609,False,,,,,,,,,,,,,,,
1,mean,DICES-990,807,46,0.2571428571428571,False,,,,,,,,,,,,,,,
1,mean,DICES-990,808,46,0.15,False,,,,,,,,,,,,,,,
1,mean,DICES-990,809,48,0.043478260869565216,False,,,,,,,,,,,,,,,
1,mean,DICES-990,810,46,0.0,False,,,,,,,,,,,,,,,
1,mean,DICES-990,811,47,0.021739130434782608,False,,,,,,,,,,,,,,,
1,mean,DICES-990,812,46,0.0,False,,,,,,,,,,,,,,,
1,mean,DICES-990,813,46,0.04761904761904762,False,,,,,,,,,,,,,,,
1,mean,DICES-990,814,47,0.3636363636363637,True,14.0,4.0,2.7857142857142856,3.357142857142857,0.3636363636363637,0.27976190476190477,0.32092198581560283,0.11746453900709242,9.0,0.24647087496714348,0.2634552209020294,race,"age, education, gender, race",4.0,2.0
1,mean,DICES-990,815,45,0.125,False,,,,,,,,,,,,,,,
1,mean,DICES-990,816,48,0.09090909090909091,False,,,,,,,,,,,,,,,
1,mean,DICES-990,817,46,0.15,False,,,,,,,,,,,,,,,
1,mean,DICES-990,818,48,0.06666666666666667,False,,,,,,,,,,,,,,,
1,mean,DICES-990,819,48,0.04545454545454546,False,,,,,,,,,,,,,,,
1,mean,DICES-990,820,47,0.25,False,,,,,,,,,,,,,,,
1,mean,DICES-990,821,47,0.21875,False,,,,,,,,,,,,,,,
1,mean,DICES-990,822,41,0.02631578947368421,False,,,,,,,,,,,,,,,
1,mean,DICES-990,823,44,0.0,False,,,,,,,,,,,,,,,
1,mean,DICES-990,824,45,0.0,False,,,,,,,,,,,,,,,
1,mean,DICES-990,825,46,0.5384615384615384,True,12.0,4.0,2.5,3.8333333333333335,0.5384615384615384,0.4618055555555555,0.3867753623188405,0.2817028985507247,7.0,0.27656380742560865,0.2458087805913893,race,"age, education, gender, race",4.0,4.0
1,mean,DICES-990,826,47,0.0,False,,,,,,,,,,,,,,,
1,mean,DICES-990,827,48,0.0,False,,,,,,,,,,,,,,,
1,mean,DICES-990,828,47,0.022727272727272728,False,,,,,,,,,,,,,,,
1,mean,DICES-990,829,49,0.0,False,,,,,,,,,,,,,,,
1,mean,DICES-990,830,46,0.027027027027027025,False,,,,,,,,,,,,,,,
1,mean,DICES-990,831,46,0.1794871794871795,False,,,,,,,,,,,,,,,
1,mean,DICES-990,832,46,0.04545454545454545,False,,,,,,,,,,,,,,,
1,mean,DICES-990,833,43,0.10256410256410257,False,,,,,,,,,,,,,,,
1,mean,DICES-990,834,46,0.04545454545454545,False,,,,,,,,,,,,,,,
1,mean,DICES-990,835,48,0.0,False,,,,,,,,,,,,,,,
1,mean,DICES-990,836,46,0.09677419354838712,False,,,,,,,,,,,,,,,
1,mean,DICES-990,837,46,0.07317073170731707,False,,,,,,,,,,,,,,,
1,mean,DICES-990,838,47,0.3928571428571429,True,12.0,4.0,2.75,3.9166666666666665,0.3928571428571429,0.3680555555555556,0.3847517730496454,0.020631850419084552,8.0,0.2703975376899866,0.2398757375290542,age,"age, education, gender, race",4.0,2.0
1,mean,DICES-990,839,47,0.24242424242424246,False,,,,,,,,,,,,,,,
1,mean,DICES-990,840,47,0.3636363636363637,True,9.0,3.0,2.3333333333333335,5.222222222222222,0.3636363636363637,0.3126984126984127,0.3893617021276595,-0.07074468085106345,5.0,0.3683873930115064,0.3539651837524178,age,"age, education, gender, race",4.0,1.0
1,mean,DICES-990,841,46,0.02564102564102564,False,,,,,,,,,,,,,,,
1,mean,DICES-990,842,47,0.021739130434782608,False,,,,,,,,,,,,,,,
1,mean,DICES-990,843,46,0.058823529411764726,False,,,,,,,,,,,,,,,
1,mean,DICES-990,844,45,0.07142857142857142,False,,,,,,,,,,,,,,,
1,mean,DICES-990,845,48,0.33333333333333337,True,13.0,3.0,2.6153846153846154,3.6923076923076925,0.33333333333333337,0.33333333333333337,0.40277777777777773,-0.20833333333333304,8.0,0.32563835987355727,0.2877071150097466,age,"age, education, gender, race",4.0,3.0
1,mean,DICES-990,846,47,0.04444444444444444,False,,,,,,,,,,,,,,,
1,mean,DICES-990,847,43,0.075,False,,,,,,,,,,,,,,,
1,mean,DICES-990,848,46,0.0,False,,,,,,,,,,,,,,,
1,mean,DICES-990,849,46,0.0,False,,,,,,,,,,,,,,,
1,mean,DICES-990,850,43,0.048780487804878044,False,,,,,,,,,,,,,,,
1,mean,DICES-990,851,46,0.023255813953488372,False,,,,,,,,,,,,,,,
1,mean,DICES-990,852,43,0.048780487804878044,False,,,,,,,,,,,,,,,
1,mean,DICES-990,853,44,0.023255813953488372,False,,,,,,,,,,,,,,,
1,mean,DICES-990,854,47,0.32352941176470584,True,10.0,4.0,2.5,4.7,0.32352941176470584,0.375,0.26063829787234044,0.19439071566731125,6.0,0.3445290014243394,0.22747183979974972,race,"age, education, gender, race",4.0,2.0
1,mean,DICES-990,855,46,0.0,False,,,,,,,,,,,,,,,
1,mean,DICES-990,856,42,0.024390243902439025,False,,,,,,,,,,,,,,,
1,mean,DICES-990,857,44,0.0,False,,,,,,,,,,,,,,,
1,mean,DICES-990,858,47,0.021739130434782608,False,,,,,,,,,,,,,,,
1,mean,DICES-990,859,46,0.29032258064516125,False,,,,,,,,,,,,,,,
1,mean,DICES-990,860,45,0.13888888888888887,False,,,,,,,,,,,,,,,
1,mean,DICES-990,861,46,0.12195121951219512,False,,,,,,,,,,,,,,,
1,mean,DICES-990,862,46,0.0,False,,,,,,,,,,,,,,,
1,mean,DICES-990,863,48,0.0,False,,,,,,,,,,,,,,,
1,mean,DICES-990,864,46,0.1891891891891892,False,,,,,,,,,,,,,,,
1,mean,DICES-990,865,47,0.15384615384615383,False,,,,,,,,,,,,,,,
1,mean,DICES-990,866,48,0.17948717948717946,False,,,,,,,,,,,,,,,
1,mean,DICES-990,867,46,0.07317073170731707,False,,,,,,,,,,,,,,,
1,mean,DICES-990,868,46,0.07317073170731707,False,,,,,,,,,,,,,,,
1,mean,DICES-990,869,46,0.2941176470588236,False,,,,,,,,,,,,,,,
1,mean,DICES-990,870,44,0.0,False,,,,,,,,,,,,,,,
1,mean,DICES-990,871,47,0.5925925925925926,True,11.0,4.0,2.6363636363636362,4.2727272727272725,0.5925925925925926,0.3333333333333333,0.40780141843971635,0.3118351063829786,7.0,0.3497583295122356,0.18365614588085657,age,"age, education, gender, race",4.0,1.0
1,mean,DICES-990,872,46,0.15789473684210528,False,,,,,,,,,,,,,,,
1,mean,DICES-990,873,46,0.024390243902439025,False,,,,,,,,,,,,,,,
1,mean,DICES-990,874,46,0.06976744186046512,False,,,,,,,,,,,,,,,
1,mean,DICES-990,875,47,0.021739130434782608,False,,,,,,,,,,,,,,,
1,mean,DICES-990,876,47,0.0,False,,,,,,,,,,,,,,,
1,mean,DICES-990,877,46,0.0,False,,,,,,,,,,,,,,,
1,mean,DICES-990,878,45,0.19444444444444445,False,,,,,,,,,,,,,,,
1,mean,DICES-990,879,44,0.023255813953488372,False,,,,,,,,,,,,,,,
1,mean,DICES-990,880,48,0.047619047619047616,False,,,,,,,,,,,,,,,
1,mean,DICES-990,881,47,0.09756097560975609,False,,,,,,,,,,,,,,,
1,mean,DICES-990,882,47,0.15384615384615383,False,,,,,,,,,,,,,,,
1,mean,DICES-990,883,44,0.047619047619047616,False,,,,,,,,,,,,,,,
1,mean,DICES-990,884,45,0.075,False,,,,,,,,,,,,,,,
1,mean,DICES-990,885,44,0.024390243902439025,False,,,,,,,,,,,,,,,
1,mean,DICES-990,886,46,0.09090909090909091,False,,,,,,,,,,,,,,,
1,mean,DICES-990,887,46,0.04761904761904762,False,,,,,,,,,,,,,,,
1,mean,DICES-990,888,45,0.046511627906976744,False,,,,,,,,,,,,,,,
1,mean,DICES-990,889,45,0.05128205128205128,False,,,,,,,,,,,,,,,
1,mean,DICES-990,890,48,0.06666666666666667,False,,,,,,,,,,,,,,,
1,mean,DICES-990,891,46,0.10526315789473684,False,,,,,,,,,,,,,,,
1,mean,DICES-990,892,46,0.0,False,,,,,,,,,,,,,,,
1,mean,DICES-990,893,47,0.18421052631578946,False,,,,,,,,,,,,,,,
1,mean,DICES-990,894,47,0.15625,False,,,,,,,,,,,,,,,
1,mean,DICES-990,895,44,0.07692307692307691,False,,,,,,,,,,,,,,,
1,mean,DICES-990,896,44,0.22580645161290322,False,,,,,,,,,,,,,,,
1,mean,DICES-990,897,43,0.1818181818181818,False,,,,,,,,,,,,,,,
1,mean,DICES-990,898,45,0.022727272727272728,False,,,,,,,,,,,,,,,
1,mean,DICES-990,899,46,0.02222222222222222,False,,,,,,,,,,,,,,,
1,mean,DICES-990,900,46,0.02222222222222222,False,,,,,,,,,,,,,,,
1,mean,DICES-990,901,46,0.375,True,11.0,4.0,3.0,4.181818181818182,0.375,0.12229437229437229,0.17831262939958592,0.5244996549344376,7.0,0.33691024636382316,0.23831834082958517,education,"age, education, gender, race",4.0,0.0
1,mean,DICES-990,902,45,0.10256410256410255,False,,,,,,,,,,,,,,,
1,mean,DICES-990,903,44,0.18750000000000003,False,,,,,,,,,,,,,,,
1,mean,DICES-990,904,45,0.12121212121212123,False,,,,,,,,,,,,,,,
1,mean,DICES-990,905,45,0.05405405405405405,False,,,,,,,,,,,,,,,
1,mean,DICES-990,906,47,0.021739130434782608,False,,,,,,,,,,,,,,,
1,mean,DICES-990,907,46,0.05,False,,,,,,,,,,,,,,,
1,mean,DICES-990,908,46,0.10526315789473684,False,,,,,,,,,,,,,,,
1,mean,DICES-990,909,45,0.0975609756097561,False,,,,,,,,,,,,,,,
1,mean,DICES-990,910,47,0.07894736842105263,False,,,,,,,,,,,,,,,
1,mean,DICES-990,911,46,0.0,False,,,,,,,,,,,,,,,
1,mean,DICES-990,912,49,0.021739130434782605,False,,,,,,,,,,,,,,,
1,mean,DICES-990,913,48,0.0,False,,,,,,,,,,,,,,,
1,mean,DICES-990,914,45,0.0,False,,,,,,,,,,,,,,,
1,mean,DICES-990,915,45,0.10256410256410255,False,,,,,,,,,,,,,,,
1,mean,DICES-990,916,46,0.14285714285714285,False,,,,,,,,,,,,,,,
1,mean,DICES-990,917,44,0.049999999999999996,False,,,,,,,,,,,,,,,
1,mean,DICES-990,918,45,0.02380952380952381,False,,,,,,,,,,,,,,,
1,mean,DICES-990,919,47,0.09756097560975609,False,,,,,,,,,,,,,,,
1,mean,DICES-990,920,45,0.8636363636363636,True,12.0,4.0,2.8333333333333335,3.75,0.8636363636363636,0.42658730158730157,0.35343915343915344,0.590754664438875,8.0,0.27336139169472506,0.48987093153759825,race,"age, education, gender, race",4.0,3.0
1,mean,DICES-990,921,46,0.04545454545454545,False,,,,,,,,,,,,,,,
1,mean,DICES-990,922,44,0.0,False,,,,,,,,,,,,,,,
1,mean,DICES-990,923,44,0.11111111111111109,False,,,,,,,,,,,,,,,
1,mean,DICES-990,924,45,0.046511627906976744,False,,,,,,,,,,,,,,,
1,mean,DICES-990,925,47,0.048780487804878044,False,,,,,,,,,,,,,,,
1,mean,DICES-990,926,44,0.023255813953488372,False,,,,,,,,,,,,,,,
1,mean,DICES-990,927,42,0.19999999999999998,False,,,,,,,,,,,,,,,
1,mean,DICES-990,928,46,0.02222222222222222,False,,,,,,,,,,,,,,,
1,mean,DICES-990,929,46,0.6296296296296297,True,13.0,3.0,2.6153846153846154,3.5384615384615383,0.6296296296296297,0.35256410256410253,0.3931159420289855,0.3756393861892584,9.0,0.30611766944827945,0.2510802469135803,race,"age, gender, race",3.0,2.0
1,mean,DICES-990,930,45,0.024999999999999998,False,,,,,,,,,,,,,,,
1,mean,DICES-990,931,46,0.0,False,,,,,,,,,,,,,,,
1,mean,DICES-990,932,47,0.15384615384615383,False,,,,,,,,,,,,,,,
1,mean,DICES-990,933,47,0.060606060606060615,False,,,,,,,,,,,,,,,
1,mean,DICES-990,934,45,0.0,False,,,,,,,,,,,,,,,
1,mean,DICES-990,935,48,0.043478260869565216,False,,,,,,,,,,,,,,,
1,mean,DICES-990,936,48,0.06976744186046512,False,,,,,,,,,,,,,,,
1,mean,DICES-990,937,44,0.0,False,,,,,,,,,,,,,,,
1,mean,DICES-990,938,45,0.07894736842105261,False,,,,,,,,,,,,,,,
1,mean,DICES-990,939,45,0.0,False,,,,,,,,,,,,,,,
1,mean,DICES-990,940,47,0.06818181818181818,False,,,,,,,,,,,,,,,
1,mean,DICES-990,941,46,0.1794871794871795,False,,,,,,,,,,,,,,,
1,mean,DICES-990,942,45,0.3870967741935484,True,9.0,3.0,2.3333333333333335,5.0,0.3870967741935484,0.3796296296296296,0.2833333333333333,0.2680555555555556,4.0,0.3149767553377384,0.2672640382317802,race,"age, gender, race",3.0,2.0
1,mean,DICES-990,943,45,0.39999999999999997,True,10.0,4.0,3.1,4.5,0.39999999999999997,0.2833333333333333,0.24074074074074073,0.39814814814814814,6.0,0.31165324319028026,0.18930041152263374,age,"age, education, gender, race",4.0,1.0
1,mean,DICES-990,944,46,0.023255813953488372,False,,,,,,,,,,,,,,,
1,mean,DICES-990,945,46,0.1282051282051282,False,,,,,,,,,,,,,,,
1,mean,DICES-990,946,47,0.3636363636363637,True,13.0,3.0,2.6153846153846154,3.6153846153846154,0.3636363636363637,0.45128205128205134,0.4475177304964539,-0.23067375886524788,8.0,0.23243796572175796,0.12797436189175862,age,"age, education, gender, race",4.0,4.0
1,mean,DICES-990,947,46,0.1891891891891892,False,,,,,,,,,,,,,,,
1,mean,DICES-990,948,47,0.09756097560975609,False,,,,,,,,,,,,,,,
1,mean,DICES-990,949,43,0.0,False,,,,,,,,,,,,,,,
1,mean,DICES-990,950,45,0.07142857142857142,False,,,,,,,,,,,,,,,
1,mean,DICES-990,951,48,0.02222222222222222,False,,,,,,,,,,,,,,,
1,mean,DICES-990,952,47,0.3870967741935484,True,12.0,3.0,2.4166666666666665,3.9166666666666665,0.3870967741935484,0.25357142857142856,0.24346504559270518,0.3710486322188449,7.0,0.2812245038627527,0.28763440860215056,race,"age, education, gender, race",4.0,1.0
1,mean,DICES-990,953,42,0.2258064516129032,False,,,,,,,,,,,,,,,
1,mean,DICES-990,954,46,0.0,False,,,,,,,,,,,,,,,
1,mean,DICES-990,955,46,0.1282051282051282,False,,,,,,,,,,,,,,,
1,mean,DICES-990,956,46,0.04545454545454545,False,,,,,,,,,,,,,,,
1,mean,DICES-990,957,46,0.0,False,,,,,,,,,,,,,,,
1,mean,DICES-990,958,45,0.7916666666666666,True,10.0,3.0,2.4,4.5,0.7916666666666666,0.43166666666666664,0.43444444444444447,0.45122807017543853,5.0,0.3072841393710959,0.4153703703703704,race,"age, gender, race",3.0,1.0
1,mean,DICES-990,959,46,0.07317073170731707,False,,,,,,,,,,,,,,,
1,mean,DICES-990,960,43,0.07894736842105263,False,,,,,,,,,,,,,,,
1,mean,DICES-990,961,46,0.04761904761904762,False,,,,,,,,,,,,,,,
1,mean,DICES-990,962,47,0.09756097560975609,False,,,,,,,,,,,,,,,
1,mean,DICES-990,963,47,0.023809523809523805,False,,,,,,,,,,,,,,,
1,mean,DICES-990,964,47,0.04651162790697674,False,,,,,,,,,,,,,,,
1,mean,DICES-990,965,43,0.048780487804878044,False,,,,,,,,,,,,,,,
1,mean,DICES-990,966,47,0.12499999999999999,False,,,,,,,,,,,,,,,
1,mean,DICES-990,967,45,0.17142857142857143,False,,,,,,,,,,,,,,,
1,mean,DICES-990,968,45,0.022727272727272728,False,,,,,,,,,,,,,,,
1,mean,DICES-990,969,43,0.0,False,,,,,,,,,,,,,,,
1,mean,DICES-990,970,46,0.2941176470588236,False,,,,,,,,,,,,,,,
1,mean,DICES-990,971,46,0.24324324324324326,False,,,,,,,,,,,,,,,
1,mean,DICES-990,972,46,0.023255813953488372,False,,,,,,,,,,,,,,,
1,mean,DICES-990,973,45,0.34375,True,11.0,4.0,3.090909090909091,4.090909090909091,0.34375,0.35454545454545455,0.3325925925925926,0.03245791245791241,6.0,0.33404510894856426,0.23949074074074073,education,"age, education, gender, race",4.0,2.0
1,mean,DICES-990,974,45,0.046511627906976744,False,,,,,,,,,,,,,,,
1,mean,DICES-990,975,45,0.022727272727272728,False,,,,,,,,,,,,,,,
1,mean,DICES-990,976,46,0.0,False,,,,,,,,,,,,,,,
1,mean,DICES-990,977,44,0.07317073170731707,False,,,,,,,,,,,,,,,
1,mean,DICES-990,978,45,0.0,False,,,,,,,,,,,,,,,
1,mean,DICES-990,979,44,0.16666666666666666,False,,,,,,,,,,,,,,,
1,mean,DICES-990,980,47,0.19354838709677424,False,,,,,,,,,,,,,,,
1,mean,DICES-990,981,45,0.022727272727272728,False,,,,,,,,,,,,,,,
1,mean,DICES-990,982,43,0.0,False,,,,,,,,,,,,,,,
1,mean,DICES-990,983,46,0.2571428571428571,False,,,,,,,,,,,,,,,
1,mean,DICES-990,984,47,0.06818181818181818,False,,,,,,,,,,,,,,,
1,mean,DICES-990,985,44,0.024390243902439025,False,,,,,,,,,,,,,,,
1,mean,DICES-990,986,46,0.07317073170731707,False,,,,,,,,,,,,,,,
1,mean,DICES-990,987,49,0.13157894736842105,False,,,,,,,,,,,,,,,
1,mean,DICES-990,988,45,0.075,False,,,,,,,,,,,,,,,
1,mean,DICES-990,989,42,0.08108108108108107,False,,,,,,,,,,,,,,,
1,harmonic,DICES-990,0,45,0.4333333333333334,True,1.0,0.0,0.0,45.0,0.4333333333333334,0.4333333333333334,0.4333333333333334,0.0,0.0,,,,,0.0,0.0
1,harmonic,DICES-990,1,44,0.0,False,,,,,,,,,,,,,,,
1,harmonic,DICES-990,2,46,0.023255813953488372,False,,,,,,,,,,,,,,,
1,harmonic,DICES-990,3,47,0.022727272727272728,False,,,,,,,,,,,,,,,
1,harmonic,DICES-990,4,46,0.05,False,,,,,,,,,,,,,,,
1,harmonic,DICES-990,5,47,0.0,False,,,,,,,,,,,,,,,
1,harmonic,DICES-990,6,46,0.0,False,,,,,,,,,,,,,,,
1,harmonic,DICES-990,7,46,0.3142857142857143,True,9.0,3.0,2.2222222222222223,5.111111111111111,0.3142857142857143,0.32592592592592595,0.35362318840579715,-0.12516469038208178,5.0,0.151241561619174,0.14595954641983738,race,"age, gender, race",3.0,0.0
1,harmonic,DICES-990,8,48,0.043478260869565216,False,,,,,,,,,,,,,,,
1,harmonic,DICES-990,9,46,0.375,True,5.0,2.0,1.4,9.2,0.375,0.26666666666666666,0.4673913043478261,-0.24637681159420288,2.0,0.14532305044353233,0.18350324374420754,race,"gender, race",2.0,1.0
1,harmonic,DICES-990,10,48,0.0,False,,,,,,,,,,,,,,,
1,harmonic,DICES-990,11,46,0.13513513513513514,False,,,,,,,,,,,,,,,
1,harmonic,DICES-990,12,45,0.0,False,,,,,,,,,,,,,,,
1,harmonic,DICES-990,13,46,0.1,False,,,,,,,,,,,,,,,
1,harmonic,DICES-990,14,48,0.02222222222222222,False,,,,,,,,,,,,,,,
1,harmonic,DICES-990,15,47,0.04651162790697674,False,,,,,,,,,,,,,,,
1,harmonic,DICES-990,16,46,0.2571428571428571,False,,,,,,,,,,,,,,,
1,harmonic,DICES-990,17,46,0.09090909090909091,False,,,,,,,,,,,,,,,
1,harmonic,DICES-990,18,46,0.04761904761904762,False,,,,,,,,,,,,,,,
1,harmonic,DICES-990,19,44,0.3333333333333333,True,1.0,0.0,0.0,44.0,0.3333333333333333,0.3333333333333333,0.3333333333333333,0.0,0.0,,,,,0.0,0.0
1,harmonic,DICES-990,20,49,0.044444444444444446,False,,,,,,,,,,,,,,,
1,harmonic,DICES-990,21,48,0.7272727272727273,True,8.0,3.0,2.125,6.0,0.7272727272727273,0.2746212121212121,0.2711489898989899,0.6271701388888888,4.0,0.22273525183336745,0.3532259714282467,age,"age, gender, race",3.0,1.0
1,harmonic,DICES-990,22,47,0.022727272727272728,False,,,,,,,,,,,,,,,
1,harmonic,DICES-990,23,46,0.02222222222222222,False,,,,,,,,,,,,,,,
1,harmonic,DICES-990,24,48,0.0,False,,,,,,,,,,,,,,,
1,harmonic,DICES-990,25,45,0.075,False,,,,,,,,,,,,,,,
1,harmonic,DICES-990,26,45,0.08333333333333333,False,,,,,,,,,,,,,,,
1,harmonic,DICES-990,27,43,0.31999999999999995,True,8.0,3.0,2.125,5.375,0.31999999999999995,0.40625,0.35852713178294576,-0.12039728682170558,4.0,0.2749270694560184,0.24368650425091093,race,"age, gender, race",3.0,1.0
1,harmonic,DICES-990,28,45,0.048780487804878044,False,,,,,,,,,,,,,,,
1,harmonic,DICES-990,29,45,0.10256410256410255,False,,,,,,,,,,,,,,,
1,harmonic,DICES-990,30,44,0.07317073170731707,False,,,,,,,,,,,,,,,
1,harmonic,DICES-990,31,46,0.023255813953488372,False,,,,,,,,,,,,,,,
1,harmonic,DICES-990,32,47,0.07142857142857142,False,,,,,,,,,,,,,,,
1,harmonic,DICES-990,33,45,0.07142857142857142,False,,,,,,,,,,,,,,,
1,harmonic,DICES-990,34,46,0.06976744186046512,False,,,,,,,,,,,,,,,
1,harmonic,DICES-990,35,45,0.046511627906976744,False,,,,,,,,,,,,,,,
1,harmonic,DICES-990,36,45,0.02380952380952381,False,,,,,,,,,,,,,,,
1,harmonic,DICES-990,37,46,0.15789473684210528,False,,,,,,,,,,,,,,,
1,harmonic,DICES-990,38,46,0.09523809523809525,False,,,,,,,,,,,,,,,
1,harmonic,DICES-990,39,45,0.048780487804878044,False,,,,,,,,,,,,,,,
1,harmonic,DICES-990,40,45,0.11428571428571428,False,,,,,,,,,,,,,,,
1,harmonic,DICES-990,41,42,0.0,False,,,,,,,,,,,,,,,
1,harmonic,DICES-990,42,47,0.3870967741935484,True,6.0,3.0,1.8333333333333333,7.833333333333333,0.3870967741935484,0.2619047619047619,0.21732522796352582,0.4385764944275583,3.0,0.34551246641602545,0.1963734648218469,race,"education, gender, race",3.0,1.0
1,harmonic,DICES-990,43,48,0.02222222222222222,False,,,,,,,,,,,,,,,
1,harmonic,DICES-990,44,44,0.13513513513513511,False,,,,,,,,,,,,,,,
1,harmonic,DICES-990,45,45,0.21875,False,,,,,,,,,,,,,,,
1,harmonic,DICES-990,46,46,0.06976744186046512,False,,,,,,,,,,,,,,,
1,harmonic,DICES-990,47,45,0.022727272727272728,False,,,,,,,,,,,,,,,
1,harmonic,DICES-990,48,48,0.3142857142857143,True,1.0,0.0,0.0,48.0,0.3142857142857143,0.3142857142857143,0.3142857142857143,0.0,0.0,,,,,0.0,0.0
1,harmonic,DICES-990,49,48,0.02127659574468085,False,,,,,,,,,,,,,,,
1,harmonic,DICES-990,50,42,0.0,False,,,,,,,,,,,,,,,
1,harmonic,DICES-990,51,45,0.07142857142857142,False,,,,,,,,,,,,,,,
1,harmonic,DICES-990,52,46,0.04545454545454545,False,,,,,,,,,,,,,,,
1,harmonic,DICES-990,53,45,0.0,False,,,,,,,,,,,,,,,
1,harmonic,DICES-990,54,47,0.175,False,,,,,,,,,,,,,,,
1,harmonic,DICES-990,55,47,0.17142857142857146,False,,,,,,,,,,,,,,,
1,harmonic,DICES-990,56,48,0.11627906976744186,False,,,,,,,,,,,,,,,
1,harmonic,DICES-990,57,46,0.1,False,,,,,,,,,,,,,,,
1,harmonic,DICES-990,58,46,0.023255813953488372,False,,,,,,,,,,,,,,,
1,harmonic,DICES-990,59,45,0.07142857142857142,False,,,,,,,,,,,,,,,
1,harmonic,DICES-990,60,49,0.0930232558139535,False,,,,,,,,,,,,,,,
1,harmonic,DICES-990,61,46,0.10526315789473684,False,,,,,,,,,,,,,,,
1,harmonic,DICES-990,62,47,0.06818181818181818,False,,,,,,,,,,,,,,,
1,harmonic,DICES-990,63,44,0.1,False,,,,,,,,,,,,,,,
1,harmonic,DICES-990,64,47,0.06818181818181818,False,,,,,,,,,,,,,,,
1,harmonic,DICES-990,65,46,0.04545454545454545,False,,,,,,,,,,,,,,,
1,harmonic,DICES-990,66,48,0.19999999999999998,False,,,,,,,,,,,,,,,
1,harmonic,DICES-990,67,47,0.38235294117647056,True,6.0,2.0,1.6666666666666667,7.833333333333333,0.38235294117647056,0.406024531024531,0.3314681772128581,0.13308322882790957,3.0,0.2402568820639024,0.09781453990953898,race,"gender, race",2.0,1.0
1,harmonic,DICES-990,68,47,0.0,False,,,,,,,,,,,,,,,
1,harmonic,DICES-990,69,44,0.024390243902439025,False,,,,,,,,,,,,,,,
1,harmonic,DICES-990,70,46,0.0,False,,,,,,,,,,,,,,,
1,harmonic,DICES-990,71,45,0.10256410256410255,False,,,,,,,,,,,,,,,
1,harmonic,DICES-990,72,46,0.024390243902439025,False,,,,,,,,,,,,,,,
1,harmonic,DICES-990,73,47,0.1388888888888889,False,,,,,,,,,,,,,,,
1,harmonic,DICES-990,74,44,0.0,False,,,,,,,,,,,,,,,
1,harmonic,DICES-990,75,46,0.09523809523809525,False,,,,,,,,,,,,,,,
1,harmonic,DICES-990,76,45,0.0,False,,,,,,,,,,,,,,,
1,harmonic,DICES-990,77,42,0.0857142857142857,False,,,,,,,,,,,,,,,
1,harmonic,DICES-990,78,43,0.10810810810810811,False,,,,,,,,,,,,,,,
1,harmonic,DICES-990,79,46,0.09523809523809525,False,,,,,,,,,,,,,,,
1,harmonic,DICES-990,80,46,0.04761904761904762,False,,,,,,,,,,,,,,,
1,harmonic,DICES-990,81,47,0.05405405405405404,False,,,,,,,,,,,,,,,
1,harmonic,DICES-990,82,43,0.02380952380952381,False,,,,,,,,,,,,,,,
1,harmonic,DICES-990,83,47,0.20588235294117646,False,,,,,,,,,,,,,,,
1,harmonic,DICES-990,84,47,0.19444444444444445,False,,,,,,,,,,,,,,,
1,harmonic,DICES-990,85,42,0.0,False,,,,,,,,,,,,,,,
1,harmonic,DICES-990,86,47,0.0,False,,,,,,,,,,,,,,,
1,harmonic,DICES-990,87,45,0.07142857142857142,False,,,,,,,,,,,,,,,
1,harmonic,DICES-990,88,46,0.0,False,,,,,,,,,,,,,,,
1,harmonic,DICES-990,89,44,0.1,False,,,,,,,,,,,,,,,
1,harmonic,DICES-990,90,46,0.06976744186046512,False,,,,,,,,,,,,,,,
1,harmonic,DICES-990,91,47,0.0,False,,,,,,,,,,,,,,,
1,harmonic,DICES-990,92,46,0.22580645161290325,False,,,,,,,,,,,,,,,
1,harmonic,DICES-990,93,45,0.13888888888888887,False,,,,,,,,,,,,,,,
1,harmonic,DICES-990,94,47,0.48275862068965514,True,10.0,3.0,2.2,4.7,0.48275862068965514,0.5166666666666667,0.5496453900709221,-0.13855116514691002,5.0,0.1881199790641858,0.16565627712403283,race,"age, gender, race",3.0,3.0
1,harmonic,DICES-990,95,43,0.025,False,,,,,,,,,,,,,,,
1,harmonic,DICES-990,96,45,0.075,False,,,,,,,,,,,,,,,
1,harmonic,DICES-990,97,48,0.02127659574468085,False,,,,,,,,,,,,,,,
1,harmonic,DICES-990,98,45,0.0,False,,,,,,,,,,,,,,,
1,harmonic,DICES-990,99,47,0.021739130434782608,False,,,,,,,,,,,,,,,
1,harmonic,DICES-990,100,44,0.049999999999999996,False,,,,,,,,,,,,,,,
1,harmonic,DICES-990,101,47,0.0,False,,,,,,,,,,,,,,,
1,harmonic,DICES-990,102,45,0.048780487804878044,False,,,,,,,,,,,,,,,
1,harmonic,DICES-990,103,45,0.024999999999999998,False,,,,,,,,,,,,,,,
1,harmonic,DICES-990,104,45,0.046511627906976744,False,,,,,,,,,,,,,,,
1,harmonic,DICES-990,105,46,0.023255813953488372,False,,,,,,,,,,,,,,,
1,harmonic,DICES-990,106,49,0.13953488372093023,False,,,,,,,,,,,,,,,
1,harmonic,DICES-990,107,46,0.0,False,,,,,,,,,,,,,,,
1,harmonic,DICES-990,108,50,0.08695652173913043,False,,,,,,,,,,,,,,,
1,harmonic,DICES-990,109,45,0.15625,False,,,,,,,,,,,,,,,
1,harmonic,DICES-990,110,46,0.15,False,,,,,,,,,,,,,,,
1,harmonic,DICES-990,111,46,0.1,False,,,,,,,,,,,,,,,
1,harmonic,DICES-990,112,48,0.02222222222222222,False,,,,,,,,,,,,,,,
1,harmonic,DICES-990,113,47,0.17142857142857146,False,,,,,,,,,,,,,,,
1,harmonic,DICES-990,114,47,0.0,False,,,,,,,,,,,,,,,
1,harmonic,DICES-990,115,47,0.19444444444444445,False,,,,,,,,,,,,,,,
1,harmonic,DICES-990,116,47,0.43333333333333335,True,1.0,0.0,0.0,47.0,0.43333333333333335,0.43333333333333335,0.43333333333333335,0.0,0.0,,,,,0.0,0.0
1,harmonic,DICES-990,117,46,0.5384615384615384,True,7.0,3.0,1.8571428571428572,6.571428571428571,0.5384615384615384,0.2841991341991342,0.32177206851119894,0.40242330133634485,3.0,0.24087806946670218,0.1684235777055593,race,"age, gender, race",3.0,0.0
1,harmonic,DICES-990,118,48,0.4482758620689655,True,1.0,0.0,0.0,48.0,0.4482758620689655,0.4482758620689655,0.4482758620689655,0.0,0.0,,,,,0.0,0.0
1,harmonic,DICES-990,119,48,0.02127659574468085,False,,,,,,,,,,,,,,,
1,harmonic,DICES-990,120,47,0.2368421052631579,False,,,,,,,,,,,,,,,
1,harmonic,DICES-990,121,45,0.048780487804878044,False,,,,,,,,,,,,,,,
1,harmonic,DICES-990,122,44,0.024390243902439025,False,,,,,,,,,,,,,,,
1,harmonic,DICES-990,123,45,0.3225806451612903,True,1.0,0.0,0.0,45.0,0.3225806451612903,0.3225806451612903,0.3225806451612903,0.0,0.0,,,,,0.0,0.0
1,harmonic,DICES-990,124,46,0.024390243902439025,False,,,,,,,,,,,,,,,
1,harmonic,DICES-990,125,47,0.303030303030303,True,1.0,0.0,0.0,47.0,0.303030303030303,0.303030303030303,0.303030303030303,0.0,0.0,,,,,0.0,0.0
1,harmonic,DICES-990,126,43,0.02380952380952381,False,,,,,,,,,,,,,,,
1,harmonic,DICES-990,127,47,0.15384615384615383,False,,,,,,,,,,,,,,,
1,harmonic,DICES-990,128,46,0.04545454545454545,False,,,,,,,,,,,,,,,
1,harmonic,DICES-990,129,46,0.06976744186046512,False,,,,,,,,,,,,,,,
1,harmonic,DICES-990,130,46,0.0,False,,,,,,,,,,,,,,,
1,harmonic,DICES-990,131,47,0.0,False,,,,,,,,,,,,,,,
1,harmonic,DICES-990,132,46,0.3125,True,10.0,3.0,2.3,4.6,0.3125,0.45833333333333337,0.3496376811594203,-0.11884057971014483,4.0,0.17347183357811174,0.0786290322580645,gender,"age, gender, race",3.0,3.0
1,harmonic,DICES-990,133,47,0.07142857142857142,False,,,,,,,,,,,,,,,
1,harmonic,DICES-990,134,46,0.06976744186046512,False,,,,,,,,,,,,,,,
1,harmonic,DICES-990,135,47,0.10256410256410255,False,,,,,,,,,,,,,,,
1,harmonic,DICES-990,136,46,0.04761904761904762,False,,,,,,,,,,,,,,,
1,harmonic,DICES-990,137,46,0.1,False,,,,,,,,,,,,,,,
1,harmonic,DICES-990,138,47,0.0,False,,,,,,,,,,,,,,,
1,harmonic,DICES-990,139,45,0.022727272727272728,False,,,,,,,,,,,,,,,
1,harmonic,DICES-990,140,46,0.8333333333333334,True,4.0,1.0,1.0,11.5,0.8333333333333334,0.4732905982905983,0.522482348569305,0.37302118171683407,1.0,0.30595976619930443,0.30595976619930443,race,race,1.0,0.0
1,harmonic,DICES-990,141,48,0.22222222222222224,False,,,,,,,,,,,,,,,
1,harmonic,DICES-990,142,46,0.07317073170731707,False,,,,,,,,,,,,,,,
1,harmonic,DICES-990,143,46,0.02222222222222222,False,,,,,,,,,,,,,,,
1,harmonic,DICES-990,144,46,0.04545454545454545,False,,,,,,,,,,,,,,,
1,harmonic,DICES-990,145,47,0.048780487804878044,False,,,,,,,,,,,,,,,
1,harmonic,DICES-990,146,46,0.07317073170731707,False,,,,,,,,,,,,,,,
1,harmonic,DICES-990,147,47,0.3448275862068965,True,10.0,4.0,2.6,4.7,0.3448275862068965,0.16666666666666666,0.14184397163120566,0.5886524822695036,6.0,0.24609347642658008,0.12265257488540865,race,"age, education, gender, race",4.0,0.0
1,harmonic,DICES-990,148,47,0.36666666666666664,True,10.0,4.0,2.4,4.7,0.36666666666666664,0.2033333333333333,0.20212765957446813,0.44874274661508684,5.0,0.2330964670933895,0.11967468112528348,race,"age, education, gender, race",4.0,0.0
1,harmonic,DICES-990,149,47,0.2702702702702703,False,,,,,,,,,,,,,,,
1,harmonic,DICES-990,150,46,0.22580645161290325,False,,,,,,,,,,,,,,,
1,harmonic,DICES-990,151,47,0.04651162790697674,False,,,,,,,,,,,,,,,
1,harmonic,DICES-990,152,48,0.07692307692307693,False,,,,,,,,,,,,,,,
1,harmonic,DICES-990,153,48,0.0,False,,,,,,,,,,,,,,,
1,harmonic,DICES-990,154,47,0.09756097560975609,False,,,,,,,,,,,,,,,
1,harmonic,DICES-990,155,44,0.047619047619047616,False,,,,,,,,,,,,,,,
1,harmonic,DICES-990,156,48,0.0,False,,,,,,,,,,,,,,,
1,harmonic,DICES-990,157,46,0.04761904761904762,False,,,,,,,,,,,,,,,
1,harmonic,DICES-990,158,46,0.0,False,,,,,,,,,,,,,,,
1,harmonic,DICES-990,159,45,0.07894736842105261,False,,,,,,,,,,,,,,,
1,harmonic,DICES-990,160,47,0.09302325581395349,False,,,,,,,,,,,,,,,
1,harmonic,DICES-990,161,47,0.13157894736842105,False,,,,,,,,,,,,,,,
1,harmonic,DICES-990,162,47,0.0,False,,,,,,,,,,,,,,,
1,harmonic,DICES-990,163,46,0.0,False,,,,,,,,,,,,,,,
1,harmonic,DICES-990,164,44,0.25,False,,,,,,,,,,,,,,,
1,harmonic,DICES-990,165,45,0.21621621621621623,False,,,,,,,,,,,,,,,
1,harmonic,DICES-990,166,45,0.25806451612903225,False,,,,,,,,,,,,,,,
1,harmonic,DICES-990,167,47,0.021739130434782608,False,,,,,,,,,,,,,,,
1,harmonic,DICES-990,168,46,0.1891891891891892,False,,,,,,,,,,,,,,,
1,harmonic,DICES-990,169,47,0.023809523809523805,False,,,,,,,,,,,,,,,
1,harmonic,DICES-990,170,47,0.021739130434782608,False,,,,,,,,,,,,,,,
1,harmonic,DICES-990,171,46,0.0,False,,,,,,,,,,,,,,,
1,harmonic,DICES-990,172,46,0.0,False,,,,,,,,,,,,,,,
1,harmonic,DICES-990,173,47,0.07500000000000001,False,,,,,,,,,,,,,,,
1,harmonic,DICES-990,174,47,0.021739130434782608,False,,,,,,,,,,,,,,,
1,harmonic,DICES-990,175,42,0.0,False,,,,,,,,,,,,,,,
1,harmonic,DICES-990,176,48,0.0857142857142857,False,,,,,,,,,,,,,,,
1,harmonic,DICES-990,177,46,0.04545454545454545,False,,,,,,,,,,,,,,,
1,harmonic,DICES-990,178,44,0.8260869565217391,True,1.0,0.0,0.0,44.0,0.8260869565217391,0.8260869565217391,0.8260869565217391,0.0,0.0,,,,,0.0,0.0
1,harmonic,DICES-990,179,47,0.36666666666666664,True,11.0,3.0,2.4545454545454546,4.2727272727272725,0.36666666666666664,0.16666666666666666,0.21631205673758863,0.4100580270793037,6.0,0.2029722434156708,0.07639257294429706,race,"age, gender, race",3.0,1.0
1,harmonic,DICES-990,180,44,0.5833333333333334,True,3.0,1.0,1.0,14.666666666666666,0.5833333333333334,0.4047619047619048,0.4902597402597403,0.15955473098330242,1.0,0.1492920912616106,0.1492920912616106,age,age,1.0,0.0
1,harmonic,DICES-990,181,44,0.3571428571428572,True,10.0,3.0,2.5,4.4,0.3571428571428572,0.225,0.23295454545454544,0.3477272727272729,6.0,0.22883933094507383,0.07993441278950593,race,"age, gender, race",3.0,1.0
1,harmonic,DICES-990,182,45,0.0,False,,,,,,,,,,,,,,,
1,harmonic,DICES-990,183,48,0.02127659574468085,False,,,,,,,,,,,,,,,
1,harmonic,DICES-990,184,44,0.07317073170731707,False,,,,,,,,,,,,,,,
1,harmonic,DICES-990,185,47,0.0,False,,,,,,,,,,,,,,,
1,harmonic,DICES-990,186,46,0.35294117647058826,True,6.0,2.0,1.6666666666666667,7.666666666666667,0.35294117647058826,0.2152777777777778,0.40670289855072467,-0.15232487922705307,3.0,0.06455336070269556,0.10300074144874607,race,"education, gender, race",3.0,0.0
1,harmonic,DICES-990,187,48,0.02222222222222222,False,,,,,,,,,,,,,,,
1,harmonic,DICES-990,188,46,0.15789473684210528,False,,,,,,,,,,,,,,,
1,harmonic,DICES-990,189,46,0.21212121212121215,False,,,,,,,,,,,,,,,
1,harmonic,DICES-990,190,48,0.11627906976744186,False,,,,,,,,,,,,,,,
1,harmonic,DICES-990,191,46,0.04545454545454545,False,,,,,,,,,,,,,,,
1,harmonic,DICES-990,192,46,0.2,False,,,,,,,,,,,,,,,
1,harmonic,DICES-990,193,45,0.046511627906976744,False,,,,,,,,,,,,,,,
1,harmonic,DICES-990,194,46,0.06976744186046512,False,,,,,,,,,,,,,,,
1,harmonic,DICES-990,195,46,0.023255813953488372,False,,,,,,,,,,,,,,,
1,harmonic,DICES-990,196,48,0.0,False,,,,,,,,,,,,,,,
1,harmonic,DICES-990,197,46,0.02222222222222222,False,,,,,,,,,,,,,,,
1,harmonic,DICES-990,198,44,0.025641025641025633,False,,,,,,,,,,,,,,,
1,harmonic,DICES-990,199,47,0.10256410256410255,False,,,,,,,,,,,,,,,
1,harmonic,DICES-990,200,46,0.4666666666666667,True,10.0,3.0,2.4,4.6,0.4666666666666667,0.30666666666666664,0.29130434782608694,0.37577639751552805,6.0,0.2734634104019587,0.10686184812442807,age,"age, gender, race",3.0,0.0
1,harmonic,DICES-990,201,46,0.06976744186046512,False,,,,,,,,,,,,,,,
1,harmonic,DICES-990,202,46,0.02222222222222222,False,,,,,,,,,,,,,,,
1,harmonic,DICES-990,203,47,0.04651162790697674,False,,,,,,,,,,,,,,,
1,harmonic,DICES-990,204,47,0.303030303030303,True,6.0,2.0,1.5,7.833333333333333,0.303030303030303,0.34848484848484845,0.31753707285622185,-0.047872340425532345,2.0,0.1412876553284564,0.15697722453251087,race,"age, race",2.0,1.0
1,harmonic,DICES-990,205,48,0.06666666666666667,False,,,,,,,,,,,,,,,
1,harmonic,DICES-990,206,49,0.0,False,,,,,,,,,,,,,,,
1,harmonic,DICES-990,207,48,0.02127659574468085,False,,,,,,,,,,,,,,,
1,harmonic,DICES-990,208,44,0.0,False,,,,,,,,,,,,,,,
1,harmonic,DICES-990,209,44,0.024390243902439025,False,,,,,,,,,,,,,,,
1,harmonic,DICES-990,210,45,0.17142857142857143,False,,,,,,,,,,,,,,,
1,harmonic,DICES-990,211,41,0.0,False,,,,,,,,,,,,,,,
1,harmonic,DICES-990,212,46,0.02222222222222222,False,,,,,,,,,,,,,,,
1,harmonic,DICES-990,213,46,0.02222222222222222,False,,,,,,,,,,,,,,,
1,harmonic,DICES-990,214,47,0.04444444444444444,False,,,,,,,,,,,,,,,
1,harmonic,DICES-990,215,47,0.2702702702702703,False,,,,,,,,,,,,,,,
1,harmonic,DICES-990,216,48,0.0,False,,,,,,,,,,,,,,,
1,harmonic,DICES-990,217,47,0.0,False,,,,,,,,,,,,,,,
1,harmonic,DICES-990,218,45,0.0,False,,,,,,,,,,,,,,,
1,harmonic,DICES-990,219,46,0.09523809523809525,False,,,,,,,,,,,,,,,
1,harmonic,DICES-990,220,47,0.05128205128205129,False,,,,,,,,,,,,,,,
1,harmonic,DICES-990,221,47,0.022727272727272728,False,,,,,,,,,,,,,,,
1,harmonic,DICES-990,222,48,0.023255813953488375,False,,,,,,,,,,,,,,,
1,harmonic,DICES-990,223,47,0.048780487804878044,False,,,,,,,,,,,,,,,
1,harmonic,DICES-990,224,46,0.16666666666666666,False,,,,,,,,,,,,,,,
1,harmonic,DICES-990,225,46,0.16666666666666666,False,,,,,,,,,,,,,,,
1,harmonic,DICES-990,226,46,0.2,False,,,,,,,,,,,,,,,
1,harmonic,DICES-990,227,46,0.024390243902439025,False,,,,,,,,,,,,,,,
1,harmonic,DICES-990,228,47,0.0,False,,,,,,,,,,,,,,,
1,harmonic,DICES-990,229,46,0.3125,True,7.0,2.0,1.7142857142857142,6.571428571428571,0.3125,0.3880952380952381,0.3793478260869565,-0.2139130434782608,3.0,0.10460949410499248,0.10283793511753381,race,"age, gender, race",3.0,1.0
1,harmonic,DICES-990,230,43,0.075,False,,,,,,,,,,,,,,,
1,harmonic,DICES-990,231,45,0.0,False,,,,,,,,,,,,,,,
1,harmonic,DICES-990,232,45,0.2647058823529412,False,,,,,,,,,,,,,,,
1,harmonic,DICES-990,233,44,0.1,False,,,,,,,,,,,,,,,
1,harmonic,DICES-990,234,46,0.024390243902439025,False,,,,,,,,,,,,,,,
1,harmonic,DICES-990,235,47,0.2162162162162162,False,,,,,,,,,,,,,,,
1,harmonic,DICES-990,236,47,0.04444444444444444,False,,,,,,,,,,,,,,,
1,harmonic,DICES-990,237,49,0.06818181818181818,False,,,,,,,,,,,,,,,
1,harmonic,DICES-990,238,47,0.07142857142857142,False,,,,,,,,,,,,,,,
1,harmonic,DICES-990,239,46,0.1,False,,,,,,,,,,,,,,,
1,harmonic,DICES-990,240,44,0.08108108108108107,False,,,,,,,,,,,,,,,
1,harmonic,DICES-990,241,47,0.25806451612903225,False,,,,,,,,,,,,,,,
1,harmonic,DICES-990,242,46,0.23529411764705882,False,,,,,,,,,,,,,,,
1,harmonic,DICES-990,243,47,0.022727272727272728,False,,,,,,,,,,,,,,,
1,harmonic,DICES-990,244,46,0.1282051282051282,False,,,,,,,,,,,,,,,
1,harmonic,DICES-990,245,46,0.0,False,,,,,,,,,,,,,,,
1,harmonic,DICES-990,246,47,0.0,False,,,,,,,,,,,,,,,
1,harmonic,DICES-990,247,45,0.8636363636363636,True,8.0,2.0,1.875,5.625,0.8636363636363636,0.3697916666666667,0.3064814814814815,0.6451267056530214,4.0,0.22134146646477393,0.2808638461396847,race,"age, gender, race",3.0,0.0
1,harmonic,DICES-990,248,46,0.05,False,,,,,,,,,,,,,,,
1,harmonic,DICES-990,249,44,0.1851851851851852,False,,,,,,,,,,,,,,,
1,harmonic,DICES-990,250,46,0.42857142857142855,True,1.0,0.0,0.0,46.0,0.42857142857142855,0.42857142857142855,0.4285714285714285,1.1102230246251565e-16,0.0,,,,,0.0,0.0
1,harmonic,DICES-990,251,45,0.027777777777777766,False,,,,,,,,,,,,,,,
1,harmonic,DICES-990,252,46,0.04545454545454545,False,,,,,,,,,,,,,,,
1,harmonic,DICES-990,253,45,0.17142857142857143,False,,,,,,,,,,,,,,,
1,harmonic,DICES-990,254,48,0.12195121951219513,False,,,,,,,,,,,,,,,
1,harmonic,DICES-990,255,46,0.6521739130434783,True,1.0,0.0,0.0,46.0,0.6521739130434783,0.6521739130434783,0.6521739130434783,0.0,0.0,,,,,0.0,0.0
1,harmonic,DICES-990,256,49,0.0425531914893617,False,,,,,,,,,,,,,,,
1,harmonic,DICES-990,257,43,0.02380952380952381,False,,,,,,,,,,,,,,,
1,harmonic,DICES-990,258,46,0.05,False,,,,,,,,,,,,,,,
1,harmonic,DICES-990,259,48,0.06976744186046512,False,,,,,,,,,,,,,,,
1,harmonic,DICES-990,260,45,0.0,False,,,,,,,,,,,,,,,
1,harmonic,DICES-990,261,49,0.0,False,,,,,,,,,,,,,,,
1,harmonic,DICES-990,262,46,0.16129032258064516,False,,,,,,,,,,,,,,,
1,harmonic,DICES-990,263,43,0.0,False,,,,,,,,,,,,,,,
1,harmonic,DICES-990,264,47,0.15625,False,,,,,,,,,,,,,,,
1,harmonic,DICES-990,265,45,0.9545454545454546,True,1.0,0.0,0.0,45.0,0.9545454545454546,0.9545454545454546,0.9545454545454545,1.1102230246251565e-16,0.0,,,,,0.0,0.0
1,harmonic,DICES-990,266,48,0.02127659574468085,False,,,,,,,,,,,,,,,
1,harmonic,DICES-990,267,44,0.2222222222222222,False,,,,,,,,,,,,,,,
1,harmonic,DICES-990,268,47,0.7083333333333335,True,1.0,0.0,0.0,47.0,0.7083333333333335,0.7083333333333335,0.7083333333333335,0.0,0.0,,,,,0.0,0.0
1,harmonic,DICES-990,269,45,0.653846153846154,True,1.0,0.0,0.0,45.0,0.653846153846154,0.653846153846154,0.653846153846154,0.0,0.0,,,,,0.0,0.0
1,harmonic,DICES-990,270,46,0.25,False,,,,,,,,,,,,,,,
1,harmonic,DICES-990,271,47,0.14705882352941177,False,,,,,,,,,,,,,,,
1,harmonic,DICES-990,272,46,0.0,False,,,,,,,,,,,,,,,
1,harmonic,DICES-990,273,47,0.28125,False,,,,,,,,,,,,,,,
1,harmonic,DICES-990,274,44,0.0,False,,,,,,,,,,,,,,,
1,harmonic,DICES-990,275,47,0.06818181818181818,False,,,,,,,,,,,,,,,
1,harmonic,DICES-990,276,45,0.022727272727272728,False,,,,,,,,,,,,,,,
1,harmonic,DICES-990,277,48,0.2571428571428572,False,,,,,,,,,,,,,,,
1,harmonic,DICES-990,278,46,0.15,False,,,,,,,,,,,,,,,
1,harmonic,DICES-990,279,48,0.09090909090909091,False,,,,,,,,,,,,,,,
1,harmonic,DICES-990,280,46,0.09523809523809525,False,,,,,,,,,,,,,,,
1,harmonic,DICES-990,281,47,0.22857142857142856,False,,,,,,,,,,,,,,,
1,harmonic,DICES-990,282,46,0.31034482758620685,True,6.0,3.0,1.8333333333333333,7.666666666666667,0.31034482758620685,0.33564814814814814,0.36262077294685996,-0.16844471282877116,3.0,0.30763443862660683,0.282568619673678,race,"education, gender, race",3.0,1.0
1,harmonic,DICES-990,283,43,0.02631578947368421,False,,,,,,,,,,,,,,,
1,harmonic,DICES-990,284,42,0.0,False,,,,,,,,,,,,,,,
1,harmonic,DICES-990,285,46,0.0,False,,,,,,,,,,,,,,,
1,harmonic,DICES-990,286,46,0.0,False,,,,,,,,,,,,,,,
1,harmonic,DICES-990,287,47,0.09756097560975609,False,,,,,,,,,,,,,,,
1,harmonic,DICES-990,288,42,0.05,False,,,,,,,,,,,,,,,
1,harmonic,DICES-990,289,42,0.07692307692307691,False,,,,,,,,,,,,,,,
1,harmonic,DICES-990,290,47,0.09756097560975609,False,,,,,,,,,,,,,,,
1,harmonic,DICES-990,291,46,0.09523809523809525,False,,,,,,,,,,,,,,,
1,harmonic,DICES-990,292,47,0.0,False,,,,,,,,,,,,,,,
1,harmonic,DICES-990,293,44,0.2592592592592592,False,,,,,,,,,,,,,,,
1,harmonic,DICES-990,294,43,0.0,False,,,,,,,,,,,,,,,
1,harmonic,DICES-990,295,46,0.04545454545454545,False,,,,,,,,,,,,,,,
1,harmonic,DICES-990,296,47,0.11428571428571428,False,,,,,,,,,,,,,,,
1,harmonic,DICES-990,297,44,0.8333333333333334,True,1.0,0.0,0.0,44.0,0.8333333333333334,0.8333333333333334,0.8333333333333335,-2.220446049250313e-16,0.0,,,,,0.0,0.0
1,harmonic,DICES-990,298,47,0.021739130434782608,False,,,,,,,,,,,,,,,
1,harmonic,DICES-990,299,45,0.046511627906976744,False,,,,,,,,,,,,,,,
1,harmonic,DICES-990,300,48,0.07317073170731708,False,,,,,,,,,,,,,,,
1,harmonic,DICES-990,301,47,0.19444444444444445,False,,,,,,,,,,,,,,,
1,harmonic,DICES-990,302,45,0.022727272727272728,False,,,,,,,,,,,,,,,
1,harmonic,DICES-990,303,45,0.48275862068965514,True,1.0,0.0,0.0,45.0,0.48275862068965514,0.48275862068965514,0.48275862068965514,0.0,0.0,,,,,0.0,0.0
1,harmonic,DICES-990,304,42,0.027027027027027025,False,,,,,,,,,,,,,,,
1,harmonic,DICES-990,305,46,0.0,False,,,,,,,,,,,,,,,
1,harmonic,DICES-990,306,46,0.07692307692307693,False,,,,,,,,,,,,,,,
1,harmonic,DICES-990,307,45,0.16216216216216217,False,,,,,,,,,,,,,,,
1,harmonic,DICES-990,308,46,0.09523809523809525,False,,,,,,,,,,,,,,,
1,harmonic,DICES-990,309,45,0.19354838709677416,False,,,,,,,,,,,,,,,
1,harmonic,DICES-990,310,41,0.02631578947368421,False,,,,,,,,,,,,,,,
1,harmonic,DICES-990,311,45,0.17142857142857143,False,,,,,,,,,,,,,,,
1,harmonic,DICES-990,312,48,0.17948717948717946,False,,,,,,,,,,,,,,,
1,harmonic,DICES-990,313,45,0.30303030303030304,True,10.0,4.0,2.4,4.5,0.30303030303030304,0.2833333333333333,0.28518518518518515,0.05888888888888899,6.0,0.10131298616451273,0.1278356609768713,race,"age, education, gender, race",4.0,1.0
1,harmonic,DICES-990,314,49,0.06521739130434782,False,,,,,,,,,,,,,,,
1,harmonic,DICES-990,315,47,0.09302325581395349,False,,,,,,,,,,,,,,,
1,harmonic,DICES-990,316,45,0.0,False,,,,,,,,,,,,,,,
1,harmonic,DICES-990,317,47,0.022727272727272728,False,,,,,,,,,,,,,,,
1,harmonic,DICES-990,318,46,0.04545454545454545,False,,,,,,,,,,,,,,,
1,harmonic,DICES-990,319,44,0.023255813953488372,False,,,,,,,,,,,,,,,
1,harmonic,DICES-990,320,46,0.06976744186046512,False,,,,,,,,,,,,,,,
1,harmonic,DICES-990,321,45,0.05405405405405405,False,,,,,,,,,,,,,,,
1,harmonic,DICES-990,322,43,0.06451612903225809,False,,,,,,,,,,,,,,,
1,harmonic,DICES-990,323,46,0.25,False,,,,,,,,,,,,,,,
1,harmonic,DICES-990,324,45,0.02380952380952381,False,,,,,,,,,,,,,,,
1,harmonic,DICES-990,325,44,0.0,False,,,,,,,,,,,,,,,
1,harmonic,DICES-990,326,45,0.022727272727272728,False,,,,,,,,,,,,,,,
1,harmonic,DICES-990,327,45,0.048780487804878044,False,,,,,,,,,,,,,,,
1,harmonic,DICES-990,328,45,0.022727272727272728,False,,,,,,,,,,,,,,,
1,harmonic,DICES-990,329,46,0.04545454545454545,False,,,,,,,,,,,,,,,
1,harmonic,DICES-990,330,42,0.058823529411764705,False,,,,,,,,,,,,,,,
1,harmonic,DICES-990,331,45,0.3448275862068965,True,12.0,3.0,2.5,3.75,0.3448275862068965,0.40277777777777773,0.4074074074074074,-0.18148148148148158,8.0,0.25303162231775195,0.1227979835885688,race,"age, education, gender, race",4.0,5.0
1,harmonic,DICES-990,332,44,0.027027027027027035,False,,,,,,,,,,,,,,,
1,harmonic,DICES-990,333,43,0.0,False,,,,,,,,,,,,,,,
1,harmonic,DICES-990,334,45,0.36666666666666664,True,1.0,0.0,0.0,45.0,0.36666666666666664,0.36666666666666664,0.36666666666666664,0.0,0.0,,,,,0.0,0.0
1,harmonic,DICES-990,335,46,0.8095238095238095,True,10.0,3.0,2.3,4.6,0.8095238095238095,0.330952380952381,0.31004140786749484,0.617007672634271,5.0,0.2706475809940166,0.31113370615149977,race,"age, education, gender, race",4.0,2.0
1,harmonic,DICES-990,336,47,0.04444444444444444,False,,,,,,,,,,,,,,,
1,harmonic,DICES-990,337,43,0.31999999999999995,True,4.0,1.0,1.0,10.75,0.31999999999999995,0.25416666666666665,0.21046511627906977,0.34229651162790686,1.0,0.18956219680182063,0.18956219680182063,race,race,1.0,0.0
1,harmonic,DICES-990,338,46,0.09523809523809525,False,,,,,,,,,,,,,,,
1,harmonic,DICES-990,339,44,0.025641025641025633,False,,,,,,,,,,,,,,,
1,harmonic,DICES-990,340,43,0.0,False,,,,,,,,,,,,,,,
1,harmonic,DICES-990,341,47,0.36666666666666664,True,1.0,0.0,0.0,47.0,0.36666666666666664,0.36666666666666664,0.3666666666666666,1.1102230246251565e-16,0.0,,,,,0.0,0.0
1,harmonic,DICES-990,342,47,0.04444444444444444,False,,,,,,,,,,,,,,,
1,harmonic,DICES-990,343,47,0.0,False,,,,,,,,,,,,,,,
1,harmonic,DICES-990,344,47,0.4583333333333334,True,8.0,4.0,2.625,5.875,0.4583333333333334,0.3666666666666667,0.3404255319148936,0.25725338491295957,4.0,0.20569240145719697,0.17587047471237227,age,"age, education, gender, race",4.0,2.0
1,harmonic,DICES-990,345,44,0.07692307692307691,False,,,,,,,,,,,,,,,
1,harmonic,DICES-990,346,46,0.1875,False,,,,,,,,,,,,,,,
1,harmonic,DICES-990,347,47,0.18181818181818185,False,,,,,,,,,,,,,,,
1,harmonic,DICES-990,348,48,0.0,False,,,,,,,,,,,,,,,
1,harmonic,DICES-990,349,44,0.07692307692307691,False,,,,,,,,,,,,,,,
1,harmonic,DICES-990,350,47,0.07500000000000001,False,,,,,,,,,,,,,,,
1,harmonic,DICES-990,351,49,0.020833333333333332,False,,,,,,,,,,,,,,,
1,harmonic,DICES-990,352,43,0.0,False,,,,,,,,,,,,,,,
1,harmonic,DICES-990,353,47,0.14634146341463414,False,,,,,,,,,,,,,,,
1,harmonic,DICES-990,354,42,0.0,False,,,,,,,,,,,,,,,
1,harmonic,DICES-990,355,49,0.0425531914893617,False,,,,,,,,,,,,,,,
1,harmonic,DICES-990,356,42,0.027027027027027025,False,,,,,,,,,,,,,,,
1,harmonic,DICES-990,357,47,0.04444444444444444,False,,,,,,,,,,,,,,,
1,harmonic,DICES-990,358,46,0.04761904761904762,False,,,,,,,,,,,,,,,
1,harmonic,DICES-990,359,45,0.022727272727272728,False,,,,,,,,,,,,,,,
1,harmonic,DICES-990,360,46,0.10526315789473684,False,,,,,,,,,,,,,,,
1,harmonic,DICES-990,361,45,0.16216216216216217,False,,,,,,,,,,,,,,,
1,harmonic,DICES-990,362,47,0.022727272727272728,False,,,,,,,,,,,,,,,
1,harmonic,DICES-990,363,46,0.12195121951219512,False,,,,,,,,,,,,,,,
1,harmonic,DICES-990,364,45,0.0,False,,,,,,,,,,,,,,,
1,harmonic,DICES-990,365,43,0.13888888888888887,False,,,,,,,,,,,,,,,
1,harmonic,DICES-990,366,46,0.02222222222222222,False,,,,,,,,,,,,,,,
1,harmonic,DICES-990,367,45,0.11428571428571428,False,,,,,,,,,,,,,,,
1,harmonic,DICES-990,368,47,0.07142857142857142,False,,,,,,,,,,,,,,,
1,harmonic,DICES-990,369,46,0.23529411764705882,False,,,,,,,,,,,,,,,
1,harmonic,DICES-990,370,46,0.33333333333333326,True,6.0,2.0,1.6666666666666667,7.666666666666667,0.33333333333333326,0.34722222222222227,0.41485507246376807,-0.24456521739130443,3.0,0.14995198830613968,0.18001469507714923,race,"gender, race",2.0,1.0
1,harmonic,DICES-990,371,46,0.33333333333333337,True,4.0,1.0,1.0,11.5,0.33333333333333337,0.2583333333333333,0.4007246376811594,-0.2021739130434781,1.0,0.14823079375199227,0.14823079375199227,race,race,1.0,0.0
1,harmonic,DICES-990,372,46,0.04761904761904762,False,,,,,,,,,,,,,,,
1,harmonic,DICES-990,373,48,0.0,False,,,,,,,,,,,,,,,
1,harmonic,DICES-990,374,48,0.09090909090909091,False,,,,,,,,,,,,,,,
1,harmonic,DICES-990,375,44,0.030303030303030293,False,,,,,,,,,,,,,,,
1,harmonic,DICES-990,376,46,0.2222222222222222,False,,,,,,,,,,,,,,,
1,harmonic,DICES-990,377,44,0.07692307692307691,False,,,,,,,,,,,,,,,
1,harmonic,DICES-990,378,46,0.15,False,,,,,,,,,,,,,,,
1,harmonic,DICES-990,379,45,0.19444444444444445,False,,,,,,,,,,,,,,,
1,harmonic,DICES-990,380,45,0.07142857142857142,False,,,,,,,,,,,,,,,
1,harmonic,DICES-990,381,42,0.0,False,,,,,,,,,,,,,,,
1,harmonic,DICES-990,382,48,0.09090909090909091,False,,,,,,,,,,,,,,,
1,harmonic,DICES-990,383,46,0.0,False,,,,,,,,,,,,,,,
1,harmonic,DICES-990,384,46,0.10526315789473684,False,,,,,,,,,,,,,,,
1,harmonic,DICES-990,385,46,0.0,False,,,,,,,,,,,,,,,
1,harmonic,DICES-990,386,45,0.046511627906976744,False,,,,,,,,,,,,,,,
1,harmonic,DICES-990,387,47,0.021739130434782608,False,,,,,,,,,,,,,,,
1,harmonic,DICES-990,388,42,0.0,False,,,,,,,,,,,,,,,
1,harmonic,DICES-990,389,46,0.11111111111111112,False,,,,,,,,,,,,,,,
1,harmonic,DICES-990,390,46,0.15789473684210528,False,,,,,,,,,,,,,,,
1,harmonic,DICES-990,391,47,0.04444444444444444,False,,,,,,,,,,,,,,,
1,harmonic,DICES-990,392,46,0.0,False,,,,,,,,,,,,,,,
1,harmonic,DICES-990,393,43,0.02380952380952381,False,,,,,,,,,,,,,,,
1,harmonic,DICES-990,394,46,0.02222222222222222,False,,,,,,,,,,,,,,,
1,harmonic,DICES-990,395,42,0.05,False,,,,,,,,,,,,,,,
1,harmonic,DICES-990,396,47,0.2162162162162162,False,,,,,,,,,,,,,,,
1,harmonic,DICES-990,397,45,0.046511627906976744,False,,,,,,,,,,,,,,,
1,harmonic,DICES-990,398,46,0.05,False,,,,,,,,,,,,,,,
1,harmonic,DICES-990,399,45,0.10256410256410255,False,,,,,,,,,,,,,,,
1,harmonic,DICES-990,400,42,0.05263157894736842,False,,,,,,,,,,,,,,,
1,harmonic,DICES-990,401,44,0.1764705882352941,False,,,,,,,,,,,,,,,
1,harmonic,DICES-990,402,45,0.125,False,,,,,,,,,,,,,,,
1,harmonic,DICES-990,403,45,0.2058823529411765,False,,,,,,,,,,,,,,,
1,harmonic,DICES-990,404,44,0.1,False,,,,,,,,,,,,,,,
1,harmonic,DICES-990,405,48,0.06976744186046512,False,,,,,,,,,,,,,,,
1,harmonic,DICES-990,406,46,0.08108108108108107,False,,,,,,,,,,,,,,,
1,harmonic,DICES-990,407,48,0.12195121951219513,False,,,,,,,,,,,,,,,
1,harmonic,DICES-990,408,44,0.023255813953488372,False,,,,,,,,,,,,,,,
1,harmonic,DICES-990,409,45,0.026315789473684216,False,,,,,,,,,,,,,,,
1,harmonic,DICES-990,410,44,0.0,False,,,,,,,,,,,,,,,
1,harmonic,DICES-990,411,46,0.04545454545454545,False,,,,,,,,,,,,,,,
1,harmonic,DICES-990,412,46,0.024390243902439025,False,,,,,,,,,,,,,,,
1,harmonic,DICES-990,413,43,0.02380952380952381,False,,,,,,,,,,,,,,,
1,harmonic,DICES-990,414,49,0.021739130434782605,False,,,,,,,,,,,,,,,
1,harmonic,DICES-990,415,47,0.04444444444444444,False,,,,,,,,,,,,,,,
1,harmonic,DICES-990,416,45,0.10256410256410255,False,,,,,,,,,,,,,,,
1,harmonic,DICES-990,417,44,0.024390243902439025,False,,,,,,,,,,,,,,,
1,harmonic,DICES-990,418,43,0.08333333333333333,False,,,,,,,,,,,,,,,
1,harmonic,DICES-990,419,47,0.021739130434782608,False,,,,,,,,,,,,,,,
1,harmonic,DICES-990,420,46,0.05,False,,,,,,,,,,,,,,,
1,harmonic,DICES-990,421,43,0.075,False,,,,,,,,,,,,,,,
1,harmonic,DICES-990,422,47,0.0,False,,,,,,,,,,,,,,,
1,harmonic,DICES-990,423,46,0.0,False,,,,,,,,,,,,,,,
1,harmonic,DICES-990,424,44,0.08108108108108107,False,,,,,,,,,,,,,,,
1,harmonic,DICES-990,425,46,0.11111111111111112,False,,,,,,,,,,,,,,,
1,harmonic,DICES-990,426,47,0.40625,True,7.0,3.0,2.0,6.714285714285714,0.40625,0.2857142857142857,0.44680851063829785,-0.09983633387888702,4.0,0.22499021147965176,0.2204508523660601,race,"age, gender, race",3.0,1.0
1,harmonic,DICES-990,427,47,0.023809523809523805,False,,,,,,,,,,,,,,,
1,harmonic,DICES-990,428,45,0.36363636363636365,True,4.0,1.0,1.0,11.25,0.36363636363636365,0.28849206349206347,0.41548500881834216,-0.142583774250441,1.0,0.11710377814880077,0.11710377814880077,race,race,1.0,0.0
1,harmonic,DICES-990,429,47,0.09302325581395349,False,,,,,,,,,,,,,,,
1,harmonic,DICES-990,430,46,0.023255813953488372,False,,,,,,,,,,,,,,,
1,harmonic,DICES-990,431,45,0.07142857142857142,False,,,,,,,,,,,,,,,
1,harmonic,DICES-990,432,43,0.048780487804878044,False,,,,,,,,,,,,,,,
1,harmonic,DICES-990,433,46,0.02222222222222222,False,,,,,,,,,,,,,,,
1,harmonic,DICES-990,434,44,0.14285714285714285,False,,,,,,,,,,,,,,,
1,harmonic,DICES-990,435,44,0.024390243902439025,False,,,,,,,,,,,,,,,
1,harmonic,DICES-990,436,48,0.393939393939394,True,4.0,2.0,1.5,12.0,0.393939393939394,0.4583333333333333,0.45138888888888884,-0.14583333333333304,2.0,0.11025554470616394,0.08717775607899456,age,"age, gender",2.0,1.0
1,harmonic,DICES-990,437,46,0.10526315789473684,False,,,,,,,,,,,,,,,
1,harmonic,DICES-990,438,46,0.2,False,,,,,,,,,,,,,,,
1,harmonic,DICES-990,439,44,0.18918918918918917,False,,,,,,,,,,,,,,,
1,harmonic,DICES-990,440,47,0.06818181818181818,False,,,,,,,,,,,,,,,
1,harmonic,DICES-990,441,42,0.29032258064516125,False,,,,,,,,,,,,,,,
1,harmonic,DICES-990,442,44,0.05555555555555555,False,,,,,,,,,,,,,,,
1,harmonic,DICES-990,443,43,0.0,False,,,,,,,,,,,,,,,
1,harmonic,DICES-990,444,44,0.15151515151515152,False,,,,,,,,,,,,,,,
1,harmonic,DICES-990,445,47,0.2647058823529412,False,,,,,,,,,,,,,,,
1,harmonic,DICES-990,446,48,0.0,False,,,,,,,,,,,,,,,
1,harmonic,DICES-990,447,46,0.5,True,8.0,3.0,2.25,5.75,0.5,0.3729166666666667,0.3181159420289855,0.36376811594202896,4.0,0.26047368907069324,0.15889580215799,age,"age, education, gender, race",4.0,2.0
1,harmonic,DICES-990,448,48,0.6190476190476192,True,9.0,3.0,2.3333333333333335,5.333333333333333,0.6190476190476192,0.28148148148148144,0.2333333333333333,0.6230769230769232,5.0,0.3274333989687993,0.1495112133410004,age,"age, gender, race",3.0,4.0
1,harmonic,DICES-990,449,47,0.4800000000000001,True,6.0,2.0,1.5,7.833333333333333,0.4800000000000001,0.45634920634920645,0.47365754812563327,0.013213441404930859,2.0,0.13982420358371522,0.10657148409050743,race,"age, race",2.0,1.0
1,harmonic,DICES-990,450,46,0.04545454545454545,False,,,,,,,,,,,,,,,
1,harmonic,DICES-990,451,45,0.3225806451612903,True,1.0,0.0,0.0,45.0,0.3225806451612903,0.3225806451612903,0.3225806451612903,0.0,0.0,,,,,0.0,0.0
1,harmonic,DICES-990,452,46,0.07317073170731707,False,,,,,,,,,,,,,,,
1,harmonic,DICES-990,453,45,0.0,False,,,,,,,,,,,,,,,
1,harmonic,DICES-990,454,47,0.021739130434782608,False,,,,,,,,,,,,,,,
1,harmonic,DICES-990,455,45,0.0,False,,,,,,,,,,,,,,,
1,harmonic,DICES-990,456,49,0.044444444444444446,False,,,,,,,,,,,,,,,
1,harmonic,DICES-990,457,46,0.0,False,,,,,,,,,,,,,,,
1,harmonic,DICES-990,458,47,0.18421052631578946,False,,,,,,,,,,,,,,,
1,harmonic,DICES-990,459,46,0.0,False,,,,,,,,,,,,,,,
1,harmonic,DICES-990,460,46,0.024390243902439025,False,,,,,,,,,,,,,,,
1,harmonic,DICES-990,461,45,0.07142857142857142,False,,,,,,,,,,,,,,,
1,harmonic,DICES-990,462,43,0.025,False,,,,,,,,,,,,,,,
1,harmonic,DICES-990,463,46,0.023255813953488372,False,,,,,,,,,,,,,,,
1,harmonic,DICES-990,464,48,0.8181818181818182,True,10.0,3.0,2.5,4.8,0.8181818181818182,0.375,0.4045138888888889,0.5055941358024691,6.0,0.21943402113980845,0.2085068221126129,age,"age, education, gender, race",4.0,1.0
1,harmonic,DICES-990,465,43,0.12121212121212123,False,,,,,,,,,,,,,,,
1,harmonic,DICES-990,466,48,0.0,False,,,,,,,,,,,,,,,
1,harmonic,DICES-990,467,46,0.1875,False,,,,,,,,,,,,,,,
1,harmonic,DICES-990,468,45,0.10256410256410255,False,,,,,,,,,,,,,,,
1,harmonic,DICES-990,469,45,0.07142857142857142,False,,,,,,,,,,,,,,,
1,harmonic,DICES-990,470,41,0.09374999999999999,False,,,,,,,,,,,,,,,
1,harmonic,DICES-990,471,42,0.05,False,,,,,,,,,,,,,,,
1,harmonic,DICES-990,472,46,0.15,False,,,,,,,,,,,,,,,
1,harmonic,DICES-990,473,47,0.021739130434782608,False,,,,,,,,,,,,,,,
1,harmonic,DICES-990,474,46,0.12195121951219512,False,,,,,,,,,,,,,,,
1,harmonic,DICES-990,475,48,0.06666666666666667,False,,,,,,,,,,,,,,,
1,harmonic,DICES-990,476,47,0.04444444444444444,False,,,,,,,,,,,,,,,
1,harmonic,DICES-990,477,47,0.5357142857142858,True,1.0,0.0,0.0,47.0,0.5357142857142858,0.5357142857142858,0.5357142857142858,0.0,0.0,,,,,0.0,0.0
1,harmonic,DICES-990,478,47,0.023809523809523805,False,,,,,,,,,,,,,,,
1,harmonic,DICES-990,479,41,0.02631578947368421,False,,,,,,,,,,,,,,,
1,harmonic,DICES-990,480,47,0.021739130434782608,False,,,,,,,,,,,,,,,
1,harmonic,DICES-990,481,46,0.0,False,,,,,,,,,,,,,,,
1,harmonic,DICES-990,482,47,0.34285714285714286,True,1.0,0.0,0.0,47.0,0.34285714285714286,0.34285714285714286,0.34285714285714286,0.0,0.0,,,,,0.0,0.0
1,harmonic,DICES-990,483,46,0.6799999999999999,True,10.0,3.0,2.5,4.6,0.6799999999999999,0.4238095238095238,0.4699792960662526,0.3088539763731579,6.0,0.1801471497363151,0.17999999999999994,age,"age, gender, race",3.0,2.0
1,harmonic,DICES-990,484,47,0.1388888888888889,False,,,,,,,,,,,,,,,
1,harmonic,DICES-990,485,43,0.10256410256410257,False,,,,,,,,,,,,,,,
1,harmonic,DICES-990,486,46,0.1282051282051282,False,,,,,,,,,,,,,,,
1,harmonic,DICES-990,487,47,0.021739130434782608,False,,,,,,,,,,,,,,,
1,harmonic,DICES-990,488,46,0.13513513513513514,False,,,,,,,,,,,,,,,
1,harmonic,DICES-990,489,47,0.25,False,,,,,,,,,,,,,,,
1,harmonic,DICES-990,490,47,0.021739130434782608,False,,,,,,,,,,,,,,,
1,harmonic,DICES-990,491,45,0.02380952380952381,False,,,,,,,,,,,,,,,
1,harmonic,DICES-990,492,45,0.13157894736842105,False,,,,,,,,,,,,,,,
1,harmonic,DICES-990,493,44,0.052631578947368425,False,,,,,,,,,,,,,,,
1,harmonic,DICES-990,494,45,0.07142857142857142,False,,,,,,,,,,,,,,,
1,harmonic,DICES-990,495,49,0.07142857142857144,False,,,,,,,,,,,,,,,
1,harmonic,DICES-990,496,44,0.023255813953488372,False,,,,,,,,,,,,,,,
1,harmonic,DICES-990,497,44,0.0,False,,,,,,,,,,,,,,,
1,harmonic,DICES-990,498,46,0.0,False,,,,,,,,,,,,,,,
1,harmonic,DICES-990,499,48,0.043478260869565216,False,,,,,,,,,,,,,,,
1,harmonic,DICES-990,500,43,0.075,False,,,,,,,,,,,,,,,
1,harmonic,DICES-990,501,47,0.0,False,,,,,,,,,,,,,,,
1,harmonic,DICES-990,502,48,0.06976744186046512,False,,,,,,,,,,,,,,,
1,harmonic,DICES-990,503,48,0.09090909090909091,False,,,,,,,,,,,,,,,
1,harmonic,DICES-990,504,45,0.0,False,,,,,,,,,,,,,,,
1,harmonic,DICES-990,505,45,0.2424242424242424,False,,,,,,,,,,,,,,,
1,harmonic,DICES-990,506,47,0.09756097560975609,False,,,,,,,,,,,,,,,
1,harmonic,DICES-990,507,47,0.0,False,,,,,,,,,,,,,,,
1,harmonic,DICES-990,508,47,0.20588235294117646,False,,,,,,,,,,,,,,,
1,harmonic,DICES-990,509,45,0.18181818181818188,False,,,,,,,,,,,,,,,
1,harmonic,DICES-990,510,46,0.02222222222222222,False,,,,,,,,,,,,,,,
1,harmonic,DICES-990,511,45,0.07142857142857142,False,,,,,,,,,,,,,,,
1,harmonic,DICES-990,512,46,0.6666666666666666,True,9.0,3.0,2.111111111111111,5.111111111111111,0.6666666666666666,0.22592592592592592,0.29637681159420287,0.5554347826086956,5.0,0.21410089461238427,0.3284402792387873,race,"age, gender, race",3.0,0.0
1,harmonic,DICES-990,513,45,0.0,False,,,,,,,,,,,,,,,
1,harmonic,DICES-990,514,45,0.16216216216216217,False,,,,,,,,,,,,,,,
1,harmonic,DICES-990,515,46,0.04545454545454545,False,,,,,,,,,,,,,,,
1,harmonic,DICES-990,516,47,0.021739130434782608,False,,,,,,,,,,,,,,,
1,harmonic,DICES-990,517,47,0.04651162790697674,False,,,,,,,,,,,,,,,
1,harmonic,DICES-990,518,46,0.07692307692307693,False,,,,,,,,,,,,,,,
1,harmonic,DICES-990,519,47,0.11904761904761905,False,,,,,,,,,,,,,,,
1,harmonic,DICES-990,520,47,0.021739130434782608,False,,,,,,,,,,,,,,,
1,harmonic,DICES-990,521,48,0.0,False,,,,,,,,,,,,,,,
1,harmonic,DICES-990,522,46,0.3125,True,5.0,2.0,1.4,9.2,0.3125,0.3787878787878788,0.4370882740447958,-0.3986824769433466,2.0,0.14283977208648976,0.21067954417297954,race,"education, race",2.0,0.0
1,harmonic,DICES-990,523,48,0.3125,True,1.0,0.0,0.0,48.0,0.3125,0.3125,0.3125,0.0,0.0,,,,,0.0,0.0
1,harmonic,DICES-990,524,46,0.2222222222222222,False,,,,,,,,,,,,,,,
1,harmonic,DICES-990,525,44,0.11111111111111109,False,,,,,,,,,,,,,,,
1,harmonic,DICES-990,526,48,0.02439024390243902,False,,,,,,,,,,,,,,,
1,harmonic,DICES-990,527,47,0.05128205128205129,False,,,,,,,,,,,,,,,
1,harmonic,DICES-990,528,47,0.057142857142857134,False,,,,,,,,,,,,,,,
1,harmonic,DICES-990,529,46,0.1875,False,,,,,,,,,,,,,,,
1,harmonic,DICES-990,530,46,0.3793103448275862,True,1.0,0.0,0.0,46.0,0.3793103448275862,0.3793103448275862,0.3793103448275862,0.0,0.0,,,,,0.0,0.0
1,harmonic,DICES-990,531,44,0.024390243902439025,False,,,,,,,,,,,,,,,
1,harmonic,DICES-990,532,48,0.043478260869565216,False,,,,,,,,,,,,,,,
1,harmonic,DICES-990,533,48,0.15,False,,,,,,,,,,,,,,,
1,harmonic,DICES-990,534,46,0.06976744186046512,False,,,,,,,,,,,,,,,
1,harmonic,DICES-990,535,46,0.02222222222222222,False,,,,,,,,,,,,,,,
1,harmonic,DICES-990,536,46,0.8333333333333334,True,10.0,3.0,2.3,4.6,0.8333333333333334,0.39761904761904765,0.3799171842650103,0.5440993788819877,5.0,0.2966351619810264,0.4098266371598304,age,"age, gender, race",3.0,3.0
1,harmonic,DICES-990,537,46,0.0,False,,,,,,,,,,,,,,,
1,harmonic,DICES-990,538,48,0.22222222222222224,False,,,,,,,,,,,,,,,
1,harmonic,DICES-990,539,45,0.17142857142857143,False,,,,,,,,,,,,,,,
1,harmonic,DICES-990,540,48,0.29411764705882354,False,,,,,,,,,,,,,,,
1,harmonic,DICES-990,541,44,0.10526315789473685,False,,,,,,,,,,,,,,,
1,harmonic,DICES-990,542,42,0.024390243902439025,False,,,,,,,,,,,,,,,
1,harmonic,DICES-990,543,42,0.024390243902439025,False,,,,,,,,,,,,,,,
1,harmonic,DICES-990,544,46,0.02222222222222222,False,,,,,,,,,,,,,,,
1,harmonic,DICES-990,545,45,0.8636363636363636,True,7.0,2.0,1.8571428571428572,6.428571428571429,0.8636363636363636,0.4896103896103896,0.6216161616161616,0.28023391812865495,4.0,0.21825288887498556,0.23450223872975612,race,"gender, race",2.0,2.0
1,harmonic,DICES-990,546,44,0.023255813953488372,False,,,,,,,,,,,,,,,
1,harmonic,DICES-990,547,47,0.04444444444444444,False,,,,,,,,,,,,,,,
1,harmonic,DICES-990,548,47,0.021739130434782608,False,,,,,,,,,,,,,,,
1,harmonic,DICES-990,549,46,0.0,False,,,,,,,,,,,,,,,
1,harmonic,DICES-990,550,48,0.5172413793103449,True,1.0,0.0,0.0,48.0,0.5172413793103449,0.5172413793103449,0.5172413793103449,0.0,0.0,,,,,0.0,0.0
1,harmonic,DICES-990,551,43,0.05714285714285714,False,,,,,,,,,,,,,,,
1,harmonic,DICES-990,552,45,0.21621621621621623,False,,,,,,,,,,,,,,,
1,harmonic,DICES-990,553,47,0.10256410256410255,False,,,,,,,,,,,,,,,
1,harmonic,DICES-990,554,45,0.16216216216216217,False,,,,,,,,,,,,,,,
1,harmonic,DICES-990,555,46,0.0,False,,,,,,,,,,,,,,,
1,harmonic,DICES-990,556,47,0.0,False,,,,,,,,,,,,,,,
1,harmonic,DICES-990,557,48,0.3333333333333333,True,10.0,3.0,2.3,4.8,0.3333333333333333,0.45,0.42013888888888884,-0.2604166666666665,5.0,0.18500571467212096,0.08898305084745757,age,"age, gender, race",3.0,3.0
1,harmonic,DICES-990,558,46,0.1794871794871795,False,,,,,,,,,,,,,,,
1,harmonic,DICES-990,559,46,0.04545454545454545,False,,,,,,,,,,,,,,,
1,harmonic,DICES-990,560,48,0.17073170731707318,False,,,,,,,,,,,,,,,
1,harmonic,DICES-990,561,47,0.0,False,,,,,,,,,,,,,,,
1,harmonic,DICES-990,562,44,0.0,False,,,,,,,,,,,,,,,
1,harmonic,DICES-990,563,46,0.0,False,,,,,,,,,,,,,,,
1,harmonic,DICES-990,564,44,0.0,False,,,,,,,,,,,,,,,
1,harmonic,DICES-990,565,47,0.8,True,4.0,2.0,1.5,11.75,0.8,0.3923611111111111,0.5271867612293144,0.34101654846335705,2.0,0.189769247162241,0.2736561413833055,age,"age, gender",2.0,0.0
1,harmonic,DICES-990,566,47,0.11904761904761905,False,,,,,,,,,,,,,,,
1,harmonic,DICES-990,567,46,0.0,False,,,,,,,,,,,,,,,
1,harmonic,DICES-990,568,48,0.043478260869565216,False,,,,,,,,,,,,,,,
1,harmonic,DICES-990,569,46,0.1,False,,,,,,,,,,,,,,,
1,harmonic,DICES-990,570,43,0.0,False,,,,,,,,,,,,,,,
1,harmonic,DICES-990,571,46,0.15,False,,,,,,,,,,,,,,,
1,harmonic,DICES-990,572,44,0.049999999999999996,False,,,,,,,,,,,,,,,
1,harmonic,DICES-990,573,43,0.0,False,,,,,,,,,,,,,,,
1,harmonic,DICES-990,574,46,0.07317073170731707,False,,,,,,,,,,,,,,,
1,harmonic,DICES-990,575,46,0.10526315789473684,False,,,,,,,,,,,,,,,
1,harmonic,DICES-990,576,44,0.07317073170731707,False,,,,,,,,,,,,,,,
1,harmonic,DICES-990,577,46,0.02222222222222222,False,,,,,,,,,,,,,,,
1,harmonic,DICES-990,578,42,0.0,False,,,,,,,,,,,,,,,
1,harmonic,DICES-990,579,46,0.02222222222222222,False,,,,,,,,,,,,,,,
1,harmonic,DICES-990,580,44,0.0,False,,,,,,,,,,,,,,,
1,harmonic,DICES-990,581,46,0.05,False,,,,,,,,,,,,,,,
1,harmonic,DICES-990,582,44,0.22580645161290322,False,,,,,,,,,,,,,,,
1,harmonic,DICES-990,583,46,0.023255813953488372,False,,,,,,,,,,,,,,,
1,harmonic,DICES-990,584,46,0.024390243902439025,False,,,,,,,,,,,,,,,
1,harmonic,DICES-990,585,44,0.2,False,,,,,,,,,,,,,,,
1,harmonic,DICES-990,586,45,0.7999999999999999,True,1.0,0.0,0.0,45.0,0.7999999999999999,0.7999999999999999,0.8,-2.220446049250313e-16,0.0,,,,,0.0,0.0
1,harmonic,DICES-990,587,48,0.07317073170731708,False,,,,,,,,,,,,,,,
1,harmonic,DICES-990,588,46,0.10526315789473684,False,,,,,,,,,,,,,,,
1,harmonic,DICES-990,589,47,0.04444444444444444,False,,,,,,,,,,,,,,,
1,harmonic,DICES-990,590,47,0.10256410256410255,False,,,,,,,,,,,,,,,
1,harmonic,DICES-990,591,44,0.023255813953488372,False,,,,,,,,,,,,,,,
1,harmonic,DICES-990,592,45,0.046511627906976744,False,,,,,,,,,,,,,,,
1,harmonic,DICES-990,593,43,0.048780487804878044,False,,,,,,,,,,,,,,,
1,harmonic,DICES-990,594,40,0.08108108108108107,False,,,,,,,,,,,,,,,
1,harmonic,DICES-990,595,45,0.28124999999999994,False,,,,,,,,,,,,,,,
1,harmonic,DICES-990,596,47,0.0,False,,,,,,,,,,,,,,,
1,harmonic,DICES-990,597,43,0.38709677419354843,True,6.0,2.0,1.6666666666666667,7.166666666666667,0.38709677419354843,0.3162393162393163,0.32617769827072157,0.15737427946730276,3.0,0.3223701632073438,0.08374856852426102,race,"age, gender, race",3.0,0.0
1,harmonic,DICES-990,598,43,0.029411764705882353,False,,,,,,,,,,,,,,,
1,harmonic,DICES-990,599,45,0.02380952380952381,False,,,,,,,,,,,,,,,
1,harmonic,DICES-990,600,46,0.4814814814814814,True,1.0,0.0,0.0,46.0,0.4814814814814814,0.4814814814814814,0.4814814814814814,0.0,0.0,,,,,0.0,0.0
1,harmonic,DICES-990,601,46,0.023255813953488372,False,,,,,,,,,,,,,,,
1,harmonic,DICES-990,602,49,0.2702702702702703,False,,,,,,,,,,,,,,,
1,harmonic,DICES-990,603,47,0.09756097560975609,False,,,,,,,,,,,,,,,
1,harmonic,DICES-990,604,48,0.04545454545454546,False,,,,,,,,,,,,,,,
1,harmonic,DICES-990,605,46,0.0,False,,,,,,,,,,,,,,,
1,harmonic,DICES-990,606,49,0.0425531914893617,False,,,,,,,,,,,,,,,
1,harmonic,DICES-990,607,46,0.023255813953488372,False,,,,,,,,,,,,,,,
1,harmonic,DICES-990,608,47,0.4642857142857143,True,1.0,0.0,0.0,47.0,0.4642857142857143,0.4642857142857143,0.4642857142857143,0.0,0.0,,,,,0.0,0.0
1,harmonic,DICES-990,609,46,0.0,False,,,,,,,,,,,,,,,
1,harmonic,DICES-990,610,44,0.1,False,,,,,,,,,,,,,,,
1,harmonic,DICES-990,611,45,0.0,False,,,,,,,,,,,,,,,
1,harmonic,DICES-990,612,47,0.021739130434782608,False,,,,,,,,,,,,,,,
1,harmonic,DICES-990,613,48,0.1875,False,,,,,,,,,,,,,,,
1,harmonic,DICES-990,614,47,0.17142857142857146,False,,,,,,,,,,,,,,,
1,harmonic,DICES-990,615,49,0.15384615384615385,False,,,,,,,,,,,,,,,
1,harmonic,DICES-990,616,46,0.22580645161290325,False,,,,,,,,,,,,,,,
1,harmonic,DICES-990,617,46,0.02222222222222222,False,,,,,,,,,,,,,,,
1,harmonic,DICES-990,618,46,0.05,False,,,,,,,,,,,,,,,
1,harmonic,DICES-990,619,46,0.12195121951219512,False,,,,,,,,,,,,,,,
1,harmonic,DICES-990,620,49,0.13953488372093023,False,,,,,,,,,,,,,,,
1,harmonic,DICES-990,621,47,0.07142857142857142,False,,,,,,,,,,,,,,,
1,harmonic,DICES-990,622,47,0.10256410256410255,False,,,,,,,,,,,,,,,
1,harmonic,DICES-990,623,45,0.18421052631578946,False,,,,,,,,,,,,,,,
1,harmonic,DICES-990,624,46,0.08571428571428573,False,,,,,,,,,,,,,,,
1,harmonic,DICES-990,625,47,0.18421052631578946,False,,,,,,,,,,,,,,,
1,harmonic,DICES-990,626,48,0.0857142857142857,False,,,,,,,,,,,,,,,
1,harmonic,DICES-990,627,49,0.0,False,,,,,,,,,,,,,,,
1,harmonic,DICES-990,628,41,0.0,False,,,,,,,,,,,,,,,
1,harmonic,DICES-990,629,42,0.024390243902439025,False,,,,,,,,,,,,,,,
1,harmonic,DICES-990,630,46,0.16666666666666666,False,,,,,,,,,,,,,,,
1,harmonic,DICES-990,631,48,0.27777777777777773,False,,,,,,,,,,,,,,,
1,harmonic,DICES-990,632,47,0.06818181818181818,False,,,,,,,,,,,,,,,
1,harmonic,DICES-990,633,47,0.0,False,,,,,,,,,,,,,,,
1,harmonic,DICES-990,634,48,0.17073170731707318,False,,,,,,,,,,,,,,,
1,harmonic,DICES-990,635,47,0.25,False,,,,,,,,,,,,,,,
1,harmonic,DICES-990,636,45,0.125,False,,,,,,,,,,,,,,,
1,harmonic,DICES-990,637,48,0.2352941176470588,False,,,,,,,,,,,,,,,
1,harmonic,DICES-990,638,48,0.21052631578947367,False,,,,,,,,,,,,,,,
1,harmonic,DICES-990,639,48,0.05,False,,,,,,,,,,,,,,,
1,harmonic,DICES-990,640,46,0.4482758620689656,True,1.0,0.0,0.0,46.0,0.4482758620689656,0.4482758620689656,0.4482758620689656,0.0,0.0,,,,,0.0,0.0
1,harmonic,DICES-990,641,46,0.2571428571428571,False,,,,,,,,,,,,,,,
1,harmonic,DICES-990,642,47,0.09756097560975609,False,,,,,,,,,,,,,,,
1,harmonic,DICES-990,643,48,0.02127659574468085,False,,,,,,,,,,,,,,,
1,harmonic,DICES-990,644,44,0.07692307692307691,False,,,,,,,,,,,,,,,
1,harmonic,DICES-990,645,47,0.09756097560975609,False,,,,,,,,,,,,,,,
1,harmonic,DICES-990,646,47,0.0,False,,,,,,,,,,,,,,,
1,harmonic,DICES-990,647,47,0.0,False,,,,,,,,,,,,,,,
1,harmonic,DICES-990,648,45,0.02380952380952381,False,,,,,,,,,,,,,,,
1,harmonic,DICES-990,649,47,0.021739130434782608,False,,,,,,,,,,,,,,,
1,harmonic,DICES-990,650,44,0.0,False,,,,,,,,,,,,,,,
1,harmonic,DICES-990,651,48,0.06666666666666667,False,,,,,,,,,,,,,,,
1,harmonic,DICES-990,652,43,0.025,False,,,,,,,,,,,,,,,
1,harmonic,DICES-990,653,47,0.09302325581395349,False,,,,,,,,,,,,,,,
1,harmonic,DICES-990,654,47,0.04651162790697674,False,,,,,,,,,,,,,,,
1,harmonic,DICES-990,655,46,0.04545454545454545,False,,,,,,,,,,,,,,,
1,harmonic,DICES-990,656,46,0.09677419354838712,False,,,,,,,,,,,,,,,
1,harmonic,DICES-990,657,48,0.19999999999999998,False,,,,,,,,,,,,,,,
1,harmonic,DICES-990,658,46,0.06976744186046512,False,,,,,,,,,,,,,,,
1,harmonic,DICES-990,659,44,0.08108108108108107,False,,,,,,,,,,,,,,,
1,harmonic,DICES-990,660,42,0.024390243902439025,False,,,,,,,,,,,,,,,
1,harmonic,DICES-990,661,42,0.0,False,,,,,,,,,,,,,,,
1,harmonic,DICES-990,662,47,0.25806451612903225,False,,,,,,,,,,,,,,,
1,harmonic,DICES-990,663,46,0.2,False,,,,,,,,,,,,,,,
1,harmonic,DICES-990,664,44,0.024390243902439025,False,,,,,,,,,,,,,,,
1,harmonic,DICES-990,665,46,0.06976744186046512,False,,,,,,,,,,,,,,,
1,harmonic,DICES-990,666,47,0.15384615384615383,False,,,,,,,,,,,,,,,
1,harmonic,DICES-990,667,45,0.1081081081081081,False,,,,,,,,,,,,,,,
1,harmonic,DICES-990,668,47,0.09756097560975609,False,,,,,,,,,,,,,,,
1,harmonic,DICES-990,669,48,0.0,False,,,,,,,,,,,,,,,
1,harmonic,DICES-990,670,49,0.36363636363636365,True,3.0,2.0,1.6666666666666667,16.333333333333332,0.36363636363636365,0.42436974789915966,0.4248842394100497,-0.16843165837763663,2.0,0.07846904143061986,0.09442843631084616,gender,"education, gender",2.0,0.0
1,harmonic,DICES-990,671,45,0.07894736842105261,False,,,,,,,,,,,,,,,
1,harmonic,DICES-990,672,47,0.04444444444444444,False,,,,,,,,,,,,,,,
1,harmonic,DICES-990,673,45,0.0,False,,,,,,,,,,,,,,,
1,harmonic,DICES-990,674,45,0.653846153846154,True,6.0,2.0,1.5,7.5,0.653846153846154,0.28055555555555556,0.26407407407407407,0.5961220043572986,2.0,0.2699205419133819,0.3265956867396519,race,"age, race",2.0,1.0
1,harmonic,DICES-990,675,46,0.0,False,,,,,,,,,,,,,,,
1,harmonic,DICES-990,676,48,0.0,False,,,,,,,,,,,,,,,
1,harmonic,DICES-990,677,45,0.13157894736842105,False,,,,,,,,,,,,,,,
1,harmonic,DICES-990,678,45,0.075,False,,,,,,,,,,,,,,,
1,harmonic,DICES-990,679,45,0.046511627906976744,False,,,,,,,,,,,,,,,
1,harmonic,DICES-990,680,49,0.0425531914893617,False,,,,,,,,,,,,,,,
1,harmonic,DICES-990,681,46,0.09523809523809525,False,,,,,,,,,,,,,,,
1,harmonic,DICES-990,682,46,0.15,False,,,,,,,,,,,,,,,
1,harmonic,DICES-990,683,43,0.05128205128205129,False,,,,,,,,,,,,,,,
1,harmonic,DICES-990,684,48,0.06976744186046512,False,,,,,,,,,,,,,,,
1,harmonic,DICES-990,685,47,0.04444444444444444,False,,,,,,,,,,,,,,,
1,harmonic,DICES-990,686,46,0.04545454545454545,False,,,,,,,,,,,,,,,
1,harmonic,DICES-990,687,44,0.0,False,,,,,,,,,,,,,,,
1,harmonic,DICES-990,688,47,0.021739130434782608,False,,,,,,,,,,,,,,,
1,harmonic,DICES-990,689,44,0.41935483870967744,True,1.0,0.0,0.0,44.0,0.41935483870967744,0.41935483870967744,0.41935483870967744,0.0,0.0,,,,,0.0,0.0
1,harmonic,DICES-990,690,47,0.2647058823529412,False,,,,,,,,,,,,,,,
1,harmonic,DICES-990,691,44,0.0,False,,,,,,,,,,,,,,,
1,harmonic,DICES-990,692,43,0.048780487804878044,False,,,,,,,,,,,,,,,
1,harmonic,DICES-990,693,47,0.0,False,,,,,,,,,,,,,,,
1,harmonic,DICES-990,694,47,0.09756097560975609,False,,,,,,,,,,,,,,,
1,harmonic,DICES-990,695,47,0.25,False,,,,,,,,,,,,,,,
1,harmonic,DICES-990,696,49,0.06818181818181818,False,,,,,,,,,,,,,,,
1,harmonic,DICES-990,697,47,0.0,False,,,,,,,,,,,,,,,
1,harmonic,DICES-990,698,44,0.1,False,,,,,,,,,,,,,,,
1,harmonic,DICES-990,699,43,0.0,False,,,,,,,,,,,,,,,
1,harmonic,DICES-990,700,47,0.07142857142857142,False,,,,,,,,,,,,,,,
1,harmonic,DICES-990,701,45,0.08333333333333333,False,,,,,,,,,,,,,,,
1,harmonic,DICES-990,702,46,0.02564102564102564,False,,,,,,,,,,,,,,,
1,harmonic,DICES-990,703,48,0.0,False,,,,,,,,,,,,,,,
1,harmonic,DICES-990,704,46,0.2,False,,,,,,,,,,,,,,,
1,harmonic,DICES-990,705,46,0.06976744186046512,False,,,,,,,,,,,,,,,
1,harmonic,DICES-990,706,47,0.09756097560975609,False,,,,,,,,,,,,,,,
1,harmonic,DICES-990,707,46,0.024390243902439025,False,,,,,,,,,,,,,,,
1,harmonic,DICES-990,708,46,0.023255813953488372,False,,,,,,,,,,,,,,,
1,harmonic,DICES-990,709,43,0.0,False,,,,,,,,,,,,,,,
1,harmonic,DICES-990,710,46,0.04545454545454545,False,,,,,,,,,,,,,,,
1,harmonic,DICES-990,711,45,0.0,False,,,,,,,,,,,,,,,
1,harmonic,DICES-990,712,46,0.04761904761904762,False,,,,,,,,,,,,,,,
1,harmonic,DICES-990,713,46,0.1,False,,,,,,,,,,,,,,,
1,harmonic,DICES-990,714,43,0.03125,False,,,,,,,,,,,,,,,
1,harmonic,DICES-990,715,47,0.048780487804878044,False,,,,,,,,,,,,,,,
1,harmonic,DICES-990,716,48,0.1176470588235294,False,,,,,,,,,,,,,,,
1,harmonic,DICES-990,717,47,0.04444444444444444,False,,,,,,,,,,,,,,,
1,harmonic,DICES-990,718,45,0.0,False,,,,,,,,,,,,,,,
1,harmonic,DICES-990,719,46,0.02222222222222222,False,,,,,,,,,,,,,,,
1,harmonic,DICES-990,720,46,0.024390243902439025,False,,,,,,,,,,,,,,,
1,harmonic,DICES-990,721,45,0.14705882352941177,False,,,,,,,,,,,,,,,
1,harmonic,DICES-990,722,46,0.1282051282051282,False,,,,,,,,,,,,,,,
1,harmonic,DICES-990,723,47,0.09302325581395349,False,,,,,,,,,,,,,,,
1,harmonic,DICES-990,724,48,0.043478260869565216,False,,,,,,,,,,,,,,,
1,harmonic,DICES-990,725,45,0.0,False,,,,,,,,,,,,,,,
1,harmonic,DICES-990,726,45,0.07142857142857142,False,,,,,,,,,,,,,,,
1,harmonic,DICES-990,727,47,0.32352941176470584,True,6.0,2.0,1.6666666666666667,7.833333333333333,0.32352941176470584,0.3171296296296296,0.375,-0.15909090909090917,2.0,0.07983036822152478,0.07707291380668747,age,"age, race",2.0,0.0
1,harmonic,DICES-990,728,48,0.12820512820512822,False,,,,,,,,,,,,,,,
1,harmonic,DICES-990,729,46,0.4482758620689656,True,9.0,3.0,2.3333333333333335,5.111111111111111,0.4482758620689656,0.2693602693602693,0.280961791831357,0.37323907976081905,4.0,0.2046506811873503,0.12325489766685693,race,"age, gender, race",3.0,1.0
1,harmonic,DICES-990,730,46,0.1282051282051282,False,,,,,,,,,,,,,,,
1,harmonic,DICES-990,731,47,0.07894736842105263,False,,,,,,,,,,,,,,,
1,harmonic,DICES-990,732,46,0.14285714285714285,False,,,,,,,,,,,,,,,
1,harmonic,DICES-990,733,46,0.5333333333333333,True,7.0,3.0,2.0,6.571428571428571,0.5333333333333333,0.35000000000000003,0.3721014492753623,0.3023097826086957,3.0,0.2977783794935272,0.18790035587188617,race,"age, gender, race",3.0,1.0
1,harmonic,DICES-990,734,47,0.06818181818181818,False,,,,,,,,,,,,,,,
1,harmonic,DICES-990,735,46,0.02222222222222222,False,,,,,,,,,,,,,,,
1,harmonic,DICES-990,736,47,0.16216216216216214,False,,,,,,,,,,,,,,,
1,harmonic,DICES-990,737,44,0.024390243902439025,False,,,,,,,,,,,,,,,
1,harmonic,DICES-990,738,46,0.5,True,1.0,0.0,0.0,46.0,0.5,0.5,0.5,0.0,0.0,,,,,0.0,0.0
1,harmonic,DICES-990,739,46,0.14285714285714285,False,,,,,,,,,,,,,,,
1,harmonic,DICES-990,740,43,0.02380952380952381,False,,,,,,,,,,,,,,,
1,harmonic,DICES-990,741,47,0.48275862068965514,True,8.0,3.0,2.125,5.875,0.48275862068965514,0.5270833333333333,0.6046099290780141,-0.25240628166160084,5.0,0.1635885659182314,0.10803869650273122,race,"education, gender, race",3.0,3.0
1,harmonic,DICES-990,742,43,0.0,False,,,,,,,,,,,,,,,
1,harmonic,DICES-990,743,48,0.6923076923076924,True,8.0,2.0,1.75,6.0,0.6923076923076924,0.546875,0.5338541666666666,0.228877314814815,3.0,0.15903241733368298,0.16660701724074115,race,"age, race",2.0,3.0
1,harmonic,DICES-990,744,48,0.043478260869565216,False,,,,,,,,,,,,,,,
1,harmonic,DICES-990,745,46,0.3793103448275862,True,1.0,0.0,0.0,46.0,0.3793103448275862,0.3793103448275862,0.3793103448275862,0.0,0.0,,,,,0.0,0.0
1,harmonic,DICES-990,746,46,0.05,False,,,,,,,,,,,,,,,
1,harmonic,DICES-990,747,48,0.21052631578947367,False,,,,,,,,,,,,,,,
1,harmonic,DICES-990,748,46,0.3125,True,5.0,3.0,2.4,9.2,0.3125,0.25814536340852134,0.23656968508227094,0.24297700773673303,3.0,0.1501149293489142,0.10642029280195206,gender,"age, education, gender",3.0,0.0
1,harmonic,DICES-990,749,45,0.022727272727272728,False,,,,,,,,,,,,,,,
1,harmonic,DICES-990,750,47,0.04444444444444444,False,,,,,,,,,,,,,,,
1,harmonic,DICES-990,751,46,0.04761904761904762,False,,,,,,,,,,,,,,,
1,harmonic,DICES-990,752,47,0.0,False,,,,,,,,,,,,,,,
1,harmonic,DICES-990,753,48,0.06666666666666667,False,,,,,,,,,,,,,,,
1,harmonic,DICES-990,754,46,0.2222222222222222,False,,,,,,,,,,,,,,,
1,harmonic,DICES-990,755,46,0.04761904761904762,False,,,,,,,,,,,,,,,
1,harmonic,DICES-990,756,46,0.07317073170731707,False,,,,,,,,,,,,,,,
1,harmonic,DICES-990,757,43,0.23333333333333334,False,,,,,,,,,,,,,,,
1,harmonic,DICES-990,758,46,0.75,True,10.0,3.0,2.1,4.6,0.75,0.4916666666666667,0.46195652173913043,0.3840579710144928,5.0,0.22907648244823253,0.3765965939329431,race,"age, gender, race",3.0,4.0
1,harmonic,DICES-990,759,48,0.0,False,,,,,,,,,,,,,,,
1,harmonic,DICES-990,760,46,0.024390243902439025,False,,,,,,,,,,,,,,,
1,harmonic,DICES-990,761,48,0.025641025641025654,False,,,,,,,,,,,,,,,
1,harmonic,DICES-990,762,48,0.2571428571428572,False,,,,,,,,,,,,,,,
1,harmonic,DICES-990,763,48,0.43750000000000006,True,10.0,3.0,2.1,4.8,0.43750000000000006,0.2833333333333333,0.3819444444444445,0.12698412698412698,5.0,0.17903391406029193,0.190497782622084,race,"age, gender, race",3.0,1.0
1,harmonic,DICES-990,764,45,0.022727272727272728,False,,,,,,,,,,,,,,,
1,harmonic,DICES-990,765,45,0.10000000000000002,False,,,,,,,,,,,,,,,
1,harmonic,DICES-990,766,46,0.04545454545454545,False,,,,,,,,,,,,,,,
1,harmonic,DICES-990,767,43,0.27586206896551724,False,,,,,,,,,,,,,,,
1,harmonic,DICES-990,768,47,0.2758620689655173,False,,,,,,,,,,,,,,,
1,harmonic,DICES-990,769,44,0.19999999999999996,False,,,,,,,,,,,,,,,
1,harmonic,DICES-990,770,45,0.14705882352941177,False,,,,,,,,,,,,,,,
1,harmonic,DICES-990,771,46,0.21052631578947367,False,,,,,,,,,,,,,,,
1,harmonic,DICES-990,772,48,0.09090909090909091,False,,,,,,,,,,,,,,,
1,harmonic,DICES-990,773,47,0.04444444444444444,False,,,,,,,,,,,,,,,
1,harmonic,DICES-990,774,47,0.04651162790697674,False,,,,,,,,,,,,,,,
1,harmonic,DICES-990,775,48,0.0,False,,,,,,,,,,,,,,,
1,harmonic,DICES-990,776,46,0.0,False,,,,,,,,,,,,,,,
1,harmonic,DICES-990,777,43,0.10256410256410257,False,,,,,,,,,,,,,,,
1,harmonic,DICES-990,778,45,0.1081081081081081,False,,,,,,,,,,,,,,,
1,harmonic,DICES-990,779,44,0.5652173913043478,True,1.0,0.0,0.0,44.0,0.5652173913043478,0.5652173913043478,0.5652173913043478,0.0,0.0,,,,,0.0,0.0
1,harmonic,DICES-990,780,46,0.42857142857142855,True,4.0,2.0,1.5,11.5,0.42857142857142855,0.375,0.45289855072463764,-0.05676328502415462,2.0,0.2426309365452925,0.1625615763546799,age,"age, gender",2.0,0.0
1,harmonic,DICES-990,781,47,0.13157894736842105,False,,,,,,,,,,,,,,,
1,harmonic,DICES-990,782,45,0.0,False,,,,,,,,,,,,,,,
1,harmonic,DICES-990,783,44,0.0,False,,,,,,,,,,,,,,,
1,harmonic,DICES-990,784,46,0.6296296296296297,True,1.0,0.0,0.0,46.0,0.6296296296296297,0.6296296296296297,0.6296296296296297,0.0,0.0,,,,,0.0,0.0
1,harmonic,DICES-990,785,42,0.05,False,,,,,,,,,,,,,,,
1,harmonic,DICES-990,786,42,0.0,False,,,,,,,,,,,,,,,
1,harmonic,DICES-990,787,44,0.4399999999999999,True,11.0,3.0,2.4545454545454546,4.0,0.4399999999999999,0.29545454545454547,0.30113636363636365,0.3155991735537188,6.0,0.31051651318333545,0.24448651397216203,race,"age, gender, race",3.0,1.0
1,harmonic,DICES-990,788,45,0.2916666666666667,False,,,,,,,,,,,,,,,
1,harmonic,DICES-990,789,46,0.2,False,,,,,,,,,,,,,,,
1,harmonic,DICES-990,790,46,0.04545454545454545,False,,,,,,,,,,,,,,,
1,harmonic,DICES-990,791,42,0.0,False,,,,,,,,,,,,,,,
1,harmonic,DICES-990,792,46,0.02222222222222222,False,,,,,,,,,,,,,,,
1,harmonic,DICES-990,793,44,0.4074074074074074,True,7.0,4.0,2.5714285714285716,6.285714285714286,0.4074074074074074,0.4740259740259741,0.5340909090909091,-0.31095041322314043,4.0,0.1673428358584635,0.1391740816792151,gender,"age, education, gender, race",4.0,2.0
1,harmonic,DICES-990,794,46,0.023255813953488372,False,,,,,,,,,,,,,,,
1,harmonic,DICES-990,795,46,0.6153846153846154,True,10.0,3.0,2.4,4.6,0.6153846153846154,0.19166666666666665,0.23731884057971014,0.6143568840579711,6.0,0.2517849371936644,0.25035209004484427,race,"age, education, gender, race",4.0,0.0
1,harmonic,DICES-990,796,46,0.023255813953488372,False,,,,,,,,,,,,,,,
1,harmonic,DICES-990,797,46,0.02222222222222222,False,,,,,,,,,,,,,,,
1,harmonic,DICES-990,798,47,0.06818181818181818,False,,,,,,,,,,,,,,,
1,harmonic,DICES-990,799,47,0.04444444444444444,False,,,,,,,,,,,,,,,
1,harmonic,DICES-990,800,46,0.02222222222222222,False,,,,,,,,,,,,,,,
1,harmonic,DICES-990,801,45,0.022727272727272728,False,,,,,,,,,,,,,,,
1,harmonic,DICES-990,802,47,0.06818181818181818,False,,,,,,,,,,,,,,,
1,harmonic,DICES-990,803,44,0.024390243902439025,False,,,,,,,,,,,,,,,
1,harmonic,DICES-990,804,47,0.06818181818181818,False,,,,,,,,,,,,,,,
1,harmonic,DICES-990,805,46,0.07317073170731707,False,,,,,,,,,,,,,,,
1,harmonic,DICES-990,806,47,0.09756097560975609,False,,,,,,,,,,,,,,,
1,harmonic,DICES-990,807,46,0.2571428571428571,False,,,,,,,,,,,,,,,
1,harmonic,DICES-990,808,46,0.15,False,,,,,,,,,,,,,,,
1,harmonic,DICES-990,809,48,0.043478260869565216,False,,,,,,,,,,,,,,,
1,harmonic,DICES-990,810,46,0.0,False,,,,,,,,,,,,,,,
1,harmonic,DICES-990,811,47,0.021739130434782608,False,,,,,,,,,,,,,,,
1,harmonic,DICES-990,812,46,0.0,False,,,,,,,,,,,,,,,
1,harmonic,DICES-990,813,46,0.04761904761904762,False,,,,,,,,,,,,,,,
1,harmonic,DICES-990,814,47,0.3636363636363637,True,10.0,3.0,2.4,4.7,0.3636363636363637,0.35,0.3049645390070922,0.1613475177304966,5.0,0.23954632170690973,0.15606471848723602,race,"age, gender, race",3.0,2.0
1,harmonic,DICES-990,815,45,0.125,False,,,,,,,,,,,,,,,
1,harmonic,DICES-990,816,48,0.09090909090909091,False,,,,,,,,,,,,,,,
1,harmonic,DICES-990,817,46,0.15,False,,,,,,,,,,,,,,,
1,harmonic,DICES-990,818,48,0.06666666666666667,False,,,,,,,,,,,,,,,
1,harmonic,DICES-990,819,48,0.04545454545454546,False,,,,,,,,,,,,,,,
1,harmonic,DICES-990,820,47,0.25,False,,,,,,,,,,,,,,,
1,harmonic,DICES-990,821,47,0.21875,False,,,,,,,,,,,,,,,
1,harmonic,DICES-990,822,41,0.02631578947368421,False,,,,,,,,,,,,,,,
1,harmonic,DICES-990,823,44,0.0,False,,,,,,,,,,,,,,,
1,harmonic,DICES-990,824,45,0.0,False,,,,,,,,,,,,,,,
1,harmonic,DICES-990,825,46,0.5384615384615384,True,6.0,3.0,2.3333333333333335,7.666666666666667,0.5384615384615384,0.28541666666666665,0.26059782608695653,0.5160326086956522,4.0,0.17943779699354584,0.1749244503619452,education,"age, education, gender, race",4.0,1.0
1,harmonic,DICES-990,826,47,0.0,False,,,,,,,,,,,,,,,
1,harmonic,DICES-990,827,48,0.0,False,,,,,,,,,,,,,,,
1,harmonic,DICES-990,828,47,0.022727272727272728,False,,,,,,,,,,,,,,,
1,harmonic,DICES-990,829,49,0.0,False,,,,,,,,,,,,,,,
1,harmonic,DICES-990,830,46,0.027027027027027025,False,,,,,,,,,,,,,,,
1,harmonic,DICES-990,831,46,0.1794871794871795,False,,,,,,,,,,,,,,,
1,harmonic,DICES-990,832,46,0.04545454545454545,False,,,,,,,,,,,,,,,
1,harmonic,DICES-990,833,43,0.10256410256410257,False,,,,,,,,,,,,,,,
1,harmonic,DICES-990,834,46,0.04545454545454545,False,,,,,,,,,,,,,,,
1,harmonic,DICES-990,835,48,0.0,False,,,,,,,,,,,,,,,
1,harmonic,DICES-990,836,46,0.09677419354838712,False,,,,,,,,,,,,,,,
1,harmonic,DICES-990,837,46,0.07317073170731707,False,,,,,,,,,,,,,,,
1,harmonic,DICES-990,838,47,0.3928571428571429,True,11.0,3.0,2.5454545454545454,4.2727272727272725,0.3928571428571429,0.24545454545454543,0.3106382978723404,0.20928433268858826,7.0,0.1889518105258721,0.1155417020084488,race,"age, education, gender, race",4.0,2.0
1,harmonic,DICES-990,839,47,0.24242424242424246,False,,,,,,,,,,,,,,,
1,harmonic,DICES-990,840,47,0.3636363636363637,True,12.0,3.0,2.5,3.9166666666666665,0.3636363636363637,0.30952380952380953,0.3617021276595745,0.005319148936170359,7.0,0.1553832655354556,0.14891295874519594,race,"age, education, gender, race",4.0,2.0
1,harmonic,DICES-990,841,46,0.02564102564102564,False,,,,,,,,,,,,,,,
1,harmonic,DICES-990,842,47,0.021739130434782608,False,,,,,,,,,,,,,,,
1,harmonic,DICES-990,843,46,0.058823529411764726,False,,,,,,,,,,,,,,,
1,harmonic,DICES-990,844,45,0.07142857142857142,False,,,,,,,,,,,,,,,
1,harmonic,DICES-990,845,48,0.33333333333333337,True,5.0,2.0,2.0,9.6,0.33333333333333337,0.11666666666666667,0.2552083333333333,0.2343750000000001,3.0,0.3237627313661097,0.07373156710822308,education,"age, education, gender",3.0,0.0
1,harmonic,DICES-990,846,47,0.04444444444444444,False,,,,,,,,,,,,,,,
1,harmonic,DICES-990,847,43,0.075,False,,,,,,,,,,,,,,,
1,harmonic,DICES-990,848,46,0.0,False,,,,,,,,,,,,,,,
1,harmonic,DICES-990,849,46,0.0,False,,,,,,,,,,,,,,,
1,harmonic,DICES-990,850,43,0.048780487804878044,False,,,,,,,,,,,,,,,
1,harmonic,DICES-990,851,46,0.023255813953488372,False,,,,,,,,,,,,,,,
1,harmonic,DICES-990,852,43,0.048780487804878044,False,,,,,,,,,,,,,,,
1,harmonic,DICES-990,853,44,0.023255813953488372,False,,,,,,,,,,,,,,,
1,harmonic,DICES-990,854,47,0.32352941176470584,True,1.0,0.0,0.0,47.0,0.32352941176470584,0.32352941176470584,0.32352941176470584,0.0,0.0,,,,,0.0,0.0
1,harmonic,DICES-990,855,46,0.0,False,,,,,,,,,,,,,,,
1,harmonic,DICES-990,856,42,0.024390243902439025,False,,,,,,,,,,,,,,,
1,harmonic,DICES-990,857,44,0.0,False,,,,,,,,,,,,,,,
1,harmonic,DICES-990,858,47,0.021739130434782608,False,,,,,,,,,,,,,,,
1,harmonic,DICES-990,859,46,0.29032258064516125,False,,,,,,,,,,,,,,,
1,harmonic,DICES-990,860,45,0.13888888888888887,False,,,,,,,,,,,,,,,
1,harmonic,DICES-990,861,46,0.12195121951219512,False,,,,,,,,,,,,,,,
1,harmonic,DICES-990,862,46,0.0,False,,,,,,,,,,,,,,,
1,harmonic,DICES-990,863,48,0.0,False,,,,,,,,,,,,,,,
1,harmonic,DICES-990,864,46,0.1891891891891892,False,,,,,,,,,,,,,,,
1,harmonic,DICES-990,865,47,0.15384615384615383,False,,,,,,,,,,,,,,,
1,harmonic,DICES-990,866,48,0.17948717948717946,False,,,,,,,,,,,,,,,
1,harmonic,DICES-990,867,46,0.07317073170731707,False,,,,,,,,,,,,,,,
1,harmonic,DICES-990,868,46,0.07317073170731707,False,,,,,,,,,,,,,,,
1,harmonic,DICES-990,869,46,0.2941176470588236,False,,,,,,,,,,,,,,,
1,harmonic,DICES-990,870,44,0.0,False,,,,,,,,,,,,,,,
1,harmonic,DICES-990,871,47,0.5925925925925926,True,1.0,0.0,0.0,47.0,0.5925925925925926,0.5925925925925926,0.5925925925925926,0.0,0.0,,,,,0.0,0.0
1,harmonic,DICES-990,872,46,0.15789473684210528,False,,,,,,,,,,,,,,,
1,harmonic,DICES-990,873,46,0.024390243902439025,False,,,,,,,,,,,,,,,
1,harmonic,DICES-990,874,46,0.06976744186046512,False,,,,,,,,,,,,,,,
1,harmonic,DICES-990,875,47,0.021739130434782608,False,,,,,,,,,,,,,,,
1,harmonic,DICES-990,876,47,0.0,False,,,,,,,,,,,,,,,
1,harmonic,DICES-990,877,46,0.0,False,,,,,,,,,,,,,,,
1,harmonic,DICES-990,878,45,0.19444444444444445,False,,,,,,,,,,,,,,,
1,harmonic,DICES-990,879,44,0.023255813953488372,False,,,,,,,,,,,,,,,
1,harmonic,DICES-990,880,48,0.047619047619047616,False,,,,,,,,,,,,,,,
1,harmonic,DICES-990,881,47,0.09756097560975609,False,,,,,,,,,,,,,,,
1,harmonic,DICES-990,882,47,0.15384615384615383,False,,,,,,,,,,,,,,,
1,harmonic,DICES-990,883,44,0.047619047619047616,False,,,,,,,,,,,,,,,
1,harmonic,DICES-990,884,45,0.075,False,,,,,,,,,,,,,,,
1,harmonic,DICES-990,885,44,0.024390243902439025,False,,,,,,,,,,,,,,,
1,harmonic,DICES-990,886,46,0.09090909090909091,False,,,,,,,,,,,,,,,
1,harmonic,DICES-990,887,46,0.04761904761904762,False,,,,,,,,,,,,,,,
1,harmonic,DICES-990,888,45,0.046511627906976744,False,,,,,,,,,,,,,,,
1,harmonic,DICES-990,889,45,0.05128205128205128,False,,,,,,,,,,,,,,,
1,harmonic,DICES-990,890,48,0.06666666666666667,False,,,,,,,,,,,,,,,
1,harmonic,DICES-990,891,46,0.10526315789473684,False,,,,,,,,,,,,,,,
1,harmonic,DICES-990,892,46,0.0,False,,,,,,,,,,,,,,,
1,harmonic,DICES-990,893,47,0.18421052631578946,False,,,,,,,,,,,,,,,
1,harmonic,DICES-990,894,47,0.15625,False,,,,,,,,,,,,,,,
1,harmonic,DICES-990,895,44,0.07692307692307691,False,,,,,,,,,,,,,,,
1,harmonic,DICES-990,896,44,0.22580645161290322,False,,,,,,,,,,,,,,,
1,harmonic,DICES-990,897,43,0.1818181818181818,False,,,,,,,,,,,,,,,
1,harmonic,DICES-990,898,45,0.022727272727272728,False,,,,,,,,,,,,,,,
1,harmonic,DICES-990,899,46,0.02222222222222222,False,,,,,,,,,,,,,,,
1,harmonic,DICES-990,900,46,0.02222222222222222,False,,,,,,,,,,,,,,,
1,harmonic,DICES-990,901,46,0.375,True,9.0,3.0,2.4444444444444446,5.111111111111111,0.375,0.20925925925925926,0.24094202898550726,0.35748792270531393,5.0,0.1768173738999867,0.12781944362898345,age,"age, education, gender, race",4.0,1.0
1,harmonic,DICES-990,902,45,0.10256410256410255,False,,,,,,,,,,,,,,,
1,harmonic,DICES-990,903,44,0.18750000000000003,False,,,,,,,,,,,,,,,
1,harmonic,DICES-990,904,45,0.12121212121212123,False,,,,,,,,,,,,,,,
1,harmonic,DICES-990,905,45,0.05405405405405405,False,,,,,,,,,,,,,,,
1,harmonic,DICES-990,906,47,0.021739130434782608,False,,,,,,,,,,,,,,,
1,harmonic,DICES-990,907,46,0.05,False,,,,,,,,,,,,,,,
1,harmonic,DICES-990,908,46,0.10526315789473684,False,,,,,,,,,,,,,,,
1,harmonic,DICES-990,909,45,0.0975609756097561,False,,,,,,,,,,,,,,,
1,harmonic,DICES-990,910,47,0.07894736842105263,False,,,,,,,,,,,,,,,
1,harmonic,DICES-990,911,46,0.0,False,,,,,,,,,,,,,,,
1,harmonic,DICES-990,912,49,0.021739130434782605,False,,,,,,,,,,,,,,,
1,harmonic,DICES-990,913,48,0.0,False,,,,,,,,,,,,,,,
1,harmonic,DICES-990,914,45,0.0,False,,,,,,,,,,,,,,,
1,harmonic,DICES-990,915,45,0.10256410256410255,False,,,,,,,,,,,,,,,
1,harmonic,DICES-990,916,46,0.14285714285714285,False,,,,,,,,,,,,,,,
1,harmonic,DICES-990,917,44,0.049999999999999996,False,,,,,,,,,,,,,,,
1,harmonic,DICES-990,918,45,0.02380952380952381,False,,,,,,,,,,,,,,,
1,harmonic,DICES-990,919,47,0.09756097560975609,False,,,,,,,,,,,,,,,
1,harmonic,DICES-990,920,45,0.8636363636363636,True,6.0,2.0,1.6666666666666667,7.5,0.8636363636363636,0.29444444444444445,0.33259259259259255,0.6148927875243666,3.0,0.23369799918467934,0.25022914385610756,race,"gender, race",2.0,0.0
1,harmonic,DICES-990,921,46,0.04545454545454545,False,,,,,,,,,,,,,,,
1,harmonic,DICES-990,922,44,0.0,False,,,,,,,,,,,,,,,
1,harmonic,DICES-990,923,44,0.11111111111111109,False,,,,,,,,,,,,,,,
1,harmonic,DICES-990,924,45,0.046511627906976744,False,,,,,,,,,,,,,,,
1,harmonic,DICES-990,925,47,0.048780487804878044,False,,,,,,,,,,,,,,,
1,harmonic,DICES-990,926,44,0.023255813953488372,False,,,,,,,,,,,,,,,
1,harmonic,DICES-990,927,42,0.19999999999999998,False,,,,,,,,,,,,,,,
1,harmonic,DICES-990,928,46,0.02222222222222222,False,,,,,,,,,,,,,,,
1,harmonic,DICES-990,929,46,0.6296296296296297,True,1.0,0.0,0.0,46.0,0.6296296296296297,0.6296296296296297,0.6296296296296297,0.0,0.0,,,,,0.0,0.0
1,harmonic,DICES-990,930,45,0.024999999999999998,False,,,,,,,,,,,,,,,
1,harmonic,DICES-990,931,46,0.0,False,,,,,,,,,,,,,,,
1,harmonic,DICES-990,932,47,0.15384615384615383,False,,,,,,,,,,,,,,,
1,harmonic,DICES-990,933,47,0.060606060606060615,False,,,,,,,,,,,,,,,
1,harmonic,DICES-990,934,45,0.0,False,,,,,,,,,,,,,,,
1,harmonic,DICES-990,935,48,0.043478260869565216,False,,,,,,,,,,,,,,,
1,harmonic,DICES-990,936,48,0.06976744186046512,False,,,,,,,,,,,,,,,
1,harmonic,DICES-990,937,44,0.0,False,,,,,,,,,,,,,,,
1,harmonic,DICES-990,938,45,0.07894736842105261,False,,,,,,,,,,,,,,,
1,harmonic,DICES-990,939,45,0.0,False,,,,,,,,,,,,,,,
1,harmonic,DICES-990,940,47,0.06818181818181818,False,,,,,,,,,,,,,,,
1,harmonic,DICES-990,941,46,0.1794871794871795,False,,,,,,,,,,,,,,,
1,harmonic,DICES-990,942,45,0.3870967741935484,True,9.0,3.0,2.3333333333333335,5.0,0.3870967741935484,0.3796296296296296,0.2833333333333333,0.2680555555555556,4.0,0.22532966353003242,0.12171942136867664,race,"age, gender, race",3.0,2.0
1,harmonic,DICES-990,943,45,0.39999999999999997,True,3.0,1.0,1.0,15.0,0.39999999999999997,0.14814814814814817,0.27654320987654324,0.3086419753086418,1.0,0.09063444108761337,0.09063444108761337,age,age,1.0,0.0
1,harmonic,DICES-990,944,46,0.023255813953488372,False,,,,,,,,,,,,,,,
1,harmonic,DICES-990,945,46,0.1282051282051282,False,,,,,,,,,,,,,,,
1,harmonic,DICES-990,946,47,0.3636363636363637,True,1.0,0.0,0.0,47.0,0.3636363636363637,0.3636363636363637,0.3636363636363637,0.0,0.0,,,,,0.0,0.0
1,harmonic,DICES-990,947,46,0.1891891891891892,False,,,,,,,,,,,,,,,
1,harmonic,DICES-990,948,47,0.09756097560975609,False,,,,,,,,,,,,,,,
1,harmonic,DICES-990,949,43,0.0,False,,,,,,,,,,,,,,,
1,harmonic,DICES-990,950,45,0.07142857142857142,False,,,,,,,,,,,,,,,
1,harmonic,DICES-990,951,48,0.02222222222222222,False,,,,,,,,,,,,,,,
1,harmonic,DICES-990,952,47,0.3870967741935484,True,8.0,3.0,2.25,5.875,0.3870967741935484,0.2811147186147186,0.22966749562494243,0.4066923029688987,4.0,0.2629222282384547,0.178140394601121,age,"age, education, gender, race",4.0,1.0
1,harmonic,DICES-990,953,42,0.2258064516129032,False,,,,,,,,,,,,,,,
1,harmonic,DICES-990,954,46,0.0,False,,,,,,,,,,,,,,,
1,harmonic,DICES-990,955,46,0.1282051282051282,False,,,,,,,,,,,,,,,
1,harmonic,DICES-990,956,46,0.04545454545454545,False,,,,,,,,,,,,,,,
1,harmonic,DICES-990,957,46,0.0,False,,,,,,,,,,,,,,,
1,harmonic,DICES-990,958,45,0.7916666666666666,True,5.0,2.0,1.4,9.0,0.7916666666666666,0.35857142857142854,0.5074603174603175,0.35899749373433576,2.0,0.2281214572326411,0.26654736411399427,race,"gender, race",2.0,0.0
1,harmonic,DICES-990,959,46,0.07317073170731707,False,,,,,,,,,,,,,,,
1,harmonic,DICES-990,960,43,0.07894736842105263,False,,,,,,,,,,,,,,,
1,harmonic,DICES-990,961,46,0.04761904761904762,False,,,,,,,,,,,,,,,
1,harmonic,DICES-990,962,47,0.09756097560975609,False,,,,,,,,,,,,,,,
1,harmonic,DICES-990,963,47,0.023809523809523805,False,,,,,,,,,,,,,,,
1,harmonic,DICES-990,964,47,0.04651162790697674,False,,,,,,,,,,,,,,,
1,harmonic,DICES-990,965,43,0.048780487804878044,False,,,,,,,,,,,,,,,
1,harmonic,DICES-990,966,47,0.12499999999999999,False,,,,,,,,,,,,,,,
1,harmonic,DICES-990,967,45,0.17142857142857143,False,,,,,,,,,,,,,,,
1,harmonic,DICES-990,968,45,0.022727272727272728,False,,,,,,,,,,,,,,,
1,harmonic,DICES-990,969,43,0.0,False,,,,,,,,,,,,,,,
1,harmonic,DICES-990,970,46,0.2941176470588236,False,,,,,,,,,,,,,,,
1,harmonic,DICES-990,971,46,0.24324324324324326,False,,,,,,,,,,,,,,,
1,harmonic,DICES-990,972,46,0.023255813953488372,False,,,,,,,,,,,,,,,
1,harmonic,DICES-990,973,45,0.34375,True,5.0,2.0,1.4,9.0,0.34375,0.18,0.29555555555555557,0.1402020202020201,2.0,0.16226857752851154,0.1090543138758579,race,"education, race",2.0,0.0
1,harmonic,DICES-990,974,45,0.046511627906976744,False,,,,,,,,,,,,,,,
1,harmonic,DICES-990,975,45,0.022727272727272728,False,,,,,,,,,,,,,,,
1,harmonic,DICES-990,976,46,0.0,False,,,,,,,,,,,,,,,
1,harmonic,DICES-990,977,44,0.07317073170731707,False,,,,,,,,,,,,,,,
1,harmonic,DICES-990,978,45,0.0,False,,,,,,,,,,,,,,,
1,harmonic,DICES-990,979,44,0.16666666666666666,False,,,,,,,,,,,,,,,
1,harmonic,DICES-990,980,47,0.19354838709677424,False,,,,,,,,,,,,,,,
1,harmonic,DICES-990,981,45,0.022727272727272728,False,,,,,,,,,,,,,,,
1,harmonic,DICES-990,982,43,0.0,False,,,,,,,,,,,,,,,
1,harmonic,DICES-990,983,46,0.2571428571428571,False,,,,,,,,,,,,,,,
1,harmonic,DICES-990,984,47,0.06818181818181818,False,,,,,,,,,,,,,,,
1,harmonic,DICES-990,985,44,0.024390243902439025,False,,,,,,,,,,,,,,,
1,harmonic,DICES-990,986,46,0.07317073170731707,False,,,,,,,,,,,,,,,
1,harmonic,DICES-990,987,49,0.13157894736842105,False,,,,,,,,,,,,,,,
1,harmonic,DICES-990,988,45,0.075,False,,,,,,,,,,,,,,,
1,harmonic,DICES-990,989,42,0.08108108108108107,False,,,,,,,,,,,,,,,
